timestamp,nodeId,soilMoisture,soilMoisture_class,reservoirLevel,reservoirLevel_class,decision
2026-05-07 08:11:34.705,cmmx6howt0000bi1zgfsisou2,79.17888563049853,high,34.24,optimal,PUMP_OFF
2026-05-07 08:11:41.838,cmmx6howt0000bi1zgfsisou2,55.71847507331378,optimal,41.68,optimal,PUMP_ON_LOW
2026-05-07 08:11:45.425,cmmx6howt0000bi1zgfsisou2,52.88367546432062,optimal,74.74,optimal,PUMP_ON_LOW
2026-05-07 08:11:56.023,cmmx6howt0000bi1zgfsisou2,54.25219941348973,optimal,93.85,criticalHigh,PUMP_ON_LOW
2026-05-07 08:12:03.158,cmmx6howt0000bi1zgfsisou2,56.40273704789833,optimal,100.0,criticalHigh,PUMP_ON_LOW
2026-05-07 08:12:06.669,cmmx6howt0000bi1zgfsisou2,52.10166177908113,optimal,93.74,criticalHigh,PUMP_ON_LOW
2026-05-07 08:12:10.178,cmmx6howt0000bi1zgfsisou2,49.95112414467253,optimal,100.0,criticalHigh,PUMP_ON_LOW
2026-05-07 08:12:13.716,cmmx6howt0000bi1zgfsisou2,50.04887585532747,optimal,61.49,optimal,PUMP_ON_LOW
2026-05-07 08:12:17.254,cmmx6howt0000bi1zgfsisou2,50.53763440860215,optimal,100.0,criticalHigh,PUMP_ON_LOW
2026-05-07 08:12:20.762,cmmx6howt0000bi1zgfsisou2,51.12414467253177,optimal,99.68,criticalHigh,PUMP_ON_LOW
2026-05-07 08:12:24.270,cmmx6howt0000bi1zgfsisou2,51.51515151515152,optimal,100.0,criticalHigh,PUMP_ON_LOW
2026-05-07 08:12:27.781,cmmx6howt0000bi1zgfsisou2,51.12414467253177,optimal,100.0,criticalHigh,PUMP_ON_LOW
2026-05-07 08:12:31.291,cmmx6howt0000bi1zgfsisou2,51.41739980449658,optimal,100.0,criticalHigh,PUMP_ON_LOW
2026-05-07 08:12:34.800,cmmx6howt0000bi1zgfsisou2,51.41739980449658,optimal,100.0,criticalHigh,PUMP_ON_LOW
2026-05-07 08:12:38.310,cmmx6howt0000bi1zgfsisou2,51.90615835777126,optimal,100.0,criticalHigh,PUMP_ON_LOW
2026-05-07 08:12:41.848,cmmx6howt0000bi1zgfsisou2,53.0791788856305,optimal,47.77,optimal,PUMP_ON_LOW
2026-05-07 08:12:45.358,cmmx6howt0000bi1zgfsisou2,51.02639296187683,optimal,71.21,optimal,PUMP_ON_LOW
2026-05-07 08:12:48.868,cmmx6howt0000bi1zgfsisou2,51.12414467253177,optimal,75.18,high,PUMP_ON_LOW
2026-05-07 08:12:52.379,cmmx6howt0000bi1zgfsisou2,50.83088954056696,optimal,75.18,high,PUMP_ON_LOW
2026-05-07 08:13:10.007,cmmx6howt0000bi1zgfsisou2,53.0791788856305,optimal,96.9,criticalHigh,PUMP_ON_LOW
2026-05-07 08:13:13.517,cmmx6howt0000bi1zgfsisou2,52.98142717497556,optimal,50.37,optimal,PUMP_ON_LOW
2026-05-07 08:13:17.029,cmmx6howt0000bi1zgfsisou2,73.31378299120234,high,35.27,optimal,PUMP_OFF
2026-05-07 08:13:27.571,cmmx6howt0000bi1zgfsisou2,77.61485826001955,high,100.0,criticalHigh,PUMP_OFF
2026-05-07 08:13:31.082,cmmx6howt0000bi1zgfsisou2,77.61485826001955,high,86.76,high,PUMP_OFF
2026-05-07 08:13:34.591,cmmx6howt0000bi1zgfsisou2,74.87781036168133,high,100.0,criticalHigh,PUMP_OFF
2026-05-07 08:13:38.101,cmmx6howt0000bi1zgfsisou2,77.61485826001955,high,79.79,high,PUMP_OFF
2026-05-07 08:13:41.611,cmmx6howt0000bi1zgfsisou2,76.63734115347019,high,67.63,optimal,PUMP_OFF
2026-05-07 08:13:45.122,cmmx6howt0000bi1zgfsisou2,75.95307917888563,high,67.02,optimal,PUMP_OFF
2026-05-07 08:13:48.631,cmmx6howt0000bi1zgfsisou2,56.79374389051808,optimal,67.17,optimal,PUMP_ON_LOW
2026-05-07 08:13:55.767,cmmx6howt0000bi1zgfsisou2,57.28250244379276,optimal,100.0,criticalHigh,PUMP_ON_LOW
2026-05-07 08:13:59.277,cmmx6howt0000bi1zgfsisou2,53.86119257086999,optimal,32.53,optimal,PUMP_ON_LOW
2026-05-07 08:14:02.813,cmmx6howt0000bi1zgfsisou2,67.93743890518084,optimal,57.16,optimal,PUMP_ON_LOW
2026-05-07 08:14:06.349,cmmx6howt0000bi1zgfsisou2,67.93743890518084,optimal,57.21,optimal,PUMP_ON_LOW
2026-05-07 08:14:09.858,cmmx6howt0000bi1zgfsisou2,67.93743890518084,optimal,57.07,optimal,PUMP_ON_LOW
2026-05-07 08:14:13.368,cmmx6howt0000bi1zgfsisou2,67.83968719452591,optimal,57.03,optimal,PUMP_ON_LOW
2026-05-07 08:14:16.876,cmmx6howt0000bi1zgfsisou2,67.93743890518084,optimal,64.35,optimal,PUMP_ON_LOW
2026-05-07 08:14:20.386,cmmx6howt0000bi1zgfsisou2,68.03519061583579,optimal,31.12,optimal,PUMP_ON_LOW
2026-05-07 08:14:23.921,cmmx6howt0000bi1zgfsisou2,68.03519061583579,optimal,68.59,optimal,PUMP_ON_LOW
2026-05-07 08:14:27.431,cmmx6howt0000bi1zgfsisou2,68.03519061583579,optimal,51.58,optimal,PUMP_ON_LOW
2026-05-07 08:14:30.940,cmmx6howt0000bi1zgfsisou2,68.03519061583579,optimal,57.03,optimal,PUMP_ON_LOW
2026-05-07 08:14:34.450,cmmx6howt0000bi1zgfsisou2,67.93743890518084,optimal,33.79,optimal,PUMP_ON_LOW
2026-05-07 08:14:37.959,cmmx6howt0000bi1zgfsisou2,68.03519061583579,optimal,31.08,optimal,PUMP_ON_LOW
2026-05-07 08:14:41.468,cmmx6howt0000bi1zgfsisou2,68.03519061583579,optimal,56.81,optimal,PUMP_ON_LOW
2026-05-07 08:14:44.977,cmmx6howt0000bi1zgfsisou2,67.83968719452591,optimal,79.48,high,PUMP_ON_LOW
2026-05-07 08:14:48.487,cmmx6howt0000bi1zgfsisou2,67.93743890518084,optimal,51.24,optimal,PUMP_ON_LOW
2026-05-07 08:14:51.996,cmmx6howt0000bi1zgfsisou2,67.93743890518084,optimal,51.32,optimal,PUMP_ON_LOW
2026-05-07 08:14:55.506,cmmx6howt0000bi1zgfsisou2,67.83968719452591,optimal,57.34,optimal,PUMP_ON_LOW
2026-05-07 08:14:59.016,cmmx6howt0000bi1zgfsisou2,67.93743890518084,optimal,56.92,optimal,PUMP_ON_LOW
2026-05-07 08:15:02.524,cmmx6howt0000bi1zgfsisou2,67.5464320625611,optimal,51.09,optimal,PUMP_ON_LOW
2026-05-07 08:15:06.034,cmmx6howt0000bi1zgfsisou2,67.5464320625611,optimal,51.58,optimal,PUMP_ON_LOW
2026-05-07 08:15:09.542,cmmx6howt0000bi1zgfsisou2,67.5464320625611,optimal,47.51,optimal,PUMP_ON_LOW
2026-05-07 08:15:13.052,cmmx6howt0000bi1zgfsisou2,67.64418377321604,optimal,51.28,optimal,PUMP_ON_LOW
2026-05-07 08:15:16.561,cmmx6howt0000bi1zgfsisou2,67.5464320625611,optimal,51.58,optimal,PUMP_ON_LOW
2026-05-07 08:15:20.071,cmmx6howt0000bi1zgfsisou2,67.5464320625611,optimal,51.36,optimal,PUMP_ON_LOW
2026-05-07 08:15:23.580,cmmx6howt0000bi1zgfsisou2,67.5464320625611,optimal,51.58,optimal,PUMP_ON_LOW
2026-05-07 08:15:27.091,cmmx6howt0000bi1zgfsisou2,66.95992179863148,optimal,54.18,optimal,PUMP_ON_LOW
2026-05-07 08:15:30.599,cmmx6howt0000bi1zgfsisou2,67.2531769305963,optimal,82.53,high,PUMP_ON_LOW
2026-05-07 08:15:34.108,cmmx6howt0000bi1zgfsisou2,67.15542521994135,optimal,100.0,criticalHigh,PUMP_ON_LOW
2026-05-07 08:15:37.616,cmmx6howt0000bi1zgfsisou2,67.2531769305963,optimal,100.0,criticalHigh,PUMP_ON_LOW
2026-05-07 08:15:41.125,cmmx6howt0000bi1zgfsisou2,67.35092864125123,optimal,100.0,criticalHigh,PUMP_ON_LOW
2026-05-07 08:15:44.635,cmmx6howt0000bi1zgfsisou2,67.35092864125123,optimal,100.0,criticalHigh,PUMP_ON_LOW
2026-05-07 08:15:48.144,cmmx6howt0000bi1zgfsisou2,67.35092864125123,optimal,100.0,criticalHigh,PUMP_ON_LOW
2026-05-07 08:15:51.652,cmmx6howt0000bi1zgfsisou2,67.2531769305963,optimal,100.0,criticalHigh,PUMP_ON_LOW
2026-05-07 08:15:55.161,cmmx6howt0000bi1zgfsisou2,67.35092864125123,optimal,100.0,criticalHigh,PUMP_ON_LOW
2026-05-07 08:15:58.671,cmmx6howt0000bi1zgfsisou2,67.2531769305963,optimal,100.0,criticalHigh,PUMP_ON_LOW
2026-05-07 08:16:02.180,cmmx6howt0000bi1zgfsisou2,67.35092864125123,optimal,100.0,criticalHigh,PUMP_ON_LOW
2026-05-07 08:16:05.689,cmmx6howt0000bi1zgfsisou2,67.2531769305963,optimal,100.0,criticalHigh,PUMP_ON_LOW
2026-05-07 08:16:09.198,cmmx6howt0000bi1zgfsisou2,67.2531769305963,optimal,100.0,criticalHigh,PUMP_ON_LOW
2026-05-07 08:16:12.707,cmmx6howt0000bi1zgfsisou2,67.2531769305963,optimal,100.0,criticalHigh,PUMP_ON_LOW
2026-05-07 08:16:16.216,cmmx6howt0000bi1zgfsisou2,67.2531769305963,optimal,100.0,criticalHigh,PUMP_ON_LOW
2026-05-07 08:16:19.725,cmmx6howt0000bi1zgfsisou2,67.15542521994135,optimal,100.0,criticalHigh,PUMP_ON_LOW
2026-05-07 08:16:23.234,cmmx6howt0000bi1zgfsisou2,67.2531769305963,optimal,100.0,criticalHigh,PUMP_ON_LOW
2026-05-07 08:16:26.743,cmmx6howt0000bi1zgfsisou2,67.2531769305963,optimal,100.0,criticalHigh,PUMP_ON_LOW
2026-05-07 08:16:30.252,cmmx6howt0000bi1zgfsisou2,67.35092864125123,optimal,100.0,criticalHigh,PUMP_ON_LOW
2026-05-07 08:16:33.761,cmmx6howt0000bi1zgfsisou2,67.35092864125123,optimal,100.0,criticalHigh,PUMP_ON_LOW
2026-05-07 08:16:37.270,cmmx6howt0000bi1zgfsisou2,67.2531769305963,optimal,94.54,criticalHigh,PUMP_ON_LOW
2026-05-07 08:16:40.778,cmmx6howt0000bi1zgfsisou2,67.64418377321604,optimal,100.0,criticalHigh,PUMP_ON_LOW
2026-05-07 08:16:44.287,cmmx6howt0000bi1zgfsisou2,67.15542521994135,optimal,100.0,criticalHigh,PUMP_ON_LOW
2026-05-07 08:16:47.796,cmmx6howt0000bi1zgfsisou2,67.35092864125123,optimal,100.0,criticalHigh,PUMP_ON_LOW
2026-05-07 08:16:51.305,cmmx6howt0000bi1zgfsisou2,67.35092864125123,optimal,100.0,criticalHigh,PUMP_ON_LOW
2026-05-07 08:16:54.815,cmmx6howt0000bi1zgfsisou2,67.35092864125123,optimal,100.0,criticalHigh,PUMP_ON_LOW
2026-05-07 08:16:58.323,cmmx6howt0000bi1zgfsisou2,67.35092864125123,optimal,100.0,criticalHigh,PUMP_ON_LOW
2026-05-07 08:17:01.833,cmmx6howt0000bi1zgfsisou2,67.35092864125123,optimal,82.65,high,PUMP_ON_LOW
2026-05-07 08:17:05.340,cmmx6howt0000bi1zgfsisou2,67.35092864125123,optimal,100.0,criticalHigh,PUMP_ON_LOW
2026-05-07 08:17:08.849,cmmx6howt0000bi1zgfsisou2,67.35092864125123,optimal,100.0,criticalHigh,PUMP_ON_LOW
2026-05-07 08:17:12.360,cmmx6howt0000bi1zgfsisou2,67.35092864125123,optimal,98.19,criticalHigh,PUMP_ON_LOW
2026-05-07 08:17:15.868,cmmx6howt0000bi1zgfsisou2,67.35092864125123,optimal,94.46,criticalHigh,PUMP_ON_LOW
2026-05-07 08:17:19.376,cmmx6howt0000bi1zgfsisou2,67.44868035190616,optimal,100.0,criticalHigh,PUMP_ON_LOW
2026-05-07 08:17:22.886,cmmx6howt0000bi1zgfsisou2,67.35092864125123,optimal,82.61,high,PUMP_ON_LOW
2026-05-07 08:17:26.394,cmmx6howt0000bi1zgfsisou2,67.44868035190616,optimal,85.12,high,PUMP_ON_LOW
2026-05-07 08:17:29.902,cmmx6howt0000bi1zgfsisou2,67.35092864125123,optimal,100.0,criticalHigh,PUMP_ON_LOW
2026-05-07 08:17:33.411,cmmx6howt0000bi1zgfsisou2,67.35092864125123,optimal,100.0,criticalHigh,PUMP_ON_LOW
2026-05-07 08:17:36.921,cmmx6howt0000bi1zgfsisou2,67.44868035190616,optimal,100.0,criticalHigh,PUMP_ON_LOW
2026-05-07 08:17:40.430,cmmx6howt0000bi1zgfsisou2,67.35092864125123,optimal,100.0,criticalHigh,PUMP_ON_LOW
2026-05-07 08:17:43.939,cmmx6howt0000bi1zgfsisou2,67.44868035190616,optimal,100.0,criticalHigh,PUMP_ON_LOW
2026-05-07 08:17:47.449,cmmx6howt0000bi1zgfsisou2,67.35092864125123,optimal,82.49,high,PUMP_ON_LOW
2026-05-07 08:17:50.957,cmmx6howt0000bi1zgfsisou2,67.35092864125123,optimal,98.16,criticalHigh,PUMP_ON_LOW
2026-05-07 08:17:54.466,cmmx6howt0000bi1zgfsisou2,67.44868035190616,optimal,85.39,high,PUMP_ON_LOW
2026-05-07 08:17:57.974,cmmx6howt0000bi1zgfsisou2,67.35092864125123,optimal,100.0,criticalHigh,PUMP_ON_LOW
2026-05-07 08:18:01.484,cmmx6howt0000bi1zgfsisou2,67.44868035190616,optimal,100.0,criticalHigh,PUMP_ON_LOW
2026-05-07 08:18:04.993,cmmx6howt0000bi1zgfsisou2,67.44868035190616,optimal,100.0,criticalHigh,PUMP_ON_LOW
2026-05-07 08:18:08.501,cmmx6howt0000bi1zgfsisou2,67.35092864125123,optimal,100.0,criticalHigh,PUMP_ON_LOW
2026-05-07 08:18:12.010,cmmx6howt0000bi1zgfsisou2,67.44868035190616,optimal,100.0,criticalHigh,PUMP_ON_LOW
2026-05-07 08:18:15.519,cmmx6howt0000bi1zgfsisou2,67.44868035190616,optimal,94.31,criticalHigh,PUMP_ON_LOW
2026-05-07 08:18:19.028,cmmx6howt0000bi1zgfsisou2,67.35092864125123,optimal,61.19,optimal,PUMP_ON_LOW
2026-05-07 08:18:22.537,cmmx6howt0000bi1zgfsisou2,67.44868035190616,optimal,100.0,criticalHigh,PUMP_ON_LOW
2026-05-07 08:18:26.046,cmmx6howt0000bi1zgfsisou2,67.44868035190616,optimal,94.54,criticalHigh,PUMP_ON_LOW
2026-05-07 08:18:29.554,cmmx6howt0000bi1zgfsisou2,67.35092864125123,optimal,100.0,criticalHigh,PUMP_ON_LOW
2026-05-07 08:18:33.063,cmmx6howt0000bi1zgfsisou2,67.35092864125123,optimal,100.0,criticalHigh,PUMP_ON_LOW
2026-05-07 08:18:36.572,cmmx6howt0000bi1zgfsisou2,67.74193548387098,optimal,100.0,criticalHigh,PUMP_ON_LOW
2026-05-07 08:19:11.663,cmmx6howt0000bi1zgfsisou2,52.88367546432062,optimal,100.0,criticalHigh,PUMP_ON_LOW
2026-05-07 08:19:15.173,cmmx6howt0000bi1zgfsisou2,52.78592375366568,optimal,100.0,criticalHigh,PUMP_ON_LOW
2026-05-07 08:19:18.680,cmmx6howt0000bi1zgfsisou2,68.32844574780059,optimal,100.0,criticalHigh,PUMP_ON_LOW
2026-05-07 08:19:22.190,cmmx6howt0000bi1zgfsisou2,68.32844574780059,optimal,100.0,criticalHigh,PUMP_ON_LOW
2026-05-07 08:19:25.699,cmmx6howt0000bi1zgfsisou2,68.23069403714565,optimal,100.0,criticalHigh,PUMP_ON_LOW
2026-05-07 08:19:29.208,cmmx6howt0000bi1zgfsisou2,68.32844574780059,optimal,100.0,criticalHigh,PUMP_ON_LOW
2026-05-07 08:19:32.717,cmmx6howt0000bi1zgfsisou2,68.23069403714565,optimal,100.0,criticalHigh,PUMP_ON_LOW
2026-05-07 08:19:36.226,cmmx6howt0000bi1zgfsisou2,68.32844574780059,optimal,100.0,criticalHigh,PUMP_ON_LOW
2026-05-07 08:19:39.735,cmmx6howt0000bi1zgfsisou2,55.2297165200391,optimal,100.0,criticalHigh,PUMP_ON_LOW
2026-05-07 08:19:43.245,cmmx6howt0000bi1zgfsisou2,50.63538611925708,optimal,100.0,criticalHigh,PUMP_ON_LOW
2026-05-07 08:19:46.754,cmmx6howt0000bi1zgfsisou2,50.34213098729228,optimal,100.0,criticalHigh,PUMP_ON_LOW
2026-05-07 08:19:50.264,cmmx6howt0000bi1zgfsisou2,52.68817204301075,optimal,100.0,criticalHigh,PUMP_ON_LOW
2026-05-07 08:19:53.771,cmmx6howt0000bi1zgfsisou2,52.59042033235581,optimal,100.0,criticalHigh,PUMP_ON_LOW
2026-05-07 08:19:57.281,cmmx6howt0000bi1zgfsisou2,52.29716520039101,optimal,100.0,criticalHigh,PUMP_ON_LOW
2026-05-07 08:20:00.790,cmmx6howt0000bi1zgfsisou2,51.51515151515152,optimal,100.0,criticalHigh,PUMP_ON_LOW
2026-05-07 08:20:04.298,cmmx6howt0000bi1zgfsisou2,50.73313782991202,optimal,100.0,criticalHigh,PUMP_ON_LOW
2026-05-07 08:20:07.808,cmmx6howt0000bi1zgfsisou2,52.39491691104594,optimal,100.0,criticalHigh,PUMP_ON_LOW
2026-05-07 08:20:11.317,cmmx6howt0000bi1zgfsisou2,51.2218963831867,optimal,100.0,criticalHigh,PUMP_ON_LOW
2026-05-07 08:20:14.826,cmmx6howt0000bi1zgfsisou2,51.61290322580645,optimal,100.0,criticalHigh,PUMP_ON_LOW
2026-05-07 08:20:18.336,cmmx6howt0000bi1zgfsisou2,51.61290322580645,optimal,100.0,criticalHigh,PUMP_ON_LOW
2026-05-07 08:20:21.844,cmmx6howt0000bi1zgfsisou2,51.80840664711632,optimal,100.0,criticalHigh,PUMP_ON_LOW
2026-05-07 08:20:25.352,cmmx6howt0000bi1zgfsisou2,52.00391006842619,optimal,100.0,criticalHigh,PUMP_ON_LOW
2026-05-07 08:20:28.862,cmmx6howt0000bi1zgfsisou2,52.19941348973607,optimal,100.0,criticalHigh,PUMP_ON_LOW
2026-05-07 08:20:32.371,cmmx6howt0000bi1zgfsisou2,52.49266862170088,optimal,100.0,criticalHigh,PUMP_ON_LOW
2026-05-07 08:20:35.880,cmmx6howt0000bi1zgfsisou2,52.59042033235581,optimal,100.0,criticalHigh,PUMP_ON_LOW
2026-05-07 08:20:39.389,cmmx6howt0000bi1zgfsisou2,52.68817204301075,optimal,100.0,criticalHigh,PUMP_ON_LOW
2026-05-07 08:20:42.898,cmmx6howt0000bi1zgfsisou2,52.68817204301075,optimal,100.0,criticalHigh,PUMP_ON_LOW
2026-05-07 08:20:46.407,cmmx6howt0000bi1zgfsisou2,52.49266862170088,optimal,100.0,criticalHigh,PUMP_ON_LOW
2026-05-07 08:20:49.916,cmmx6howt0000bi1zgfsisou2,52.49266862170088,optimal,100.0,criticalHigh,PUMP_ON_LOW
2026-05-07 08:20:53.425,cmmx6howt0000bi1zgfsisou2,52.49266862170088,optimal,100.0,criticalHigh,PUMP_ON_LOW
2026-05-07 08:20:56.934,cmmx6howt0000bi1zgfsisou2,52.39491691104594,optimal,100.0,criticalHigh,PUMP_ON_LOW
2026-05-07 08:21:00.444,cmmx6howt0000bi1zgfsisou2,52.49266862170088,optimal,100.0,criticalHigh,PUMP_ON_LOW
2026-05-07 08:21:03.953,cmmx6howt0000bi1zgfsisou2,52.49266862170088,optimal,100.0,criticalHigh,PUMP_ON_LOW
2026-05-07 08:21:07.462,cmmx6howt0000bi1zgfsisou2,52.39491691104594,optimal,100.0,criticalHigh,PUMP_ON_LOW
2026-05-07 08:21:10.971,cmmx6howt0000bi1zgfsisou2,52.39491691104594,optimal,100.0,criticalHigh,PUMP_ON_LOW
2026-05-07 08:21:14.480,cmmx6howt0000bi1zgfsisou2,52.29716520039101,optimal,100.0,criticalHigh,PUMP_ON_LOW
2026-05-07 08:21:17.990,cmmx6howt0000bi1zgfsisou2,52.29716520039101,optimal,100.0,criticalHigh,PUMP_ON_LOW
2026-05-07 08:21:21.499,cmmx6howt0000bi1zgfsisou2,52.19941348973607,optimal,100.0,criticalHigh,PUMP_ON_LOW
2026-05-07 08:21:25.008,cmmx6howt0000bi1zgfsisou2,52.19941348973607,optimal,100.0,criticalHigh,PUMP_ON_LOW
2026-05-07 08:21:28.518,cmmx6howt0000bi1zgfsisou2,52.19941348973607,optimal,100.0,criticalHigh,PUMP_ON_LOW
2026-05-07 08:21:32.026,cmmx6howt0000bi1zgfsisou2,52.10166177908113,optimal,100.0,criticalHigh,PUMP_ON_LOW
2026-05-07 08:21:35.535,cmmx6howt0000bi1zgfsisou2,52.10166177908113,optimal,100.0,criticalHigh,PUMP_ON_LOW
2026-05-07 08:21:39.044,cmmx6howt0000bi1zgfsisou2,52.00391006842619,optimal,100.0,criticalHigh,PUMP_ON_LOW
2026-05-07 08:21:42.553,cmmx6howt0000bi1zgfsisou2,52.00391006842619,optimal,100.0,criticalHigh,PUMP_ON_LOW
2026-05-07 08:21:46.062,cmmx6howt0000bi1zgfsisou2,52.00391006842619,optimal,100.0,criticalHigh,PUMP_ON_LOW
2026-05-07 08:21:49.571,cmmx6howt0000bi1zgfsisou2,52.00391006842619,optimal,94.54,criticalHigh,PUMP_ON_LOW
2026-05-07 08:21:53.080,cmmx6howt0000bi1zgfsisou2,51.90615835777126,optimal,94.46,criticalHigh,PUMP_ON_LOW
2026-05-07 08:21:56.588,cmmx6howt0000bi1zgfsisou2,51.90615835777126,optimal,100.0,criticalHigh,PUMP_ON_LOW
2026-05-07 08:22:00.097,cmmx6howt0000bi1zgfsisou2,51.80840664711632,optimal,100.0,criticalHigh,PUMP_ON_LOW
2026-05-07 08:22:03.606,cmmx6howt0000bi1zgfsisou2,51.90615835777126,optimal,100.0,criticalHigh,PUMP_ON_LOW
2026-05-07 08:22:07.114,cmmx6howt0000bi1zgfsisou2,51.90615835777126,optimal,100.0,criticalHigh,PUMP_ON_LOW
2026-05-07 08:22:10.624,cmmx6howt0000bi1zgfsisou2,51.80840664711632,optimal,100.0,criticalHigh,PUMP_ON_LOW
2026-05-07 08:22:14.133,cmmx6howt0000bi1zgfsisou2,51.90615835777126,optimal,100.0,criticalHigh,PUMP_ON_LOW
2026-05-07 08:22:17.641,cmmx6howt0000bi1zgfsisou2,52.00391006842619,optimal,100.0,criticalHigh,PUMP_ON_LOW
2026-05-07 08:22:21.151,cmmx6howt0000bi1zgfsisou2,51.80840664711632,optimal,100.0,criticalHigh,PUMP_ON_LOW
2026-05-07 08:22:24.659,cmmx6howt0000bi1zgfsisou2,51.90615835777126,optimal,100.0,criticalHigh,PUMP_ON_LOW
2026-05-07 08:22:28.169,cmmx6howt0000bi1zgfsisou2,51.90615835777126,optimal,100.0,criticalHigh,PUMP_ON_LOW
2026-05-07 08:22:31.677,cmmx6howt0000bi1zgfsisou2,51.90615835777126,optimal,100.0,criticalHigh,PUMP_ON_LOW
2026-05-07 08:22:35.187,cmmx6howt0000bi1zgfsisou2,51.90615835777126,optimal,94.23,criticalHigh,PUMP_ON_LOW
2026-05-07 08:22:38.695,cmmx6howt0000bi1zgfsisou2,51.90615835777126,optimal,100.0,criticalHigh,PUMP_ON_LOW
2026-05-07 08:22:42.203,cmmx6howt0000bi1zgfsisou2,51.80840664711632,optimal,100.0,criticalHigh,PUMP_ON_LOW
2026-05-07 08:22:45.713,cmmx6howt0000bi1zgfsisou2,51.80840664711632,optimal,100.0,criticalHigh,PUMP_ON_LOW
2026-05-07 08:22:49.222,cmmx6howt0000bi1zgfsisou2,51.71065493646139,optimal,100.0,criticalHigh,PUMP_ON_LOW
2026-05-07 08:22:52.731,cmmx6howt0000bi1zgfsisou2,51.61290322580645,optimal,100.0,criticalHigh,PUMP_ON_LOW
2026-05-07 08:22:56.241,cmmx6howt0000bi1zgfsisou2,51.51515151515152,optimal,100.0,criticalHigh,PUMP_ON_LOW
2026-05-07 08:22:59.750,cmmx6howt0000bi1zgfsisou2,51.41739980449658,optimal,100.0,criticalHigh,PUMP_ON_LOW
2026-05-07 08:23:03.259,cmmx6howt0000bi1zgfsisou2,51.2218963831867,optimal,100.0,criticalHigh,PUMP_ON_LOW
2026-05-07 08:23:06.769,cmmx6howt0000bi1zgfsisou2,51.12414467253177,optimal,82.45,high,PUMP_ON_LOW
2026-05-07 08:23:10.276,cmmx6howt0000bi1zgfsisou2,51.02639296187683,optimal,100.0,criticalHigh,PUMP_ON_LOW
2026-05-07 08:23:13.787,cmmx6howt0000bi1zgfsisou2,50.9286412512219,optimal,78.15,high,PUMP_ON_LOW
2026-05-07 08:23:17.295,cmmx6howt0000bi1zgfsisou2,50.83088954056696,optimal,100.0,criticalHigh,PUMP_ON_LOW
2026-05-07 08:23:20.803,cmmx6howt0000bi1zgfsisou2,48.7781036168133,optimal,100.0,criticalHigh,PUMP_ON_LOW
2026-05-13 16:32:20.114,cmmx6howt0000bi1zgfsisou2,49.26686217008798,optimal,89.51,high,PUMP_ON_LOW
2026-05-13 16:32:24.278,cmmx6howt0000bi1zgfsisou2,50.63538611925708,optimal,89.54,high,PUMP_ON_LOW
2026-05-13 16:32:28.505,cmmx6howt0000bi1zgfsisou2,51.61290322580645,optimal,89.47,high,PUMP_ON_LOW
2026-05-13 16:32:32.671,cmmx6howt0000bi1zgfsisou2,51.80840664711632,optimal,89.54,high,PUMP_ON_LOW
2026-05-13 16:32:36.841,cmmx6howt0000bi1zgfsisou2,51.90615835777126,optimal,89.54,high,PUMP_ON_LOW
2026-05-13 16:32:41.017,cmmx6howt0000bi1zgfsisou2,52.00391006842619,optimal,89.54,high,PUMP_ON_LOW
2026-05-13 16:32:45.178,cmmx6howt0000bi1zgfsisou2,52.00391006842619,optimal,77.73,high,PUMP_ON_LOW
2026-05-13 16:32:49.397,cmmx6howt0000bi1zgfsisou2,51.90615835777126,optimal,78.15,high,PUMP_ON_LOW
2026-05-13 16:32:53.571,cmmx6howt0000bi1zgfsisou2,49.85337243401759,optimal,35.31,optimal,PUMP_ON_LOW
2026-05-13 16:32:57.780,cmmx6howt0000bi1zgfsisou2,49.65786901270772,optimal,35.31,optimal,PUMP_ON_LOW
2026-05-13 16:33:01.962,cmmx6howt0000bi1zgfsisou2,49.65786901270772,optimal,49.95,optimal,PUMP_ON_LOW
2026-05-13 16:33:06.086,cmmx6howt0000bi1zgfsisou2,50.63538611925708,optimal,49.49,optimal,PUMP_ON_LOW
2026-05-13 16:33:10.256,cmmx6howt0000bi1zgfsisou2,49.95112414467253,optimal,50.17,optimal,PUMP_ON_LOW
2026-05-13 16:33:14.415,cmmx6howt0000bi1zgfsisou2,50.34213098729228,optimal,64.43,optimal,PUMP_ON_LOW
2026-05-13 16:33:18.592,cmmx6howt0000bi1zgfsisou2,51.51515151515152,optimal,85.88,high,PUMP_ON_LOW
2026-05-13 16:33:22.764,cmmx6howt0000bi1zgfsisou2,49.46236559139785,optimal,78.07,high,PUMP_ON_LOW
2026-05-13 16:33:26.936,cmmx6howt0000bi1zgfsisou2,49.85337243401759,optimal,96.56,criticalHigh,PUMP_ON_LOW
2026-05-13 16:33:31.060,cmmx6howt0000bi1zgfsisou2,50.04887585532747,optimal,96.78,criticalHigh,PUMP_ON_LOW
2026-05-13 16:33:35.176,cmmx6howt0000bi1zgfsisou2,53.56793743890518,optimal,74.57,optimal,PUMP_ON_LOW
2026-05-13 16:33:39.334,cmmx6howt0000bi1zgfsisou2,53.47018572825024,optimal,55.97,optimal,PUMP_ON_LOW
2026-05-13 16:33:43.489,cmmx6howt0000bi1zgfsisou2,53.3724340175953,optimal,60.81,optimal,PUMP_ON_LOW
2026-05-13 16:33:47.638,cmmx6howt0000bi1zgfsisou2,53.27468230694037,optimal,60.81,optimal,PUMP_ON_LOW
2026-05-13 16:33:51.752,cmmx6howt0000bi1zgfsisou2,53.27468230694037,optimal,60.81,optimal,PUMP_ON_LOW
2026-05-13 16:33:55.884,cmmx6howt0000bi1zgfsisou2,53.0791788856305,optimal,60.58,optimal,PUMP_ON_LOW
2026-05-13 16:34:00.011,cmmx6howt0000bi1zgfsisou2,52.98142717497556,optimal,60.58,optimal,PUMP_ON_LOW
2026-05-13 16:34:04.152,cmmx6howt0000bi1zgfsisou2,53.0791788856305,optimal,60.96,optimal,PUMP_ON_LOW
2026-05-13 16:34:08.303,cmmx6howt0000bi1zgfsisou2,52.98142717497556,optimal,60.81,optimal,PUMP_ON_LOW
2026-05-13 16:34:12.466,cmmx6howt0000bi1zgfsisou2,52.98142717497556,optimal,60.81,optimal,PUMP_ON_LOW
2026-05-13 16:34:16.635,cmmx6howt0000bi1zgfsisou2,52.88367546432062,optimal,60.77,optimal,PUMP_ON_LOW
2026-05-13 16:34:20.807,cmmx6howt0000bi1zgfsisou2,52.88367546432062,optimal,60.81,optimal,PUMP_ON_LOW
2026-05-13 16:34:24.950,cmmx6howt0000bi1zgfsisou2,52.88367546432062,optimal,60.58,optimal,PUMP_ON_LOW
2026-05-13 16:34:29.102,cmmx6howt0000bi1zgfsisou2,52.78592375366568,optimal,60.58,optimal,PUMP_ON_LOW
2026-05-13 16:34:33.253,cmmx6howt0000bi1zgfsisou2,52.78592375366568,optimal,93.35,criticalHigh,PUMP_ON_LOW
2026-05-13 16:34:37.399,cmmx6howt0000bi1zgfsisou2,52.78592375366568,optimal,86.34,high,PUMP_ON_LOW
2026-05-13 16:34:41.537,cmmx6howt0000bi1zgfsisou2,52.68817204301075,optimal,86.65,high,PUMP_ON_LOW
2026-05-13 16:34:45.668,cmmx6howt0000bi1zgfsisou2,52.59042033235581,optimal,93.13,criticalHigh,PUMP_ON_LOW
2026-05-13 16:34:49.802,cmmx6howt0000bi1zgfsisou2,52.59042033235581,optimal,93.16,criticalHigh,PUMP_ON_LOW
2026-05-13 16:34:53.967,cmmx6howt0000bi1zgfsisou2,52.49266862170088,optimal,93.16,criticalHigh,PUMP_ON_LOW
2026-05-13 16:34:58.059,cmmx6howt0000bi1zgfsisou2,52.49266862170088,optimal,78.91,high,PUMP_ON_LOW
2026-05-13 16:35:02.229,cmmx6howt0000bi1zgfsisou2,52.59042033235581,optimal,78.68,high,PUMP_ON_LOW
2026-05-13 16:35:06.388,cmmx6howt0000bi1zgfsisou2,52.49266862170088,optimal,78.91,high,PUMP_ON_LOW
2026-05-13 16:35:10.501,cmmx6howt0000bi1zgfsisou2,52.49266862170088,optimal,78.91,high,PUMP_ON_LOW
2026-05-13 16:35:14.650,cmmx6howt0000bi1zgfsisou2,52.59042033235581,optimal,78.64,high,PUMP_ON_LOW
2026-05-13 16:35:18.768,cmmx6howt0000bi1zgfsisou2,52.39491691104594,optimal,78.91,high,PUMP_ON_LOW
2026-05-13 16:35:22.888,cmmx6howt0000bi1zgfsisou2,52.49266862170088,optimal,78.91,high,PUMP_ON_LOW
2026-05-13 16:35:27.044,cmmx6howt0000bi1zgfsisou2,52.39491691104594,optimal,78.68,high,PUMP_ON_LOW
2026-05-13 16:35:31.172,cmmx6howt0000bi1zgfsisou2,52.29716520039101,optimal,78.91,high,PUMP_ON_LOW
2026-05-13 16:35:35.337,cmmx6howt0000bi1zgfsisou2,52.39491691104594,optimal,78.72,high,PUMP_ON_LOW
2026-05-13 16:35:39.471,cmmx6howt0000bi1zgfsisou2,52.29716520039101,optimal,78.57,high,PUMP_ON_LOW
2026-05-13 16:35:43.570,cmmx6howt0000bi1zgfsisou2,52.39491691104594,optimal,78.91,high,PUMP_ON_LOW
2026-05-13 16:35:47.716,cmmx6howt0000bi1zgfsisou2,52.39491691104594,optimal,78.91,high,PUMP_ON_LOW
2026-05-13 16:35:51.869,cmmx6howt0000bi1zgfsisou2,52.39491691104594,optimal,78.68,high,PUMP_ON_LOW
2026-05-13 16:35:56.041,cmmx6howt0000bi1zgfsisou2,52.39491691104594,optimal,78.64,high,PUMP_ON_LOW
2026-05-13 16:36:00.223,cmmx6howt0000bi1zgfsisou2,52.29716520039101,optimal,78.68,high,PUMP_ON_LOW
2026-05-13 16:36:04.405,cmmx6howt0000bi1zgfsisou2,52.29716520039101,optimal,78.91,high,PUMP_ON_LOW
2026-05-13 16:36:08.566,cmmx6howt0000bi1zgfsisou2,52.29716520039101,optimal,78.87,high,PUMP_ON_LOW
2026-05-13 16:36:12.764,cmmx6howt0000bi1zgfsisou2,52.29716520039101,optimal,78.42,high,PUMP_ON_LOW
2026-05-13 16:36:16.927,cmmx6howt0000bi1zgfsisou2,52.29716520039101,optimal,78.91,high,PUMP_ON_LOW
2026-05-13 16:36:21.097,cmmx6howt0000bi1zgfsisou2,52.29716520039101,optimal,78.64,high,PUMP_ON_LOW
2026-05-13 16:36:25.254,cmmx6howt0000bi1zgfsisou2,52.29716520039101,optimal,78.68,high,PUMP_ON_LOW
2026-05-13 16:36:29.419,cmmx6howt0000bi1zgfsisou2,52.29716520039101,optimal,78.91,high,PUMP_ON_LOW
2026-05-13 16:36:33.577,cmmx6howt0000bi1zgfsisou2,52.19941348973607,optimal,78.61,high,PUMP_ON_LOW
2026-05-13 16:36:37.734,cmmx6howt0000bi1zgfsisou2,52.19941348973607,optimal,78.91,high,PUMP_ON_LOW
2026-05-13 16:36:41.889,cmmx6howt0000bi1zgfsisou2,52.19941348973607,optimal,78.64,high,PUMP_ON_LOW
2026-05-13 16:36:46.042,cmmx6howt0000bi1zgfsisou2,52.19941348973607,optimal,78.45,high,PUMP_ON_LOW
2026-05-13 16:36:50.198,cmmx6howt0000bi1zgfsisou2,52.29716520039101,optimal,78.91,high,PUMP_ON_LOW
2026-05-13 16:36:54.332,cmmx6howt0000bi1zgfsisou2,52.19941348973607,optimal,78.87,high,PUMP_ON_LOW
2026-05-13 16:36:58.464,cmmx6howt0000bi1zgfsisou2,52.19941348973607,optimal,78.68,high,PUMP_ON_LOW
2026-05-13 16:37:02.624,cmmx6howt0000bi1zgfsisou2,52.19941348973607,optimal,78.61,high,PUMP_ON_LOW
2026-05-13 16:37:06.773,cmmx6howt0000bi1zgfsisou2,52.10166177908113,optimal,78.91,high,PUMP_ON_LOW
2026-05-13 16:37:10.949,cmmx6howt0000bi1zgfsisou2,52.10166177908113,optimal,78.87,high,PUMP_ON_LOW
2026-05-13 16:37:15.088,cmmx6howt0000bi1zgfsisou2,52.00391006842619,optimal,78.68,high,PUMP_ON_LOW
2026-05-13 16:37:19.300,cmmx6howt0000bi1zgfsisou2,52.00391006842619,optimal,78.91,high,PUMP_ON_LOW
2026-05-13 16:37:23.457,cmmx6howt0000bi1zgfsisou2,52.00391006842619,optimal,78.68,high,PUMP_ON_LOW
2026-05-13 16:37:27.623,cmmx6howt0000bi1zgfsisou2,52.00391006842619,optimal,78.91,high,PUMP_ON_LOW
2026-05-13 16:37:31.738,cmmx6howt0000bi1zgfsisou2,51.90615835777126,optimal,78.49,high,PUMP_ON_LOW
2026-05-13 16:37:35.891,cmmx6howt0000bi1zgfsisou2,51.80840664711632,optimal,78.68,high,PUMP_ON_LOW
2026-05-13 16:37:40.065,cmmx6howt0000bi1zgfsisou2,51.80840664711632,optimal,78.91,high,PUMP_ON_LOW
2026-05-13 16:37:44.255,cmmx6howt0000bi1zgfsisou2,51.80840664711632,optimal,78.91,high,PUMP_ON_LOW
2026-05-13 16:37:48.422,cmmx6howt0000bi1zgfsisou2,51.90615835777126,optimal,78.91,high,PUMP_ON_LOW
2026-05-13 16:37:52.617,cmmx6howt0000bi1zgfsisou2,51.80840664711632,optimal,78.76,high,PUMP_ON_LOW
2026-05-13 16:37:56.795,cmmx6howt0000bi1zgfsisou2,51.71065493646139,optimal,78.68,high,PUMP_ON_LOW
2026-05-13 16:38:00.989,cmmx6howt0000bi1zgfsisou2,51.71065493646139,optimal,78.64,high,PUMP_ON_LOW
2026-05-13 16:38:05.133,cmmx6howt0000bi1zgfsisou2,51.71065493646139,optimal,78.91,high,PUMP_ON_LOW
2026-05-13 16:38:09.237,cmmx6howt0000bi1zgfsisou2,51.71065493646139,optimal,78.87,high,PUMP_ON_LOW
2026-05-13 16:38:13.349,cmmx6howt0000bi1zgfsisou2,51.61290322580645,optimal,78.87,high,PUMP_ON_LOW
2026-05-13 16:38:17.479,cmmx6howt0000bi1zgfsisou2,51.51515151515152,optimal,78.68,high,PUMP_ON_LOW
2026-05-13 16:38:21.578,cmmx6howt0000bi1zgfsisou2,51.61290322580645,optimal,78.61,high,PUMP_ON_LOW
2026-05-13 16:38:25.717,cmmx6howt0000bi1zgfsisou2,51.61290322580645,optimal,78.87,high,PUMP_ON_LOW
2026-05-13 16:38:29.842,cmmx6howt0000bi1zgfsisou2,51.61290322580645,optimal,78.68,high,PUMP_ON_LOW
2026-05-13 16:38:33.931,cmmx6howt0000bi1zgfsisou2,51.51515151515152,optimal,78.91,high,PUMP_ON_LOW
2026-05-13 16:38:38.081,cmmx6howt0000bi1zgfsisou2,51.51515151515152,optimal,78.68,high,PUMP_ON_LOW
2026-05-13 16:38:42.206,cmmx6howt0000bi1zgfsisou2,51.51515151515152,optimal,78.34,high,PUMP_ON_LOW
2026-05-13 16:38:46.331,cmmx6howt0000bi1zgfsisou2,51.51515151515152,optimal,78.91,high,PUMP_ON_LOW
2026-05-13 16:38:50.486,cmmx6howt0000bi1zgfsisou2,51.41739980449658,optimal,78.91,high,PUMP_ON_LOW
2026-05-13 16:38:54.593,cmmx6howt0000bi1zgfsisou2,51.41739980449658,optimal,78.53,high,PUMP_ON_LOW
2026-05-13 16:38:58.735,cmmx6howt0000bi1zgfsisou2,51.41739980449658,optimal,78.68,high,PUMP_ON_LOW
2026-05-13 16:39:02.886,cmmx6howt0000bi1zgfsisou2,51.31964809384164,optimal,78.91,high,PUMP_ON_LOW
2026-05-13 16:39:07.046,cmmx6howt0000bi1zgfsisou2,51.2218963831867,optimal,78.91,high,PUMP_ON_LOW
2026-05-13 16:39:11.135,cmmx6howt0000bi1zgfsisou2,51.2218963831867,optimal,78.68,high,PUMP_ON_LOW
2026-05-13 16:39:15.218,cmmx6howt0000bi1zgfsisou2,51.12414467253177,optimal,78.68,high,PUMP_ON_LOW
2026-05-13 16:39:19.371,cmmx6howt0000bi1zgfsisou2,51.12414467253177,optimal,78.91,high,PUMP_ON_LOW
2026-05-13 16:39:23.471,cmmx6howt0000bi1zgfsisou2,51.12414467253177,optimal,78.45,high,PUMP_ON_LOW
2026-05-13 16:39:27.652,cmmx6howt0000bi1zgfsisou2,51.2218963831867,optimal,78.87,high,PUMP_ON_LOW
2026-05-13 16:39:31.800,cmmx6howt0000bi1zgfsisou2,51.12414467253177,optimal,78.68,high,PUMP_ON_LOW
2026-05-13 16:39:35.915,cmmx6howt0000bi1zgfsisou2,51.12414467253177,optimal,78.68,high,PUMP_ON_LOW
2026-05-13 16:39:40.113,cmmx6howt0000bi1zgfsisou2,51.12414467253177,optimal,78.87,high,PUMP_ON_LOW
2026-05-13 16:39:44.309,cmmx6howt0000bi1zgfsisou2,51.02639296187683,optimal,78.64,high,PUMP_ON_LOW
2026-05-13 16:39:48.474,cmmx6howt0000bi1zgfsisou2,51.02639296187683,optimal,78.87,high,PUMP_ON_LOW
2026-05-13 16:39:52.628,cmmx6howt0000bi1zgfsisou2,51.02639296187683,optimal,78.45,high,PUMP_ON_LOW
2026-05-13 16:39:56.755,cmmx6howt0000bi1zgfsisou2,51.12414467253177,optimal,78.64,high,PUMP_ON_LOW
2026-05-13 16:40:00.878,cmmx6howt0000bi1zgfsisou2,51.02639296187683,optimal,78.91,high,PUMP_ON_LOW
2026-05-13 16:40:05.031,cmmx6howt0000bi1zgfsisou2,51.12414467253177,optimal,78.72,high,PUMP_ON_LOW
2026-05-13 16:40:09.211,cmmx6howt0000bi1zgfsisou2,50.83088954056696,optimal,78.91,high,PUMP_ON_LOW
2026-05-13 16:40:13.345,cmmx6howt0000bi1zgfsisou2,50.9286412512219,optimal,78.42,high,PUMP_ON_LOW
2026-05-13 16:40:17.479,cmmx6howt0000bi1zgfsisou2,50.83088954056696,optimal,78.68,high,PUMP_ON_LOW
2026-05-13 16:40:21.596,cmmx6howt0000bi1zgfsisou2,50.73313782991202,optimal,78.91,high,PUMP_ON_LOW
2026-05-13 16:40:25.793,cmmx6howt0000bi1zgfsisou2,50.73313782991202,optimal,78.64,high,PUMP_ON_LOW
2026-05-13 16:40:29.961,cmmx6howt0000bi1zgfsisou2,49.16911045943304,optimal,78.68,high,PUMP_ON_LOW
2026-05-13 16:40:34.079,cmmx6howt0000bi1zgfsisou2,49.95112414467253,optimal,78.68,high,PUMP_ON_LOW
2026-05-13 16:40:38.232,cmmx6howt0000bi1zgfsisou2,50.34213098729228,optimal,78.91,high,PUMP_ON_LOW
2026-05-13 16:40:42.412,cmmx6howt0000bi1zgfsisou2,50.14662756598241,optimal,78.91,high,PUMP_ON_LOW
2026-05-13 16:40:46.547,cmmx6howt0000bi1zgfsisou2,50.04887585532747,optimal,78.64,high,PUMP_ON_LOW
2026-05-13 16:40:50.675,cmmx6howt0000bi1zgfsisou2,50.34213098729228,optimal,78.87,high,PUMP_ON_LOW
2026-05-13 16:40:54.812,cmmx6howt0000bi1zgfsisou2,49.95112414467253,optimal,78.45,high,PUMP_ON_LOW
2026-05-13 16:40:58.937,cmmx6howt0000bi1zgfsisou2,50.14662756598241,optimal,78.91,high,PUMP_ON_LOW
2026-05-13 16:41:03.103,cmmx6howt0000bi1zgfsisou2,48.48484848484848,optimal,78.68,high,PUMP_ON_LOW
2026-05-13 16:41:07.217,cmmx6howt0000bi1zgfsisou2,48.7781036168133,optimal,78.87,high,PUMP_ON_LOW
2026-05-13 16:41:11.378,cmmx6howt0000bi1zgfsisou2,48.58260019550342,optimal,78.87,high,PUMP_ON_LOW
2026-05-13 16:41:15.487,cmmx6howt0000bi1zgfsisou2,48.68035190615836,optimal,78.68,high,PUMP_ON_LOW
2026-05-13 16:41:19.636,cmmx6howt0000bi1zgfsisou2,49.26686217008798,optimal,78.91,high,PUMP_ON_LOW
2026-05-13 16:41:23.735,cmmx6howt0000bi1zgfsisou2,49.26686217008798,optimal,78.68,high,PUMP_ON_LOW
2026-05-13 16:41:27.916,cmmx6howt0000bi1zgfsisou2,49.26686217008798,optimal,78.68,high,PUMP_ON_LOW
2026-05-13 16:41:32.062,cmmx6howt0000bi1zgfsisou2,49.36461388074292,optimal,78.68,high,PUMP_ON_LOW
2026-05-13 16:41:36.202,cmmx6howt0000bi1zgfsisou2,49.26686217008798,optimal,78.91,high,PUMP_ON_LOW
2026-05-13 16:41:40.326,cmmx6howt0000bi1zgfsisou2,49.36461388074292,optimal,96.78,criticalHigh,PUMP_ON_LOW
2026-05-13 16:41:44.464,cmmx6howt0000bi1zgfsisou2,49.46236559139785,optimal,96.75,criticalHigh,PUMP_ON_LOW
2026-05-13 16:41:48.631,cmmx6howt0000bi1zgfsisou2,49.26686217008798,optimal,96.98,criticalHigh,PUMP_ON_LOW
2026-05-13 16:41:52.766,cmmx6howt0000bi1zgfsisou2,49.0713587487781,optimal,96.48,criticalHigh,PUMP_ON_LOW
2026-05-13 16:41:56.962,cmmx6howt0000bi1zgfsisou2,48.7781036168133,optimal,96.78,criticalHigh,PUMP_ON_LOW
2026-05-13 16:42:01.079,cmmx6howt0000bi1zgfsisou2,48.97360703812317,optimal,97.01,criticalHigh,PUMP_ON_LOW
2026-05-13 16:42:05.170,cmmx6howt0000bi1zgfsisou2,48.68035190615836,optimal,96.56,criticalHigh,PUMP_ON_LOW
2026-05-13 16:42:09.296,cmmx6howt0000bi1zgfsisou2,48.58260019550342,optimal,96.78,criticalHigh,PUMP_ON_LOW
2026-05-13 16:42:13.416,cmmx6howt0000bi1zgfsisou2,48.68035190615836,optimal,96.98,criticalHigh,PUMP_ON_LOW
2026-05-13 16:42:17.595,cmmx6howt0000bi1zgfsisou2,48.87585532746823,optimal,96.63,criticalHigh,PUMP_ON_LOW
2026-05-13 16:42:21.734,cmmx6howt0000bi1zgfsisou2,48.48484848484848,optimal,96.75,criticalHigh,PUMP_ON_LOW
2026-05-13 16:42:25.874,cmmx6howt0000bi1zgfsisou2,48.38709677419355,optimal,97.01,criticalHigh,PUMP_ON_LOW
2026-05-13 16:42:30.001,cmmx6howt0000bi1zgfsisou2,48.38709677419355,optimal,96.78,criticalHigh,PUMP_ON_LOW
2026-05-13 16:42:34.137,cmmx6howt0000bi1zgfsisou2,48.38709677419355,optimal,96.56,criticalHigh,PUMP_ON_LOW
2026-05-13 16:42:38.241,cmmx6howt0000bi1zgfsisou2,48.48484848484848,optimal,96.94,criticalHigh,PUMP_ON_LOW
2026-05-13 16:42:42.394,cmmx6howt0000bi1zgfsisou2,48.48484848484848,optimal,96.78,criticalHigh,PUMP_ON_LOW
2026-05-13 16:42:46.575,cmmx6howt0000bi1zgfsisou2,48.48484848484848,optimal,96.75,criticalHigh,PUMP_ON_LOW
2026-05-13 16:42:50.718,cmmx6howt0000bi1zgfsisou2,48.58260019550342,optimal,96.71,criticalHigh,PUMP_ON_LOW
2026-05-13 16:42:54.903,cmmx6howt0000bi1zgfsisou2,48.48484848484848,optimal,97.01,criticalHigh,PUMP_ON_LOW
2026-05-13 16:42:59.081,cmmx6howt0000bi1zgfsisou2,48.48484848484848,optimal,96.78,criticalHigh,PUMP_ON_LOW
2026-05-13 16:43:03.215,cmmx6howt0000bi1zgfsisou2,48.38709677419355,optimal,96.78,criticalHigh,PUMP_ON_LOW
2026-05-13 16:43:07.356,cmmx6howt0000bi1zgfsisou2,48.38709677419355,optimal,96.71,criticalHigh,PUMP_ON_LOW
2026-05-13 16:43:11.510,cmmx6howt0000bi1zgfsisou2,48.38709677419355,optimal,97.01,criticalHigh,PUMP_ON_LOW
2026-05-13 16:43:15.621,cmmx6howt0000bi1zgfsisou2,48.38709677419355,optimal,96.75,criticalHigh,PUMP_ON_LOW
2026-05-13 16:43:19.772,cmmx6howt0000bi1zgfsisou2,48.38709677419355,optimal,96.78,criticalHigh,PUMP_ON_LOW
2026-05-13 16:43:23.879,cmmx6howt0000bi1zgfsisou2,48.38709677419355,optimal,96.78,criticalHigh,PUMP_ON_LOW
2026-05-13 16:43:28.025,cmmx6howt0000bi1zgfsisou2,48.48484848484848,optimal,96.86,criticalHigh,PUMP_ON_LOW
2026-05-13 16:43:32.166,cmmx6howt0000bi1zgfsisou2,48.38709677419355,optimal,96.48,criticalHigh,PUMP_ON_LOW
2026-05-13 16:43:36.275,cmmx6howt0000bi1zgfsisou2,48.38709677419355,optimal,96.52,criticalHigh,PUMP_ON_LOW
2026-05-13 16:43:40.394,cmmx6howt0000bi1zgfsisou2,48.38709677419355,optimal,96.56,criticalHigh,PUMP_ON_LOW
2026-05-13 16:43:44.530,cmmx6howt0000bi1zgfsisou2,48.38709677419355,optimal,96.75,criticalHigh,PUMP_ON_LOW
2026-05-13 16:43:48.652,cmmx6howt0000bi1zgfsisou2,48.38709677419355,optimal,96.52,criticalHigh,PUMP_ON_LOW
2026-05-13 16:43:52.790,cmmx6howt0000bi1zgfsisou2,48.38709677419355,optimal,96.78,criticalHigh,PUMP_ON_LOW
2026-05-13 16:43:56.979,cmmx6howt0000bi1zgfsisou2,48.38709677419355,optimal,96.71,criticalHigh,PUMP_ON_LOW
2026-05-13 16:44:01.104,cmmx6howt0000bi1zgfsisou2,48.38709677419355,optimal,96.52,criticalHigh,PUMP_ON_LOW
2026-05-13 16:44:05.252,cmmx6howt0000bi1zgfsisou2,48.38709677419355,optimal,96.78,criticalHigh,PUMP_ON_LOW
2026-05-13 16:44:09.394,cmmx6howt0000bi1zgfsisou2,48.38709677419355,optimal,96.71,criticalHigh,PUMP_ON_LOW
2026-05-13 16:44:13.603,cmmx6howt0000bi1zgfsisou2,48.38709677419355,optimal,96.63,criticalHigh,PUMP_ON_LOW
2026-05-13 16:44:17.764,cmmx6howt0000bi1zgfsisou2,48.28934506353861,optimal,96.75,criticalHigh,PUMP_ON_LOW
2026-05-13 16:44:21.887,cmmx6howt0000bi1zgfsisou2,48.38709677419355,optimal,96.78,criticalHigh,PUMP_ON_LOW
2026-05-13 16:44:26.022,cmmx6howt0000bi1zgfsisou2,48.38709677419355,optimal,96.71,criticalHigh,PUMP_ON_LOW
2026-05-13 16:44:30.200,cmmx6howt0000bi1zgfsisou2,48.28934506353861,optimal,96.71,criticalHigh,PUMP_ON_LOW
2026-05-13 16:44:34.343,cmmx6howt0000bi1zgfsisou2,48.28934506353861,optimal,96.78,criticalHigh,PUMP_ON_LOW
2026-05-13 16:44:38.496,cmmx6howt0000bi1zgfsisou2,48.28934506353861,optimal,96.78,criticalHigh,PUMP_ON_LOW
2026-05-13 16:44:42.682,cmmx6howt0000bi1zgfsisou2,48.28934506353861,optimal,96.75,criticalHigh,PUMP_ON_LOW
2026-05-13 16:44:46.832,cmmx6howt0000bi1zgfsisou2,48.28934506353861,optimal,96.56,criticalHigh,PUMP_ON_LOW
2026-05-13 16:44:50.985,cmmx6howt0000bi1zgfsisou2,48.19159335288368,optimal,96.78,criticalHigh,PUMP_ON_LOW
2026-05-13 16:44:55.144,cmmx6howt0000bi1zgfsisou2,48.19159335288368,optimal,96.78,criticalHigh,PUMP_ON_LOW
2026-05-13 16:44:59.321,cmmx6howt0000bi1zgfsisou2,48.19159335288368,optimal,96.56,criticalHigh,PUMP_ON_LOW
2026-05-13 16:45:03.495,cmmx6howt0000bi1zgfsisou2,48.28934506353861,optimal,96.98,criticalHigh,PUMP_ON_LOW
2026-05-13 16:45:07.659,cmmx6howt0000bi1zgfsisou2,48.28934506353861,optimal,96.78,criticalHigh,PUMP_ON_LOW
2026-05-13 16:45:11.820,cmmx6howt0000bi1zgfsisou2,48.19159335288368,optimal,96.75,criticalHigh,PUMP_ON_LOW
2026-05-13 16:45:15.966,cmmx6howt0000bi1zgfsisou2,48.19159335288368,optimal,96.78,criticalHigh,PUMP_ON_LOW
2026-05-13 16:45:20.128,cmmx6howt0000bi1zgfsisou2,48.19159335288368,optimal,96.94,criticalHigh,PUMP_ON_LOW
2026-05-13 16:45:24.245,cmmx6howt0000bi1zgfsisou2,48.19159335288368,optimal,96.78,criticalHigh,PUMP_ON_LOW
2026-05-13 16:45:28.369,cmmx6howt0000bi1zgfsisou2,48.19159335288368,optimal,96.75,criticalHigh,PUMP_ON_LOW
2026-05-13 16:45:32.446,cmmx6howt0000bi1zgfsisou2,48.19159335288368,optimal,96.67,criticalHigh,PUMP_ON_LOW
2026-05-13 16:45:36.586,cmmx6howt0000bi1zgfsisou2,48.19159335288368,optimal,97.01,criticalHigh,PUMP_ON_LOW
2026-05-13 16:45:40.664,cmmx6howt0000bi1zgfsisou2,48.19159335288368,optimal,96.78,criticalHigh,PUMP_ON_LOW
2026-05-13 16:45:44.803,cmmx6howt0000bi1zgfsisou2,48.19159335288368,optimal,96.56,criticalHigh,PUMP_ON_LOW
2026-05-13 16:45:48.951,cmmx6howt0000bi1zgfsisou2,48.19159335288368,optimal,96.56,criticalHigh,PUMP_ON_LOW
2026-05-13 16:45:53.069,cmmx6howt0000bi1zgfsisou2,48.19159335288368,optimal,96.56,criticalHigh,PUMP_ON_LOW
2026-05-13 16:45:57.218,cmmx6howt0000bi1zgfsisou2,48.09384164222874,optimal,96.56,criticalHigh,PUMP_ON_LOW
2026-05-13 16:46:01.382,cmmx6howt0000bi1zgfsisou2,48.09384164222874,optimal,96.56,criticalHigh,PUMP_ON_LOW
2026-05-13 16:46:05.536,cmmx6howt0000bi1zgfsisou2,48.09384164222874,optimal,96.94,criticalHigh,PUMP_ON_LOW
2026-05-13 16:46:09.664,cmmx6howt0000bi1zgfsisou2,48.09384164222874,optimal,96.78,criticalHigh,PUMP_ON_LOW
2026-05-13 16:46:13.796,cmmx6howt0000bi1zgfsisou2,48.09384164222874,optimal,96.71,criticalHigh,PUMP_ON_LOW
2026-05-13 16:46:17.937,cmmx6howt0000bi1zgfsisou2,47.99608993157381,optimal,96.78,criticalHigh,PUMP_ON_LOW
2026-05-13 16:46:22.099,cmmx6howt0000bi1zgfsisou2,47.99608993157381,optimal,96.98,criticalHigh,PUMP_ON_LOW
2026-05-13 16:46:26.234,cmmx6howt0000bi1zgfsisou2,47.99608993157381,optimal,96.78,criticalHigh,PUMP_ON_LOW
2026-05-13 16:46:30.376,cmmx6howt0000bi1zgfsisou2,47.99608993157381,optimal,96.78,criticalHigh,PUMP_ON_LOW
2026-05-13 16:46:34.499,cmmx6howt0000bi1zgfsisou2,47.99608993157381,optimal,96.75,criticalHigh,PUMP_ON_LOW
2026-05-13 16:46:38.692,cmmx6howt0000bi1zgfsisou2,47.99608993157381,optimal,97.01,criticalHigh,PUMP_ON_LOW
2026-05-13 16:46:42.813,cmmx6howt0000bi1zgfsisou2,47.89833822091887,optimal,96.78,criticalHigh,PUMP_ON_LOW
2026-05-13 16:46:46.920,cmmx6howt0000bi1zgfsisou2,47.89833822091887,optimal,96.71,criticalHigh,PUMP_ON_LOW
2026-05-13 16:46:51.000,cmmx6howt0000bi1zgfsisou2,47.99608993157381,optimal,96.78,criticalHigh,PUMP_ON_LOW
2026-05-13 16:46:55.132,cmmx6howt0000bi1zgfsisou2,47.99608993157381,optimal,96.98,criticalHigh,PUMP_ON_LOW
2026-05-13 16:46:59.299,cmmx6howt0000bi1zgfsisou2,47.89833822091887,optimal,96.78,criticalHigh,PUMP_ON_LOW
2026-05-13 16:47:03.451,cmmx6howt0000bi1zgfsisou2,47.89833822091887,optimal,96.71,criticalHigh,PUMP_ON_LOW
2026-05-13 16:47:07.583,cmmx6howt0000bi1zgfsisou2,47.89833822091887,optimal,96.78,criticalHigh,PUMP_ON_LOW
2026-05-13 16:47:11.709,cmmx6howt0000bi1zgfsisou2,47.99608993157381,optimal,96.98,criticalHigh,PUMP_ON_LOW
2026-05-13 16:47:15.914,cmmx6howt0000bi1zgfsisou2,47.89833822091887,optimal,96.78,criticalHigh,PUMP_ON_LOW
2026-05-13 16:47:20.104,cmmx6howt0000bi1zgfsisou2,47.89833822091887,optimal,96.67,criticalHigh,PUMP_ON_LOW
2026-05-13 16:47:24.941,cmmx6howt0000bi1zgfsisou2,47.89833822091887,optimal,96.75,criticalHigh,PUMP_ON_LOW
2026-05-13 16:47:29.770,cmmx6howt0000bi1zgfsisou2,47.80058651026393,optimal,97.01,criticalHigh,PUMP_ON_LOW
2026-05-13 16:47:34.443,cmmx6howt0000bi1zgfsisou2,47.80058651026393,optimal,96.75,criticalHigh,PUMP_ON_LOW
2026-05-13 16:47:38.594,cmmx6howt0000bi1zgfsisou2,47.89833822091887,optimal,96.78,criticalHigh,PUMP_ON_LOW
2026-05-13 16:47:42.721,cmmx6howt0000bi1zgfsisou2,47.89833822091887,optimal,96.78,criticalHigh,PUMP_ON_LOW
2026-05-13 16:47:46.866,cmmx6howt0000bi1zgfsisou2,47.89833822091887,optimal,96.94,criticalHigh,PUMP_ON_LOW
2026-05-13 16:47:51.011,cmmx6howt0000bi1zgfsisou2,47.89833822091887,optimal,96.75,criticalHigh,PUMP_ON_LOW
2026-05-13 16:47:55.207,cmmx6howt0000bi1zgfsisou2,47.89833822091887,optimal,96.78,criticalHigh,PUMP_ON_LOW
2026-05-13 16:47:59.350,cmmx6howt0000bi1zgfsisou2,47.89833822091887,optimal,96.75,criticalHigh,PUMP_ON_LOW
2026-05-13 16:48:03.500,cmmx6howt0000bi1zgfsisou2,47.99608993157381,optimal,97.01,criticalHigh,PUMP_ON_LOW
2026-05-13 16:48:07.605,cmmx6howt0000bi1zgfsisou2,47.89833822091887,optimal,96.78,criticalHigh,PUMP_ON_LOW
2026-05-13 16:48:11.697,cmmx6howt0000bi1zgfsisou2,47.99608993157381,optimal,96.71,criticalHigh,PUMP_ON_LOW
2026-05-13 16:48:15.825,cmmx6howt0000bi1zgfsisou2,47.89833822091887,optimal,96.75,criticalHigh,PUMP_ON_LOW
2026-05-13 16:48:19.976,cmmx6howt0000bi1zgfsisou2,47.99608993157381,optimal,96.94,criticalHigh,PUMP_ON_LOW
2026-05-13 16:48:24.124,cmmx6howt0000bi1zgfsisou2,47.89833822091887,optimal,96.75,criticalHigh,PUMP_ON_LOW
2026-05-13 16:48:28.275,cmmx6howt0000bi1zgfsisou2,47.99608993157381,optimal,96.75,criticalHigh,PUMP_ON_LOW
2026-05-13 16:48:32.415,cmmx6howt0000bi1zgfsisou2,47.89833822091887,optimal,96.78,criticalHigh,PUMP_ON_LOW
2026-05-13 16:48:36.539,cmmx6howt0000bi1zgfsisou2,47.89833822091887,optimal,97.01,criticalHigh,PUMP_ON_LOW
2026-05-13 16:48:40.675,cmmx6howt0000bi1zgfsisou2,47.89833822091887,optimal,96.78,criticalHigh,PUMP_ON_LOW
2026-05-13 16:48:44.806,cmmx6howt0000bi1zgfsisou2,47.80058651026393,optimal,96.75,criticalHigh,PUMP_ON_LOW
2026-05-13 16:48:48.988,cmmx6howt0000bi1zgfsisou2,47.89833822091887,optimal,97.01,criticalHigh,PUMP_ON_LOW
2026-05-13 16:48:53.145,cmmx6howt0000bi1zgfsisou2,47.80058651026393,optimal,96.71,criticalHigh,PUMP_ON_LOW
2026-05-13 16:48:57.273,cmmx6howt0000bi1zgfsisou2,47.89833822091887,optimal,96.75,criticalHigh,PUMP_ON_LOW
2026-05-13 16:49:01.458,cmmx6howt0000bi1zgfsisou2,47.80058651026393,optimal,96.75,criticalHigh,PUMP_ON_LOW
2026-05-13 16:49:05.625,cmmx6howt0000bi1zgfsisou2,47.70283479960899,optimal,96.71,criticalHigh,PUMP_ON_LOW
2026-05-13 16:49:09.767,cmmx6howt0000bi1zgfsisou2,47.80058651026393,optimal,96.78,criticalHigh,PUMP_ON_LOW
2026-05-13 16:49:13.924,cmmx6howt0000bi1zgfsisou2,47.89833822091887,optimal,96.71,criticalHigh,PUMP_ON_LOW
2026-05-13 16:49:26.421,cmmx6howt0000bi1zgfsisou2,47.99608993157381,optimal,96.78,criticalHigh,PUMP_ON_LOW
2026-05-13 16:49:30.562,cmmx6howt0000bi1zgfsisou2,47.99608993157381,optimal,96.52,criticalHigh,PUMP_ON_LOW
2026-05-13 16:49:34.715,cmmx6howt0000bi1zgfsisou2,47.99608993157381,optimal,96.56,criticalHigh,PUMP_ON_LOW
2026-05-13 16:49:38.993,cmmx6howt0000bi1zgfsisou2,48.09384164222874,optimal,96.75,criticalHigh,PUMP_ON_LOW
2026-05-13 16:51:15.849,cmmx6howt0000bi1zgfsisou2,72.23851417399804,high,42.93,optimal,PUMP_OFF
2026-05-13 16:51:20.019,cmmx6howt0000bi1zgfsisou2,72.23851417399804,high,42.93,optimal,PUMP_OFF
2026-05-13 16:51:24.177,cmmx6howt0000bi1zgfsisou2,72.33626588465299,high,42.71,optimal,PUMP_OFF
2026-05-13 16:51:28.314,cmmx6howt0000bi1zgfsisou2,72.33626588465299,high,42.71,optimal,PUMP_OFF
2026-05-13 16:51:32.450,cmmx6howt0000bi1zgfsisou2,72.23851417399804,high,42.93,optimal,PUMP_OFF
2026-05-13 16:51:36.579,cmmx6howt0000bi1zgfsisou2,72.33626588465299,high,42.93,optimal,PUMP_OFF
2026-05-13 16:51:40.741,cmmx6howt0000bi1zgfsisou2,72.23851417399804,high,42.67,optimal,PUMP_OFF
2026-05-13 16:51:44.952,cmmx6howt0000bi1zgfsisou2,72.14076246334311,high,42.67,optimal,PUMP_OFF
2026-05-13 16:51:49.104,cmmx6howt0000bi1zgfsisou2,71.65200391006843,high,42.71,optimal,PUMP_OFF
2026-05-13 16:51:53.300,cmmx6howt0000bi1zgfsisou2,70.67448680351906,high,31.5,optimal,PUMP_OFF
2026-05-13 16:51:57.452,cmmx6howt0000bi1zgfsisou2,71.5542521994135,high,93.13,criticalHigh,PUMP_OFF
2026-05-13 16:52:01.603,cmmx6howt0000bi1zgfsisou2,70.96774193548387,high,93.09,criticalHigh,PUMP_OFF
2026-05-13 16:52:05.758,cmmx6howt0000bi1zgfsisou2,71.94525904203324,high,93.32,criticalHigh,PUMP_OFF
2026-05-13 16:52:09.930,cmmx6howt0000bi1zgfsisou2,71.74975562072336,high,93.09,criticalHigh,PUMP_OFF
2026-05-13 16:52:22.141,cmmx6howt0000bi1zgfsisou2,71.94525904203324,high,93.16,criticalHigh,PUMP_OFF
2026-05-13 16:52:26.357,cmmx6howt0000bi1zgfsisou2,71.8475073313783,high,93.13,criticalHigh,PUMP_OFF
2026-05-13 16:52:30.545,cmmx6howt0000bi1zgfsisou2,60.11730205278592,optimal,93.16,criticalHigh,PUMP_ON_LOW
2026-05-13 16:52:34.739,cmmx6howt0000bi1zgfsisou2,52.29716520039101,optimal,93.16,criticalHigh,PUMP_ON_LOW
2026-05-13 16:52:38.905,cmmx6howt0000bi1zgfsisou2,50.24437927663734,optimal,92.9,criticalHigh,PUMP_ON_LOW
2026-05-13 16:52:43.055,cmmx6howt0000bi1zgfsisou2,50.9286412512219,optimal,93.16,criticalHigh,PUMP_ON_LOW
2026-05-13 16:52:47.269,cmmx6howt0000bi1zgfsisou2,50.73313782991202,optimal,93.16,criticalHigh,PUMP_ON_LOW
2026-05-13 16:52:51.446,cmmx6howt0000bi1zgfsisou2,50.9286412512219,optimal,93.16,criticalHigh,PUMP_ON_LOW
2026-05-13 16:52:55.570,cmmx6howt0000bi1zgfsisou2,51.12414467253177,optimal,92.94,criticalHigh,PUMP_ON_LOW
2026-05-13 16:52:59.785,cmmx6howt0000bi1zgfsisou2,51.02639296187683,optimal,93.16,criticalHigh,PUMP_ON_LOW
2026-05-13 16:53:03.957,cmmx6howt0000bi1zgfsisou2,50.73313782991202,optimal,92.94,criticalHigh,PUMP_ON_LOW
2026-05-13 16:53:08.125,cmmx6howt0000bi1zgfsisou2,50.73313782991202,optimal,93.09,criticalHigh,PUMP_ON_LOW
2026-05-13 16:53:12.278,cmmx6howt0000bi1zgfsisou2,50.83088954056696,optimal,93.13,criticalHigh,PUMP_ON_LOW
2026-05-13 16:53:20.610,cmmx6howt0000bi1zgfsisou2,52.39491691104594,optimal,31.27,optimal,PUMP_ON_LOW
2026-05-13 16:53:24.775,cmmx6howt0000bi1zgfsisou2,52.29716520039101,optimal,31.5,optimal,PUMP_ON_LOW
2026-05-13 16:53:28.928,cmmx6howt0000bi1zgfsisou2,52.19941348973607,optimal,31.27,optimal,PUMP_ON_LOW
2026-05-13 16:53:33.093,cmmx6howt0000bi1zgfsisou2,52.19941348973607,optimal,15.57,low,MONITOR
2026-05-13 16:53:37.205,cmmx6howt0000bi1zgfsisou2,52.19941348973607,optimal,8.63,criticalLow,ALERT_REFILL
2026-05-13 16:53:41.383,cmmx6howt0000bi1zgfsisou2,59.33528836754643,optimal,27.69,optimal,PUMP_ON_LOW
2026-05-13 16:53:45.521,cmmx6howt0000bi1zgfsisou2,52.10166177908113,optimal,27.69,optimal,PUMP_ON_LOW
2026-05-13 16:53:49.622,cmmx6howt0000bi1zgfsisou2,52.10166177908113,optimal,27.69,optimal,PUMP_ON_LOW
2026-05-13 16:57:08.860,cmmx6howt0000bi1zgfsisou2,59.23753665689149,optimal,100.0,criticalHigh,PUMP_ON_LOW
2026-05-13 16:57:12.999,cmmx6howt0000bi1zgfsisou2,53.17693059628543,optimal,71.63,optimal,PUMP_ON_LOW
2026-05-13 16:57:17.157,cmmx6howt0000bi1zgfsisou2,53.27468230694037,optimal,71.67,optimal,PUMP_ON_LOW
2026-05-13 16:57:21.314,cmmx6howt0000bi1zgfsisou2,53.17693059628543,optimal,71.44,optimal,PUMP_ON_LOW
2026-05-13 16:57:25.446,cmmx6howt0000bi1zgfsisou2,53.17693059628543,optimal,71.44,optimal,PUMP_ON_LOW
2026-05-13 16:57:29.597,cmmx6howt0000bi1zgfsisou2,53.17693059628543,optimal,71.67,optimal,PUMP_ON_LOW
2026-05-13 16:57:33.736,cmmx6howt0000bi1zgfsisou2,53.27468230694037,optimal,71.67,optimal,PUMP_ON_LOW
2026-05-13 16:57:37.885,cmmx6howt0000bi1zgfsisou2,53.0791788856305,optimal,71.44,optimal,PUMP_ON_LOW
2026-05-13 16:57:41.992,cmmx6howt0000bi1zgfsisou2,52.98142717497556,optimal,71.67,optimal,PUMP_ON_LOW
2026-05-13 16:57:46.148,cmmx6howt0000bi1zgfsisou2,52.98142717497556,optimal,71.44,optimal,PUMP_ON_LOW
2026-05-13 16:57:50.281,cmmx6howt0000bi1zgfsisou2,53.0791788856305,optimal,71.67,optimal,PUMP_ON_LOW
2026-05-13 16:57:54.452,cmmx6howt0000bi1zgfsisou2,52.98142717497556,optimal,71.44,optimal,PUMP_ON_LOW
2026-05-13 16:57:58.601,cmmx6howt0000bi1zgfsisou2,52.98142717497556,optimal,71.67,optimal,PUMP_ON_LOW
2026-05-13 16:58:02.736,cmmx6howt0000bi1zgfsisou2,52.98142717497556,optimal,71.4,optimal,PUMP_ON_LOW
2026-05-13 17:03:31.149,cmmx6howt0000bi1zgfsisou2,59.33528836754643,optimal,100.0,criticalHigh,PUMP_ON_LOW
2026-05-13 17:03:35.301,cmmx6howt0000bi1zgfsisou2,51.80840664711632,optimal,100.0,criticalHigh,PUMP_ON_LOW
2026-05-13 17:03:39.448,cmmx6howt0000bi1zgfsisou2,51.71065493646139,optimal,100.0,criticalHigh,PUMP_ON_LOW
2026-05-13 17:03:43.599,cmmx6howt0000bi1zgfsisou2,51.80840664711632,optimal,100.0,criticalHigh,PUMP_ON_LOW
2026-05-13 17:03:47.763,cmmx6howt0000bi1zgfsisou2,51.71065493646139,optimal,100.0,criticalHigh,PUMP_ON_LOW
2026-05-13 17:03:51.886,cmmx6howt0000bi1zgfsisou2,51.80840664711632,optimal,100.0,criticalHigh,PUMP_ON_LOW
2026-05-13 17:03:56.053,cmmx6howt0000bi1zgfsisou2,51.80840664711632,optimal,100.0,criticalHigh,PUMP_ON_LOW
2026-05-13 17:04:00.199,cmmx6howt0000bi1zgfsisou2,51.71065493646139,optimal,100.0,criticalHigh,PUMP_ON_LOW
2026-05-13 17:04:04.334,cmmx6howt0000bi1zgfsisou2,51.61290322580645,optimal,100.0,criticalHigh,PUMP_ON_LOW
2026-05-13 17:04:08.521,cmmx6howt0000bi1zgfsisou2,51.71065493646139,optimal,100.0,criticalHigh,PUMP_ON_LOW
2026-05-13 17:04:12.686,cmmx6howt0000bi1zgfsisou2,51.71065493646139,optimal,100.0,criticalHigh,PUMP_ON_LOW
2026-05-13 17:04:16.874,cmmx6howt0000bi1zgfsisou2,51.71065493646139,optimal,100.0,criticalHigh,PUMP_ON_LOW
2026-05-13 17:04:21.046,cmmx6howt0000bi1zgfsisou2,51.61290322580645,optimal,100.0,criticalHigh,PUMP_ON_LOW
2026-05-13 17:04:25.223,cmmx6howt0000bi1zgfsisou2,51.61290322580645,optimal,100.0,criticalHigh,PUMP_ON_LOW
2026-05-13 17:04:29.376,cmmx6howt0000bi1zgfsisou2,51.71065493646139,optimal,100.0,criticalHigh,PUMP_ON_LOW
2026-05-13 17:04:33.585,cmmx6howt0000bi1zgfsisou2,51.71065493646139,optimal,100.0,criticalHigh,PUMP_ON_LOW
2026-05-13 17:04:37.755,cmmx6howt0000bi1zgfsisou2,51.71065493646139,optimal,100.0,criticalHigh,PUMP_ON_LOW
2026-05-13 17:04:41.908,cmmx6howt0000bi1zgfsisou2,51.61290322580645,optimal,100.0,criticalHigh,PUMP_ON_LOW
2026-05-13 17:04:46.035,cmmx6howt0000bi1zgfsisou2,51.71065493646139,optimal,100.0,criticalHigh,PUMP_ON_LOW
2026-05-13 17:04:50.197,cmmx6howt0000bi1zgfsisou2,51.71065493646139,optimal,100.0,criticalHigh,PUMP_ON_LOW
2026-05-13 17:04:54.369,cmmx6howt0000bi1zgfsisou2,51.61290322580645,optimal,100.0,criticalHigh,PUMP_ON_LOW
2026-05-13 17:04:58.560,cmmx6howt0000bi1zgfsisou2,51.71065493646139,optimal,100.0,criticalHigh,PUMP_ON_LOW
2026-05-13 17:05:02.728,cmmx6howt0000bi1zgfsisou2,51.61290322580645,optimal,100.0,criticalHigh,PUMP_ON_LOW
2026-05-13 17:05:06.955,cmmx6howt0000bi1zgfsisou2,51.61290322580645,optimal,100.0,criticalHigh,PUMP_ON_LOW
2026-05-13 17:05:11.082,cmmx6howt0000bi1zgfsisou2,51.61290322580645,optimal,100.0,criticalHigh,PUMP_ON_LOW
2026-05-13 17:05:15.243,cmmx6howt0000bi1zgfsisou2,51.61290322580645,optimal,100.0,criticalHigh,PUMP_ON_LOW
2026-05-13 17:05:19.416,cmmx6howt0000bi1zgfsisou2,51.71065493646139,optimal,100.0,criticalHigh,PUMP_ON_LOW
2026-05-13 17:05:23.583,cmmx6howt0000bi1zgfsisou2,51.61290322580645,optimal,100.0,criticalHigh,PUMP_ON_LOW
2026-05-13 17:05:27.733,cmmx6howt0000bi1zgfsisou2,51.61290322580645,optimal,100.0,criticalHigh,PUMP_ON_LOW
2026-05-13 17:05:31.902,cmmx6howt0000bi1zgfsisou2,51.51515151515152,optimal,100.0,criticalHigh,PUMP_ON_LOW
2026-05-13 17:05:36.078,cmmx6howt0000bi1zgfsisou2,51.51515151515152,optimal,100.0,criticalHigh,PUMP_ON_LOW
2026-05-13 17:05:40.220,cmmx6howt0000bi1zgfsisou2,51.51515151515152,optimal,100.0,criticalHigh,PUMP_ON_LOW
2026-05-13 17:05:44.402,cmmx6howt0000bi1zgfsisou2,51.71065493646139,optimal,100.0,criticalHigh,PUMP_ON_LOW
2026-05-13 17:05:48.560,cmmx6howt0000bi1zgfsisou2,51.61290322580645,optimal,100.0,criticalHigh,PUMP_ON_LOW
2026-05-13 17:05:52.722,cmmx6howt0000bi1zgfsisou2,51.71065493646139,optimal,100.0,criticalHigh,PUMP_ON_LOW
2026-05-13 17:05:56.833,cmmx6howt0000bi1zgfsisou2,51.71065493646139,optimal,100.0,criticalHigh,PUMP_ON_LOW
2026-05-13 17:06:00.994,cmmx6howt0000bi1zgfsisou2,51.80840664711632,optimal,100.0,criticalHigh,PUMP_ON_LOW
2026-05-13 17:06:05.121,cmmx6howt0000bi1zgfsisou2,51.80840664711632,optimal,100.0,criticalHigh,PUMP_ON_LOW
2026-05-13 17:06:09.270,cmmx6howt0000bi1zgfsisou2,51.80840664711632,optimal,100.0,criticalHigh,PUMP_ON_LOW
2026-05-13 17:06:13.524,cmmx6howt0000bi1zgfsisou2,51.80840664711632,optimal,100.0,criticalHigh,PUMP_ON_LOW
2026-05-13 17:06:17.687,cmmx6howt0000bi1zgfsisou2,51.80840664711632,optimal,100.0,criticalHigh,PUMP_ON_LOW
2026-05-13 17:06:21.834,cmmx6howt0000bi1zgfsisou2,51.80840664711632,optimal,100.0,criticalHigh,PUMP_ON_LOW
2026-05-13 17:06:26.005,cmmx6howt0000bi1zgfsisou2,51.80840664711632,optimal,100.0,criticalHigh,PUMP_ON_LOW
2026-05-13 17:06:30.170,cmmx6howt0000bi1zgfsisou2,51.71065493646139,optimal,100.0,criticalHigh,PUMP_ON_LOW
2026-05-13 17:06:34.334,cmmx6howt0000bi1zgfsisou2,51.80840664711632,optimal,100.0,criticalHigh,PUMP_ON_LOW
2026-05-13 17:06:38.668,cmmx6howt0000bi1zgfsisou2,51.71065493646139,optimal,100.0,criticalHigh,PUMP_ON_LOW
2026-05-13 17:06:42.868,cmmx6howt0000bi1zgfsisou2,51.71065493646139,optimal,100.0,criticalHigh,PUMP_ON_LOW
2026-05-13 17:06:47.042,cmmx6howt0000bi1zgfsisou2,51.71065493646139,optimal,100.0,criticalHigh,PUMP_ON_LOW
2026-05-13 17:06:51.161,cmmx6howt0000bi1zgfsisou2,51.71065493646139,optimal,100.0,criticalHigh,PUMP_ON_LOW
2026-05-13 17:06:56.347,cmmx6howt0000bi1zgfsisou2,51.61290322580645,optimal,100.0,criticalHigh,PUMP_ON_LOW
2026-05-13 17:07:00.518,cmmx6howt0000bi1zgfsisou2,51.61290322580645,optimal,100.0,criticalHigh,PUMP_ON_LOW
2026-05-13 17:07:05.774,cmmx6howt0000bi1zgfsisou2,51.61290322580645,optimal,100.0,criticalHigh,PUMP_ON_LOW
2026-05-13 17:07:09.959,cmmx6howt0000bi1zgfsisou2,51.61290322580645,optimal,100.0,criticalHigh,PUMP_ON_LOW
2026-05-13 17:07:14.729,cmmx6howt0000bi1zgfsisou2,51.61290322580645,optimal,100.0,criticalHigh,PUMP_ON_LOW
2026-05-13 17:07:18.885,cmmx6howt0000bi1zgfsisou2,51.61290322580645,optimal,100.0,criticalHigh,PUMP_ON_LOW
2026-05-13 17:07:23.569,cmmx6howt0000bi1zgfsisou2,51.61290322580645,optimal,100.0,criticalHigh,PUMP_ON_LOW
2026-05-13 17:07:27.717,cmmx6howt0000bi1zgfsisou2,51.61290322580645,optimal,100.0,criticalHigh,PUMP_ON_LOW
2026-05-13 17:07:31.861,cmmx6howt0000bi1zgfsisou2,51.41739980449658,optimal,100.0,criticalHigh,PUMP_ON_LOW
2026-05-13 17:07:35.995,cmmx6howt0000bi1zgfsisou2,51.41739980449658,optimal,100.0,criticalHigh,PUMP_ON_LOW
2026-05-13 17:07:40.176,cmmx6howt0000bi1zgfsisou2,51.51515151515152,optimal,89.51,high,PUMP_ON_LOW
2026-05-13 17:07:44.353,cmmx6howt0000bi1zgfsisou2,51.41739980449658,optimal,95.45,criticalHigh,PUMP_ON_LOW
2026-05-13 17:07:48.515,cmmx6howt0000bi1zgfsisou2,51.41739980449658,optimal,89.28,high,PUMP_ON_LOW
2026-05-13 17:07:52.668,cmmx6howt0000bi1zgfsisou2,51.41739980449658,optimal,89.77,high,PUMP_ON_LOW
2026-05-13 17:07:56.795,cmmx6howt0000bi1zgfsisou2,51.41739980449658,optimal,100.0,criticalHigh,PUMP_ON_LOW
2026-05-13 17:08:00.920,cmmx6howt0000bi1zgfsisou2,51.41739980449658,optimal,100.0,criticalHigh,PUMP_ON_LOW
2026-05-13 17:08:05.019,cmmx6howt0000bi1zgfsisou2,51.41739980449658,optimal,100.0,criticalHigh,PUMP_ON_LOW
2026-05-13 17:08:09.178,cmmx6howt0000bi1zgfsisou2,51.41739980449658,optimal,100.0,criticalHigh,PUMP_ON_LOW
2026-05-13 17:08:13.377,cmmx6howt0000bi1zgfsisou2,51.41739980449658,optimal,89.47,high,PUMP_ON_LOW
2026-05-13 17:08:17.514,cmmx6howt0000bi1zgfsisou2,51.41739980449658,optimal,92.36,criticalHigh,PUMP_ON_LOW
2026-05-13 17:08:21.612,cmmx6howt0000bi1zgfsisou2,51.51515151515152,optimal,89.54,high,PUMP_ON_LOW
2026-05-13 17:08:25.798,cmmx6howt0000bi1zgfsisou2,51.41739980449658,optimal,89.28,high,PUMP_ON_LOW
2026-05-13 17:08:29.982,cmmx6howt0000bi1zgfsisou2,51.41739980449658,optimal,89.7,high,PUMP_ON_LOW
2026-05-13 17:08:34.115,cmmx6howt0000bi1zgfsisou2,51.51515151515152,optimal,89.28,high,PUMP_ON_LOW
2026-05-13 17:08:38.260,cmmx6howt0000bi1zgfsisou2,51.41739980449658,optimal,89.54,high,PUMP_ON_LOW
2026-05-13 17:08:42.431,cmmx6howt0000bi1zgfsisou2,51.41739980449658,optimal,89.77,high,PUMP_ON_LOW
2026-05-13 17:08:46.600,cmmx6howt0000bi1zgfsisou2,51.41739980449658,optimal,89.31,high,PUMP_ON_LOW
2026-05-13 17:08:50.733,cmmx6howt0000bi1zgfsisou2,51.41739980449658,optimal,42.74,optimal,PUMP_ON_LOW
2026-05-13 17:08:54.878,cmmx6howt0000bi1zgfsisou2,51.31964809384164,optimal,42.71,optimal,PUMP_ON_LOW
2026-05-13 17:08:59.022,cmmx6howt0000bi1zgfsisou2,51.41739980449658,optimal,42.93,optimal,PUMP_ON_LOW
2026-05-13 17:09:03.172,cmmx6howt0000bi1zgfsisou2,51.41739980449658,optimal,42.93,optimal,PUMP_ON_LOW
2026-05-13 17:09:07.301,cmmx6howt0000bi1zgfsisou2,51.41739980449658,optimal,45.83,optimal,PUMP_ON_LOW
2026-05-13 17:09:11.483,cmmx6howt0000bi1zgfsisou2,51.41739980449658,optimal,42.71,optimal,PUMP_ON_LOW
2026-05-13 17:09:15.636,cmmx6howt0000bi1zgfsisou2,51.41739980449658,optimal,42.71,optimal,PUMP_ON_LOW
2026-05-13 17:09:19.807,cmmx6howt0000bi1zgfsisou2,51.41739980449658,optimal,42.71,optimal,PUMP_ON_LOW
2026-05-13 17:09:23.962,cmmx6howt0000bi1zgfsisou2,51.41739980449658,optimal,42.71,optimal,PUMP_ON_LOW
2026-05-13 17:09:29.180,cmmx6howt0000bi1zgfsisou2,51.41739980449658,optimal,42.93,optimal,PUMP_ON_LOW
2026-05-13 17:09:33.328,cmmx6howt0000bi1zgfsisou2,51.41739980449658,optimal,48.73,optimal,PUMP_ON_LOW
2026-05-13 17:09:37.524,cmmx6howt0000bi1zgfsisou2,51.41739980449658,optimal,48.5,optimal,PUMP_ON_LOW
2026-05-13 17:09:41.667,cmmx6howt0000bi1zgfsisou2,51.41739980449658,optimal,45.6,optimal,PUMP_ON_LOW
2026-05-13 17:09:45.823,cmmx6howt0000bi1zgfsisou2,51.41739980449658,optimal,42.71,optimal,PUMP_ON_LOW
2026-05-13 17:09:49.951,cmmx6howt0000bi1zgfsisou2,51.41739980449658,optimal,42.93,optimal,PUMP_ON_LOW
2026-05-13 17:09:54.100,cmmx6howt0000bi1zgfsisou2,51.41739980449658,optimal,42.93,optimal,PUMP_ON_LOW
2026-05-13 17:09:58.290,cmmx6howt0000bi1zgfsisou2,51.41739980449658,optimal,42.71,optimal,PUMP_ON_LOW
2026-05-13 17:10:02.492,cmmx6howt0000bi1zgfsisou2,51.31964809384164,optimal,42.71,optimal,PUMP_ON_LOW
2026-05-13 17:10:06.647,cmmx6howt0000bi1zgfsisou2,51.31964809384164,optimal,42.71,optimal,PUMP_ON_LOW
2026-05-13 17:10:10.872,cmmx6howt0000bi1zgfsisou2,51.31964809384164,optimal,42.71,optimal,PUMP_ON_LOW
2026-05-13 17:10:15.072,cmmx6howt0000bi1zgfsisou2,51.41739980449658,optimal,45.37,optimal,PUMP_ON_LOW
2026-05-13 17:10:19.283,cmmx6howt0000bi1zgfsisou2,51.31964809384164,optimal,42.93,optimal,PUMP_ON_LOW
2026-05-13 17:10:23.475,cmmx6howt0000bi1zgfsisou2,51.41739980449658,optimal,42.93,optimal,PUMP_ON_LOW
2026-05-13 17:10:27.656,cmmx6howt0000bi1zgfsisou2,51.31964809384164,optimal,45.37,optimal,PUMP_ON_LOW
2026-05-13 17:10:31.847,cmmx6howt0000bi1zgfsisou2,51.41739980449658,optimal,42.71,optimal,PUMP_ON_LOW
2026-05-13 17:10:36.035,cmmx6howt0000bi1zgfsisou2,51.41739980449658,optimal,48.5,optimal,PUMP_ON_LOW
2026-05-13 17:10:40.201,cmmx6howt0000bi1zgfsisou2,51.41739980449658,optimal,42.71,optimal,PUMP_ON_LOW
2026-05-13 17:10:44.329,cmmx6howt0000bi1zgfsisou2,51.31964809384164,optimal,45.83,optimal,PUMP_ON_LOW
2026-05-13 17:10:48.501,cmmx6howt0000bi1zgfsisou2,51.2218963831867,optimal,42.93,optimal,PUMP_ON_LOW
2026-05-13 17:10:52.664,cmmx6howt0000bi1zgfsisou2,51.2218963831867,optimal,42.71,optimal,PUMP_ON_LOW
2026-05-13 17:10:56.819,cmmx6howt0000bi1zgfsisou2,51.2218963831867,optimal,42.71,optimal,PUMP_ON_LOW
2026-05-13 17:11:01.036,cmmx6howt0000bi1zgfsisou2,51.2218963831867,optimal,42.71,optimal,PUMP_ON_LOW
2026-05-13 17:11:05.215,cmmx6howt0000bi1zgfsisou2,51.2218963831867,optimal,48.27,optimal,PUMP_ON_LOW
2026-05-13 17:11:09.378,cmmx6howt0000bi1zgfsisou2,51.31964809384164,optimal,48.73,optimal,PUMP_ON_LOW
2026-05-13 17:11:13.586,cmmx6howt0000bi1zgfsisou2,51.2218963831867,optimal,48.04,optimal,PUMP_ON_LOW
2026-05-13 17:11:17.745,cmmx6howt0000bi1zgfsisou2,51.31964809384164,optimal,45.6,optimal,PUMP_ON_LOW
2026-05-13 17:11:21.912,cmmx6howt0000bi1zgfsisou2,51.2218963831867,optimal,42.71,optimal,PUMP_ON_LOW
2026-05-13 17:11:26.113,cmmx6howt0000bi1zgfsisou2,51.2218963831867,optimal,42.71,optimal,PUMP_ON_LOW
2026-05-13 17:11:30.290,cmmx6howt0000bi1zgfsisou2,51.2218963831867,optimal,42.93,optimal,PUMP_ON_LOW
2026-05-13 17:11:34.465,cmmx6howt0000bi1zgfsisou2,51.2218963831867,optimal,48.57,optimal,PUMP_ON_LOW
2026-05-13 17:11:38.666,cmmx6howt0000bi1zgfsisou2,51.2218963831867,optimal,42.71,optimal,PUMP_ON_LOW
2026-05-13 17:11:42.800,cmmx6howt0000bi1zgfsisou2,51.2218963831867,optimal,45.6,optimal,PUMP_ON_LOW
2026-05-13 17:11:46.979,cmmx6howt0000bi1zgfsisou2,51.2218963831867,optimal,42.71,optimal,PUMP_ON_LOW
2026-05-13 17:11:51.131,cmmx6howt0000bi1zgfsisou2,51.2218963831867,optimal,42.93,optimal,PUMP_ON_LOW
2026-05-13 17:11:55.269,cmmx6howt0000bi1zgfsisou2,51.2218963831867,optimal,48.73,optimal,PUMP_ON_LOW
2026-05-13 17:11:59.393,cmmx6howt0000bi1zgfsisou2,51.2218963831867,optimal,42.71,optimal,PUMP_ON_LOW
2026-05-13 17:12:03.582,cmmx6howt0000bi1zgfsisou2,51.2218963831867,optimal,42.71,optimal,PUMP_ON_LOW
2026-05-13 17:12:07.749,cmmx6howt0000bi1zgfsisou2,51.2218963831867,optimal,48.5,optimal,PUMP_ON_LOW
2026-05-13 17:12:11.872,cmmx6howt0000bi1zgfsisou2,51.2218963831867,optimal,42.71,optimal,PUMP_ON_LOW
2026-05-13 17:12:16.050,cmmx6howt0000bi1zgfsisou2,51.12414467253177,optimal,42.93,optimal,PUMP_ON_LOW
2026-05-13 17:12:20.198,cmmx6howt0000bi1zgfsisou2,51.12414467253177,optimal,51.47,optimal,PUMP_ON_LOW
2026-05-13 17:12:24.489,cmmx6howt0000bi1zgfsisou2,51.12414467253177,optimal,54.29,optimal,PUMP_ON_LOW
2026-05-13 17:12:28.686,cmmx6howt0000bi1zgfsisou2,51.12414467253177,optimal,57.42,optimal,PUMP_ON_LOW
2026-05-13 17:12:32.858,cmmx6howt0000bi1zgfsisou2,51.12414467253177,optimal,48.5,optimal,PUMP_ON_LOW
2026-05-13 17:12:37.558,cmmx6howt0000bi1zgfsisou2,51.2218963831867,optimal,57.07,optimal,PUMP_ON_LOW
2026-05-13 17:12:41.777,cmmx6howt0000bi1zgfsisou2,51.12414467253177,optimal,45.83,optimal,PUMP_ON_LOW
2026-05-13 17:12:45.952,cmmx6howt0000bi1zgfsisou2,51.12414467253177,optimal,45.6,optimal,PUMP_ON_LOW
2026-05-13 17:12:50.127,cmmx6howt0000bi1zgfsisou2,51.12414467253177,optimal,51.39,optimal,PUMP_ON_LOW
2026-05-13 17:12:54.314,cmmx6howt0000bi1zgfsisou2,51.12414467253177,optimal,54.52,optimal,PUMP_ON_LOW
2026-05-13 17:12:58.523,cmmx6howt0000bi1zgfsisou2,51.12414467253177,optimal,57.19,optimal,PUMP_ON_LOW
2026-05-13 17:13:02.669,cmmx6howt0000bi1zgfsisou2,51.12414467253177,optimal,57.42,optimal,PUMP_ON_LOW
2026-05-13 17:13:06.824,cmmx6howt0000bi1zgfsisou2,51.12414467253177,optimal,57.19,optimal,PUMP_ON_LOW
2026-05-13 17:13:10.984,cmmx6howt0000bi1zgfsisou2,51.12414467253177,optimal,57.42,optimal,PUMP_ON_LOW
2026-05-13 17:13:15.141,cmmx6howt0000bi1zgfsisou2,51.02639296187683,optimal,57.19,optimal,PUMP_ON_LOW
2026-05-13 17:13:19.325,cmmx6howt0000bi1zgfsisou2,51.02639296187683,optimal,63.7,optimal,PUMP_ON_LOW
2026-05-13 17:13:23.497,cmmx6howt0000bi1zgfsisou2,51.02639296187683,optimal,57.11,optimal,PUMP_ON_LOW
2026-05-13 17:13:27.584,cmmx6howt0000bi1zgfsisou2,51.02639296187683,optimal,57.19,optimal,PUMP_ON_LOW
2026-05-13 17:13:31.757,cmmx6howt0000bi1zgfsisou2,51.02639296187683,optimal,63.7,optimal,PUMP_ON_LOW
2026-05-13 17:13:35.928,cmmx6howt0000bi1zgfsisou2,50.9286412512219,optimal,56.96,optimal,PUMP_ON_LOW
2026-05-13 17:13:40.101,cmmx6howt0000bi1zgfsisou2,50.9286412512219,optimal,56.96,optimal,PUMP_ON_LOW
2026-05-13 17:13:44.312,cmmx6howt0000bi1zgfsisou2,50.9286412512219,optimal,56.96,optimal,PUMP_ON_LOW
2026-05-13 17:13:48.465,cmmx6howt0000bi1zgfsisou2,50.9286412512219,optimal,57.19,optimal,PUMP_ON_LOW
2026-05-13 17:13:52.660,cmmx6howt0000bi1zgfsisou2,50.9286412512219,optimal,57.42,optimal,PUMP_ON_LOW
2026-05-13 17:13:56.791,cmmx6howt0000bi1zgfsisou2,50.9286412512219,optimal,57.19,optimal,PUMP_ON_LOW
2026-05-13 17:14:00.908,cmmx6howt0000bi1zgfsisou2,50.9286412512219,optimal,57.42,optimal,PUMP_ON_LOW
2026-05-13 17:14:05.027,cmmx6howt0000bi1zgfsisou2,50.9286412512219,optimal,57.19,optimal,PUMP_ON_LOW
2026-05-13 17:14:09.162,cmmx6howt0000bi1zgfsisou2,50.83088954056696,optimal,57.42,optimal,PUMP_ON_LOW
2026-05-13 17:14:13.247,cmmx6howt0000bi1zgfsisou2,50.83088954056696,optimal,57.19,optimal,PUMP_ON_LOW
2026-05-13 17:14:17.384,cmmx6howt0000bi1zgfsisou2,50.83088954056696,optimal,89.73,high,PUMP_ON_LOW
2026-05-13 17:14:21.462,cmmx6howt0000bi1zgfsisou2,50.9286412512219,optimal,70.18,optimal,PUMP_ON_LOW
2026-05-13 17:14:25.579,cmmx6howt0000bi1zgfsisou2,50.9286412512219,optimal,83.26,high,PUMP_ON_LOW
2026-05-13 17:14:29.702,cmmx6howt0000bi1zgfsisou2,50.9286412512219,optimal,76.74,high,PUMP_ON_LOW
2026-05-13 17:14:33.797,cmmx6howt0000bi1zgfsisou2,50.9286412512219,optimal,83.26,high,PUMP_ON_LOW
2026-05-13 17:14:37.920,cmmx6howt0000bi1zgfsisou2,50.83088954056696,optimal,63.7,optimal,PUMP_ON_LOW
2026-05-13 17:14:42.023,cmmx6howt0000bi1zgfsisou2,50.83088954056696,optimal,69.99,optimal,PUMP_ON_LOW
2026-05-13 17:14:46.167,cmmx6howt0000bi1zgfsisou2,50.83088954056696,optimal,63.89,optimal,PUMP_ON_LOW
2026-05-13 17:14:50.277,cmmx6howt0000bi1zgfsisou2,50.83088954056696,optimal,76.51,high,PUMP_ON_LOW
2026-05-13 17:14:54.359,cmmx6howt0000bi1zgfsisou2,50.83088954056696,optimal,89.51,high,PUMP_ON_LOW
2026-05-13 17:14:58.519,cmmx6howt0000bi1zgfsisou2,50.83088954056696,optimal,85.85,high,PUMP_ON_LOW
2026-05-13 17:15:02.630,cmmx6howt0000bi1zgfsisou2,50.83088954056696,optimal,82.99,high,PUMP_ON_LOW
2026-05-13 17:15:06.754,cmmx6howt0000bi1zgfsisou2,50.73313782991202,optimal,89.51,high,PUMP_ON_LOW
2026-05-13 17:15:10.898,cmmx6howt0000bi1zgfsisou2,50.83088954056696,optimal,89.28,high,PUMP_ON_LOW
2026-05-13 17:15:15.093,cmmx6howt0000bi1zgfsisou2,50.83088954056696,optimal,89.77,high,PUMP_ON_LOW
2026-05-13 17:15:19.232,cmmx6howt0000bi1zgfsisou2,50.83088954056696,optimal,89.51,high,PUMP_ON_LOW
2026-05-13 17:15:23.376,cmmx6howt0000bi1zgfsisou2,50.83088954056696,optimal,89.28,high,PUMP_ON_LOW
2026-05-13 17:15:27.554,cmmx6howt0000bi1zgfsisou2,50.9286412512219,optimal,70.22,optimal,PUMP_ON_LOW
2026-05-13 17:15:31.724,cmmx6howt0000bi1zgfsisou2,50.9286412512219,optimal,76.7,high,PUMP_ON_LOW
2026-05-13 17:15:35.901,cmmx6howt0000bi1zgfsisou2,50.9286412512219,optimal,83.22,high,PUMP_ON_LOW
2026-05-13 17:15:40.022,cmmx6howt0000bi1zgfsisou2,50.83088954056696,optimal,89.54,high,PUMP_ON_LOW
2026-05-13 17:15:44.114,cmmx6howt0000bi1zgfsisou2,50.9286412512219,optimal,63.7,optimal,PUMP_ON_LOW
2026-05-13 17:15:48.235,cmmx6howt0000bi1zgfsisou2,50.83088954056696,optimal,89.54,high,PUMP_ON_LOW
2026-05-13 17:15:52.438,cmmx6howt0000bi1zgfsisou2,50.83088954056696,optimal,89.31,high,PUMP_ON_LOW
2026-05-13 17:15:56.554,cmmx6howt0000bi1zgfsisou2,50.9286412512219,optimal,69.95,optimal,PUMP_ON_LOW
2026-05-13 17:16:00.742,cmmx6howt0000bi1zgfsisou2,50.83088954056696,optimal,89.54,high,PUMP_ON_LOW
2026-05-13 17:16:04.879,cmmx6howt0000bi1zgfsisou2,50.83088954056696,optimal,63.7,optimal,PUMP_ON_LOW
2026-05-13 17:16:09.073,cmmx6howt0000bi1zgfsisou2,50.73313782991202,optimal,85.92,high,PUMP_ON_LOW
2026-05-13 17:16:13.224,cmmx6howt0000bi1zgfsisou2,48.87585532746823,optimal,89.28,high,PUMP_ON_LOW
2026-05-13 17:16:17.390,cmmx6howt0000bi1zgfsisou2,53.76344086021505,optimal,100.0,criticalHigh,PUMP_ON_LOW
2026-05-13 17:16:21.505,cmmx6howt0000bi1zgfsisou2,52.00391006842619,optimal,89.54,high,PUMP_ON_LOW
2026-05-13 17:16:25.620,cmmx6howt0000bi1zgfsisou2,65.49364613880742,optimal,57.26,optimal,PUMP_ON_LOW
2026-05-13 17:16:29.786,cmmx6howt0000bi1zgfsisou2,65.98240469208211,optimal,89.51,high,PUMP_ON_LOW
2026-05-13 17:16:33.951,cmmx6howt0000bi1zgfsisou2,66.177908113392,optimal,89.77,high,PUMP_ON_LOW
2026-05-13 17:16:38.101,cmmx6howt0000bi1zgfsisou2,66.177908113392,optimal,89.73,high,PUMP_ON_LOW
2026-05-13 17:16:42.270,cmmx6howt0000bi1zgfsisou2,65.98240469208211,optimal,89.54,high,PUMP_ON_LOW
2026-05-13 17:16:46.418,cmmx6howt0000bi1zgfsisou2,65.88465298142718,optimal,89.77,high,PUMP_ON_LOW
2026-05-13 17:16:50.552,cmmx6howt0000bi1zgfsisou2,65.78690127077225,optimal,89.73,high,PUMP_ON_LOW
2026-05-13 17:16:54.765,cmmx6howt0000bi1zgfsisou2,65.88465298142718,optimal,89.51,high,PUMP_ON_LOW
2026-05-13 17:16:58.916,cmmx6howt0000bi1zgfsisou2,60.80156402737048,optimal,89.77,high,PUMP_ON_LOW
2026-05-13 17:17:03.088,cmmx6howt0000bi1zgfsisou2,60.70381231671554,optimal,89.51,high,PUMP_ON_LOW
2026-05-13 17:17:07.261,cmmx6howt0000bi1zgfsisou2,60.60606060606061,optimal,89.77,high,PUMP_ON_LOW
2026-05-13 17:17:11.403,cmmx6howt0000bi1zgfsisou2,60.41055718475074,optimal,89.7,high,PUMP_ON_LOW
2026-05-13 17:17:15.577,cmmx6howt0000bi1zgfsisou2,60.41055718475074,optimal,89.54,high,PUMP_ON_LOW
2026-05-13 17:17:19.704,cmmx6howt0000bi1zgfsisou2,60.3128054740958,optimal,89.7,high,PUMP_ON_LOW
2026-05-13 17:17:23.907,cmmx6howt0000bi1zgfsisou2,60.21505376344086,optimal,89.73,high,PUMP_ON_LOW
2026-05-13 17:17:28.125,cmmx6howt0000bi1zgfsisou2,60.21505376344086,optimal,89.47,high,PUMP_ON_LOW
2026-05-13 17:17:32.292,cmmx6howt0000bi1zgfsisou2,60.11730205278592,optimal,89.66,high,PUMP_ON_LOW
2026-05-13 17:17:36.509,cmmx6howt0000bi1zgfsisou2,60.01955034213099,optimal,89.7,high,PUMP_ON_LOW
2026-05-13 17:17:40.711,cmmx6howt0000bi1zgfsisou2,60.01955034213099,optimal,89.51,high,PUMP_ON_LOW
2026-05-13 17:17:44.920,cmmx6howt0000bi1zgfsisou2,59.92179863147605,optimal,89.54,high,PUMP_ON_LOW
2026-05-13 17:17:49.098,cmmx6howt0000bi1zgfsisou2,59.92179863147605,optimal,89.73,high,PUMP_ON_LOW
2026-05-13 17:17:53.331,cmmx6howt0000bi1zgfsisou2,59.82404692082112,optimal,89.47,high,PUMP_ON_LOW
2026-05-13 17:17:57.543,cmmx6howt0000bi1zgfsisou2,59.82404692082112,optimal,89.51,high,PUMP_ON_LOW
2026-05-13 17:18:01.736,cmmx6howt0000bi1zgfsisou2,59.82404692082112,optimal,89.73,high,PUMP_ON_LOW
2026-05-13 17:18:05.895,cmmx6howt0000bi1zgfsisou2,59.82404692082112,optimal,89.47,high,PUMP_ON_LOW
2026-05-13 17:18:10.057,cmmx6howt0000bi1zgfsisou2,59.82404692082112,optimal,89.47,high,PUMP_ON_LOW
2026-05-13 17:18:14.260,cmmx6howt0000bi1zgfsisou2,59.72629521016618,optimal,89.73,high,PUMP_ON_LOW
2026-05-13 17:18:18.412,cmmx6howt0000bi1zgfsisou2,59.72629521016618,optimal,89.54,high,PUMP_ON_LOW
2026-05-13 17:18:22.596,cmmx6howt0000bi1zgfsisou2,59.72629521016618,optimal,89.51,high,PUMP_ON_LOW
2026-05-13 17:18:26.769,cmmx6howt0000bi1zgfsisou2,59.72629521016618,optimal,89.66,high,PUMP_ON_LOW
2026-05-13 17:18:30.959,cmmx6howt0000bi1zgfsisou2,59.72629521016618,optimal,89.54,high,PUMP_ON_LOW
2026-05-13 17:18:35.129,cmmx6howt0000bi1zgfsisou2,59.72629521016618,optimal,89.54,high,PUMP_ON_LOW
2026-05-13 17:18:39.288,cmmx6howt0000bi1zgfsisou2,59.72629521016618,optimal,89.47,high,PUMP_ON_LOW
2026-05-13 17:18:43.466,cmmx6howt0000bi1zgfsisou2,59.62854349951125,optimal,57.19,optimal,PUMP_ON_LOW
2026-05-13 17:18:47.676,cmmx6howt0000bi1zgfsisou2,59.72629521016618,optimal,57.42,optimal,PUMP_ON_LOW
2026-05-13 17:18:51.859,cmmx6howt0000bi1zgfsisou2,59.62854349951125,optimal,57.19,optimal,PUMP_ON_LOW
2026-05-13 17:18:56.073,cmmx6howt0000bi1zgfsisou2,59.62854349951125,optimal,57.38,optimal,PUMP_ON_LOW
2026-05-13 17:19:00.276,cmmx6howt0000bi1zgfsisou2,59.62854349951125,optimal,38.93,optimal,PUMP_ON_LOW
2026-05-13 17:19:04.463,cmmx6howt0000bi1zgfsisou2,59.62854349951125,optimal,53.38,optimal,PUMP_ON_LOW
2026-05-13 17:19:08.795,cmmx6howt0000bi1zgfsisou2,59.62854349951125,optimal,60.62,optimal,PUMP_ON_LOW
2026-05-13 17:19:12.956,cmmx6howt0000bi1zgfsisou2,59.62854349951125,optimal,60.66,optimal,PUMP_ON_LOW
2026-05-13 17:19:17.185,cmmx6howt0000bi1zgfsisou2,59.53079178885631,optimal,46.17,optimal,PUMP_ON_LOW
2026-05-13 17:19:21.358,cmmx6howt0000bi1zgfsisou2,59.53079178885631,optimal,38.74,optimal,PUMP_ON_LOW
2026-05-13 17:19:25.523,cmmx6howt0000bi1zgfsisou2,59.53079178885631,optimal,23.65,low,MONITOR
2026-05-13 17:19:29.714,cmmx6howt0000bi1zgfsisou2,59.53079178885631,optimal,31.31,optimal,PUMP_ON_LOW
2026-05-13 17:19:33.893,cmmx6howt0000bi1zgfsisou2,59.53079178885631,optimal,38.78,optimal,PUMP_ON_LOW
2026-05-13 17:19:38.062,cmmx6howt0000bi1zgfsisou2,59.53079178885631,optimal,38.51,optimal,PUMP_ON_LOW
2026-05-13 17:19:42.244,cmmx6howt0000bi1zgfsisou2,59.53079178885631,optimal,45.94,optimal,PUMP_ON_LOW
2026-05-13 17:19:46.404,cmmx6howt0000bi1zgfsisou2,59.62854349951125,optimal,31.31,optimal,PUMP_ON_LOW
2026-05-13 17:19:50.640,cmmx6howt0000bi1zgfsisou2,59.62854349951125,optimal,23.88,low,MONITOR
2026-05-13 17:19:54.809,cmmx6howt0000bi1zgfsisou2,59.62854349951125,optimal,31.08,optimal,PUMP_ON_LOW
2026-05-13 17:19:59.012,cmmx6howt0000bi1zgfsisou2,59.53079178885631,optimal,53.57,optimal,PUMP_ON_LOW
2026-05-13 17:20:03.210,cmmx6howt0000bi1zgfsisou2,59.53079178885631,optimal,60.81,optimal,PUMP_ON_LOW
2026-05-13 17:20:07.363,cmmx6howt0000bi1zgfsisou2,59.62854349951125,optimal,38.63,optimal,PUMP_ON_LOW
2026-05-13 17:20:11.546,cmmx6howt0000bi1zgfsisou2,59.62854349951125,optimal,61.04,optimal,PUMP_ON_LOW
2026-05-13 17:20:15.806,cmmx6howt0000bi1zgfsisou2,59.72629521016618,optimal,38.51,optimal,PUMP_ON_LOW
2026-05-13 17:20:20.058,cmmx6howt0000bi1zgfsisou2,59.72629521016618,optimal,53.38,optimal,PUMP_ON_LOW
2026-05-13 17:20:24.339,cmmx6howt0000bi1zgfsisou2,59.72629521016618,optimal,38.51,optimal,PUMP_ON_LOW
2026-05-13 17:20:28.506,cmmx6howt0000bi1zgfsisou2,59.72629521016618,optimal,45.91,optimal,PUMP_ON_LOW
2026-05-13 17:20:32.694,cmmx6howt0000bi1zgfsisou2,59.72629521016618,optimal,60.81,optimal,PUMP_ON_LOW
2026-05-13 17:20:36.899,cmmx6howt0000bi1zgfsisou2,59.72629521016618,optimal,60.81,optimal,PUMP_ON_LOW
2026-05-13 17:20:41.057,cmmx6howt0000bi1zgfsisou2,59.72629521016618,optimal,60.58,optimal,PUMP_ON_LOW
2026-05-13 17:20:45.223,cmmx6howt0000bi1zgfsisou2,59.72629521016618,optimal,100.0,criticalHigh,PUMP_ON_LOW
2026-05-13 17:20:49.425,cmmx6howt0000bi1zgfsisou2,59.72629521016618,optimal,100.0,criticalHigh,PUMP_ON_LOW
2026-05-13 17:20:53.604,cmmx6howt0000bi1zgfsisou2,59.82404692082112,optimal,100.0,criticalHigh,PUMP_ON_LOW
2026-05-13 17:20:57.759,cmmx6howt0000bi1zgfsisou2,59.72629521016618,optimal,100.0,criticalHigh,PUMP_ON_LOW
2026-05-13 17:21:01.935,cmmx6howt0000bi1zgfsisou2,59.82404692082112,optimal,42.71,optimal,PUMP_ON_LOW
2026-05-13 17:21:06.099,cmmx6howt0000bi1zgfsisou2,59.82404692082112,optimal,42.93,optimal,PUMP_ON_LOW
2026-05-13 17:21:10.278,cmmx6howt0000bi1zgfsisou2,59.82404692082112,optimal,42.93,optimal,PUMP_ON_LOW
2026-05-13 17:21:14.453,cmmx6howt0000bi1zgfsisou2,59.82404692082112,optimal,42.93,optimal,PUMP_ON_LOW
2026-05-13 17:21:18.649,cmmx6howt0000bi1zgfsisou2,59.82404692082112,optimal,42.93,optimal,PUMP_ON_LOW
2026-05-13 17:21:22.822,cmmx6howt0000bi1zgfsisou2,59.82404692082112,optimal,42.71,optimal,PUMP_ON_LOW
2026-05-13 17:21:26.965,cmmx6howt0000bi1zgfsisou2,59.82404692082112,optimal,42.71,optimal,PUMP_ON_LOW
2026-05-13 17:21:31.153,cmmx6howt0000bi1zgfsisou2,59.82404692082112,optimal,42.71,optimal,PUMP_ON_LOW
2026-05-13 17:21:35.308,cmmx6howt0000bi1zgfsisou2,59.82404692082112,optimal,42.71,optimal,PUMP_ON_LOW
2026-05-13 17:21:39.455,cmmx6howt0000bi1zgfsisou2,59.82404692082112,optimal,42.71,optimal,PUMP_ON_LOW
2026-05-13 17:21:43.653,cmmx6howt0000bi1zgfsisou2,59.82404692082112,optimal,42.93,optimal,PUMP_ON_LOW
2026-05-13 17:21:47.832,cmmx6howt0000bi1zgfsisou2,59.82404692082112,optimal,42.93,optimal,PUMP_ON_LOW
2026-05-13 17:21:51.996,cmmx6howt0000bi1zgfsisou2,59.82404692082112,optimal,42.71,optimal,PUMP_ON_LOW
2026-05-13 17:21:56.221,cmmx6howt0000bi1zgfsisou2,59.82404692082112,optimal,42.71,optimal,PUMP_ON_LOW
2026-05-13 17:22:00.377,cmmx6howt0000bi1zgfsisou2,59.82404692082112,optimal,42.71,optimal,PUMP_ON_LOW
2026-05-13 17:22:04.544,cmmx6howt0000bi1zgfsisou2,59.82404692082112,optimal,42.71,optimal,PUMP_ON_LOW
2026-05-13 17:22:08.694,cmmx6howt0000bi1zgfsisou2,59.82404692082112,optimal,42.93,optimal,PUMP_ON_LOW
2026-05-13 17:22:12.845,cmmx6howt0000bi1zgfsisou2,59.82404692082112,optimal,42.93,optimal,PUMP_ON_LOW
2026-05-13 17:22:16.988,cmmx6howt0000bi1zgfsisou2,59.92179863147605,optimal,42.93,optimal,PUMP_ON_LOW
2026-05-13 17:22:21.148,cmmx6howt0000bi1zgfsisou2,60.01955034213099,optimal,42.71,optimal,PUMP_ON_LOW
2026-05-13 17:22:25.312,cmmx6howt0000bi1zgfsisou2,60.21505376344086,optimal,42.71,optimal,PUMP_ON_LOW
2026-05-13 17:22:29.493,cmmx6howt0000bi1zgfsisou2,60.21505376344086,optimal,42.71,optimal,PUMP_ON_LOW
2026-05-13 17:22:33.632,cmmx6howt0000bi1zgfsisou2,60.60606060606061,optimal,42.71,optimal,PUMP_ON_LOW
2026-05-13 17:22:37.784,cmmx6howt0000bi1zgfsisou2,60.50830889540567,optimal,42.71,optimal,PUMP_ON_LOW
2026-05-13 17:22:41.963,cmmx6howt0000bi1zgfsisou2,60.60606060606061,optimal,42.93,optimal,PUMP_ON_LOW
2026-05-13 17:22:46.133,cmmx6howt0000bi1zgfsisou2,60.50830889540567,optimal,42.93,optimal,PUMP_ON_LOW
2026-05-13 17:22:50.311,cmmx6howt0000bi1zgfsisou2,60.50830889540567,optimal,42.93,optimal,PUMP_ON_LOW
2026-05-13 17:22:54.476,cmmx6howt0000bi1zgfsisou2,60.60606060606061,optimal,42.71,optimal,PUMP_ON_LOW
2026-05-13 17:22:58.655,cmmx6howt0000bi1zgfsisou2,60.60606060606061,optimal,42.71,optimal,PUMP_ON_LOW
2026-05-13 17:23:02.835,cmmx6howt0000bi1zgfsisou2,60.50830889540567,optimal,42.71,optimal,PUMP_ON_LOW
2026-05-13 17:23:07.006,cmmx6howt0000bi1zgfsisou2,60.50830889540567,optimal,42.59,optimal,PUMP_ON_LOW
2026-05-13 17:23:11.236,cmmx6howt0000bi1zgfsisou2,60.50830889540567,optimal,42.93,optimal,PUMP_ON_LOW
2026-05-13 17:23:15.461,cmmx6howt0000bi1zgfsisou2,60.50830889540567,optimal,42.97,optimal,PUMP_ON_LOW
2026-05-13 17:23:19.607,cmmx6howt0000bi1zgfsisou2,60.60606060606061,optimal,42.93,optimal,PUMP_ON_LOW
2026-05-13 17:23:23.772,cmmx6howt0000bi1zgfsisou2,60.60606060606061,optimal,42.71,optimal,PUMP_ON_LOW
2026-05-13 17:23:27.945,cmmx6howt0000bi1zgfsisou2,60.60606060606061,optimal,42.71,optimal,PUMP_ON_LOW
2026-05-13 17:23:32.101,cmmx6howt0000bi1zgfsisou2,60.60606060606061,optimal,42.71,optimal,PUMP_ON_LOW
2026-05-13 17:23:36.234,cmmx6howt0000bi1zgfsisou2,60.60606060606061,optimal,42.71,optimal,PUMP_ON_LOW
2026-05-13 17:23:40.362,cmmx6howt0000bi1zgfsisou2,60.60606060606061,optimal,42.71,optimal,PUMP_ON_LOW
2026-05-13 17:23:44.508,cmmx6howt0000bi1zgfsisou2,60.60606060606061,optimal,42.93,optimal,PUMP_ON_LOW
2026-05-13 17:23:48.643,cmmx6howt0000bi1zgfsisou2,60.60606060606061,optimal,42.93,optimal,PUMP_ON_LOW
2026-05-13 17:23:52.774,cmmx6howt0000bi1zgfsisou2,60.60606060606061,optimal,42.93,optimal,PUMP_ON_LOW
2026-05-13 17:23:56.908,cmmx6howt0000bi1zgfsisou2,60.60606060606061,optimal,42.67,optimal,PUMP_ON_LOW
2026-05-13 17:24:01.073,cmmx6howt0000bi1zgfsisou2,60.60606060606061,optimal,42.71,optimal,PUMP_ON_LOW
2026-05-13 17:24:05.218,cmmx6howt0000bi1zgfsisou2,60.60606060606061,optimal,42.71,optimal,PUMP_ON_LOW
2026-05-13 17:24:09.338,cmmx6howt0000bi1zgfsisou2,60.60606060606061,optimal,42.71,optimal,PUMP_ON_LOW
2026-05-13 17:24:13.522,cmmx6howt0000bi1zgfsisou2,60.60606060606061,optimal,42.71,optimal,PUMP_ON_LOW
2026-05-13 17:24:17.668,cmmx6howt0000bi1zgfsisou2,60.60606060606061,optimal,61.53,optimal,PUMP_ON_LOW
2026-05-13 17:24:21.974,cmmx6howt0000bi1zgfsisou2,60.60606060606061,optimal,51.89,optimal,PUMP_ON_LOW
2026-05-13 17:24:26.143,cmmx6howt0000bi1zgfsisou2,60.60606060606061,optimal,42.71,optimal,PUMP_ON_LOW
2026-05-13 17:24:30.310,cmmx6howt0000bi1zgfsisou2,60.60606060606061,optimal,42.93,optimal,PUMP_ON_LOW
2026-05-13 17:24:34.524,cmmx6howt0000bi1zgfsisou2,60.60606060606061,optimal,42.93,optimal,PUMP_ON_LOW
2026-05-13 17:24:38.686,cmmx6howt0000bi1zgfsisou2,60.60606060606061,optimal,42.93,optimal,PUMP_ON_LOW
2026-05-13 17:24:42.826,cmmx6howt0000bi1zgfsisou2,60.60606060606061,optimal,42.71,optimal,PUMP_ON_LOW
2026-05-13 17:24:46.965,cmmx6howt0000bi1zgfsisou2,60.60606060606061,optimal,42.71,optimal,PUMP_ON_LOW
2026-05-13 17:24:51.198,cmmx6howt0000bi1zgfsisou2,60.60606060606061,optimal,52.12,optimal,PUMP_ON_LOW
2026-05-13 17:24:55.473,cmmx6howt0000bi1zgfsisou2,60.60606060606061,optimal,48.5,optimal,PUMP_ON_LOW
2026-05-13 17:24:59.641,cmmx6howt0000bi1zgfsisou2,60.50830889540567,optimal,52.12,optimal,PUMP_ON_LOW
2026-05-13 17:25:04.027,cmmx6howt0000bi1zgfsisou2,60.60606060606061,optimal,61.3,optimal,PUMP_ON_LOW
2026-05-13 17:25:08.199,cmmx6howt0000bi1zgfsisou2,60.60606060606061,optimal,42.93,optimal,PUMP_ON_LOW
2026-05-13 17:25:12.362,cmmx6howt0000bi1zgfsisou2,60.60606060606061,optimal,61.3,optimal,PUMP_ON_LOW
2026-05-13 17:25:16.491,cmmx6howt0000bi1zgfsisou2,60.60606060606061,optimal,42.93,optimal,PUMP_ON_LOW
2026-05-13 17:25:20.696,cmmx6howt0000bi1zgfsisou2,60.60606060606061,optimal,52.12,optimal,PUMP_ON_LOW
2026-05-13 17:25:24.869,cmmx6howt0000bi1zgfsisou2,60.60606060606061,optimal,52.12,optimal,PUMP_ON_LOW
2026-05-13 17:25:29.004,cmmx6howt0000bi1zgfsisou2,60.70381231671554,optimal,52.35,optimal,PUMP_ON_LOW
2026-05-13 17:25:33.164,cmmx6howt0000bi1zgfsisou2,60.60606060606061,optimal,51.89,optimal,PUMP_ON_LOW
2026-05-13 17:25:37.303,cmmx6howt0000bi1zgfsisou2,60.70381231671554,optimal,52.12,optimal,PUMP_ON_LOW
2026-05-13 17:25:41.500,cmmx6howt0000bi1zgfsisou2,60.70381231671554,optimal,80.13,high,PUMP_ON_LOW
2026-05-13 17:25:45.643,cmmx6howt0000bi1zgfsisou2,60.70381231671554,optimal,51.89,optimal,PUMP_ON_LOW
2026-05-13 17:25:49.773,cmmx6howt0000bi1zgfsisou2,60.60606060606061,optimal,42.71,optimal,PUMP_ON_LOW
2026-05-13 17:25:53.950,cmmx6howt0000bi1zgfsisou2,60.60606060606061,optimal,42.71,optimal,PUMP_ON_LOW
2026-05-13 17:25:58.148,cmmx6howt0000bi1zgfsisou2,60.60606060606061,optimal,52.31,optimal,PUMP_ON_LOW
2026-05-13 17:26:02.461,cmmx6howt0000bi1zgfsisou2,60.70381231671554,optimal,23.65,low,MONITOR
2026-05-13 17:26:07.495,cmmx6howt0000bi1zgfsisou2,60.60606060606061,optimal,23.88,low,MONITOR
2026-05-13 17:26:12.897,cmmx6howt0000bi1zgfsisou2,52.19941348973607,optimal,89.54,high,PUMP_ON_LOW
2026-05-13 17:26:19.179,cmmx6howt0000bi1zgfsisou2,66.08015640273706,optimal,89.77,high,PUMP_ON_LOW
2026-05-13 17:26:23.355,cmmx6howt0000bi1zgfsisou2,68.6217008797654,optimal,100.0,criticalHigh,PUMP_ON_LOW
2026-05-13 17:26:27.543,cmmx6howt0000bi1zgfsisou2,70.28347996089931,high,100.0,criticalHigh,PUMP_OFF
2026-05-13 17:26:31.734,cmmx6howt0000bi1zgfsisou2,69.6969696969697,optimal,34.32,optimal,PUMP_ON_LOW
2026-05-13 17:33:23.397,cmmx6howt0000bi1zgfsisou2,75.8553274682307,high,46.55,optimal,PUMP_OFF
2026-05-13 17:33:31.719,cmmx6howt0000bi1zgfsisou2,75.8553274682307,high,43.01,optimal,PUMP_OFF
2026-05-13 17:33:35.862,cmmx6howt0000bi1zgfsisou2,71.74975562072336,high,100.0,criticalHigh,PUMP_OFF
2026-05-13 17:33:40.020,cmmx6howt0000bi1zgfsisou2,60.70381231671554,optimal,100.0,criticalHigh,PUMP_ON_LOW
2026-05-13 17:33:44.154,cmmx6howt0000bi1zgfsisou2,65.49364613880742,optimal,100.0,criticalHigh,PUMP_ON_LOW
2026-05-13 17:33:48.313,cmmx6howt0000bi1zgfsisou2,68.6217008797654,optimal,100.0,criticalHigh,PUMP_ON_LOW
2026-05-13 17:33:52.457,cmmx6howt0000bi1zgfsisou2,68.42619745845553,optimal,100.0,criticalHigh,PUMP_ON_LOW
2026-05-13 17:33:56.635,cmmx6howt0000bi1zgfsisou2,68.52394916911047,optimal,100.0,criticalHigh,PUMP_ON_LOW
2026-05-13 17:34:00.782,cmmx6howt0000bi1zgfsisou2,68.42619745845553,optimal,100.0,criticalHigh,PUMP_ON_LOW
2026-05-13 17:34:04.976,cmmx6howt0000bi1zgfsisou2,68.42619745845553,optimal,100.0,criticalHigh,PUMP_ON_LOW
2026-05-13 17:34:09.144,cmmx6howt0000bi1zgfsisou2,68.32844574780059,optimal,100.0,criticalHigh,PUMP_ON_LOW
2026-05-13 17:34:13.290,cmmx6howt0000bi1zgfsisou2,68.32844574780059,optimal,100.0,criticalHigh,PUMP_ON_LOW
2026-05-13 17:34:17.441,cmmx6howt0000bi1zgfsisou2,68.23069403714565,optimal,100.0,criticalHigh,PUMP_ON_LOW
2026-05-13 17:34:21.602,cmmx6howt0000bi1zgfsisou2,67.35092864125123,optimal,100.0,criticalHigh,PUMP_ON_LOW
2026-05-13 17:34:25.717,cmmx6howt0000bi1zgfsisou2,68.42619745845553,optimal,100.0,criticalHigh,PUMP_ON_LOW
2026-05-13 17:34:29.860,cmmx6howt0000bi1zgfsisou2,67.64418377321604,optimal,100.0,criticalHigh,PUMP_ON_LOW
2026-05-13 17:34:34.027,cmmx6howt0000bi1zgfsisou2,67.83968719452591,optimal,100.0,criticalHigh,PUMP_ON_LOW
2026-05-13 17:34:38.171,cmmx6howt0000bi1zgfsisou2,68.03519061583579,optimal,100.0,criticalHigh,PUMP_ON_LOW
2026-05-13 17:34:42.323,cmmx6howt0000bi1zgfsisou2,67.93743890518084,optimal,100.0,criticalHigh,PUMP_ON_LOW
2026-05-13 17:34:46.416,cmmx6howt0000bi1zgfsisou2,67.83968719452591,optimal,100.0,criticalHigh,PUMP_ON_LOW
2026-05-13 17:34:50.576,cmmx6howt0000bi1zgfsisou2,67.64418377321604,optimal,100.0,criticalHigh,PUMP_ON_LOW
2026-05-13 17:34:54.732,cmmx6howt0000bi1zgfsisou2,67.74193548387098,optimal,100.0,criticalHigh,PUMP_ON_LOW
2026-05-13 17:34:58.895,cmmx6howt0000bi1zgfsisou2,67.64418377321604,optimal,100.0,criticalHigh,PUMP_ON_LOW
2026-05-13 17:35:03.078,cmmx6howt0000bi1zgfsisou2,67.5464320625611,optimal,100.0,criticalHigh,PUMP_ON_LOW
2026-05-13 17:35:07.229,cmmx6howt0000bi1zgfsisou2,67.35092864125123,optimal,100.0,criticalHigh,PUMP_ON_LOW
2026-05-13 17:35:11.400,cmmx6howt0000bi1zgfsisou2,66.7644183773216,optimal,100.0,criticalHigh,PUMP_ON_LOW
2026-05-13 17:35:15.593,cmmx6howt0000bi1zgfsisou2,67.35092864125123,optimal,100.0,criticalHigh,PUMP_ON_LOW
2026-05-13 17:35:19.792,cmmx6howt0000bi1zgfsisou2,67.44868035190616,optimal,100.0,criticalHigh,PUMP_ON_LOW
2026-05-13 17:35:23.988,cmmx6howt0000bi1zgfsisou2,66.56891495601174,optimal,1.62,criticalLow,ALERT_REFILL
2026-05-13 17:35:28.125,cmmx6howt0000bi1zgfsisou2,74.29130009775172,high,91.49,criticalHigh,PUMP_OFF
2026-05-13 17:35:32.298,cmmx6howt0000bi1zgfsisou2,74.68230694037146,high,91.68,criticalHigh,PUMP_OFF
2026-05-13 17:35:36.461,cmmx6howt0000bi1zgfsisou2,74.68230694037146,high,95.76,criticalHigh,PUMP_OFF
2026-05-13 17:35:40.615,cmmx6howt0000bi1zgfsisou2,74.68230694037146,high,95.98,criticalHigh,PUMP_OFF
2026-05-13 17:35:44.750,cmmx6howt0000bi1zgfsisou2,74.68230694037146,high,93.89,criticalHigh,PUMP_OFF
2026-05-13 17:35:48.939,cmmx6howt0000bi1zgfsisou2,74.87781036168133,high,93.85,criticalHigh,PUMP_OFF
2026-05-13 17:35:53.211,cmmx6howt0000bi1zgfsisou2,74.7800586510264,high,93.85,criticalHigh,PUMP_OFF
2026-05-13 17:35:57.380,cmmx6howt0000bi1zgfsisou2,74.68230694037146,high,93.85,criticalHigh,PUMP_OFF
2026-05-13 17:36:01.558,cmmx6howt0000bi1zgfsisou2,74.09579667644184,high,96.25,criticalHigh,PUMP_OFF
2026-05-13 17:36:05.718,cmmx6howt0000bi1zgfsisou2,74.68230694037146,high,93.58,criticalHigh,PUMP_OFF
2026-05-13 17:36:10.016,cmmx6howt0000bi1zgfsisou2,74.68230694037146,high,97.97,criticalHigh,PUMP_OFF
2026-05-13 17:36:14.169,cmmx6howt0000bi1zgfsisou2,74.68230694037146,high,96.29,criticalHigh,PUMP_OFF
2026-05-13 17:36:18.333,cmmx6howt0000bi1zgfsisou2,74.68230694037146,high,96.06,criticalHigh,PUMP_OFF
2026-05-13 17:36:22.494,cmmx6howt0000bi1zgfsisou2,74.7800586510264,high,95.79,criticalHigh,PUMP_OFF
2026-05-13 17:36:26.652,cmmx6howt0000bi1zgfsisou2,74.68230694037146,high,95.98,criticalHigh,PUMP_OFF
2026-05-13 17:36:30.827,cmmx6howt0000bi1zgfsisou2,74.7800586510264,high,93.85,criticalHigh,PUMP_OFF
2026-05-13 17:36:35.049,cmmx6howt0000bi1zgfsisou2,74.7800586510264,high,98.19,criticalHigh,PUMP_OFF
2026-05-13 17:36:39.200,cmmx6howt0000bi1zgfsisou2,74.68230694037146,high,96.02,criticalHigh,PUMP_OFF
2026-05-13 17:36:43.371,cmmx6howt0000bi1zgfsisou2,74.7800586510264,high,96.18,criticalHigh,PUMP_OFF
2026-05-13 17:36:47.570,cmmx6howt0000bi1zgfsisou2,74.19354838709677,high,95.95,criticalHigh,PUMP_OFF
2026-05-13 17:36:51.762,cmmx6howt0000bi1zgfsisou2,74.48680351906158,high,94.08,criticalHigh,PUMP_OFF
2026-05-13 17:36:55.909,cmmx6howt0000bi1zgfsisou2,74.7800586510264,high,96.02,criticalHigh,PUMP_OFF
2026-05-13 17:37:00.087,cmmx6howt0000bi1zgfsisou2,74.68230694037146,high,96.02,criticalHigh,PUMP_OFF
2026-05-13 17:37:04.279,cmmx6howt0000bi1zgfsisou2,74.7800586510264,high,96.06,criticalHigh,PUMP_OFF
2026-05-13 17:37:08.419,cmmx6howt0000bi1zgfsisou2,74.58455522971651,high,91.14,criticalHigh,PUMP_OFF
2026-05-13 17:37:12.579,cmmx6howt0000bi1zgfsisou2,74.87781036168133,high,96.02,criticalHigh,PUMP_OFF
2026-05-13 17:37:16.764,cmmx6howt0000bi1zgfsisou2,74.87781036168133,high,93.81,criticalHigh,PUMP_OFF
2026-05-13 17:37:20.952,cmmx6howt0000bi1zgfsisou2,74.58455522971651,high,98.23,criticalHigh,PUMP_OFF
2026-05-13 17:37:25.059,cmmx6howt0000bi1zgfsisou2,74.68230694037146,high,98.19,criticalHigh,PUMP_OFF
2026-05-13 17:37:29.192,cmmx6howt0000bi1zgfsisou2,74.58455522971651,high,96.02,criticalHigh,PUMP_OFF
2026-05-13 17:37:33.344,cmmx6howt0000bi1zgfsisou2,74.58455522971651,high,90.92,criticalHigh,PUMP_OFF
2026-05-13 17:37:37.470,cmmx6howt0000bi1zgfsisou2,73.9980449657869,high,93.89,criticalHigh,PUMP_OFF
2026-05-13 17:37:41.629,cmmx6howt0000bi1zgfsisou2,74.48680351906158,high,96.02,criticalHigh,PUMP_OFF
2026-05-13 17:37:45.787,cmmx6howt0000bi1zgfsisou2,74.58455522971651,high,93.85,criticalHigh,PUMP_OFF
2026-05-13 17:37:49.968,cmmx6howt0000bi1zgfsisou2,74.58455522971651,high,97.97,criticalHigh,PUMP_OFF
2026-05-13 17:37:54.098,cmmx6howt0000bi1zgfsisou2,74.58455522971651,high,93.85,criticalHigh,PUMP_OFF
2026-05-13 17:37:58.294,cmmx6howt0000bi1zgfsisou2,74.68230694037146,high,93.89,criticalHigh,PUMP_OFF
2026-05-13 17:38:02.440,cmmx6howt0000bi1zgfsisou2,74.48680351906158,high,95.91,criticalHigh,PUMP_OFF
2026-05-13 17:38:06.626,cmmx6howt0000bi1zgfsisou2,74.48680351906158,high,95.87,criticalHigh,PUMP_OFF
2026-05-13 17:38:10.820,cmmx6howt0000bi1zgfsisou2,74.48680351906158,high,96.06,criticalHigh,PUMP_OFF
2026-05-13 17:38:14.956,cmmx6howt0000bi1zgfsisou2,74.48680351906158,high,93.85,criticalHigh,PUMP_OFF
2026-05-13 17:38:19.114,cmmx6howt0000bi1zgfsisou2,74.48680351906158,high,95.76,criticalHigh,PUMP_OFF
2026-05-13 17:38:23.300,cmmx6howt0000bi1zgfsisou2,74.58455522971651,high,100.0,criticalHigh,PUMP_OFF
2026-05-13 17:38:27.410,cmmx6howt0000bi1zgfsisou2,73.9980449657869,high,93.66,criticalHigh,PUMP_OFF
2026-05-13 17:38:31.532,cmmx6howt0000bi1zgfsisou2,74.48680351906158,high,98.12,criticalHigh,PUMP_OFF
2026-05-13 17:38:35.664,cmmx6howt0000bi1zgfsisou2,74.48680351906158,high,96.02,criticalHigh,PUMP_OFF
2026-05-13 17:38:39.810,cmmx6howt0000bi1zgfsisou2,74.58455522971651,high,96.02,criticalHigh,PUMP_OFF
2026-05-13 17:38:43.945,cmmx6howt0000bi1zgfsisou2,74.48680351906158,high,96.02,criticalHigh,PUMP_OFF
2026-05-13 17:38:48.077,cmmx6howt0000bi1zgfsisou2,74.68230694037146,high,95.98,criticalHigh,PUMP_OFF
2026-05-13 17:38:52.241,cmmx6howt0000bi1zgfsisou2,74.87781036168133,high,98.42,criticalHigh,PUMP_OFF
2026-05-13 17:38:56.369,cmmx6howt0000bi1zgfsisou2,74.97556207233626,high,100.0,criticalHigh,PUMP_OFF
2026-05-13 17:39:00.548,cmmx6howt0000bi1zgfsisou2,74.87781036168133,high,100.0,criticalHigh,PUMP_OFF
2026-05-13 17:39:04.698,cmmx6howt0000bi1zgfsisou2,74.97556207233626,high,98.19,criticalHigh,PUMP_OFF
2026-05-13 17:39:08.865,cmmx6howt0000bi1zgfsisou2,74.97556207233626,high,100.0,criticalHigh,PUMP_OFF
2026-05-13 17:39:13.012,cmmx6howt0000bi1zgfsisou2,74.38905180840665,high,97.89,criticalHigh,PUMP_OFF
2026-05-13 17:39:17.192,cmmx6howt0000bi1zgfsisou2,74.97556207233626,high,100.0,criticalHigh,PUMP_OFF
2026-05-13 17:39:21.376,cmmx6howt0000bi1zgfsisou2,74.97556207233626,high,100.0,criticalHigh,PUMP_OFF
2026-05-13 17:39:25.556,cmmx6howt0000bi1zgfsisou2,74.97556207233626,high,100.0,criticalHigh,PUMP_OFF
2026-05-13 17:39:29.707,cmmx6howt0000bi1zgfsisou2,74.97556207233626,high,100.0,criticalHigh,PUMP_OFF
2026-05-13 17:39:33.854,cmmx6howt0000bi1zgfsisou2,74.97556207233626,high,98.19,criticalHigh,PUMP_OFF
2026-05-13 17:39:38.014,cmmx6howt0000bi1zgfsisou2,74.97556207233626,high,100.0,criticalHigh,PUMP_OFF
2026-05-13 17:39:42.181,cmmx6howt0000bi1zgfsisou2,75.0733137829912,high,93.85,criticalHigh,PUMP_OFF
2026-05-13 17:39:46.352,cmmx6howt0000bi1zgfsisou2,74.97556207233626,high,96.02,criticalHigh,PUMP_OFF
2026-05-13 17:39:50.532,cmmx6howt0000bi1zgfsisou2,74.97556207233626,high,100.0,criticalHigh,PUMP_OFF
2026-05-13 17:39:54.681,cmmx6howt0000bi1zgfsisou2,74.97556207233626,high,93.85,criticalHigh,PUMP_OFF
2026-05-13 17:39:58.841,cmmx6howt0000bi1zgfsisou2,75.0733137829912,high,93.81,criticalHigh,PUMP_OFF
2026-05-13 17:40:03.027,cmmx6howt0000bi1zgfsisou2,74.48680351906158,high,90.27,criticalHigh,PUMP_OFF
2026-05-13 17:40:07.186,cmmx6howt0000bi1zgfsisou2,74.97556207233626,high,96.06,criticalHigh,PUMP_OFF
2026-05-13 17:40:11.331,cmmx6howt0000bi1zgfsisou2,74.97556207233626,high,96.25,criticalHigh,PUMP_OFF
2026-05-13 17:40:15.504,cmmx6howt0000bi1zgfsisou2,75.0733137829912,high,95.76,criticalHigh,PUMP_OFF
2026-05-13 17:40:19.676,cmmx6howt0000bi1zgfsisou2,74.97556207233626,high,91.72,criticalHigh,PUMP_OFF
2026-05-13 17:40:23.844,cmmx6howt0000bi1zgfsisou2,75.0733137829912,high,96.18,criticalHigh,PUMP_OFF
2026-05-13 17:40:28.004,cmmx6howt0000bi1zgfsisou2,74.97556207233626,high,95.72,criticalHigh,PUMP_OFF
2026-05-13 17:40:32.204,cmmx6howt0000bi1zgfsisou2,75.0733137829912,high,93.85,criticalHigh,PUMP_OFF
2026-05-13 17:40:36.418,cmmx6howt0000bi1zgfsisou2,75.0733137829912,high,98.42,criticalHigh,PUMP_OFF
2026-05-13 17:40:40.609,cmmx6howt0000bi1zgfsisou2,75.17106549364614,high,95.98,criticalHigh,PUMP_OFF
2026-05-13 17:40:44.811,cmmx6howt0000bi1zgfsisou2,75.0733137829912,high,96.02,criticalHigh,PUMP_OFF
2026-05-13 17:40:49.053,cmmx6howt0000bi1zgfsisou2,74.68230694037146,high,98.16,criticalHigh,PUMP_OFF
2026-05-13 17:40:53.219,cmmx6howt0000bi1zgfsisou2,74.97556207233626,high,93.81,criticalHigh,PUMP_OFF
2026-05-13 17:40:57.379,cmmx6howt0000bi1zgfsisou2,74.87781036168133,high,96.02,criticalHigh,PUMP_OFF
2026-05-13 17:41:01.524,cmmx6howt0000bi1zgfsisou2,74.97556207233626,high,95.98,criticalHigh,PUMP_OFF
2026-05-13 17:41:05.711,cmmx6howt0000bi1zgfsisou2,74.97556207233626,high,96.25,criticalHigh,PUMP_OFF
2026-05-13 17:41:09.874,cmmx6howt0000bi1zgfsisou2,74.38905180840665,high,95.07,criticalHigh,PUMP_OFF
2026-05-13 17:41:14.037,cmmx6howt0000bi1zgfsisou2,74.48680351906158,high,95.76,criticalHigh,PUMP_OFF
2026-05-13 17:41:18.210,cmmx6howt0000bi1zgfsisou2,74.48680351906158,high,96.18,criticalHigh,PUMP_OFF
2026-05-13 17:41:22.391,cmmx6howt0000bi1zgfsisou2,74.48680351906158,high,95.98,criticalHigh,PUMP_OFF
2026-05-13 17:41:26.506,cmmx6howt0000bi1zgfsisou2,74.58455522971651,high,96.02,criticalHigh,PUMP_OFF
2026-05-13 17:41:30.665,cmmx6howt0000bi1zgfsisou2,74.58455522971651,high,95.72,criticalHigh,PUMP_OFF
2026-05-13 17:41:34.879,cmmx6howt0000bi1zgfsisou2,74.58455522971651,high,93.81,criticalHigh,PUMP_OFF
2026-05-13 17:41:39.020,cmmx6howt0000bi1zgfsisou2,74.09579667644184,high,98.19,criticalHigh,PUMP_OFF
2026-05-13 17:41:43.190,cmmx6howt0000bi1zgfsisou2,74.58455522971651,high,100.0,criticalHigh,PUMP_OFF
2026-05-13 17:41:47.370,cmmx6howt0000bi1zgfsisou2,74.58455522971651,high,98.19,criticalHigh,PUMP_OFF
2026-05-13 17:41:51.523,cmmx6howt0000bi1zgfsisou2,74.58455522971651,high,93.77,criticalHigh,PUMP_OFF
2026-05-13 17:41:55.676,cmmx6howt0000bi1zgfsisou2,74.58455522971651,high,95.91,criticalHigh,PUMP_OFF
2026-05-13 17:42:00.026,cmmx6howt0000bi1zgfsisou2,74.58455522971651,high,98.16,criticalHigh,PUMP_OFF
2026-05-13 17:42:04.193,cmmx6howt0000bi1zgfsisou2,74.58455522971651,high,95.98,criticalHigh,PUMP_OFF
2026-05-13 17:42:08.355,cmmx6howt0000bi1zgfsisou2,74.58455522971651,high,97.97,criticalHigh,PUMP_OFF
2026-05-13 17:42:12.541,cmmx6howt0000bi1zgfsisou2,74.58455522971651,high,98.16,criticalHigh,PUMP_OFF
2026-05-13 17:42:16.659,cmmx6howt0000bi1zgfsisou2,74.58455522971651,high,98.23,criticalHigh,PUMP_OFF
2026-05-13 17:42:20.830,cmmx6howt0000bi1zgfsisou2,74.48680351906158,high,94.12,criticalHigh,PUMP_OFF
2026-05-13 17:42:24.968,cmmx6howt0000bi1zgfsisou2,74.19354838709677,high,96.06,criticalHigh,PUMP_OFF
2026-05-13 17:42:29.124,cmmx6howt0000bi1zgfsisou2,74.29130009775172,high,93.81,criticalHigh,PUMP_OFF
2026-05-13 17:42:33.289,cmmx6howt0000bi1zgfsisou2,74.58455522971651,high,93.81,criticalHigh,PUMP_OFF
2026-05-13 17:42:37.440,cmmx6howt0000bi1zgfsisou2,74.58455522971651,high,93.89,criticalHigh,PUMP_OFF
2026-05-13 17:42:41.607,cmmx6howt0000bi1zgfsisou2,74.58455522971651,high,93.62,criticalHigh,PUMP_OFF
2026-05-13 17:42:45.751,cmmx6howt0000bi1zgfsisou2,74.58455522971651,high,96.06,criticalHigh,PUMP_OFF
2026-05-13 17:42:49.893,cmmx6howt0000bi1zgfsisou2,74.58455522971651,high,100.0,criticalHigh,PUMP_OFF
2026-05-13 17:42:54.083,cmmx6howt0000bi1zgfsisou2,74.58455522971651,high,96.06,criticalHigh,PUMP_OFF
2026-05-13 17:42:58.223,cmmx6howt0000bi1zgfsisou2,74.58455522971651,high,98.42,criticalHigh,PUMP_OFF
2026-05-13 17:43:02.348,cmmx6howt0000bi1zgfsisou2,74.58455522971651,high,95.91,criticalHigh,PUMP_OFF
2026-05-13 17:43:06.507,cmmx6howt0000bi1zgfsisou2,74.48680351906158,high,95.98,criticalHigh,PUMP_OFF
2026-05-13 17:43:10.674,cmmx6howt0000bi1zgfsisou2,74.58455522971651,high,98.16,criticalHigh,PUMP_OFF
2026-05-13 17:43:14.808,cmmx6howt0000bi1zgfsisou2,73.9980449657869,high,96.21,criticalHigh,PUMP_OFF
2026-05-13 17:43:18.959,cmmx6howt0000bi1zgfsisou2,74.38905180840665,high,95.79,criticalHigh,PUMP_OFF
2026-05-13 17:43:23.100,cmmx6howt0000bi1zgfsisou2,74.48680351906158,high,100.0,criticalHigh,PUMP_OFF
2026-05-13 17:43:27.262,cmmx6howt0000bi1zgfsisou2,74.48680351906158,high,96.14,criticalHigh,PUMP_OFF
2026-05-13 17:43:31.399,cmmx6howt0000bi1zgfsisou2,74.48680351906158,high,96.02,criticalHigh,PUMP_OFF
2026-05-13 17:43:35.545,cmmx6howt0000bi1zgfsisou2,74.48680351906158,high,97.97,criticalHigh,PUMP_OFF
2026-05-13 17:43:39.700,cmmx6howt0000bi1zgfsisou2,74.48680351906158,high,96.02,criticalHigh,PUMP_OFF
2026-05-13 17:43:43.845,cmmx6howt0000bi1zgfsisou2,74.29130009775172,high,100.0,criticalHigh,PUMP_OFF
2026-05-13 17:43:48.000,cmmx6howt0000bi1zgfsisou2,74.29130009775172,high,93.13,criticalHigh,PUMP_OFF
2026-05-13 17:43:52.129,cmmx6howt0000bi1zgfsisou2,74.29130009775172,high,95.95,criticalHigh,PUMP_OFF
2026-05-13 17:43:56.264,cmmx6howt0000bi1zgfsisou2,74.29130009775172,high,93.35,criticalHigh,PUMP_OFF
2026-05-13 17:44:00.388,cmmx6howt0000bi1zgfsisou2,74.29130009775172,high,95.95,criticalHigh,PUMP_OFF
2026-05-13 17:44:04.521,cmmx6howt0000bi1zgfsisou2,73.80254154447702,high,93.89,criticalHigh,PUMP_OFF
2026-05-13 17:44:08.676,cmmx6howt0000bi1zgfsisou2,74.19354838709677,high,96.18,criticalHigh,PUMP_OFF
2026-05-13 17:44:12.841,cmmx6howt0000bi1zgfsisou2,74.19354838709677,high,95.95,criticalHigh,PUMP_OFF
2026-05-13 17:44:17.018,cmmx6howt0000bi1zgfsisou2,74.19354838709677,high,96.06,criticalHigh,PUMP_OFF
2026-05-13 17:44:21.204,cmmx6howt0000bi1zgfsisou2,74.09579667644184,high,95.79,criticalHigh,PUMP_OFF
2026-05-13 17:44:25.337,cmmx6howt0000bi1zgfsisou2,74.09579667644184,high,97.93,criticalHigh,PUMP_OFF
2026-05-13 17:44:29.482,cmmx6howt0000bi1zgfsisou2,73.9980449657869,high,96.02,criticalHigh,PUMP_OFF
2026-05-13 17:44:33.670,cmmx6howt0000bi1zgfsisou2,73.9980449657869,high,95.95,criticalHigh,PUMP_OFF
2026-05-13 17:44:37.854,cmmx6howt0000bi1zgfsisou2,73.9980449657869,high,96.21,criticalHigh,PUMP_OFF
2026-05-13 17:44:41.992,cmmx6howt0000bi1zgfsisou2,73.90029325513197,high,98.23,criticalHigh,PUMP_OFF
2026-05-13 17:44:46.113,cmmx6howt0000bi1zgfsisou2,73.90029325513197,high,96.02,criticalHigh,PUMP_OFF
2026-05-13 17:44:50.298,cmmx6howt0000bi1zgfsisou2,73.50928641251222,high,95.95,criticalHigh,PUMP_OFF
2026-05-13 17:44:54.459,cmmx6howt0000bi1zgfsisou2,73.50928641251222,high,95.91,criticalHigh,PUMP_OFF
2026-05-13 17:44:58.624,cmmx6howt0000bi1zgfsisou2,73.70478983382209,high,98.16,criticalHigh,PUMP_OFF
2026-05-13 17:45:02.749,cmmx6howt0000bi1zgfsisou2,73.70478983382209,high,96.02,criticalHigh,PUMP_OFF
2026-05-13 17:45:06.917,cmmx6howt0000bi1zgfsisou2,73.60703812316716,high,97.93,criticalHigh,PUMP_OFF
2026-05-13 17:45:11.087,cmmx6howt0000bi1zgfsisou2,73.60703812316716,high,98.12,criticalHigh,PUMP_OFF
2026-05-13 17:45:15.257,cmmx6howt0000bi1zgfsisou2,73.41153470185728,high,100.0,criticalHigh,PUMP_OFF
2026-05-13 17:45:19.479,cmmx6howt0000bi1zgfsisou2,73.50928641251222,high,100.0,criticalHigh,PUMP_OFF
2026-05-13 17:45:23.639,cmmx6howt0000bi1zgfsisou2,73.41153470185728,high,100.0,criticalHigh,PUMP_OFF
2026-05-13 17:45:27.782,cmmx6howt0000bi1zgfsisou2,73.41153470185728,high,95.83,criticalHigh,PUMP_OFF
2026-05-13 17:45:31.933,cmmx6howt0000bi1zgfsisou2,73.31378299120234,high,96.02,criticalHigh,PUMP_OFF
2026-05-13 17:45:36.093,cmmx6howt0000bi1zgfsisou2,73.31378299120234,high,95.98,criticalHigh,PUMP_OFF
2026-05-13 17:45:40.229,cmmx6howt0000bi1zgfsisou2,72.82502443792767,high,97.93,criticalHigh,PUMP_OFF
2026-05-13 17:45:44.365,cmmx6howt0000bi1zgfsisou2,73.11827956989248,high,95.72,criticalHigh,PUMP_OFF
2026-05-13 17:45:48.525,cmmx6howt0000bi1zgfsisou2,73.02052785923753,high,96.06,criticalHigh,PUMP_OFF
2026-05-13 17:45:52.677,cmmx6howt0000bi1zgfsisou2,73.02052785923753,high,96.18,criticalHigh,PUMP_OFF
2026-05-13 17:45:56.862,cmmx6howt0000bi1zgfsisou2,73.02052785923753,high,100.0,criticalHigh,PUMP_OFF
2026-05-13 17:46:01.028,cmmx6howt0000bi1zgfsisou2,72.82502443792767,high,95.53,criticalHigh,PUMP_OFF
2026-05-13 17:46:05.186,cmmx6howt0000bi1zgfsisou2,72.72727272727273,high,96.06,criticalHigh,PUMP_OFF
2026-05-13 17:46:09.341,cmmx6howt0000bi1zgfsisou2,72.62952101661779,high,95.76,criticalHigh,PUMP_OFF
2026-05-13 17:46:13.507,cmmx6howt0000bi1zgfsisou2,72.53176930596285,high,100.0,criticalHigh,PUMP_OFF
2026-05-13 17:46:17.648,cmmx6howt0000bi1zgfsisou2,72.53176930596285,high,93.81,criticalHigh,PUMP_OFF
2026-05-13 17:46:21.789,cmmx6howt0000bi1zgfsisou2,72.43401759530792,high,93.16,criticalHigh,PUMP_OFF
2026-05-13 17:46:25.946,cmmx6howt0000bi1zgfsisou2,72.04301075268818,high,100.0,criticalHigh,PUMP_OFF
2026-05-13 17:46:30.094,cmmx6howt0000bi1zgfsisou2,72.04301075268818,high,94.12,criticalHigh,PUMP_OFF
2026-05-13 17:46:34.225,cmmx6howt0000bi1zgfsisou2,72.14076246334311,high,93.89,criticalHigh,PUMP_OFF
2026-05-13 17:46:38.414,cmmx6howt0000bi1zgfsisou2,72.14076246334311,high,96.02,criticalHigh,PUMP_OFF
2026-05-13 17:46:42.570,cmmx6howt0000bi1zgfsisou2,72.04301075268818,high,93.55,criticalHigh,PUMP_OFF
2026-05-13 17:46:46.748,cmmx6howt0000bi1zgfsisou2,71.8475073313783,high,95.95,criticalHigh,PUMP_OFF
2026-05-13 17:46:50.889,cmmx6howt0000bi1zgfsisou2,71.74975562072336,high,96.18,criticalHigh,PUMP_OFF
2026-05-13 17:46:55.050,cmmx6howt0000bi1zgfsisou2,71.65200391006843,high,95.95,criticalHigh,PUMP_OFF
2026-05-13 17:46:59.229,cmmx6howt0000bi1zgfsisou2,71.65200391006843,high,95.83,criticalHigh,PUMP_OFF
2026-05-13 17:47:03.406,cmmx6howt0000bi1zgfsisou2,71.5542521994135,high,95.95,criticalHigh,PUMP_OFF
2026-05-13 17:47:07.594,cmmx6howt0000bi1zgfsisou2,71.35874877810362,high,96.06,criticalHigh,PUMP_OFF
2026-05-13 17:47:11.721,cmmx6howt0000bi1zgfsisou2,71.26099706744868,high,98.16,criticalHigh,PUMP_OFF
2026-05-13 17:47:15.855,cmmx6howt0000bi1zgfsisou2,70.96774193548387,high,95.98,criticalHigh,PUMP_OFF
2026-05-13 17:47:20.064,cmmx6howt0000bi1zgfsisou2,72.14076246334311,high,93.89,criticalHigh,PUMP_OFF
2026-05-13 17:47:24.216,cmmx6howt0000bi1zgfsisou2,72.23851417399804,high,95.98,criticalHigh,PUMP_OFF
2026-05-13 17:47:28.389,cmmx6howt0000bi1zgfsisou2,72.23851417399804,high,95.79,criticalHigh,PUMP_OFF
2026-05-13 17:47:32.529,cmmx6howt0000bi1zgfsisou2,72.23851417399804,high,96.02,criticalHigh,PUMP_OFF
2026-05-13 17:47:36.716,cmmx6howt0000bi1zgfsisou2,72.23851417399804,high,98.16,criticalHigh,PUMP_OFF
2026-05-13 17:47:40.893,cmmx6howt0000bi1zgfsisou2,72.23851417399804,high,96.06,criticalHigh,PUMP_OFF
2026-05-13 17:47:45.069,cmmx6howt0000bi1zgfsisou2,72.23851417399804,high,93.62,criticalHigh,PUMP_OFF
2026-05-13 17:47:49.228,cmmx6howt0000bi1zgfsisou2,72.14076246334311,high,98.39,criticalHigh,PUMP_OFF
2026-05-13 17:47:53.407,cmmx6howt0000bi1zgfsisou2,72.04301075268818,high,95.91,criticalHigh,PUMP_OFF
2026-05-13 17:47:57.581,cmmx6howt0000bi1zgfsisou2,71.94525904203324,high,96.02,criticalHigh,PUMP_OFF
2026-05-13 17:48:01.734,cmmx6howt0000bi1zgfsisou2,71.74975562072336,high,90.92,criticalHigh,PUMP_OFF
2026-05-13 17:48:05.864,cmmx6howt0000bi1zgfsisou2,71.5542521994135,high,94.5,criticalHigh,PUMP_OFF
2026-05-13 17:48:10.031,cmmx6howt0000bi1zgfsisou2,71.5542521994135,high,97.97,criticalHigh,PUMP_OFF
2026-05-13 17:48:14.147,cmmx6howt0000bi1zgfsisou2,71.5542521994135,high,96.02,criticalHigh,PUMP_OFF
2026-05-13 17:48:18.293,cmmx6howt0000bi1zgfsisou2,71.35874877810362,high,95.79,criticalHigh,PUMP_OFF
2026-05-13 17:48:22.420,cmmx6howt0000bi1zgfsisou2,71.26099706744868,high,93.77,criticalHigh,PUMP_OFF
2026-05-13 17:48:26.564,cmmx6howt0000bi1zgfsisou2,71.26099706744868,high,98.19,criticalHigh,PUMP_OFF
2026-05-13 17:48:30.668,cmmx6howt0000bi1zgfsisou2,70.86999022482894,high,96.21,criticalHigh,PUMP_OFF
2026-05-13 17:48:34.755,cmmx6howt0000bi1zgfsisou2,70.67448680351906,high,95.98,criticalHigh,PUMP_OFF
2026-05-13 17:48:38.826,cmmx6howt0000bi1zgfsisou2,70.57673509286413,high,98.19,criticalHigh,PUMP_OFF
2026-05-13 17:48:42.945,cmmx6howt0000bi1zgfsisou2,59.92179863147605,optimal,94.16,criticalHigh,PUMP_ON_LOW
2026-05-13 17:48:47.035,cmmx6howt0000bi1zgfsisou2,60.01955034213099,optimal,93.7,criticalHigh,PUMP_ON_LOW
2026-05-13 17:48:51.115,cmmx6howt0000bi1zgfsisou2,60.41055718475074,optimal,89.73,high,PUMP_ON_LOW
2026-05-13 17:48:55.218,cmmx6howt0000bi1zgfsisou2,60.01955034213099,optimal,93.55,criticalHigh,PUMP_ON_LOW
2026-05-13 17:48:59.359,cmmx6howt0000bi1zgfsisou2,59.92179863147605,optimal,92.82,criticalHigh,PUMP_ON_LOW
2026-05-13 17:49:03.485,cmmx6howt0000bi1zgfsisou2,59.62854349951125,optimal,93.85,criticalHigh,PUMP_ON_LOW
2026-05-13 17:49:07.599,cmmx6howt0000bi1zgfsisou2,59.53079178885631,optimal,93.7,criticalHigh,PUMP_ON_LOW
2026-05-13 17:49:11.701,cmmx6howt0000bi1zgfsisou2,59.53079178885631,optimal,92.82,criticalHigh,PUMP_ON_LOW
2026-05-13 17:49:15.808,cmmx6howt0000bi1zgfsisou2,59.13978494623655,optimal,94.0,criticalHigh,PUMP_ON_LOW
2026-05-13 17:49:19.983,cmmx6howt0000bi1zgfsisou2,58.94428152492668,optimal,94.61,criticalHigh,PUMP_ON_LOW
2026-05-13 17:49:24.159,cmmx6howt0000bi1zgfsisou2,62.75659824046921,optimal,95.98,criticalHigh,PUMP_ON_LOW
2026-05-13 17:49:28.341,cmmx6howt0000bi1zgfsisou2,62.75659824046921,optimal,95.95,criticalHigh,PUMP_ON_LOW
2026-05-13 17:49:32.501,cmmx6howt0000bi1zgfsisou2,62.56109481915934,optimal,97.97,criticalHigh,PUMP_ON_LOW
2026-05-13 17:49:36.654,cmmx6howt0000bi1zgfsisou2,62.56109481915934,optimal,96.02,criticalHigh,PUMP_ON_LOW
2026-05-13 17:49:40.834,cmmx6howt0000bi1zgfsisou2,62.4633431085044,optimal,96.06,criticalHigh,PUMP_ON_LOW
2026-05-13 17:49:44.992,cmmx6howt0000bi1zgfsisou2,62.4633431085044,optimal,98.23,criticalHigh,PUMP_ON_LOW
2026-05-13 17:49:49.163,cmmx6howt0000bi1zgfsisou2,62.26783968719452,optimal,95.83,criticalHigh,PUMP_ON_LOW
2026-05-13 17:49:53.293,cmmx6howt0000bi1zgfsisou2,63.04985337243401,optimal,95.98,criticalHigh,PUMP_ON_LOW
2026-05-13 17:49:57.473,cmmx6howt0000bi1zgfsisou2,63.24535679374389,optimal,100.0,criticalHigh,PUMP_ON_LOW
2026-05-13 17:50:01.658,cmmx6howt0000bi1zgfsisou2,63.14760508308895,optimal,100.0,criticalHigh,PUMP_ON_LOW
2026-05-13 17:50:05.814,cmmx6howt0000bi1zgfsisou2,63.24535679374389,optimal,100.0,criticalHigh,PUMP_ON_LOW
2026-05-13 17:50:10.001,cmmx6howt0000bi1zgfsisou2,63.24535679374389,optimal,100.0,criticalHigh,PUMP_ON_LOW
2026-05-13 17:50:14.181,cmmx6howt0000bi1zgfsisou2,63.34310850439883,optimal,98.19,criticalHigh,PUMP_ON_LOW
2026-05-13 17:50:18.330,cmmx6howt0000bi1zgfsisou2,65.78690127077225,optimal,93.81,criticalHigh,PUMP_ON_LOW
2026-05-13 17:50:22.480,cmmx6howt0000bi1zgfsisou2,65.68914956011731,optimal,95.76,criticalHigh,PUMP_ON_LOW
2026-05-13 17:50:26.643,cmmx6howt0000bi1zgfsisou2,65.49364613880742,optimal,96.29,criticalHigh,PUMP_ON_LOW
2026-05-13 17:50:30.821,cmmx6howt0000bi1zgfsisou2,65.29814271749756,optimal,98.16,criticalHigh,PUMP_ON_LOW
2026-05-13 17:50:34.962,cmmx6howt0000bi1zgfsisou2,65.29814271749756,optimal,100.0,criticalHigh,PUMP_ON_LOW
2026-05-13 17:50:39.099,cmmx6howt0000bi1zgfsisou2,65.29814271749756,optimal,98.16,criticalHigh,PUMP_ON_LOW
2026-05-13 17:50:43.247,cmmx6howt0000bi1zgfsisou2,65.20039100684262,optimal,98.12,criticalHigh,PUMP_ON_LOW
2026-05-13 17:50:47.365,cmmx6howt0000bi1zgfsisou2,65.20039100684262,optimal,100.0,criticalHigh,PUMP_ON_LOW
2026-05-13 17:50:51.490,cmmx6howt0000bi1zgfsisou2,67.15542521994135,optimal,98.19,criticalHigh,PUMP_ON_LOW
2026-05-13 17:50:55.651,cmmx6howt0000bi1zgfsisou2,67.05767350928642,optimal,100.0,criticalHigh,PUMP_ON_LOW
2026-05-13 17:50:59.803,cmmx6howt0000bi1zgfsisou2,66.95992179863148,optimal,100.0,criticalHigh,PUMP_ON_LOW
2026-05-13 17:51:03.955,cmmx6howt0000bi1zgfsisou2,66.86217008797655,optimal,100.0,criticalHigh,PUMP_ON_LOW
2026-05-13 17:51:08.099,cmmx6howt0000bi1zgfsisou2,66.7644183773216,optimal,95.76,criticalHigh,PUMP_ON_LOW
2026-05-13 17:51:12.267,cmmx6howt0000bi1zgfsisou2,66.7644183773216,optimal,97.89,criticalHigh,PUMP_ON_LOW
2026-05-13 17:51:16.422,cmmx6howt0000bi1zgfsisou2,67.05767350928642,optimal,98.16,criticalHigh,PUMP_ON_LOW
2026-05-13 17:51:20.568,cmmx6howt0000bi1zgfsisou2,66.66666666666667,optimal,96.02,criticalHigh,PUMP_ON_LOW
2026-05-13 17:51:24.673,cmmx6howt0000bi1zgfsisou2,65.68914956011731,optimal,96.02,criticalHigh,PUMP_ON_LOW
2026-05-13 17:51:28.779,cmmx6howt0000bi1zgfsisou2,65.68914956011731,optimal,96.06,criticalHigh,PUMP_ON_LOW
2026-05-13 17:51:32.916,cmmx6howt0000bi1zgfsisou2,65.49364613880742,optimal,93.89,criticalHigh,PUMP_ON_LOW
2026-05-13 17:51:37.061,cmmx6howt0000bi1zgfsisou2,65.78690127077225,optimal,96.02,criticalHigh,PUMP_ON_LOW
2026-05-13 17:51:41.244,cmmx6howt0000bi1zgfsisou2,65.49364613880742,optimal,96.21,criticalHigh,PUMP_ON_LOW
2026-05-13 17:51:45.394,cmmx6howt0000bi1zgfsisou2,65.49364613880742,optimal,96.78,criticalHigh,PUMP_ON_LOW
2026-05-13 17:51:49.589,cmmx6howt0000bi1zgfsisou2,65.29814271749756,optimal,95.98,criticalHigh,PUMP_ON_LOW
2026-05-13 17:51:53.741,cmmx6howt0000bi1zgfsisou2,65.10263929618768,optimal,96.67,criticalHigh,PUMP_ON_LOW
2026-05-13 17:51:57.903,cmmx6howt0000bi1zgfsisou2,66.4711632453568,optimal,93.85,criticalHigh,PUMP_ON_LOW
2026-05-13 17:52:02.046,cmmx6howt0000bi1zgfsisou2,65.78690127077225,optimal,90.5,criticalHigh,PUMP_ON_LOW
2026-05-13 17:52:06.175,cmmx6howt0000bi1zgfsisou2,65.39589442815249,optimal,90.99,criticalHigh,PUMP_ON_LOW
2026-05-13 17:52:10.356,cmmx6howt0000bi1zgfsisou2,65.10263929618768,optimal,91.68,criticalHigh,PUMP_ON_LOW
2026-05-13 17:52:14.527,cmmx6howt0000bi1zgfsisou2,65.10263929618768,optimal,91.94,criticalHigh,PUMP_ON_LOW
2026-05-13 17:52:18.635,cmmx6howt0000bi1zgfsisou2,64.71163245356793,optimal,91.68,criticalHigh,PUMP_ON_LOW
2026-05-13 17:52:22.743,cmmx6howt0000bi1zgfsisou2,64.71163245356793,optimal,82.99,high,PUMP_ON_LOW
2026-05-13 17:52:26.932,cmmx6howt0000bi1zgfsisou2,64.613880742913,optimal,94.84,criticalHigh,PUMP_ON_LOW
2026-05-13 17:52:31.037,cmmx6howt0000bi1zgfsisou2,65.10263929618768,optimal,94.57,criticalHigh,PUMP_ON_LOW
2026-05-13 17:52:35.188,cmmx6howt0000bi1zgfsisou2,65.20039100684262,optimal,94.8,criticalHigh,PUMP_ON_LOW
2026-05-13 17:52:39.308,cmmx6howt0000bi1zgfsisou2,65.20039100684262,optimal,96.71,criticalHigh,PUMP_ON_LOW
2026-05-13 17:52:43.479,cmmx6howt0000bi1zgfsisou2,65.20039100684262,optimal,89.54,high,PUMP_ON_LOW
2026-05-13 17:52:47.625,cmmx6howt0000bi1zgfsisou2,65.29814271749756,optimal,89.31,high,PUMP_ON_LOW
2026-05-13 17:52:51.813,cmmx6howt0000bi1zgfsisou2,65.20039100684262,optimal,89.77,high,PUMP_ON_LOW
2026-05-13 17:52:55.965,cmmx6howt0000bi1zgfsisou2,65.29814271749756,optimal,89.51,high,PUMP_ON_LOW
2026-05-13 17:53:00.132,cmmx6howt0000bi1zgfsisou2,65.29814271749756,optimal,91.64,criticalHigh,PUMP_ON_LOW
2026-05-13 17:53:04.255,cmmx6howt0000bi1zgfsisou2,65.29814271749756,optimal,89.54,high,PUMP_ON_LOW
2026-05-13 17:53:08.417,cmmx6howt0000bi1zgfsisou2,65.29814271749756,optimal,89.51,high,PUMP_ON_LOW
2026-05-13 17:53:12.600,cmmx6howt0000bi1zgfsisou2,65.39589442815249,optimal,91.56,criticalHigh,PUMP_ON_LOW
2026-05-13 17:53:16.740,cmmx6howt0000bi1zgfsisou2,65.49364613880742,optimal,97.39,criticalHigh,PUMP_ON_LOW
2026-05-13 17:53:20.903,cmmx6howt0000bi1zgfsisou2,65.39589442815249,optimal,88.78,high,PUMP_ON_LOW
2026-05-13 17:53:25.055,cmmx6howt0000bi1zgfsisou2,65.39589442815249,optimal,94.57,criticalHigh,PUMP_ON_LOW
2026-05-13 17:53:29.207,cmmx6howt0000bi1zgfsisou2,65.39589442815249,optimal,89.51,high,PUMP_ON_LOW
2026-05-13 17:53:33.318,cmmx6howt0000bi1zgfsisou2,65.39589442815249,optimal,89.66,high,PUMP_ON_LOW
2026-05-13 17:53:37.503,cmmx6howt0000bi1zgfsisou2,65.29814271749756,optimal,89.28,high,PUMP_ON_LOW
2026-05-13 17:53:41.626,cmmx6howt0000bi1zgfsisou2,65.39589442815249,optimal,89.47,high,PUMP_ON_LOW
2026-05-13 17:53:45.774,cmmx6howt0000bi1zgfsisou2,65.49364613880742,optimal,89.47,high,PUMP_ON_LOW
2026-05-13 17:53:49.894,cmmx6howt0000bi1zgfsisou2,65.39589442815249,optimal,91.56,criticalHigh,PUMP_ON_LOW
2026-05-13 17:53:54.031,cmmx6howt0000bi1zgfsisou2,65.39589442815249,optimal,96.75,criticalHigh,PUMP_ON_LOW
2026-05-13 17:53:58.161,cmmx6howt0000bi1zgfsisou2,65.39589442815249,optimal,89.77,high,PUMP_ON_LOW
2026-05-13 17:54:02.286,cmmx6howt0000bi1zgfsisou2,65.39589442815249,optimal,89.51,high,PUMP_ON_LOW
2026-05-13 17:54:06.431,cmmx6howt0000bi1zgfsisou2,65.39589442815249,optimal,89.51,high,PUMP_ON_LOW
2026-05-13 17:54:10.538,cmmx6howt0000bi1zgfsisou2,65.39589442815249,optimal,91.68,criticalHigh,PUMP_ON_LOW
2026-05-13 17:54:14.660,cmmx6howt0000bi1zgfsisou2,65.39589442815249,optimal,88.82,high,PUMP_ON_LOW
2026-05-13 17:54:18.793,cmmx6howt0000bi1zgfsisou2,65.49364613880742,optimal,92.4,criticalHigh,PUMP_ON_LOW
2026-05-13 17:54:22.911,cmmx6howt0000bi1zgfsisou2,65.49364613880742,optimal,98.69,criticalHigh,PUMP_ON_LOW
2026-05-13 17:54:27.053,cmmx6howt0000bi1zgfsisou2,65.39589442815249,optimal,91.72,criticalHigh,PUMP_ON_LOW
2026-05-13 17:54:31.224,cmmx6howt0000bi1zgfsisou2,65.39589442815249,optimal,89.62,high,PUMP_ON_LOW
2026-05-13 17:54:35.363,cmmx6howt0000bi1zgfsisou2,65.29814271749756,optimal,89.73,high,PUMP_ON_LOW
2026-05-13 17:54:39.520,cmmx6howt0000bi1zgfsisou2,65.29814271749756,optimal,89.54,high,PUMP_ON_LOW
2026-05-13 17:54:43.650,cmmx6howt0000bi1zgfsisou2,65.20039100684262,optimal,90.19,criticalHigh,PUMP_ON_LOW
2026-05-13 17:54:47.818,cmmx6howt0000bi1zgfsisou2,65.29814271749756,optimal,89.47,high,PUMP_ON_LOW
2026-05-13 17:54:51.936,cmmx6howt0000bi1zgfsisou2,65.39589442815249,optimal,89.43,high,PUMP_ON_LOW
2026-05-13 17:54:56.066,cmmx6howt0000bi1zgfsisou2,65.20039100684262,optimal,89.54,high,PUMP_ON_LOW
2026-05-13 17:55:00.229,cmmx6howt0000bi1zgfsisou2,65.20039100684262,optimal,89.47,high,PUMP_ON_LOW
2026-05-13 17:55:04.357,cmmx6howt0000bi1zgfsisou2,65.20039100684262,optimal,89.51,high,PUMP_ON_LOW
2026-05-13 17:55:08.523,cmmx6howt0000bi1zgfsisou2,65.68914956011731,optimal,89.47,high,PUMP_ON_LOW
2026-05-13 17:55:12.658,cmmx6howt0000bi1zgfsisou2,65.68914956011731,optimal,89.73,high,PUMP_ON_LOW
2026-05-13 17:55:16.805,cmmx6howt0000bi1zgfsisou2,61.58357771260997,optimal,90.92,criticalHigh,PUMP_ON_LOW
2026-05-13 17:55:20.973,cmmx6howt0000bi1zgfsisou2,60.99706744868035,optimal,89.47,high,PUMP_ON_LOW
2026-05-13 17:55:29.259,cmmx6howt0000bi1zgfsisou2,62.26783968719452,optimal,90.15,criticalHigh,PUMP_ON_LOW
2026-05-13 17:55:33.381,cmmx6howt0000bi1zgfsisou2,62.26783968719452,optimal,90.38,criticalHigh,PUMP_ON_LOW
2026-05-13 17:55:37.508,cmmx6howt0000bi1zgfsisou2,62.4633431085044,optimal,90.27,criticalHigh,PUMP_ON_LOW
2026-05-13 17:55:41.665,cmmx6howt0000bi1zgfsisou2,62.65884652981427,optimal,89.77,high,PUMP_ON_LOW
2026-05-13 17:55:45.802,cmmx6howt0000bi1zgfsisou2,64.41837732160313,optimal,89.54,high,PUMP_ON_LOW
2026-05-13 17:55:49.972,cmmx6howt0000bi1zgfsisou2,64.51612903225806,optimal,89.54,high,PUMP_ON_LOW
2026-05-13 17:55:54.081,cmmx6howt0000bi1zgfsisou2,64.02737047898339,optimal,89.51,high,PUMP_ON_LOW
2026-05-13 17:55:58.250,cmmx6howt0000bi1zgfsisou2,64.02737047898339,optimal,89.28,high,PUMP_ON_LOW
2026-05-13 17:56:02.416,cmmx6howt0000bi1zgfsisou2,64.32062561094818,optimal,90.23,criticalHigh,PUMP_ON_LOW
2026-05-13 17:56:06.574,cmmx6howt0000bi1zgfsisou2,64.22287390029325,optimal,89.47,high,PUMP_ON_LOW
2026-05-13 17:56:10.719,cmmx6howt0000bi1zgfsisou2,64.613880742913,optimal,91.14,criticalHigh,PUMP_ON_LOW
2026-05-13 17:56:14.883,cmmx6howt0000bi1zgfsisou2,64.71163245356793,optimal,95.3,criticalHigh,PUMP_ON_LOW
2026-05-13 17:56:19.029,cmmx6howt0000bi1zgfsisou2,64.80938416422288,optimal,89.73,high,PUMP_ON_LOW
2026-05-13 17:56:23.194,cmmx6howt0000bi1zgfsisou2,65.00488758553274,optimal,90.19,criticalHigh,PUMP_ON_LOW
2026-05-13 17:56:27.354,cmmx6howt0000bi1zgfsisou2,65.00488758553274,optimal,95.57,criticalHigh,PUMP_ON_LOW
2026-05-13 17:56:31.520,cmmx6howt0000bi1zgfsisou2,64.71163245356793,optimal,93.85,criticalHigh,PUMP_ON_LOW
2026-05-13 17:56:35.666,cmmx6howt0000bi1zgfsisou2,65.10263929618768,optimal,91.18,criticalHigh,PUMP_ON_LOW
2026-05-13 17:56:39.835,cmmx6howt0000bi1zgfsisou2,65.29814271749756,optimal,95.3,criticalHigh,PUMP_ON_LOW
2026-05-13 17:56:43.965,cmmx6howt0000bi1zgfsisou2,65.10263929618768,optimal,89.47,high,PUMP_ON_LOW
2026-05-13 17:56:48.124,cmmx6howt0000bi1zgfsisou2,65.59139784946237,optimal,89.54,high,PUMP_ON_LOW
2026-05-13 17:56:52.273,cmmx6howt0000bi1zgfsisou2,65.68914956011731,optimal,89.24,high,PUMP_ON_LOW
2026-05-13 17:56:56.452,cmmx6howt0000bi1zgfsisou2,65.78690127077225,optimal,89.73,high,PUMP_ON_LOW
2026-05-13 17:57:00.599,cmmx6howt0000bi1zgfsisou2,65.78690127077225,optimal,89.43,high,PUMP_ON_LOW
2026-05-13 17:57:04.762,cmmx6howt0000bi1zgfsisou2,65.78690127077225,optimal,95.07,criticalHigh,PUMP_ON_LOW
2026-05-13 17:57:08.899,cmmx6howt0000bi1zgfsisou2,65.78690127077225,optimal,90.5,criticalHigh,PUMP_ON_LOW
2026-05-13 17:57:13.086,cmmx6howt0000bi1zgfsisou2,65.78690127077225,optimal,90.19,criticalHigh,PUMP_ON_LOW
2026-05-13 17:57:17.206,cmmx6howt0000bi1zgfsisou2,65.78690127077225,optimal,93.32,criticalHigh,PUMP_ON_LOW
2026-05-13 17:57:21.345,cmmx6howt0000bi1zgfsisou2,65.78690127077225,optimal,89.51,high,PUMP_ON_LOW
2026-05-13 17:57:25.454,cmmx6howt0000bi1zgfsisou2,65.78690127077225,optimal,92.44,criticalHigh,PUMP_ON_LOW
2026-05-13 17:57:29.609,cmmx6howt0000bi1zgfsisou2,65.68914956011731,optimal,90.19,criticalHigh,PUMP_ON_LOW
2026-05-13 17:57:33.794,cmmx6howt0000bi1zgfsisou2,65.78690127077225,optimal,89.43,high,PUMP_ON_LOW
2026-05-13 17:57:37.967,cmmx6howt0000bi1zgfsisou2,65.68914956011731,optimal,89.58,high,PUMP_ON_LOW
2026-05-13 17:57:42.104,cmmx6howt0000bi1zgfsisou2,65.68914956011731,optimal,89.51,high,PUMP_ON_LOW
2026-05-13 17:57:46.220,cmmx6howt0000bi1zgfsisou2,65.68914956011731,optimal,100.0,criticalHigh,PUMP_ON_LOW
2026-05-13 17:57:50.363,cmmx6howt0000bi1zgfsisou2,65.68914956011731,optimal,100.0,criticalHigh,PUMP_ON_LOW
2026-05-13 17:57:54.520,cmmx6howt0000bi1zgfsisou2,65.68914956011731,optimal,100.0,criticalHigh,PUMP_ON_LOW
2026-05-13 17:57:58.660,cmmx6howt0000bi1zgfsisou2,65.68914956011731,optimal,100.0,criticalHigh,PUMP_ON_LOW
2026-05-13 17:58:02.788,cmmx6howt0000bi1zgfsisou2,65.68914956011731,optimal,100.0,criticalHigh,PUMP_ON_LOW
2026-05-13 17:58:06.927,cmmx6howt0000bi1zgfsisou2,65.68914956011731,optimal,100.0,criticalHigh,PUMP_ON_LOW
2026-05-13 17:58:11.086,cmmx6howt0000bi1zgfsisou2,65.68914956011731,optimal,100.0,criticalHigh,PUMP_ON_LOW
2026-05-13 17:58:15.210,cmmx6howt0000bi1zgfsisou2,65.59139784946237,optimal,100.0,criticalHigh,PUMP_ON_LOW
2026-05-13 17:58:19.337,cmmx6howt0000bi1zgfsisou2,65.49364613880742,optimal,100.0,criticalHigh,PUMP_ON_LOW
2026-05-13 17:58:23.471,cmmx6howt0000bi1zgfsisou2,65.49364613880742,optimal,100.0,criticalHigh,PUMP_ON_LOW
2026-05-13 17:58:27.590,cmmx6howt0000bi1zgfsisou2,65.59139784946237,optimal,100.0,criticalHigh,PUMP_ON_LOW
2026-05-13 17:58:31.720,cmmx6howt0000bi1zgfsisou2,65.68914956011731,optimal,99.03,criticalHigh,PUMP_ON_LOW
2026-05-13 17:58:35.839,cmmx6howt0000bi1zgfsisou2,65.68914956011731,optimal,100.0,criticalHigh,PUMP_ON_LOW
2026-05-13 17:58:39.965,cmmx6howt0000bi1zgfsisou2,65.68914956011731,optimal,100.0,criticalHigh,PUMP_ON_LOW
2026-05-13 17:58:44.047,cmmx6howt0000bi1zgfsisou2,65.68914956011731,optimal,100.0,criticalHigh,PUMP_ON_LOW
2026-05-13 17:58:48.231,cmmx6howt0000bi1zgfsisou2,65.78690127077225,optimal,100.0,criticalHigh,PUMP_ON_LOW
2026-05-13 17:58:52.389,cmmx6howt0000bi1zgfsisou2,65.78690127077225,optimal,100.0,criticalHigh,PUMP_ON_LOW
2026-05-13 17:58:56.574,cmmx6howt0000bi1zgfsisou2,65.78690127077225,optimal,100.0,criticalHigh,PUMP_ON_LOW
2026-05-13 17:59:00.801,cmmx6howt0000bi1zgfsisou2,65.78690127077225,optimal,100.0,criticalHigh,PUMP_ON_LOW
2026-05-13 17:59:04.984,cmmx6howt0000bi1zgfsisou2,65.88465298142718,optimal,100.0,criticalHigh,PUMP_ON_LOW
2026-05-13 17:59:09.144,cmmx6howt0000bi1zgfsisou2,65.78690127077225,optimal,100.0,criticalHigh,PUMP_ON_LOW
2026-05-13 17:59:13.273,cmmx6howt0000bi1zgfsisou2,65.78690127077225,optimal,100.0,criticalHigh,PUMP_ON_LOW
2026-05-13 17:59:17.450,cmmx6howt0000bi1zgfsisou2,65.78690127077225,optimal,100.0,criticalHigh,PUMP_ON_LOW
2026-05-13 17:59:21.605,cmmx6howt0000bi1zgfsisou2,65.78690127077225,optimal,100.0,criticalHigh,PUMP_ON_LOW
2026-05-13 17:59:25.723,cmmx6howt0000bi1zgfsisou2,65.78690127077225,optimal,100.0,criticalHigh,PUMP_ON_LOW
2026-05-13 17:59:29.859,cmmx6howt0000bi1zgfsisou2,65.78690127077225,optimal,100.0,criticalHigh,PUMP_ON_LOW
2026-05-13 17:59:34.054,cmmx6howt0000bi1zgfsisou2,65.68914956011731,optimal,100.0,criticalHigh,PUMP_ON_LOW
2026-05-13 17:59:38.242,cmmx6howt0000bi1zgfsisou2,65.59139784946237,optimal,100.0,criticalHigh,PUMP_ON_LOW
2026-05-13 17:59:42.441,cmmx6howt0000bi1zgfsisou2,66.08015640273706,optimal,100.0,criticalHigh,PUMP_ON_LOW
2026-05-13 17:59:46.633,cmmx6howt0000bi1zgfsisou2,65.98240469208211,optimal,100.0,criticalHigh,PUMP_ON_LOW
2026-05-13 17:59:50.809,cmmx6howt0000bi1zgfsisou2,65.88465298142718,optimal,100.0,criticalHigh,PUMP_ON_LOW
2026-05-13 17:59:55.070,cmmx6howt0000bi1zgfsisou2,65.88465298142718,optimal,100.0,criticalHigh,PUMP_ON_LOW
2026-05-13 17:59:59.268,cmmx6howt0000bi1zgfsisou2,65.59139784946237,optimal,100.0,criticalHigh,PUMP_ON_LOW
2026-05-13 18:00:03.459,cmmx6howt0000bi1zgfsisou2,65.68914956011731,optimal,100.0,criticalHigh,PUMP_ON_LOW
2026-05-13 18:00:07.601,cmmx6howt0000bi1zgfsisou2,65.59139784946237,optimal,100.0,criticalHigh,PUMP_ON_LOW
2026-05-13 18:00:11.748,cmmx6howt0000bi1zgfsisou2,65.59139784946237,optimal,100.0,criticalHigh,PUMP_ON_LOW
2026-05-13 18:00:15.870,cmmx6howt0000bi1zgfsisou2,65.68914956011731,optimal,100.0,criticalHigh,PUMP_ON_LOW
2026-05-13 18:00:19.987,cmmx6howt0000bi1zgfsisou2,65.59139784946237,optimal,100.0,criticalHigh,PUMP_ON_LOW
2026-05-13 18:00:24.144,cmmx6howt0000bi1zgfsisou2,65.59139784946237,optimal,100.0,criticalHigh,PUMP_ON_LOW
2026-05-13 18:00:28.300,cmmx6howt0000bi1zgfsisou2,65.59139784946237,optimal,100.0,criticalHigh,PUMP_ON_LOW
2026-05-13 18:00:32.536,cmmx6howt0000bi1zgfsisou2,65.49364613880742,optimal,100.0,criticalHigh,PUMP_ON_LOW
2026-05-13 18:00:36.690,cmmx6howt0000bi1zgfsisou2,65.49364613880742,optimal,100.0,criticalHigh,PUMP_ON_LOW
2026-05-13 18:00:40.868,cmmx6howt0000bi1zgfsisou2,65.49364613880742,optimal,100.0,criticalHigh,PUMP_ON_LOW
2026-05-13 18:00:44.997,cmmx6howt0000bi1zgfsisou2,65.39589442815249,optimal,100.0,criticalHigh,PUMP_ON_LOW
2026-05-13 18:00:49.158,cmmx6howt0000bi1zgfsisou2,65.20039100684262,optimal,100.0,criticalHigh,PUMP_ON_LOW
2026-05-13 18:00:53.302,cmmx6howt0000bi1zgfsisou2,65.29814271749756,optimal,100.0,criticalHigh,PUMP_ON_LOW
2026-05-13 18:00:57.441,cmmx6howt0000bi1zgfsisou2,65.29814271749756,optimal,100.0,criticalHigh,PUMP_ON_LOW
2026-05-13 18:01:01.627,cmmx6howt0000bi1zgfsisou2,65.29814271749756,optimal,100.0,criticalHigh,PUMP_ON_LOW
2026-05-13 18:01:05.755,cmmx6howt0000bi1zgfsisou2,65.29814271749756,optimal,100.0,criticalHigh,PUMP_ON_LOW
2026-05-13 18:01:09.930,cmmx6howt0000bi1zgfsisou2,65.29814271749756,optimal,100.0,criticalHigh,PUMP_ON_LOW
2026-05-13 18:01:14.092,cmmx6howt0000bi1zgfsisou2,65.29814271749756,optimal,100.0,criticalHigh,PUMP_ON_LOW
2026-05-13 18:01:18.245,cmmx6howt0000bi1zgfsisou2,65.20039100684262,optimal,100.0,criticalHigh,PUMP_ON_LOW
2026-05-13 18:01:22.405,cmmx6howt0000bi1zgfsisou2,65.20039100684262,optimal,100.0,criticalHigh,PUMP_ON_LOW
2026-05-13 18:01:26.504,cmmx6howt0000bi1zgfsisou2,65.10263929618768,optimal,100.0,criticalHigh,PUMP_ON_LOW
2026-05-13 18:01:30.646,cmmx6howt0000bi1zgfsisou2,65.00488758553274,optimal,100.0,criticalHigh,PUMP_ON_LOW
2026-05-13 18:01:34.805,cmmx6howt0000bi1zgfsisou2,65.00488758553274,optimal,100.0,criticalHigh,PUMP_ON_LOW
2026-05-13 18:01:38.978,cmmx6howt0000bi1zgfsisou2,65.00488758553274,optimal,100.0,criticalHigh,PUMP_ON_LOW
2026-05-13 18:01:43.146,cmmx6howt0000bi1zgfsisou2,64.90713587487781,optimal,100.0,criticalHigh,PUMP_ON_LOW
2026-05-13 18:01:47.322,cmmx6howt0000bi1zgfsisou2,64.80938416422288,optimal,100.0,criticalHigh,PUMP_ON_LOW
2026-05-13 18:01:51.457,cmmx6howt0000bi1zgfsisou2,65.20039100684262,optimal,100.0,criticalHigh,PUMP_ON_LOW
2026-05-13 18:01:55.576,cmmx6howt0000bi1zgfsisou2,64.22287390029325,optimal,100.0,criticalHigh,PUMP_ON_LOW
2026-05-13 18:01:59.705,cmmx6howt0000bi1zgfsisou2,64.12512218963832,optimal,100.0,criticalHigh,PUMP_ON_LOW
2026-05-13 18:02:03.857,cmmx6howt0000bi1zgfsisou2,60.80156402737048,optimal,100.0,criticalHigh,PUMP_ON_LOW
2026-05-13 18:02:08.004,cmmx6howt0000bi1zgfsisou2,61.68132942326491,optimal,100.0,criticalHigh,PUMP_ON_LOW
2026-05-13 18:02:12.164,cmmx6howt0000bi1zgfsisou2,61.77908113391985,optimal,100.0,criticalHigh,PUMP_ON_LOW
2026-05-13 18:02:16.290,cmmx6howt0000bi1zgfsisou2,61.68132942326491,optimal,100.0,criticalHigh,PUMP_ON_LOW
2026-05-13 18:02:20.443,cmmx6howt0000bi1zgfsisou2,61.68132942326491,optimal,100.0,criticalHigh,PUMP_ON_LOW
2026-05-13 18:02:24.586,cmmx6howt0000bi1zgfsisou2,61.58357771260997,optimal,100.0,criticalHigh,PUMP_ON_LOW
2026-05-13 18:02:28.722,cmmx6howt0000bi1zgfsisou2,61.48582600195503,optimal,100.0,criticalHigh,PUMP_ON_LOW
2026-05-13 18:02:32.888,cmmx6howt0000bi1zgfsisou2,61.48582600195503,optimal,100.0,criticalHigh,PUMP_ON_LOW
2026-05-13 18:02:37.063,cmmx6howt0000bi1zgfsisou2,61.3880742913001,optimal,100.0,criticalHigh,PUMP_ON_LOW
2026-05-13 18:02:41.194,cmmx6howt0000bi1zgfsisou2,61.29032258064516,optimal,100.0,criticalHigh,PUMP_ON_LOW
2026-05-13 18:02:45.319,cmmx6howt0000bi1zgfsisou2,61.19257086999023,optimal,100.0,criticalHigh,PUMP_ON_LOW
2026-05-13 18:02:49.410,cmmx6howt0000bi1zgfsisou2,61.09481915933529,optimal,100.0,criticalHigh,PUMP_ON_LOW
2026-05-13 18:02:53.513,cmmx6howt0000bi1zgfsisou2,61.09481915933529,optimal,100.0,criticalHigh,PUMP_ON_LOW
2026-05-13 18:02:57.622,cmmx6howt0000bi1zgfsisou2,60.89931573802541,optimal,100.0,criticalHigh,PUMP_ON_LOW
2026-05-13 18:03:01.743,cmmx6howt0000bi1zgfsisou2,60.80156402737048,optimal,100.0,criticalHigh,PUMP_ON_LOW
2026-05-13 18:03:05.868,cmmx6howt0000bi1zgfsisou2,60.60606060606061,optimal,100.0,criticalHigh,PUMP_ON_LOW
2026-05-13 18:03:10.017,cmmx6howt0000bi1zgfsisou2,60.3128054740958,optimal,100.0,criticalHigh,PUMP_ON_LOW
2026-05-13 18:03:14.189,cmmx6howt0000bi1zgfsisou2,59.92179863147605,optimal,100.0,criticalHigh,PUMP_ON_LOW
2026-05-13 18:03:18.358,cmmx6howt0000bi1zgfsisou2,59.62854349951125,optimal,100.0,criticalHigh,PUMP_ON_LOW
2026-05-13 18:03:22.479,cmmx6howt0000bi1zgfsisou2,59.43304007820137,optimal,98.0,criticalHigh,PUMP_ON_LOW
2026-05-13 18:03:26.621,cmmx6howt0000bi1zgfsisou2,59.13978494623655,optimal,100.0,criticalHigh,PUMP_ON_LOW
2026-05-13 18:03:30.838,cmmx6howt0000bi1zgfsisou2,59.04203323558161,optimal,100.0,criticalHigh,PUMP_ON_LOW
2026-05-13 18:03:34.970,cmmx6howt0000bi1zgfsisou2,59.33528836754643,optimal,100.0,criticalHigh,PUMP_ON_LOW
2026-05-13 18:03:39.137,cmmx6howt0000bi1zgfsisou2,59.62854349951125,optimal,100.0,criticalHigh,PUMP_ON_LOW
2026-05-13 18:03:43.274,cmmx6howt0000bi1zgfsisou2,58.94428152492668,optimal,100.0,criticalHigh,PUMP_ON_LOW
2026-05-13 18:03:47.435,cmmx6howt0000bi1zgfsisou2,59.62854349951125,optimal,100.0,criticalHigh,PUMP_ON_LOW
2026-05-13 18:03:51.530,cmmx6howt0000bi1zgfsisou2,59.62854349951125,optimal,97.28,criticalHigh,PUMP_ON_LOW
2026-05-13 18:03:55.627,cmmx6howt0000bi1zgfsisou2,59.53079178885631,optimal,97.97,criticalHigh,PUMP_ON_LOW
2026-05-13 18:03:59.766,cmmx6howt0000bi1zgfsisou2,59.53079178885631,optimal,100.0,criticalHigh,PUMP_ON_LOW
2026-05-13 18:04:03.914,cmmx6howt0000bi1zgfsisou2,59.13978494623655,optimal,100.0,criticalHigh,PUMP_ON_LOW
2026-05-13 18:04:08.066,cmmx6howt0000bi1zgfsisou2,59.72629521016618,optimal,100.0,criticalHigh,PUMP_ON_LOW
2026-05-13 18:04:12.215,cmmx6howt0000bi1zgfsisou2,58.84652981427174,optimal,100.0,criticalHigh,PUMP_ON_LOW
2026-05-13 18:04:16.360,cmmx6howt0000bi1zgfsisou2,58.94428152492668,optimal,100.0,criticalHigh,PUMP_ON_LOW
2026-05-13 18:04:20.529,cmmx6howt0000bi1zgfsisou2,59.13978494623655,optimal,100.0,criticalHigh,PUMP_ON_LOW
2026-05-13 18:04:24.660,cmmx6howt0000bi1zgfsisou2,59.33528836754643,optimal,100.0,criticalHigh,PUMP_ON_LOW
2026-05-13 18:04:28.766,cmmx6howt0000bi1zgfsisou2,59.43304007820137,optimal,100.0,criticalHigh,PUMP_ON_LOW
2026-05-13 18:04:32.918,cmmx6howt0000bi1zgfsisou2,59.43304007820137,optimal,100.0,criticalHigh,PUMP_ON_LOW
2026-05-13 18:04:37.039,cmmx6howt0000bi1zgfsisou2,59.62854349951125,optimal,98.19,criticalHigh,PUMP_ON_LOW
2026-05-13 18:04:41.218,cmmx6howt0000bi1zgfsisou2,59.43304007820137,optimal,100.0,criticalHigh,PUMP_ON_LOW
2026-05-13 18:04:45.370,cmmx6howt0000bi1zgfsisou2,59.33528836754643,optimal,99.64,criticalHigh,PUMP_ON_LOW
2026-05-13 18:04:49.517,cmmx6howt0000bi1zgfsisou2,59.33528836754643,optimal,100.0,criticalHigh,PUMP_ON_LOW
2026-05-13 18:04:53.653,cmmx6howt0000bi1zgfsisou2,59.43304007820137,optimal,100.0,criticalHigh,PUMP_ON_LOW
2026-05-13 18:04:57.810,cmmx6howt0000bi1zgfsisou2,59.33528836754643,optimal,100.0,criticalHigh,PUMP_ON_LOW
2026-05-13 18:05:01.978,cmmx6howt0000bi1zgfsisou2,59.43304007820137,optimal,100.0,criticalHigh,PUMP_ON_LOW
2026-05-13 18:05:06.128,cmmx6howt0000bi1zgfsisou2,59.43304007820137,optimal,100.0,criticalHigh,PUMP_ON_LOW
2026-05-13 18:05:10.280,cmmx6howt0000bi1zgfsisou2,59.43304007820137,optimal,98.19,criticalHigh,PUMP_ON_LOW
2026-05-13 18:05:14.453,cmmx6howt0000bi1zgfsisou2,59.43304007820137,optimal,98.8,criticalHigh,PUMP_ON_LOW
2026-05-13 18:05:18.656,cmmx6howt0000bi1zgfsisou2,59.43304007820137,optimal,100.0,criticalHigh,PUMP_ON_LOW
2026-05-13 18:05:22.826,cmmx6howt0000bi1zgfsisou2,59.43304007820137,optimal,98.0,criticalHigh,PUMP_ON_LOW
2026-05-13 18:05:26.951,cmmx6howt0000bi1zgfsisou2,59.43304007820137,optimal,100.0,criticalHigh,PUMP_ON_LOW
2026-05-13 18:05:31.179,cmmx6howt0000bi1zgfsisou2,59.43304007820137,optimal,100.0,criticalHigh,PUMP_ON_LOW
2026-05-13 18:05:35.375,cmmx6howt0000bi1zgfsisou2,59.43304007820137,optimal,100.0,criticalHigh,PUMP_ON_LOW
2026-05-13 18:05:39.504,cmmx6howt0000bi1zgfsisou2,59.33528836754643,optimal,100.0,criticalHigh,PUMP_ON_LOW
2026-05-13 18:05:43.679,cmmx6howt0000bi1zgfsisou2,59.43304007820137,optimal,98.19,criticalHigh,PUMP_ON_LOW
2026-05-13 18:05:47.857,cmmx6howt0000bi1zgfsisou2,59.43304007820137,optimal,100.0,criticalHigh,PUMP_ON_LOW
2026-05-13 18:05:52.044,cmmx6howt0000bi1zgfsisou2,59.33528836754643,optimal,100.0,criticalHigh,PUMP_ON_LOW
2026-05-13 18:05:56.156,cmmx6howt0000bi1zgfsisou2,59.33528836754643,optimal,100.0,criticalHigh,PUMP_ON_LOW
2026-05-13 18:06:00.344,cmmx6howt0000bi1zgfsisou2,59.33528836754643,optimal,100.0,criticalHigh,PUMP_ON_LOW
2026-05-13 18:06:04.514,cmmx6howt0000bi1zgfsisou2,59.23753665689149,optimal,100.0,criticalHigh,PUMP_ON_LOW
2026-05-13 18:06:08.702,cmmx6howt0000bi1zgfsisou2,59.23753665689149,optimal,100.0,criticalHigh,PUMP_ON_LOW
2026-05-13 18:06:12.855,cmmx6howt0000bi1zgfsisou2,59.23753665689149,optimal,98.16,criticalHigh,PUMP_ON_LOW
2026-05-13 18:06:16.972,cmmx6howt0000bi1zgfsisou2,59.13978494623655,optimal,100.0,criticalHigh,PUMP_ON_LOW
2026-05-13 18:06:21.168,cmmx6howt0000bi1zgfsisou2,59.13978494623655,optimal,100.0,criticalHigh,PUMP_ON_LOW
2026-05-13 18:06:25.327,cmmx6howt0000bi1zgfsisou2,59.13978494623655,optimal,100.0,criticalHigh,PUMP_ON_LOW
2026-05-13 18:06:29.479,cmmx6howt0000bi1zgfsisou2,59.23753665689149,optimal,100.0,criticalHigh,PUMP_ON_LOW
2026-05-13 18:06:33.633,cmmx6howt0000bi1zgfsisou2,59.13978494623655,optimal,100.0,criticalHigh,PUMP_ON_LOW
2026-05-13 18:06:37.764,cmmx6howt0000bi1zgfsisou2,59.23753665689149,optimal,100.0,criticalHigh,PUMP_ON_LOW
2026-05-13 18:06:41.939,cmmx6howt0000bi1zgfsisou2,59.23753665689149,optimal,100.0,criticalHigh,PUMP_ON_LOW
2026-05-13 18:06:46.103,cmmx6howt0000bi1zgfsisou2,59.23753665689149,optimal,100.0,criticalHigh,PUMP_ON_LOW
2026-05-13 18:06:50.285,cmmx6howt0000bi1zgfsisou2,59.23753665689149,optimal,100.0,criticalHigh,PUMP_ON_LOW
2026-05-13 18:06:54.424,cmmx6howt0000bi1zgfsisou2,59.13978494623655,optimal,100.0,criticalHigh,PUMP_ON_LOW
2026-05-13 18:06:58.575,cmmx6howt0000bi1zgfsisou2,59.23753665689149,optimal,100.0,criticalHigh,PUMP_ON_LOW
2026-05-13 18:07:02.702,cmmx6howt0000bi1zgfsisou2,59.13978494623655,optimal,100.0,criticalHigh,PUMP_ON_LOW
2026-05-13 18:07:06.830,cmmx6howt0000bi1zgfsisou2,59.13978494623655,optimal,100.0,criticalHigh,PUMP_ON_LOW
2026-05-13 18:07:10.983,cmmx6howt0000bi1zgfsisou2,59.13978494623655,optimal,99.64,criticalHigh,PUMP_ON_LOW
2026-05-13 18:07:15.129,cmmx6howt0000bi1zgfsisou2,59.04203323558161,optimal,96.56,criticalHigh,PUMP_ON_LOW
2026-05-13 18:07:19.299,cmmx6howt0000bi1zgfsisou2,59.13978494623655,optimal,98.88,criticalHigh,PUMP_ON_LOW
2026-05-13 18:07:23.387,cmmx6howt0000bi1zgfsisou2,59.04203323558161,optimal,100.0,criticalHigh,PUMP_ON_LOW
2026-05-13 18:07:27.501,cmmx6howt0000bi1zgfsisou2,59.04203323558161,optimal,91.72,criticalHigh,PUMP_ON_LOW
2026-05-13 18:07:31.586,cmmx6howt0000bi1zgfsisou2,59.04203323558161,optimal,96.52,criticalHigh,PUMP_ON_LOW
2026-05-13 18:07:35.763,cmmx6howt0000bi1zgfsisou2,59.04203323558161,optimal,100.0,criticalHigh,PUMP_ON_LOW
2026-05-13 18:07:39.920,cmmx6howt0000bi1zgfsisou2,58.94428152492668,optimal,95.3,criticalHigh,PUMP_ON_LOW
2026-05-13 18:07:44.039,cmmx6howt0000bi1zgfsisou2,58.94428152492668,optimal,100.0,criticalHigh,PUMP_ON_LOW
2026-05-13 18:07:48.119,cmmx6howt0000bi1zgfsisou2,58.94428152492668,optimal,100.0,criticalHigh,PUMP_ON_LOW
2026-05-13 18:07:52.287,cmmx6howt0000bi1zgfsisou2,58.84652981427174,optimal,100.0,criticalHigh,PUMP_ON_LOW
2026-05-13 18:07:56.406,cmmx6howt0000bi1zgfsisou2,58.94428152492668,optimal,100.0,criticalHigh,PUMP_ON_LOW
2026-05-13 18:08:00.584,cmmx6howt0000bi1zgfsisou2,59.04203323558161,optimal,100.0,criticalHigh,PUMP_ON_LOW
2026-05-13 18:08:04.767,cmmx6howt0000bi1zgfsisou2,58.94428152492668,optimal,100.0,criticalHigh,PUMP_ON_LOW
2026-05-13 18:08:08.935,cmmx6howt0000bi1zgfsisou2,59.04203323558161,optimal,100.0,criticalHigh,PUMP_ON_LOW
2026-05-13 18:08:13.115,cmmx6howt0000bi1zgfsisou2,58.94428152492668,optimal,100.0,criticalHigh,PUMP_ON_LOW
2026-05-13 18:08:17.299,cmmx6howt0000bi1zgfsisou2,58.84652981427174,optimal,100.0,criticalHigh,PUMP_ON_LOW
2026-05-13 18:08:21.447,cmmx6howt0000bi1zgfsisou2,58.94428152492668,optimal,100.0,criticalHigh,PUMP_ON_LOW
2026-05-13 18:08:25.619,cmmx6howt0000bi1zgfsisou2,58.84652981427174,optimal,100.0,criticalHigh,PUMP_ON_LOW
2026-05-13 18:08:30.325,cmmx6howt0000bi1zgfsisou2,58.94428152492668,optimal,100.0,criticalHigh,PUMP_ON_LOW
2026-05-13 18:08:34.639,cmmx6howt0000bi1zgfsisou2,58.94428152492668,optimal,100.0,criticalHigh,PUMP_ON_LOW
2026-05-13 18:08:38.801,cmmx6howt0000bi1zgfsisou2,58.84652981427174,optimal,100.0,criticalHigh,PUMP_ON_LOW
2026-05-13 18:08:42.937,cmmx6howt0000bi1zgfsisou2,59.04203323558161,optimal,100.0,criticalHigh,PUMP_ON_LOW
2026-05-13 18:08:47.093,cmmx6howt0000bi1zgfsisou2,58.94428152492668,optimal,100.0,criticalHigh,PUMP_ON_LOW
2026-05-13 18:08:51.252,cmmx6howt0000bi1zgfsisou2,58.84652981427174,optimal,100.0,criticalHigh,PUMP_ON_LOW
2026-05-13 18:08:55.513,cmmx6howt0000bi1zgfsisou2,58.94428152492668,optimal,100.0,criticalHigh,PUMP_ON_LOW
2026-05-13 18:08:59.672,cmmx6howt0000bi1zgfsisou2,59.04203323558161,optimal,100.0,criticalHigh,PUMP_ON_LOW
2026-05-13 18:09:03.809,cmmx6howt0000bi1zgfsisou2,59.04203323558161,optimal,100.0,criticalHigh,PUMP_ON_LOW
2026-05-13 18:09:07.987,cmmx6howt0000bi1zgfsisou2,59.04203323558161,optimal,100.0,criticalHigh,PUMP_ON_LOW
2026-05-13 18:09:12.138,cmmx6howt0000bi1zgfsisou2,58.84652981427174,optimal,100.0,criticalHigh,PUMP_ON_LOW
2026-05-13 18:09:16.321,cmmx6howt0000bi1zgfsisou2,58.55327468230693,optimal,100.0,criticalHigh,PUMP_ON_LOW
2026-05-13 18:09:20.488,cmmx6howt0000bi1zgfsisou2,59.23753665689149,optimal,100.0,criticalHigh,PUMP_ON_LOW
2026-05-13 18:09:24.647,cmmx6howt0000bi1zgfsisou2,59.13978494623655,optimal,99.57,criticalHigh,PUMP_ON_LOW
2026-05-13 18:09:28.799,cmmx6howt0000bi1zgfsisou2,59.23753665689149,optimal,84.44,high,PUMP_ON_LOW
2026-05-13 18:09:32.902,cmmx6howt0000bi1zgfsisou2,59.04203323558161,optimal,100.0,criticalHigh,PUMP_ON_LOW
2026-05-13 18:09:37.021,cmmx6howt0000bi1zgfsisou2,59.13978494623655,optimal,100.0,criticalHigh,PUMP_ON_LOW
2026-05-13 18:09:41.182,cmmx6howt0000bi1zgfsisou2,59.23753665689149,optimal,100.0,criticalHigh,PUMP_ON_LOW
2026-05-13 18:09:45.356,cmmx6howt0000bi1zgfsisou2,59.23753665689149,optimal,100.0,criticalHigh,PUMP_ON_LOW
2026-05-13 18:09:49.492,cmmx6howt0000bi1zgfsisou2,59.23753665689149,optimal,100.0,criticalHigh,PUMP_ON_LOW
2026-05-13 18:09:53.653,cmmx6howt0000bi1zgfsisou2,59.23753665689149,optimal,100.0,criticalHigh,PUMP_ON_LOW
2026-05-13 18:09:57.752,cmmx6howt0000bi1zgfsisou2,59.23753665689149,optimal,100.0,criticalHigh,PUMP_ON_LOW
2026-05-13 18:10:01.899,cmmx6howt0000bi1zgfsisou2,59.23753665689149,optimal,100.0,criticalHigh,PUMP_ON_LOW
2026-05-13 18:10:06.039,cmmx6howt0000bi1zgfsisou2,59.33528836754643,optimal,100.0,criticalHigh,PUMP_ON_LOW
2026-05-13 18:10:10.185,cmmx6howt0000bi1zgfsisou2,59.23753665689149,optimal,100.0,criticalHigh,PUMP_ON_LOW
2026-05-13 18:10:14.327,cmmx6howt0000bi1zgfsisou2,59.13978494623655,optimal,100.0,criticalHigh,PUMP_ON_LOW
2026-05-13 18:10:18.470,cmmx6howt0000bi1zgfsisou2,59.04203323558161,optimal,100.0,criticalHigh,PUMP_ON_LOW
2026-05-13 18:10:22.636,cmmx6howt0000bi1zgfsisou2,59.13978494623655,optimal,100.0,criticalHigh,PUMP_ON_LOW
2026-05-13 18:10:26.769,cmmx6howt0000bi1zgfsisou2,59.04203323558161,optimal,100.0,criticalHigh,PUMP_ON_LOW
2026-05-13 18:10:30.872,cmmx6howt0000bi1zgfsisou2,58.45552297165199,optimal,100.0,criticalHigh,PUMP_ON_LOW
2026-05-13 18:10:34.958,cmmx6howt0000bi1zgfsisou2,59.04203323558161,optimal,100.0,criticalHigh,PUMP_ON_LOW
2026-05-13 18:10:39.059,cmmx6howt0000bi1zgfsisou2,59.23753665689149,optimal,100.0,criticalHigh,PUMP_ON_LOW
2026-05-13 18:10:43.181,cmmx6howt0000bi1zgfsisou2,59.33528836754643,optimal,100.0,criticalHigh,PUMP_ON_LOW
2026-05-13 18:10:47.318,cmmx6howt0000bi1zgfsisou2,59.43304007820137,optimal,98.0,criticalHigh,PUMP_ON_LOW
2026-05-13 18:10:51.468,cmmx6howt0000bi1zgfsisou2,59.33528836754643,optimal,98.73,criticalHigh,PUMP_ON_LOW
2026-05-13 18:10:55.619,cmmx6howt0000bi1zgfsisou2,59.43304007820137,optimal,98.16,criticalHigh,PUMP_ON_LOW
2026-05-13 18:10:59.752,cmmx6howt0000bi1zgfsisou2,59.53079178885631,optimal,100.0,criticalHigh,PUMP_ON_LOW
2026-05-13 18:11:03.891,cmmx6howt0000bi1zgfsisou2,59.53079178885631,optimal,100.0,criticalHigh,PUMP_ON_LOW
2026-05-13 18:11:08.014,cmmx6howt0000bi1zgfsisou2,59.62854349951125,optimal,98.84,criticalHigh,PUMP_ON_LOW
2026-05-13 18:11:12.162,cmmx6howt0000bi1zgfsisou2,59.62854349951125,optimal,100.0,criticalHigh,PUMP_ON_LOW
2026-05-13 18:11:16.344,cmmx6howt0000bi1zgfsisou2,59.53079178885631,optimal,100.0,criticalHigh,PUMP_ON_LOW
2026-05-13 18:11:20.506,cmmx6howt0000bi1zgfsisou2,59.53079178885631,optimal,98.19,criticalHigh,PUMP_ON_LOW
2026-05-13 18:11:24.668,cmmx6howt0000bi1zgfsisou2,59.53079178885631,optimal,100.0,criticalHigh,PUMP_ON_LOW
2026-05-13 18:11:28.771,cmmx6howt0000bi1zgfsisou2,59.43304007820137,optimal,100.0,criticalHigh,PUMP_ON_LOW
2026-05-13 18:11:32.901,cmmx6howt0000bi1zgfsisou2,59.43304007820137,optimal,100.0,criticalHigh,PUMP_ON_LOW
2026-05-13 18:11:37.063,cmmx6howt0000bi1zgfsisou2,59.53079178885631,optimal,100.0,criticalHigh,PUMP_ON_LOW
2026-05-13 18:11:41.235,cmmx6howt0000bi1zgfsisou2,59.43304007820137,optimal,100.0,criticalHigh,PUMP_ON_LOW
2026-05-13 18:11:45.359,cmmx6howt0000bi1zgfsisou2,59.43304007820137,optimal,99.61,criticalHigh,PUMP_ON_LOW
2026-05-13 18:11:49.499,cmmx6howt0000bi1zgfsisou2,59.53079178885631,optimal,100.0,criticalHigh,PUMP_ON_LOW
2026-05-13 18:11:53.657,cmmx6howt0000bi1zgfsisou2,59.53079178885631,optimal,100.0,criticalHigh,PUMP_ON_LOW
2026-05-13 18:11:57.769,cmmx6howt0000bi1zgfsisou2,59.53079178885631,optimal,100.0,criticalHigh,PUMP_ON_LOW
2026-05-13 18:12:01.901,cmmx6howt0000bi1zgfsisou2,59.53079178885631,optimal,100.0,criticalHigh,PUMP_ON_LOW
2026-05-13 18:12:06.035,cmmx6howt0000bi1zgfsisou2,59.53079178885631,optimal,100.0,criticalHigh,PUMP_ON_LOW
2026-05-13 18:12:10.138,cmmx6howt0000bi1zgfsisou2,59.53079178885631,optimal,100.0,criticalHigh,PUMP_ON_LOW
2026-05-13 18:12:14.292,cmmx6howt0000bi1zgfsisou2,59.53079178885631,optimal,100.0,criticalHigh,PUMP_ON_LOW
2026-05-13 18:12:18.433,cmmx6howt0000bi1zgfsisou2,59.62854349951125,optimal,100.0,criticalHigh,PUMP_ON_LOW
2026-05-13 18:12:22.606,cmmx6howt0000bi1zgfsisou2,59.53079178885631,optimal,100.0,criticalHigh,PUMP_ON_LOW
2026-05-13 18:12:26.793,cmmx6howt0000bi1zgfsisou2,59.53079178885631,optimal,100.0,criticalHigh,PUMP_ON_LOW
2026-05-13 18:12:30.916,cmmx6howt0000bi1zgfsisou2,59.62854349951125,optimal,100.0,criticalHigh,PUMP_ON_LOW
2026-05-13 18:12:35.045,cmmx6howt0000bi1zgfsisou2,59.53079178885631,optimal,100.0,criticalHigh,PUMP_ON_LOW
2026-05-13 18:12:39.183,cmmx6howt0000bi1zgfsisou2,59.62854349951125,optimal,100.0,criticalHigh,PUMP_ON_LOW
2026-05-13 18:12:43.308,cmmx6howt0000bi1zgfsisou2,59.62854349951125,optimal,100.0,criticalHigh,PUMP_ON_LOW
2026-05-13 18:12:47.463,cmmx6howt0000bi1zgfsisou2,59.62854349951125,optimal,100.0,criticalHigh,PUMP_ON_LOW
2026-05-13 18:13:12.341,cmmx6howt0000bi1zgfsisou2,59.62854349951125,optimal,100.0,criticalHigh,PUMP_ON_LOW
2026-05-13 18:13:37.231,cmmx6howt0000bi1zgfsisou2,58.35777126099706,optimal,100.0,criticalHigh,PUMP_ON_LOW
2026-05-13 18:13:41.402,cmmx6howt0000bi1zgfsisou2,59.72629521016618,optimal,58.6,optimal,PUMP_ON_LOW
2026-05-13 18:13:45.535,cmmx6howt0000bi1zgfsisou2,59.92179863147605,optimal,100.0,criticalHigh,PUMP_ON_LOW
2026-05-13 18:13:49.717,cmmx6howt0000bi1zgfsisou2,59.92179863147605,optimal,100.0,criticalHigh,PUMP_ON_LOW
2026-05-13 18:13:53.851,cmmx6howt0000bi1zgfsisou2,59.72629521016618,optimal,98.42,criticalHigh,PUMP_ON_LOW
2026-05-13 18:13:58.017,cmmx6howt0000bi1zgfsisou2,59.82404692082112,optimal,96.75,criticalHigh,PUMP_ON_LOW
2026-05-13 18:14:02.132,cmmx6howt0000bi1zgfsisou2,59.92179863147605,optimal,96.67,criticalHigh,PUMP_ON_LOW
2026-05-13 18:14:06.265,cmmx6howt0000bi1zgfsisou2,60.11730205278592,optimal,96.71,criticalHigh,PUMP_ON_LOW
2026-05-13 18:14:10.439,cmmx6howt0000bi1zgfsisou2,60.3128054740958,optimal,96.82,criticalHigh,PUMP_ON_LOW
2026-05-13 18:14:14.610,cmmx6howt0000bi1zgfsisou2,60.50830889540567,optimal,96.63,criticalHigh,PUMP_ON_LOW
2026-05-13 18:14:18.736,cmmx6howt0000bi1zgfsisou2,60.60606060606061,optimal,96.78,criticalHigh,PUMP_ON_LOW
2026-05-13 18:14:22.844,cmmx6howt0000bi1zgfsisou2,60.60606060606061,optimal,96.78,criticalHigh,PUMP_ON_LOW
2026-05-13 18:14:27.022,cmmx6howt0000bi1zgfsisou2,60.70381231671554,optimal,96.98,criticalHigh,PUMP_ON_LOW
2026-05-13 18:14:31.208,cmmx6howt0000bi1zgfsisou2,60.80156402737048,optimal,98.69,criticalHigh,PUMP_ON_LOW
2026-05-13 18:14:35.366,cmmx6howt0000bi1zgfsisou2,60.80156402737048,optimal,98.69,criticalHigh,PUMP_ON_LOW
2026-05-13 18:14:39.523,cmmx6howt0000bi1zgfsisou2,60.89931573802541,optimal,100.0,criticalHigh,PUMP_ON_LOW
2026-05-13 18:14:43.697,cmmx6howt0000bi1zgfsisou2,61.09481915933529,optimal,100.0,criticalHigh,PUMP_ON_LOW
2026-05-13 18:14:47.832,cmmx6howt0000bi1zgfsisou2,60.99706744868035,optimal,100.0,criticalHigh,PUMP_ON_LOW
2026-05-13 18:14:51.985,cmmx6howt0000bi1zgfsisou2,60.99706744868035,optimal,100.0,criticalHigh,PUMP_ON_LOW
2026-05-13 18:14:56.107,cmmx6howt0000bi1zgfsisou2,60.89931573802541,optimal,100.0,criticalHigh,PUMP_ON_LOW
2026-05-13 18:15:00.251,cmmx6howt0000bi1zgfsisou2,60.80156402737048,optimal,100.0,criticalHigh,PUMP_ON_LOW
2026-05-13 18:15:04.402,cmmx6howt0000bi1zgfsisou2,60.89931573802541,optimal,100.0,criticalHigh,PUMP_ON_LOW
2026-05-13 18:15:08.555,cmmx6howt0000bi1zgfsisou2,60.80156402737048,optimal,100.0,criticalHigh,PUMP_ON_LOW
2026-05-13 18:15:12.690,cmmx6howt0000bi1zgfsisou2,60.80156402737048,optimal,100.0,criticalHigh,PUMP_ON_LOW
2026-05-13 18:15:16.885,cmmx6howt0000bi1zgfsisou2,60.80156402737048,optimal,100.0,criticalHigh,PUMP_ON_LOW
2026-05-13 18:15:21.055,cmmx6howt0000bi1zgfsisou2,60.80156402737048,optimal,100.0,criticalHigh,PUMP_ON_LOW
2026-05-13 18:15:25.202,cmmx6howt0000bi1zgfsisou2,60.70381231671554,optimal,100.0,criticalHigh,PUMP_ON_LOW
2026-05-13 18:15:29.306,cmmx6howt0000bi1zgfsisou2,60.80156402737048,optimal,100.0,criticalHigh,PUMP_ON_LOW
2026-05-13 18:15:33.398,cmmx6howt0000bi1zgfsisou2,60.80156402737048,optimal,100.0,criticalHigh,PUMP_ON_LOW
2026-05-13 18:15:37.545,cmmx6howt0000bi1zgfsisou2,60.89931573802541,optimal,100.0,criticalHigh,PUMP_ON_LOW
2026-05-13 18:15:41.686,cmmx6howt0000bi1zgfsisou2,60.99706744868035,optimal,100.0,criticalHigh,PUMP_ON_LOW
2026-05-13 18:15:45.814,cmmx6howt0000bi1zgfsisou2,60.89931573802541,optimal,100.0,criticalHigh,PUMP_ON_LOW
2026-05-13 18:15:49.927,cmmx6howt0000bi1zgfsisou2,60.99706744868035,optimal,100.0,criticalHigh,PUMP_ON_LOW
2026-05-13 18:15:54.040,cmmx6howt0000bi1zgfsisou2,60.89931573802541,optimal,100.0,criticalHigh,PUMP_ON_LOW
2026-05-13 18:15:58.144,cmmx6howt0000bi1zgfsisou2,60.89931573802541,optimal,100.0,criticalHigh,PUMP_ON_LOW
2026-05-13 18:16:02.257,cmmx6howt0000bi1zgfsisou2,60.89931573802541,optimal,100.0,criticalHigh,PUMP_ON_LOW
2026-05-13 18:16:06.387,cmmx6howt0000bi1zgfsisou2,60.89931573802541,optimal,100.0,criticalHigh,PUMP_ON_LOW
2026-05-13 18:16:10.545,cmmx6howt0000bi1zgfsisou2,60.89931573802541,optimal,100.0,criticalHigh,PUMP_ON_LOW
2026-05-13 18:16:14.685,cmmx6howt0000bi1zgfsisou2,60.89931573802541,optimal,100.0,criticalHigh,PUMP_ON_LOW
2026-05-13 18:16:18.833,cmmx6howt0000bi1zgfsisou2,60.99706744868035,optimal,100.0,criticalHigh,PUMP_ON_LOW
2026-05-13 18:16:23.025,cmmx6howt0000bi1zgfsisou2,60.89931573802541,optimal,100.0,criticalHigh,PUMP_ON_LOW
2026-05-13 18:16:27.167,cmmx6howt0000bi1zgfsisou2,60.89931573802541,optimal,100.0,criticalHigh,PUMP_ON_LOW
2026-05-13 18:16:31.306,cmmx6howt0000bi1zgfsisou2,60.89931573802541,optimal,100.0,criticalHigh,PUMP_ON_LOW
2026-05-13 18:16:35.597,cmmx6howt0000bi1zgfsisou2,60.99706744868035,optimal,100.0,criticalHigh,PUMP_ON_LOW
2026-05-13 18:16:39.760,cmmx6howt0000bi1zgfsisou2,60.99706744868035,optimal,99.61,criticalHigh,PUMP_ON_LOW
2026-05-13 18:16:43.933,cmmx6howt0000bi1zgfsisou2,60.99706744868035,optimal,100.0,criticalHigh,PUMP_ON_LOW
2026-05-13 18:16:48.097,cmmx6howt0000bi1zgfsisou2,61.09481915933529,optimal,100.0,criticalHigh,PUMP_ON_LOW
2026-05-13 18:16:52.290,cmmx6howt0000bi1zgfsisou2,60.99706744868035,optimal,100.0,criticalHigh,PUMP_ON_LOW
2026-05-13 18:16:56.510,cmmx6howt0000bi1zgfsisou2,60.99706744868035,optimal,100.0,criticalHigh,PUMP_ON_LOW
2026-05-13 18:17:00.676,cmmx6howt0000bi1zgfsisou2,60.99706744868035,optimal,100.0,criticalHigh,PUMP_ON_LOW
2026-05-13 18:17:04.840,cmmx6howt0000bi1zgfsisou2,60.99706744868035,optimal,100.0,criticalHigh,PUMP_ON_LOW
2026-05-13 18:17:09.029,cmmx6howt0000bi1zgfsisou2,61.09481915933529,optimal,100.0,criticalHigh,PUMP_ON_LOW
2026-05-13 18:17:13.226,cmmx6howt0000bi1zgfsisou2,60.99706744868035,optimal,100.0,criticalHigh,PUMP_ON_LOW
2026-05-13 18:17:17.401,cmmx6howt0000bi1zgfsisou2,61.09481915933529,optimal,100.0,criticalHigh,PUMP_ON_LOW
2026-05-13 18:17:21.555,cmmx6howt0000bi1zgfsisou2,61.09481915933529,optimal,100.0,criticalHigh,PUMP_ON_LOW
2026-05-13 18:17:25.717,cmmx6howt0000bi1zgfsisou2,61.09481915933529,optimal,100.0,criticalHigh,PUMP_ON_LOW
2026-05-13 18:17:29.894,cmmx6howt0000bi1zgfsisou2,61.09481915933529,optimal,100.0,criticalHigh,PUMP_ON_LOW
2026-05-13 18:17:34.074,cmmx6howt0000bi1zgfsisou2,61.09481915933529,optimal,100.0,criticalHigh,PUMP_ON_LOW
2026-05-13 18:17:38.254,cmmx6howt0000bi1zgfsisou2,61.09481915933529,optimal,100.0,criticalHigh,PUMP_ON_LOW
2026-05-13 18:17:42.458,cmmx6howt0000bi1zgfsisou2,60.99706744868035,optimal,100.0,criticalHigh,PUMP_ON_LOW
2026-05-13 18:17:46.550,cmmx6howt0000bi1zgfsisou2,61.09481915933529,optimal,100.0,criticalHigh,PUMP_ON_LOW
2026-05-13 18:17:50.679,cmmx6howt0000bi1zgfsisou2,61.09481915933529,optimal,100.0,criticalHigh,PUMP_ON_LOW
2026-05-13 18:17:54.805,cmmx6howt0000bi1zgfsisou2,60.99706744868035,optimal,100.0,criticalHigh,PUMP_ON_LOW
2026-05-13 18:17:58.959,cmmx6howt0000bi1zgfsisou2,60.99706744868035,optimal,100.0,criticalHigh,PUMP_ON_LOW
2026-05-13 18:18:03.105,cmmx6howt0000bi1zgfsisou2,61.09481915933529,optimal,100.0,criticalHigh,PUMP_ON_LOW
2026-05-13 18:18:07.224,cmmx6howt0000bi1zgfsisou2,60.99706744868035,optimal,100.0,criticalHigh,PUMP_ON_LOW
2026-05-13 18:18:11.322,cmmx6howt0000bi1zgfsisou2,61.09481915933529,optimal,100.0,criticalHigh,PUMP_ON_LOW
2026-05-13 18:18:15.461,cmmx6howt0000bi1zgfsisou2,62.26783968719452,optimal,98.69,criticalHigh,PUMP_ON_LOW
2026-05-13 18:18:19.601,cmmx6howt0000bi1zgfsisou2,62.07233626588465,optimal,93.13,criticalHigh,PUMP_ON_LOW
2026-05-13 18:18:23.732,cmmx6howt0000bi1zgfsisou2,62.07233626588465,optimal,98.88,criticalHigh,PUMP_ON_LOW
2026-05-13 18:18:27.884,cmmx6howt0000bi1zgfsisou2,62.26783968719452,optimal,98.96,criticalHigh,PUMP_ON_LOW
2026-05-13 18:18:32.031,cmmx6howt0000bi1zgfsisou2,62.36559139784946,optimal,98.92,criticalHigh,PUMP_ON_LOW
2026-05-13 18:18:36.156,cmmx6howt0000bi1zgfsisou2,62.07233626588465,optimal,98.92,criticalHigh,PUMP_ON_LOW
2026-05-13 18:18:40.283,cmmx6howt0000bi1zgfsisou2,61.87683284457478,optimal,100.0,criticalHigh,PUMP_ON_LOW
2026-05-13 18:18:44.422,cmmx6howt0000bi1zgfsisou2,61.77908113391985,optimal,96.06,criticalHigh,PUMP_ON_LOW
2026-05-13 18:18:48.609,cmmx6howt0000bi1zgfsisou2,61.97458455522972,optimal,93.13,criticalHigh,PUMP_ON_LOW
2026-05-13 18:18:52.730,cmmx6howt0000bi1zgfsisou2,61.87683284457478,optimal,93.13,criticalHigh,PUMP_ON_LOW
2026-05-13 18:18:56.908,cmmx6howt0000bi1zgfsisou2,61.97458455522972,optimal,93.09,criticalHigh,PUMP_ON_LOW
2026-05-13 18:19:01.054,cmmx6howt0000bi1zgfsisou2,61.97458455522972,optimal,93.05,criticalHigh,PUMP_ON_LOW
2026-05-13 18:19:05.212,cmmx6howt0000bi1zgfsisou2,61.97458455522972,optimal,93.13,criticalHigh,PUMP_ON_LOW
2026-05-13 18:19:09.364,cmmx6howt0000bi1zgfsisou2,61.97458455522972,optimal,93.13,criticalHigh,PUMP_ON_LOW
2026-05-13 18:19:13.483,cmmx6howt0000bi1zgfsisou2,61.97458455522972,optimal,93.16,criticalHigh,PUMP_ON_LOW
2026-05-13 18:19:17.642,cmmx6howt0000bi1zgfsisou2,62.17008797653959,optimal,93.09,criticalHigh,PUMP_ON_LOW
2026-05-13 18:19:21.793,cmmx6howt0000bi1zgfsisou2,62.07233626588465,optimal,96.02,criticalHigh,PUMP_ON_LOW
2026-05-13 18:19:25.908,cmmx6howt0000bi1zgfsisou2,62.07233626588465,optimal,92.86,criticalHigh,PUMP_ON_LOW
2026-05-13 18:19:30.048,cmmx6howt0000bi1zgfsisou2,62.36559139784946,optimal,100.0,criticalHigh,PUMP_ON_LOW
2026-05-13 18:19:34.195,cmmx6howt0000bi1zgfsisou2,62.36559139784946,optimal,100.0,criticalHigh,PUMP_ON_LOW
2026-05-13 18:19:38.314,cmmx6howt0000bi1zgfsisou2,62.4633431085044,optimal,100.0,criticalHigh,PUMP_ON_LOW
2026-05-13 18:19:42.423,cmmx6howt0000bi1zgfsisou2,62.36559139784946,optimal,95.95,criticalHigh,PUMP_ON_LOW
2026-05-13 18:19:46.586,cmmx6howt0000bi1zgfsisou2,62.36559139784946,optimal,97.24,criticalHigh,PUMP_ON_LOW
2026-05-13 18:19:50.709,cmmx6howt0000bi1zgfsisou2,62.36559139784946,optimal,100.0,criticalHigh,PUMP_ON_LOW
2026-05-13 18:19:54.818,cmmx6howt0000bi1zgfsisou2,62.36559139784946,optimal,100.0,criticalHigh,PUMP_ON_LOW
2026-05-13 18:19:58.926,cmmx6howt0000bi1zgfsisou2,61.77908113391985,optimal,100.0,criticalHigh,PUMP_ON_LOW
2026-05-13 18:20:03.032,cmmx6howt0000bi1zgfsisou2,61.68132942326491,optimal,100.0,criticalHigh,PUMP_ON_LOW
2026-05-13 18:20:07.109,cmmx6howt0000bi1zgfsisou2,61.97458455522972,optimal,100.0,criticalHigh,PUMP_ON_LOW
2026-05-13 18:20:11.210,cmmx6howt0000bi1zgfsisou2,61.97458455522972,optimal,100.0,criticalHigh,PUMP_ON_LOW
2026-05-13 18:20:15.362,cmmx6howt0000bi1zgfsisou2,61.87683284457478,optimal,100.0,criticalHigh,PUMP_ON_LOW
2026-05-13 18:20:19.489,cmmx6howt0000bi1zgfsisou2,61.97458455522972,optimal,100.0,criticalHigh,PUMP_ON_LOW
2026-05-13 18:20:23.630,cmmx6howt0000bi1zgfsisou2,61.97458455522972,optimal,100.0,criticalHigh,PUMP_ON_LOW
2026-05-13 18:20:27.796,cmmx6howt0000bi1zgfsisou2,61.97458455522972,optimal,100.0,criticalHigh,PUMP_ON_LOW
2026-05-13 18:20:31.947,cmmx6howt0000bi1zgfsisou2,61.87683284457478,optimal,100.0,criticalHigh,PUMP_ON_LOW
2026-05-13 18:20:36.100,cmmx6howt0000bi1zgfsisou2,61.97458455522972,optimal,100.0,criticalHigh,PUMP_ON_LOW
2026-05-13 18:20:40.201,cmmx6howt0000bi1zgfsisou2,61.77908113391985,optimal,100.0,criticalHigh,PUMP_ON_LOW
2026-05-13 18:20:44.324,cmmx6howt0000bi1zgfsisou2,62.4633431085044,optimal,100.0,criticalHigh,PUMP_ON_LOW
2026-05-13 18:20:48.439,cmmx6howt0000bi1zgfsisou2,62.56109481915934,optimal,100.0,criticalHigh,PUMP_ON_LOW
2026-05-13 18:20:52.604,cmmx6howt0000bi1zgfsisou2,62.75659824046921,optimal,100.0,criticalHigh,PUMP_ON_LOW
2026-05-13 18:20:56.750,cmmx6howt0000bi1zgfsisou2,62.85434995112414,optimal,100.0,criticalHigh,PUMP_ON_LOW
2026-05-13 18:21:00.849,cmmx6howt0000bi1zgfsisou2,62.85434995112414,optimal,100.0,criticalHigh,PUMP_ON_LOW
2026-05-13 18:21:04.999,cmmx6howt0000bi1zgfsisou2,62.85434995112414,optimal,100.0,criticalHigh,PUMP_ON_LOW
2026-05-13 18:21:09.114,cmmx6howt0000bi1zgfsisou2,62.85434995112414,optimal,100.0,criticalHigh,PUMP_ON_LOW
2026-05-13 18:21:13.280,cmmx6howt0000bi1zgfsisou2,62.85434995112414,optimal,100.0,criticalHigh,PUMP_ON_LOW
2026-05-13 18:21:17.437,cmmx6howt0000bi1zgfsisou2,62.4633431085044,optimal,100.0,criticalHigh,PUMP_ON_LOW
2026-05-13 18:21:21.548,cmmx6howt0000bi1zgfsisou2,62.75659824046921,optimal,100.0,criticalHigh,PUMP_ON_LOW
2026-05-13 18:21:25.657,cmmx6howt0000bi1zgfsisou2,62.75659824046921,optimal,100.0,criticalHigh,PUMP_ON_LOW
2026-05-13 18:21:29.767,cmmx6howt0000bi1zgfsisou2,62.75659824046921,optimal,100.0,criticalHigh,PUMP_ON_LOW
2026-05-13 18:21:33.861,cmmx6howt0000bi1zgfsisou2,62.4633431085044,optimal,100.0,criticalHigh,PUMP_ON_LOW
2026-05-13 18:21:37.961,cmmx6howt0000bi1zgfsisou2,62.4633431085044,optimal,100.0,criticalHigh,PUMP_ON_LOW
2026-05-13 18:21:42.100,cmmx6howt0000bi1zgfsisou2,62.4633431085044,optimal,100.0,criticalHigh,PUMP_ON_LOW
2026-05-13 18:21:46.421,cmmx6howt0000bi1zgfsisou2,62.07233626588465,optimal,100.0,criticalHigh,PUMP_ON_LOW
2026-05-13 18:21:50.527,cmmx6howt0000bi1zgfsisou2,61.87683284457478,optimal,100.0,criticalHigh,PUMP_ON_LOW
2026-05-13 18:21:54.621,cmmx6howt0000bi1zgfsisou2,61.87683284457478,optimal,100.0,criticalHigh,PUMP_ON_LOW
2026-05-13 18:21:58.718,cmmx6howt0000bi1zgfsisou2,61.97458455522972,optimal,100.0,criticalHigh,PUMP_ON_LOW
2026-05-13 18:22:02.833,cmmx6howt0000bi1zgfsisou2,61.77908113391985,optimal,100.0,criticalHigh,PUMP_ON_LOW
2026-05-13 18:22:06.968,cmmx6howt0000bi1zgfsisou2,61.48582600195503,optimal,100.0,criticalHigh,PUMP_ON_LOW
2026-05-13 18:22:11.106,cmmx6howt0000bi1zgfsisou2,61.3880742913001,optimal,100.0,criticalHigh,PUMP_ON_LOW
2026-05-13 18:22:15.229,cmmx6howt0000bi1zgfsisou2,61.48582600195503,optimal,100.0,criticalHigh,PUMP_ON_LOW
2026-05-13 18:22:19.404,cmmx6howt0000bi1zgfsisou2,61.3880742913001,optimal,100.0,criticalHigh,PUMP_ON_LOW
2026-05-13 18:22:23.559,cmmx6howt0000bi1zgfsisou2,61.3880742913001,optimal,100.0,criticalHigh,PUMP_ON_LOW
2026-05-13 18:22:27.742,cmmx6howt0000bi1zgfsisou2,61.58357771260997,optimal,100.0,criticalHigh,PUMP_ON_LOW
2026-05-13 18:22:31.947,cmmx6howt0000bi1zgfsisou2,61.58357771260997,optimal,100.0,criticalHigh,PUMP_ON_LOW
2026-05-13 18:22:36.103,cmmx6howt0000bi1zgfsisou2,61.68132942326491,optimal,100.0,criticalHigh,PUMP_ON_LOW
2026-05-13 18:22:40.260,cmmx6howt0000bi1zgfsisou2,61.58357771260997,optimal,100.0,criticalHigh,PUMP_ON_LOW
2026-05-13 18:22:44.399,cmmx6howt0000bi1zgfsisou2,61.3880742913001,optimal,100.0,criticalHigh,PUMP_ON_LOW
2026-05-13 18:22:48.522,cmmx6howt0000bi1zgfsisou2,61.48582600195503,optimal,100.0,criticalHigh,PUMP_ON_LOW
2026-05-13 18:22:52.647,cmmx6howt0000bi1zgfsisou2,61.48582600195503,optimal,100.0,criticalHigh,PUMP_ON_LOW
2026-05-13 18:22:56.795,cmmx6howt0000bi1zgfsisou2,61.3880742913001,optimal,100.0,criticalHigh,PUMP_ON_LOW
2026-05-13 18:23:00.935,cmmx6howt0000bi1zgfsisou2,61.48582600195503,optimal,100.0,criticalHigh,PUMP_ON_LOW
2026-05-13 18:23:05.127,cmmx6howt0000bi1zgfsisou2,61.48582600195503,optimal,100.0,criticalHigh,PUMP_ON_LOW
2026-05-13 18:23:09.290,cmmx6howt0000bi1zgfsisou2,61.58357771260997,optimal,100.0,criticalHigh,PUMP_ON_LOW
2026-05-13 18:23:13.413,cmmx6howt0000bi1zgfsisou2,61.77908113391985,optimal,100.0,criticalHigh,PUMP_ON_LOW
2026-05-13 18:23:17.525,cmmx6howt0000bi1zgfsisou2,61.77908113391985,optimal,100.0,criticalHigh,PUMP_ON_LOW
2026-05-13 18:23:21.623,cmmx6howt0000bi1zgfsisou2,61.77908113391985,optimal,100.0,criticalHigh,PUMP_ON_LOW
2026-05-13 18:23:25.787,cmmx6howt0000bi1zgfsisou2,61.87683284457478,optimal,100.0,criticalHigh,PUMP_ON_LOW
2026-05-13 18:23:29.942,cmmx6howt0000bi1zgfsisou2,61.87683284457478,optimal,100.0,criticalHigh,PUMP_ON_LOW
2026-05-13 18:23:34.103,cmmx6howt0000bi1zgfsisou2,61.97458455522972,optimal,100.0,criticalHigh,PUMP_ON_LOW
2026-05-13 18:23:38.280,cmmx6howt0000bi1zgfsisou2,62.07233626588465,optimal,100.0,criticalHigh,PUMP_ON_LOW
2026-05-13 18:23:42.462,cmmx6howt0000bi1zgfsisou2,62.07233626588465,optimal,100.0,criticalHigh,PUMP_ON_LOW
2026-05-13 18:23:46.659,cmmx6howt0000bi1zgfsisou2,62.07233626588465,optimal,100.0,criticalHigh,PUMP_ON_LOW
2026-05-13 18:23:50.827,cmmx6howt0000bi1zgfsisou2,62.36559139784946,optimal,100.0,criticalHigh,PUMP_ON_LOW
2026-05-13 18:23:55.055,cmmx6howt0000bi1zgfsisou2,62.17008797653959,optimal,100.0,criticalHigh,PUMP_ON_LOW
2026-05-13 18:23:59.198,cmmx6howt0000bi1zgfsisou2,61.97458455522972,optimal,100.0,criticalHigh,PUMP_ON_LOW
2026-05-13 18:24:03.357,cmmx6howt0000bi1zgfsisou2,62.07233626588465,optimal,100.0,criticalHigh,PUMP_ON_LOW
2026-05-13 18:24:07.537,cmmx6howt0000bi1zgfsisou2,62.07233626588465,optimal,100.0,criticalHigh,PUMP_ON_LOW
2026-05-13 18:24:11.709,cmmx6howt0000bi1zgfsisou2,62.26783968719452,optimal,100.0,criticalHigh,PUMP_ON_LOW
2026-05-13 18:24:15.864,cmmx6howt0000bi1zgfsisou2,62.56109481915934,optimal,100.0,criticalHigh,PUMP_ON_LOW
2026-05-13 18:24:20.008,cmmx6howt0000bi1zgfsisou2,62.4633431085044,optimal,100.0,criticalHigh,PUMP_ON_LOW
2026-05-13 18:24:24.176,cmmx6howt0000bi1zgfsisou2,62.36559139784946,optimal,100.0,criticalHigh,PUMP_ON_LOW
2026-05-13 18:24:28.286,cmmx6howt0000bi1zgfsisou2,62.17008797653959,optimal,100.0,criticalHigh,PUMP_ON_LOW
2026-05-13 18:24:32.446,cmmx6howt0000bi1zgfsisou2,62.56109481915934,optimal,100.0,criticalHigh,PUMP_ON_LOW
2026-05-13 18:24:36.558,cmmx6howt0000bi1zgfsisou2,62.56109481915934,optimal,100.0,criticalHigh,PUMP_ON_LOW
2026-05-13 18:24:40.704,cmmx6howt0000bi1zgfsisou2,62.75659824046921,optimal,100.0,criticalHigh,PUMP_ON_LOW
2026-05-13 18:24:44.836,cmmx6howt0000bi1zgfsisou2,62.85434995112414,optimal,100.0,criticalHigh,PUMP_ON_LOW
2026-05-13 18:24:49.012,cmmx6howt0000bi1zgfsisou2,62.65884652981427,optimal,100.0,criticalHigh,PUMP_ON_LOW
2026-05-13 18:24:53.176,cmmx6howt0000bi1zgfsisou2,62.65884652981427,optimal,100.0,criticalHigh,PUMP_ON_LOW
2026-05-13 18:24:57.303,cmmx6howt0000bi1zgfsisou2,62.75659824046921,optimal,100.0,criticalHigh,PUMP_ON_LOW
2026-05-13 18:25:01.448,cmmx6howt0000bi1zgfsisou2,62.65884652981427,optimal,100.0,criticalHigh,PUMP_ON_LOW
2026-05-13 18:25:05.609,cmmx6howt0000bi1zgfsisou2,62.65884652981427,optimal,100.0,criticalHigh,PUMP_ON_LOW
2026-05-13 18:25:09.773,cmmx6howt0000bi1zgfsisou2,62.75659824046921,optimal,100.0,criticalHigh,PUMP_ON_LOW
2026-05-13 18:25:13.906,cmmx6howt0000bi1zgfsisou2,63.14760508308895,optimal,100.0,criticalHigh,PUMP_ON_LOW
2026-05-13 18:25:18.056,cmmx6howt0000bi1zgfsisou2,62.85434995112414,optimal,100.0,criticalHigh,PUMP_ON_LOW
2026-05-13 18:25:22.161,cmmx6howt0000bi1zgfsisou2,63.04985337243401,optimal,100.0,criticalHigh,PUMP_ON_LOW
2026-05-13 18:25:26.284,cmmx6howt0000bi1zgfsisou2,63.04985337243401,optimal,100.0,criticalHigh,PUMP_ON_LOW
2026-05-13 18:25:30.437,cmmx6howt0000bi1zgfsisou2,63.44086021505376,optimal,100.0,criticalHigh,PUMP_ON_LOW
2026-05-13 18:25:34.602,cmmx6howt0000bi1zgfsisou2,63.34310850439883,optimal,93.13,criticalHigh,PUMP_ON_LOW
2026-05-13 18:25:38.771,cmmx6howt0000bi1zgfsisou2,63.44086021505376,optimal,100.0,criticalHigh,PUMP_ON_LOW
2026-05-13 18:25:42.922,cmmx6howt0000bi1zgfsisou2,63.34310850439883,optimal,99.45,criticalHigh,PUMP_ON_LOW
2026-05-13 18:25:47.062,cmmx6howt0000bi1zgfsisou2,63.44086021505376,optimal,98.23,criticalHigh,PUMP_ON_LOW
2026-05-13 18:25:51.199,cmmx6howt0000bi1zgfsisou2,63.34310850439883,optimal,100.0,criticalHigh,PUMP_ON_LOW
2026-05-13 18:25:55.375,cmmx6howt0000bi1zgfsisou2,63.34310850439883,optimal,100.0,criticalHigh,PUMP_ON_LOW
2026-05-13 18:25:59.496,cmmx6howt0000bi1zgfsisou2,63.34310850439883,optimal,74.11,optimal,PUMP_ON_LOW
2026-05-13 18:26:03.646,cmmx6howt0000bi1zgfsisou2,63.44086021505376,optimal,91.11,criticalHigh,PUMP_ON_LOW
2026-05-13 18:26:07.788,cmmx6howt0000bi1zgfsisou2,63.24535679374389,optimal,93.13,criticalHigh,PUMP_ON_LOW
2026-05-13 18:26:11.940,cmmx6howt0000bi1zgfsisou2,63.24535679374389,optimal,93.16,criticalHigh,PUMP_ON_LOW
2026-05-13 18:26:16.099,cmmx6howt0000bi1zgfsisou2,63.44086021505376,optimal,93.09,criticalHigh,PUMP_ON_LOW
2026-05-13 18:26:20.280,cmmx6howt0000bi1zgfsisou2,62.36559139784946,optimal,94.57,criticalHigh,PUMP_ON_LOW
2026-05-13 18:26:24.444,cmmx6howt0000bi1zgfsisou2,62.65884652981427,optimal,91.94,criticalHigh,PUMP_ON_LOW
2026-05-13 18:26:28.634,cmmx6howt0000bi1zgfsisou2,63.44086021505376,optimal,88.78,high,PUMP_ON_LOW
2026-05-13 18:26:32.768,cmmx6howt0000bi1zgfsisou2,62.75659824046921,optimal,88.97,high,PUMP_ON_LOW
2026-05-13 18:26:36.921,cmmx6howt0000bi1zgfsisou2,62.85434995112414,optimal,86.61,high,PUMP_ON_LOW
2026-05-13 18:26:41.033,cmmx6howt0000bi1zgfsisou2,62.95210166177908,optimal,92.55,criticalHigh,PUMP_ON_LOW
2026-05-13 18:26:45.165,cmmx6howt0000bi1zgfsisou2,63.24535679374389,optimal,90.88,criticalHigh,PUMP_ON_LOW
2026-05-13 18:26:49.329,cmmx6howt0000bi1zgfsisou2,63.24535679374389,optimal,88.71,high,PUMP_ON_LOW
2026-05-13 18:26:53.449,cmmx6howt0000bi1zgfsisou2,63.44086021505376,optimal,89.01,high,PUMP_ON_LOW
2026-05-13 18:26:57.560,cmmx6howt0000bi1zgfsisou2,63.34310850439883,optimal,88.71,high,PUMP_ON_LOW
2026-05-13 18:27:01.717,cmmx6howt0000bi1zgfsisou2,63.34310850439883,optimal,91.64,criticalHigh,PUMP_ON_LOW
2026-05-13 18:27:05.865,cmmx6howt0000bi1zgfsisou2,63.5386119257087,optimal,88.93,high,PUMP_ON_LOW
2026-05-13 18:27:10.014,cmmx6howt0000bi1zgfsisou2,63.5386119257087,optimal,84.13,high,PUMP_ON_LOW
2026-05-13 18:27:14.158,cmmx6howt0000bi1zgfsisou2,63.5386119257087,optimal,88.82,high,PUMP_ON_LOW
2026-05-13 18:27:18.277,cmmx6howt0000bi1zgfsisou2,63.5386119257087,optimal,88.78,high,PUMP_ON_LOW
2026-05-13 18:27:22.439,cmmx6howt0000bi1zgfsisou2,63.5386119257087,optimal,91.87,criticalHigh,PUMP_ON_LOW
2026-05-13 18:27:26.579,cmmx6howt0000bi1zgfsisou2,63.63636363636363,optimal,89.51,high,PUMP_ON_LOW
2026-05-13 18:27:30.704,cmmx6howt0000bi1zgfsisou2,63.63636363636363,optimal,89.77,high,PUMP_ON_LOW
2026-05-13 18:27:34.799,cmmx6howt0000bi1zgfsisou2,63.63636363636363,optimal,89.31,high,PUMP_ON_LOW
2026-05-13 18:27:38.934,cmmx6howt0000bi1zgfsisou2,63.63636363636363,optimal,86.61,high,PUMP_ON_LOW
2026-05-13 18:27:43.084,cmmx6howt0000bi1zgfsisou2,63.44086021505376,optimal,86.88,high,PUMP_ON_LOW
2026-05-13 18:27:47.246,cmmx6howt0000bi1zgfsisou2,63.5386119257087,optimal,91.45,criticalHigh,PUMP_ON_LOW
2026-05-13 18:27:51.391,cmmx6howt0000bi1zgfsisou2,63.5386119257087,optimal,92.44,criticalHigh,PUMP_ON_LOW
2026-05-13 18:27:55.528,cmmx6howt0000bi1zgfsisou2,63.5386119257087,optimal,86.57,high,PUMP_ON_LOW
2026-05-13 18:27:59.675,cmmx6howt0000bi1zgfsisou2,63.63636363636363,optimal,86.84,high,PUMP_ON_LOW
2026-05-13 18:28:03.844,cmmx6howt0000bi1zgfsisou2,63.5386119257087,optimal,86.65,high,PUMP_ON_LOW
2026-05-13 18:28:07.973,cmmx6howt0000bi1zgfsisou2,63.34310850439883,optimal,86.84,high,PUMP_ON_LOW
2026-05-13 18:28:12.156,cmmx6howt0000bi1zgfsisou2,63.34310850439883,optimal,86.65,high,PUMP_ON_LOW
2026-05-13 18:28:16.309,cmmx6howt0000bi1zgfsisou2,63.44086021505376,optimal,86.8,high,PUMP_ON_LOW
2026-05-13 18:28:20.415,cmmx6howt0000bi1zgfsisou2,63.5386119257087,optimal,84.36,high,PUMP_ON_LOW
2026-05-13 18:28:24.567,cmmx6howt0000bi1zgfsisou2,63.63636363636363,optimal,84.63,high,PUMP_ON_LOW
2026-05-13 18:28:28.698,cmmx6howt0000bi1zgfsisou2,63.63636363636363,optimal,86.61,high,PUMP_ON_LOW
2026-05-13 18:28:32.914,cmmx6howt0000bi1zgfsisou2,63.83186705767351,optimal,86.88,high,PUMP_ON_LOW
2026-05-13 18:28:37.035,cmmx6howt0000bi1zgfsisou2,64.02737047898339,optimal,86.3,high,PUMP_ON_LOW
2026-05-13 18:28:41.202,cmmx6howt0000bi1zgfsisou2,64.02737047898339,optimal,82.53,high,PUMP_ON_LOW
2026-05-13 18:28:45.373,cmmx6howt0000bi1zgfsisou2,64.02737047898339,optimal,82.23,high,PUMP_ON_LOW
2026-05-13 18:28:49.513,cmmx6howt0000bi1zgfsisou2,63.92961876832845,optimal,82.26,high,PUMP_ON_LOW
2026-05-13 18:28:53.649,cmmx6howt0000bi1zgfsisou2,64.02737047898339,optimal,82.04,high,PUMP_ON_LOW
2026-05-13 18:28:57.781,cmmx6howt0000bi1zgfsisou2,64.02737047898339,optimal,84.63,high,PUMP_ON_LOW
2026-05-13 18:29:01.926,cmmx6howt0000bi1zgfsisou2,63.92961876832845,optimal,89.35,high,PUMP_ON_LOW
2026-05-13 18:29:06.111,cmmx6howt0000bi1zgfsisou2,63.92961876832845,optimal,82.53,high,PUMP_ON_LOW
2026-05-13 18:29:10.287,cmmx6howt0000bi1zgfsisou2,63.92961876832845,optimal,86.53,high,PUMP_ON_LOW
2026-05-13 18:29:14.465,cmmx6howt0000bi1zgfsisou2,63.73411534701857,optimal,87.33,high,PUMP_ON_LOW
2026-05-13 18:29:18.620,cmmx6howt0000bi1zgfsisou2,63.83186705767351,optimal,89.73,high,PUMP_ON_LOW
2026-05-13 18:29:22.771,cmmx6howt0000bi1zgfsisou2,63.73411534701857,optimal,82.26,high,PUMP_ON_LOW
2026-05-13 18:29:26.905,cmmx6howt0000bi1zgfsisou2,63.63636363636363,optimal,82.49,high,PUMP_ON_LOW
2026-05-13 18:29:31.014,cmmx6howt0000bi1zgfsisou2,63.73411534701857,optimal,92.4,criticalHigh,PUMP_ON_LOW
2026-05-13 18:29:35.148,cmmx6howt0000bi1zgfsisou2,63.73411534701857,optimal,92.36,criticalHigh,PUMP_ON_LOW
2026-05-13 18:29:39.288,cmmx6howt0000bi1zgfsisou2,63.63636363636363,optimal,84.63,high,PUMP_ON_LOW
2026-05-13 18:29:43.460,cmmx6howt0000bi1zgfsisou2,63.63636363636363,optimal,90.27,criticalHigh,PUMP_ON_LOW
2026-05-13 18:29:47.651,cmmx6howt0000bi1zgfsisou2,63.63636363636363,optimal,87.6,high,PUMP_ON_LOW
2026-05-13 18:29:51.817,cmmx6howt0000bi1zgfsisou2,63.5386119257087,optimal,89.2,high,PUMP_ON_LOW
2026-05-13 18:29:55.933,cmmx6howt0000bi1zgfsisou2,63.44086021505376,optimal,84.67,high,PUMP_ON_LOW
2026-05-13 18:30:00.096,cmmx6howt0000bi1zgfsisou2,63.24535679374389,optimal,82.07,high,PUMP_ON_LOW
2026-05-13 18:30:04.224,cmmx6howt0000bi1zgfsisou2,63.14760508308895,optimal,86.57,high,PUMP_ON_LOW
2026-05-13 18:30:08.371,cmmx6howt0000bi1zgfsisou2,63.14760508308895,optimal,89.28,high,PUMP_ON_LOW
2026-05-13 18:30:12.535,cmmx6howt0000bi1zgfsisou2,63.14760508308895,optimal,92.17,criticalHigh,PUMP_ON_LOW
2026-05-13 18:30:16.682,cmmx6howt0000bi1zgfsisou2,63.14760508308895,optimal,84.67,high,PUMP_ON_LOW
2026-05-13 18:30:20.808,cmmx6howt0000bi1zgfsisou2,63.14760508308895,optimal,82.0,high,PUMP_ON_LOW
2026-05-13 18:30:24.950,cmmx6howt0000bi1zgfsisou2,63.04985337243401,optimal,82.38,high,PUMP_ON_LOW
2026-05-13 18:30:29.121,cmmx6howt0000bi1zgfsisou2,63.04985337243401,optimal,85.31,high,PUMP_ON_LOW
2026-05-13 18:30:33.252,cmmx6howt0000bi1zgfsisou2,63.04985337243401,optimal,82.23,high,PUMP_ON_LOW
2026-05-13 18:30:37.398,cmmx6howt0000bi1zgfsisou2,63.04985337243401,optimal,82.07,high,PUMP_ON_LOW
2026-05-13 18:30:41.515,cmmx6howt0000bi1zgfsisou2,63.04985337243401,optimal,82.23,high,PUMP_ON_LOW
2026-05-13 18:30:45.653,cmmx6howt0000bi1zgfsisou2,63.04985337243401,optimal,82.53,high,PUMP_ON_LOW
2026-05-13 18:30:49.800,cmmx6howt0000bi1zgfsisou2,63.04985337243401,optimal,82.53,high,PUMP_ON_LOW
2026-05-13 18:30:53.979,cmmx6howt0000bi1zgfsisou2,62.95210166177908,optimal,84.44,high,PUMP_ON_LOW
2026-05-13 18:30:58.127,cmmx6howt0000bi1zgfsisou2,62.95210166177908,optimal,92.36,criticalHigh,PUMP_ON_LOW
2026-05-13 18:31:02.275,cmmx6howt0000bi1zgfsisou2,62.95210166177908,optimal,89.54,high,PUMP_ON_LOW
2026-05-13 18:31:06.422,cmmx6howt0000bi1zgfsisou2,62.85434995112414,optimal,84.63,high,PUMP_ON_LOW
2026-05-13 18:31:10.591,cmmx6howt0000bi1zgfsisou2,62.75659824046921,optimal,82.07,high,PUMP_ON_LOW
2026-05-13 18:31:14.698,cmmx6howt0000bi1zgfsisou2,62.75659824046921,optimal,82.49,high,PUMP_ON_LOW
2026-05-13 18:31:18.847,cmmx6howt0000bi1zgfsisou2,62.75659824046921,optimal,82.3,high,PUMP_ON_LOW
2026-05-13 18:31:22.992,cmmx6howt0000bi1zgfsisou2,62.75659824046921,optimal,85.16,high,PUMP_ON_LOW
2026-05-13 18:31:27.140,cmmx6howt0000bi1zgfsisou2,62.75659824046921,optimal,82.26,high,PUMP_ON_LOW
2026-05-13 18:31:31.253,cmmx6howt0000bi1zgfsisou2,62.65884652981427,optimal,90.23,criticalHigh,PUMP_ON_LOW
2026-05-13 18:31:35.349,cmmx6howt0000bi1zgfsisou2,62.65884652981427,optimal,92.36,criticalHigh,PUMP_ON_LOW
2026-05-13 18:31:39.500,cmmx6howt0000bi1zgfsisou2,62.65884652981427,optimal,92.4,criticalHigh,PUMP_ON_LOW
2026-05-13 18:31:43.637,cmmx6howt0000bi1zgfsisou2,62.65884652981427,optimal,82.26,high,PUMP_ON_LOW
2026-05-13 18:31:47.804,cmmx6howt0000bi1zgfsisou2,62.65884652981427,optimal,82.45,high,PUMP_ON_LOW
2026-05-13 18:31:51.969,cmmx6howt0000bi1zgfsisou2,62.65884652981427,optimal,82.45,high,PUMP_ON_LOW
2026-05-13 18:31:56.144,cmmx6howt0000bi1zgfsisou2,62.65884652981427,optimal,85.31,high,PUMP_ON_LOW
2026-05-13 18:32:00.299,cmmx6howt0000bi1zgfsisou2,62.65884652981427,optimal,82.07,high,PUMP_ON_LOW
2026-05-13 18:32:04.423,cmmx6howt0000bi1zgfsisou2,62.65884652981427,optimal,82.07,high,PUMP_ON_LOW
2026-05-13 18:32:08.575,cmmx6howt0000bi1zgfsisou2,62.65884652981427,optimal,82.07,high,PUMP_ON_LOW
2026-05-13 18:32:12.734,cmmx6howt0000bi1zgfsisou2,62.65884652981427,optimal,84.25,high,PUMP_ON_LOW
2026-05-13 18:32:16.900,cmmx6howt0000bi1zgfsisou2,62.65884652981427,optimal,82.04,high,PUMP_ON_LOW
2026-05-13 18:32:21.065,cmmx6howt0000bi1zgfsisou2,62.56109481915934,optimal,82.07,high,PUMP_ON_LOW
2026-05-13 18:32:25.250,cmmx6howt0000bi1zgfsisou2,62.56109481915934,optimal,82.07,high,PUMP_ON_LOW
2026-05-13 18:32:29.415,cmmx6howt0000bi1zgfsisou2,62.65884652981427,optimal,86.65,high,PUMP_ON_LOW
2026-05-13 18:32:33.553,cmmx6howt0000bi1zgfsisou2,62.65884652981427,optimal,84.47,high,PUMP_ON_LOW
2026-05-13 18:32:37.701,cmmx6howt0000bi1zgfsisou2,62.65884652981427,optimal,82.49,high,PUMP_ON_LOW
2026-05-13 18:32:41.816,cmmx6howt0000bi1zgfsisou2,62.4633431085044,optimal,82.53,high,PUMP_ON_LOW
2026-05-13 18:32:45.993,cmmx6howt0000bi1zgfsisou2,62.65884652981427,optimal,84.36,high,PUMP_ON_LOW
2026-05-13 18:32:50.137,cmmx6howt0000bi1zgfsisou2,62.65884652981427,optimal,82.49,high,PUMP_ON_LOW
2026-05-13 18:32:54.301,cmmx6howt0000bi1zgfsisou2,62.65884652981427,optimal,84.44,high,PUMP_ON_LOW
2026-05-13 18:32:58.442,cmmx6howt0000bi1zgfsisou2,62.56109481915934,optimal,82.23,high,PUMP_ON_LOW
2026-05-13 18:33:02.635,cmmx6howt0000bi1zgfsisou2,62.75659824046921,optimal,82.49,high,PUMP_ON_LOW
2026-05-13 18:33:06.787,cmmx6howt0000bi1zgfsisou2,62.75659824046921,optimal,82.42,high,PUMP_ON_LOW
2026-05-13 18:33:10.941,cmmx6howt0000bi1zgfsisou2,62.65884652981427,optimal,82.0,high,PUMP_ON_LOW
2026-05-13 18:33:15.098,cmmx6howt0000bi1zgfsisou2,62.65884652981427,optimal,82.49,high,PUMP_ON_LOW
2026-05-13 18:33:19.254,cmmx6howt0000bi1zgfsisou2,62.65884652981427,optimal,84.36,high,PUMP_ON_LOW
2026-05-13 18:33:23.410,cmmx6howt0000bi1zgfsisou2,62.75659824046921,optimal,89.54,high,PUMP_ON_LOW
2026-05-13 18:33:27.519,cmmx6howt0000bi1zgfsisou2,62.65884652981427,optimal,84.67,high,PUMP_ON_LOW
2026-05-13 18:33:31.686,cmmx6howt0000bi1zgfsisou2,62.56109481915934,optimal,82.26,high,PUMP_ON_LOW
2026-05-13 18:33:35.820,cmmx6howt0000bi1zgfsisou2,62.65884652981427,optimal,82.49,high,PUMP_ON_LOW
2026-05-13 18:33:39.966,cmmx6howt0000bi1zgfsisou2,62.56109481915934,optimal,82.49,high,PUMP_ON_LOW
2026-05-13 18:33:44.097,cmmx6howt0000bi1zgfsisou2,62.75659824046921,optimal,89.51,high,PUMP_ON_LOW
2026-05-13 18:33:48.237,cmmx6howt0000bi1zgfsisou2,62.75659824046921,optimal,82.11,high,PUMP_ON_LOW
2026-05-13 18:33:52.375,cmmx6howt0000bi1zgfsisou2,62.75659824046921,optimal,82.49,high,PUMP_ON_LOW
2026-05-13 18:33:56.560,cmmx6howt0000bi1zgfsisou2,62.75659824046921,optimal,82.04,high,PUMP_ON_LOW
2026-05-13 18:34:00.714,cmmx6howt0000bi1zgfsisou2,62.75659824046921,optimal,89.51,high,PUMP_ON_LOW
2026-05-13 18:34:04.879,cmmx6howt0000bi1zgfsisou2,62.75659824046921,optimal,82.07,high,PUMP_ON_LOW
2026-05-13 18:34:09.051,cmmx6howt0000bi1zgfsisou2,62.85434995112414,optimal,86.65,high,PUMP_ON_LOW
2026-05-13 18:34:13.185,cmmx6howt0000bi1zgfsisou2,62.85434995112414,optimal,95.34,criticalHigh,PUMP_ON_LOW
2026-05-13 18:34:17.297,cmmx6howt0000bi1zgfsisou2,62.75659824046921,optimal,92.36,criticalHigh,PUMP_ON_LOW
2026-05-13 18:34:21.426,cmmx6howt0000bi1zgfsisou2,62.75659824046921,optimal,89.51,high,PUMP_ON_LOW
2026-05-13 18:34:25.508,cmmx6howt0000bi1zgfsisou2,62.85434995112414,optimal,82.53,high,PUMP_ON_LOW
2026-05-13 18:34:29.608,cmmx6howt0000bi1zgfsisou2,62.85434995112414,optimal,82.26,high,PUMP_ON_LOW
2026-05-13 18:34:33.703,cmmx6howt0000bi1zgfsisou2,62.75659824046921,optimal,90.23,criticalHigh,PUMP_ON_LOW
2026-05-13 18:34:37.816,cmmx6howt0000bi1zgfsisou2,62.75659824046921,optimal,82.45,high,PUMP_ON_LOW
2026-05-13 18:34:41.956,cmmx6howt0000bi1zgfsisou2,62.75659824046921,optimal,84.47,high,PUMP_ON_LOW
2026-05-13 18:34:46.054,cmmx6howt0000bi1zgfsisou2,62.85434995112414,optimal,89.31,high,PUMP_ON_LOW
2026-05-13 18:34:50.184,cmmx6howt0000bi1zgfsisou2,62.85434995112414,optimal,84.7,high,PUMP_ON_LOW
2026-05-13 18:34:54.249,cmmx6howt0000bi1zgfsisou2,62.85434995112414,optimal,82.53,high,PUMP_ON_LOW
2026-05-13 18:34:58.360,cmmx6howt0000bi1zgfsisou2,62.75659824046921,optimal,84.13,high,PUMP_ON_LOW
2026-05-13 18:35:02.489,cmmx6howt0000bi1zgfsisou2,62.75659824046921,optimal,91.68,criticalHigh,PUMP_ON_LOW
2026-05-13 18:35:06.594,cmmx6howt0000bi1zgfsisou2,62.85434995112414,optimal,92.36,criticalHigh,PUMP_ON_LOW
2026-05-13 18:35:10.741,cmmx6howt0000bi1zgfsisou2,62.75659824046921,optimal,94.61,criticalHigh,PUMP_ON_LOW
2026-05-13 18:35:12.898,cmmx6howt0000bi1zgfsisou2,62.85434995112414,optimal,82.53,high,PUMP_ON_LOW
2026-05-13 18:35:14.991,cmmx6howt0000bi1zgfsisou2,62.65884652981427,optimal,90.27,criticalHigh,PUMP_ON_LOW
2026-05-13 18:35:17.108,cmmx6howt0000bi1zgfsisou2,62.65884652981427,optimal,82.19,high,PUMP_ON_LOW
2026-05-13 18:35:19.230,cmmx6howt0000bi1zgfsisou2,62.65884652981427,optimal,89.73,high,PUMP_ON_LOW
2026-05-13 18:35:21.329,cmmx6howt0000bi1zgfsisou2,62.75659824046921,optimal,86.84,high,PUMP_ON_LOW
2026-05-13 18:35:23.454,cmmx6howt0000bi1zgfsisou2,62.75659824046921,optimal,89.47,high,PUMP_ON_LOW
2026-05-13 18:35:25.600,cmmx6howt0000bi1zgfsisou2,62.65884652981427,optimal,86.88,high,PUMP_ON_LOW
2026-05-13 18:35:27.753,cmmx6howt0000bi1zgfsisou2,62.65884652981427,optimal,94.54,criticalHigh,PUMP_ON_LOW
2026-05-13 18:35:29.886,cmmx6howt0000bi1zgfsisou2,62.56109481915934,optimal,92.4,criticalHigh,PUMP_ON_LOW
2026-05-13 18:35:32.083,cmmx6howt0000bi1zgfsisou2,62.75659824046921,optimal,82.49,high,PUMP_ON_LOW
2026-05-13 18:35:34.272,cmmx6howt0000bi1zgfsisou2,62.65884652981427,optimal,89.54,high,PUMP_ON_LOW
2026-05-13 18:35:36.433,cmmx6howt0000bi1zgfsisou2,62.65884652981427,optimal,94.8,criticalHigh,PUMP_ON_LOW
2026-05-13 18:35:38.580,cmmx6howt0000bi1zgfsisou2,62.65884652981427,optimal,86.61,high,PUMP_ON_LOW
2026-05-13 18:35:40.733,cmmx6howt0000bi1zgfsisou2,62.65884652981427,optimal,86.61,high,PUMP_ON_LOW
2026-05-13 18:35:42.891,cmmx6howt0000bi1zgfsisou2,62.75659824046921,optimal,86.84,high,PUMP_ON_LOW
2026-05-13 18:35:45.044,cmmx6howt0000bi1zgfsisou2,62.65884652981427,optimal,84.25,high,PUMP_ON_LOW
2026-05-13 18:35:47.192,cmmx6howt0000bi1zgfsisou2,62.65884652981427,optimal,86.65,high,PUMP_ON_LOW
2026-05-13 18:35:49.332,cmmx6howt0000bi1zgfsisou2,62.75659824046921,optimal,86.76,high,PUMP_ON_LOW
2026-05-13 18:35:51.549,cmmx6howt0000bi1zgfsisou2,62.75659824046921,optimal,92.33,criticalHigh,PUMP_ON_LOW
2026-05-13 18:35:53.700,cmmx6howt0000bi1zgfsisou2,62.85434995112414,optimal,92.4,criticalHigh,PUMP_ON_LOW
2026-05-13 18:35:55.870,cmmx6howt0000bi1zgfsisou2,62.75659824046921,optimal,86.88,high,PUMP_ON_LOW
2026-05-13 18:35:58.027,cmmx6howt0000bi1zgfsisou2,62.85434995112414,optimal,82.19,high,PUMP_ON_LOW
2026-05-13 18:36:00.246,cmmx6howt0000bi1zgfsisou2,62.85434995112414,optimal,82.26,high,PUMP_ON_LOW
2026-05-13 18:36:02.458,cmmx6howt0000bi1zgfsisou2,62.95210166177908,optimal,82.53,high,PUMP_ON_LOW
2026-05-13 18:36:04.639,cmmx6howt0000bi1zgfsisou2,62.95210166177908,optimal,82.42,high,PUMP_ON_LOW
2026-05-13 18:36:06.843,cmmx6howt0000bi1zgfsisou2,62.85434995112414,optimal,82.53,high,PUMP_ON_LOW
2026-05-13 18:36:09.047,cmmx6howt0000bi1zgfsisou2,62.75659824046921,optimal,82.11,high,PUMP_ON_LOW
2026-05-13 18:36:11.222,cmmx6howt0000bi1zgfsisou2,62.75659824046921,optimal,86.57,high,PUMP_ON_LOW
2026-05-13 18:36:13.392,cmmx6howt0000bi1zgfsisou2,62.85434995112414,optimal,84.67,high,PUMP_ON_LOW
2026-05-13 18:36:15.532,cmmx6howt0000bi1zgfsisou2,62.85434995112414,optimal,82.07,high,PUMP_ON_LOW
2026-05-13 18:36:17.696,cmmx6howt0000bi1zgfsisou2,62.65884652981427,optimal,84.67,high,PUMP_ON_LOW
2026-05-13 18:36:19.925,cmmx6howt0000bi1zgfsisou2,62.4633431085044,optimal,86.61,high,PUMP_ON_LOW
2026-05-13 18:36:22.120,cmmx6howt0000bi1zgfsisou2,62.07233626588465,optimal,86.84,high,PUMP_ON_LOW
2026-05-13 18:36:24.299,cmmx6howt0000bi1zgfsisou2,61.87683284457478,optimal,82.49,high,PUMP_ON_LOW
2026-05-13 18:36:26.451,cmmx6howt0000bi1zgfsisou2,61.77908113391985,optimal,82.53,high,PUMP_ON_LOW
2026-05-13 18:36:28.612,cmmx6howt0000bi1zgfsisou2,62.4633431085044,optimal,82.26,high,PUMP_ON_LOW
2026-05-13 18:36:30.777,cmmx6howt0000bi1zgfsisou2,62.36559139784946,optimal,82.26,high,PUMP_ON_LOW
2026-05-13 18:36:32.974,cmmx6howt0000bi1zgfsisou2,62.4633431085044,optimal,82.49,high,PUMP_ON_LOW
2026-05-13 18:36:35.170,cmmx6howt0000bi1zgfsisou2,62.36559139784946,optimal,84.44,high,PUMP_ON_LOW
2026-05-13 18:36:37.293,cmmx6howt0000bi1zgfsisou2,62.26783968719452,optimal,86.57,high,PUMP_ON_LOW
2026-05-13 18:36:39.413,cmmx6howt0000bi1zgfsisou2,62.36559139784946,optimal,84.47,high,PUMP_ON_LOW
2026-05-13 18:36:41.592,cmmx6howt0000bi1zgfsisou2,62.36559139784946,optimal,84.67,high,PUMP_ON_LOW
2026-05-13 18:36:43.758,cmmx6howt0000bi1zgfsisou2,62.4633431085044,optimal,84.47,high,PUMP_ON_LOW
2026-05-13 18:36:45.907,cmmx6howt0000bi1zgfsisou2,62.4633431085044,optimal,82.45,high,PUMP_ON_LOW
2026-05-13 18:36:48.080,cmmx6howt0000bi1zgfsisou2,62.36559139784946,optimal,89.51,high,PUMP_ON_LOW
2026-05-13 18:36:50.276,cmmx6howt0000bi1zgfsisou2,62.4633431085044,optimal,82.45,high,PUMP_ON_LOW
2026-05-13 18:36:52.452,cmmx6howt0000bi1zgfsisou2,62.4633431085044,optimal,87.56,high,PUMP_ON_LOW
2026-05-13 18:36:54.583,cmmx6howt0000bi1zgfsisou2,62.56109481915934,optimal,84.21,high,PUMP_ON_LOW
2026-05-13 18:36:56.760,cmmx6howt0000bi1zgfsisou2,62.65884652981427,optimal,82.3,high,PUMP_ON_LOW
2026-05-13 18:36:58.904,cmmx6howt0000bi1zgfsisou2,62.65884652981427,optimal,82.49,high,PUMP_ON_LOW
2026-05-13 18:37:01.096,cmmx6howt0000bi1zgfsisou2,62.56109481915934,optimal,84.67,high,PUMP_ON_LOW
2026-05-13 18:37:03.280,cmmx6howt0000bi1zgfsisou2,62.56109481915934,optimal,86.88,high,PUMP_ON_LOW
2026-05-13 18:37:05.460,cmmx6howt0000bi1zgfsisou2,62.75659824046921,optimal,92.44,criticalHigh,PUMP_ON_LOW
2026-05-13 18:37:07.610,cmmx6howt0000bi1zgfsisou2,62.75659824046921,optimal,89.73,high,PUMP_ON_LOW
2026-05-13 18:37:09.738,cmmx6howt0000bi1zgfsisou2,62.75659824046921,optimal,84.44,high,PUMP_ON_LOW
2026-05-13 18:37:12.232,cmmx6howt0000bi1zgfsisou2,62.65884652981427,optimal,82.0,high,PUMP_ON_LOW
2026-05-13 18:37:14.372,cmmx6howt0000bi1zgfsisou2,62.56109481915934,optimal,82.53,high,PUMP_ON_LOW
2026-05-13 18:37:16.514,cmmx6howt0000bi1zgfsisou2,62.56109481915934,optimal,82.19,high,PUMP_ON_LOW
2026-05-13 18:37:18.623,cmmx6howt0000bi1zgfsisou2,62.65884652981427,optimal,84.7,high,PUMP_ON_LOW
2026-05-13 18:37:20.731,cmmx6howt0000bi1zgfsisou2,62.56109481915934,optimal,82.26,high,PUMP_ON_LOW
2026-05-13 18:37:22.891,cmmx6howt0000bi1zgfsisou2,62.75659824046921,optimal,82.0,high,PUMP_ON_LOW
2026-05-13 18:37:25.039,cmmx6howt0000bi1zgfsisou2,62.75659824046921,optimal,82.53,high,PUMP_ON_LOW
2026-05-13 18:37:27.198,cmmx6howt0000bi1zgfsisou2,62.75659824046921,optimal,82.0,high,PUMP_ON_LOW
2026-05-13 18:37:29.359,cmmx6howt0000bi1zgfsisou2,62.75659824046921,optimal,82.53,high,PUMP_ON_LOW
2026-05-13 18:37:31.543,cmmx6howt0000bi1zgfsisou2,62.75659824046921,optimal,82.3,high,PUMP_ON_LOW
2026-05-13 18:37:33.740,cmmx6howt0000bi1zgfsisou2,62.85434995112414,optimal,84.17,high,PUMP_ON_LOW
2026-05-13 18:37:35.953,cmmx6howt0000bi1zgfsisou2,62.85434995112414,optimal,82.45,high,PUMP_ON_LOW
2026-05-13 18:37:38.124,cmmx6howt0000bi1zgfsisou2,62.85434995112414,optimal,86.8,high,PUMP_ON_LOW
2026-05-13 18:37:40.299,cmmx6howt0000bi1zgfsisou2,62.85434995112414,optimal,82.04,high,PUMP_ON_LOW
2026-05-13 18:37:42.444,cmmx6howt0000bi1zgfsisou2,62.95210166177908,optimal,85.2,high,PUMP_ON_LOW
2026-05-13 18:37:44.573,cmmx6howt0000bi1zgfsisou2,62.85434995112414,optimal,82.49,high,PUMP_ON_LOW
2026-05-13 18:37:46.695,cmmx6howt0000bi1zgfsisou2,62.85434995112414,optimal,82.04,high,PUMP_ON_LOW
2026-05-13 18:37:48.837,cmmx6howt0000bi1zgfsisou2,62.85434995112414,optimal,85.39,high,PUMP_ON_LOW
2026-05-13 18:37:51.009,cmmx6howt0000bi1zgfsisou2,64.12512218963832,optimal,84.47,high,PUMP_ON_LOW
2026-05-13 18:37:53.182,cmmx6howt0000bi1zgfsisou2,64.02737047898339,optimal,82.04,high,PUMP_ON_LOW
2026-05-13 18:37:55.398,cmmx6howt0000bi1zgfsisou2,64.12512218963832,optimal,84.67,high,PUMP_ON_LOW
2026-05-13 18:37:57.543,cmmx6howt0000bi1zgfsisou2,64.02737047898339,optimal,85.35,high,PUMP_ON_LOW
2026-05-13 18:37:59.693,cmmx6howt0000bi1zgfsisou2,64.02737047898339,optimal,82.3,high,PUMP_ON_LOW
2026-05-13 18:38:01.818,cmmx6howt0000bi1zgfsisou2,64.12512218963832,optimal,84.63,high,PUMP_ON_LOW
2026-05-13 18:38:03.930,cmmx6howt0000bi1zgfsisou2,62.75659824046921,optimal,82.49,high,PUMP_ON_LOW
2026-05-13 18:38:06.073,cmmx6howt0000bi1zgfsisou2,67.83968719452591,optimal,87.3,high,PUMP_ON_LOW
2026-05-13 18:38:08.238,cmmx6howt0000bi1zgfsisou2,67.5464320625611,optimal,84.63,high,PUMP_ON_LOW
2026-05-13 18:38:10.433,cmmx6howt0000bi1zgfsisou2,67.35092864125123,optimal,82.19,high,PUMP_ON_LOW
2026-05-13 18:38:14.774,cmmx6howt0000bi1zgfsisou2,71.26099706744868,high,7.64,criticalLow,PUMP_OFF
2026-05-13 18:38:19.095,cmmx6howt0000bi1zgfsisou2,70.772238514174,high,83.22,high,PUMP_OFF
2026-05-13 18:38:21.257,cmmx6howt0000bi1zgfsisou2,71.16324535679375,high,81.81,high,PUMP_OFF
2026-05-13 18:38:23.450,cmmx6howt0000bi1zgfsisou2,71.26099706744868,high,83.9,high,PUMP_OFF
2026-05-13 18:38:25.595,cmmx6howt0000bi1zgfsisou2,71.16324535679375,high,83.71,high,PUMP_OFF
2026-05-13 18:38:27.755,cmmx6howt0000bi1zgfsisou2,71.0654936461388,high,85.81,high,PUMP_OFF
2026-05-13 18:38:29.968,cmmx6howt0000bi1zgfsisou2,70.86999022482894,high,85.88,high,PUMP_OFF
2026-05-13 18:38:32.157,cmmx6howt0000bi1zgfsisou2,60.41055718475074,optimal,83.48,high,PUMP_ON_LOW
2026-05-13 18:38:34.342,cmmx6howt0000bi1zgfsisou2,53.66568914956012,optimal,85.92,high,PUMP_ON_LOW
2026-05-13 18:38:36.523,cmmx6howt0000bi1zgfsisou2,53.3724340175953,optimal,83.98,high,PUMP_ON_LOW
2026-05-13 18:38:38.685,cmmx6howt0000bi1zgfsisou2,53.3724340175953,optimal,86.15,high,PUMP_ON_LOW
2026-05-13 18:38:40.867,cmmx6howt0000bi1zgfsisou2,53.3724340175953,optimal,85.66,high,PUMP_ON_LOW
2026-05-13 18:38:43.057,cmmx6howt0000bi1zgfsisou2,53.17693059628543,optimal,85.92,high,PUMP_ON_LOW
2026-05-13 18:38:45.261,cmmx6howt0000bi1zgfsisou2,53.0791788856305,optimal,83.9,high,PUMP_ON_LOW
2026-05-13 18:38:47.451,cmmx6howt0000bi1zgfsisou2,64.80938416422288,optimal,93.16,criticalHigh,PUMP_ON_LOW
2026-05-13 18:38:49.603,cmmx6howt0000bi1zgfsisou2,68.71945259042033,optimal,46.97,optimal,PUMP_ON_LOW
2026-05-13 18:38:51.796,cmmx6howt0000bi1zgfsisou2,69.6969696969697,optimal,49.83,optimal,PUMP_ON_LOW
2026-05-13 18:38:54.012,cmmx6howt0000bi1zgfsisou2,70.4789833822092,high,50.17,optimal,PUMP_OFF
2026-05-13 18:38:56.168,cmmx6howt0000bi1zgfsisou2,70.18572825024438,high,49.95,optimal,PUMP_OFF
2026-05-13 18:38:58.384,cmmx6howt0000bi1zgfsisou2,70.08797653958945,high,49.95,optimal,PUMP_OFF
2026-05-13 18:39:00.574,cmmx6howt0000bi1zgfsisou2,70.28347996089931,high,50.17,optimal,PUMP_OFF
2026-05-13 18:39:02.733,cmmx6howt0000bi1zgfsisou2,70.38123167155426,high,49.95,optimal,PUMP_OFF
2026-05-13 18:39:04.875,cmmx6howt0000bi1zgfsisou2,70.57673509286413,high,42.63,optimal,PUMP_OFF
2026-05-13 18:39:07.019,cmmx6howt0000bi1zgfsisou2,70.28347996089931,high,31.27,optimal,PUMP_OFF
2026-05-13 18:39:11.302,cmmx6howt0000bi1zgfsisou2,75.8553274682307,high,3.87,criticalLow,PUMP_OFF
2026-05-13 18:39:13.443,cmmx6howt0000bi1zgfsisou2,75.366568914956,high,93.16,criticalHigh,PUMP_OFF
2026-05-13 18:39:15.685,cmmx6howt0000bi1zgfsisou2,75.56207233626589,high,100.0,criticalHigh,PUMP_OFF
2026-05-13 18:39:17.976,cmmx6howt0000bi1zgfsisou2,75.46432062561095,high,93.05,criticalHigh,PUMP_OFF
2026-05-13 18:39:20.089,cmmx6howt0000bi1zgfsisou2,75.8553274682307,high,97.47,criticalHigh,PUMP_OFF
2026-05-13 18:39:22.218,cmmx6howt0000bi1zgfsisou2,75.8553274682307,high,89.51,high,PUMP_OFF
2026-05-13 18:39:24.357,cmmx6howt0000bi1zgfsisou2,75.8553274682307,high,89.73,high,PUMP_OFF
2026-05-13 18:39:26.482,cmmx6howt0000bi1zgfsisou2,76.05083088954056,high,93.85,criticalHigh,PUMP_OFF
2026-05-13 18:39:28.643,cmmx6howt0000bi1zgfsisou2,76.05083088954056,high,89.73,high,PUMP_OFF
2026-05-13 18:39:30.800,cmmx6howt0000bi1zgfsisou2,76.1485826001955,high,93.89,criticalHigh,PUMP_OFF
2026-05-13 18:39:32.957,cmmx6howt0000bi1zgfsisou2,75.46432062561095,high,91.56,criticalHigh,PUMP_OFF
2026-05-13 18:39:35.079,cmmx6howt0000bi1zgfsisou2,75.56207233626589,high,95.87,criticalHigh,PUMP_OFF
2026-05-13 18:39:37.231,cmmx6howt0000bi1zgfsisou2,75.8553274682307,high,91.6,criticalHigh,PUMP_OFF
2026-05-13 18:39:39.364,cmmx6howt0000bi1zgfsisou2,76.24633431085044,high,95.91,criticalHigh,PUMP_OFF
2026-05-13 18:39:41.544,cmmx6howt0000bi1zgfsisou2,76.34408602150538,high,96.14,criticalHigh,PUMP_OFF
2026-05-13 18:39:43.706,cmmx6howt0000bi1zgfsisou2,76.34408602150538,high,96.02,criticalHigh,PUMP_OFF
2026-05-13 18:39:45.835,cmmx6howt0000bi1zgfsisou2,76.24633431085044,high,95.76,criticalHigh,PUMP_OFF
2026-05-13 18:39:48.073,cmmx6howt0000bi1zgfsisou2,76.34408602150538,high,96.02,criticalHigh,PUMP_OFF
2026-05-13 18:39:50.206,cmmx6howt0000bi1zgfsisou2,76.34408602150538,high,100.0,criticalHigh,PUMP_OFF
2026-05-13 18:39:52.345,cmmx6howt0000bi1zgfsisou2,76.34408602150538,high,98.69,criticalHigh,PUMP_OFF
2026-05-13 18:39:54.503,cmmx6howt0000bi1zgfsisou2,76.34408602150538,high,96.21,criticalHigh,PUMP_OFF
2026-05-13 18:39:56.785,cmmx6howt0000bi1zgfsisou2,76.34408602150538,high,100.0,criticalHigh,PUMP_OFF
2026-05-13 18:39:58.898,cmmx6howt0000bi1zgfsisou2,75.75757575757575,high,100.0,criticalHigh,PUMP_OFF
2026-05-13 18:40:01.080,cmmx6howt0000bi1zgfsisou2,75.95307917888563,high,98.19,criticalHigh,PUMP_OFF
2026-05-13 18:40:03.233,cmmx6howt0000bi1zgfsisou2,76.34408602150538,high,100.0,criticalHigh,PUMP_OFF
2026-05-13 18:40:05.414,cmmx6howt0000bi1zgfsisou2,76.44183773216031,high,100.0,criticalHigh,PUMP_OFF
2026-05-13 18:40:07.641,cmmx6howt0000bi1zgfsisou2,76.44183773216031,high,100.0,criticalHigh,PUMP_OFF
2026-05-13 18:40:09.814,cmmx6howt0000bi1zgfsisou2,76.44183773216031,high,100.0,criticalHigh,PUMP_OFF
2026-05-13 18:40:12.023,cmmx6howt0000bi1zgfsisou2,76.1485826001955,high,100.0,criticalHigh,PUMP_OFF
2026-05-13 18:40:14.221,cmmx6howt0000bi1zgfsisou2,66.08015640273706,optimal,95.98,criticalHigh,PUMP_ON_LOW
2026-05-13 18:40:16.361,cmmx6howt0000bi1zgfsisou2,69.99022482893452,optimal,99.19,criticalHigh,PUMP_ON_LOW
2026-05-13 18:40:18.567,cmmx6howt0000bi1zgfsisou2,59.33528836754643,optimal,98.92,criticalHigh,PUMP_ON_LOW
2026-05-13 18:40:20.771,cmmx6howt0000bi1zgfsisou2,69.11045943304008,optimal,98.88,criticalHigh,PUMP_ON_LOW
2026-05-13 18:40:22.944,cmmx6howt0000bi1zgfsisou2,70.08797653958945,high,98.16,criticalHigh,PUMP_OFF
2026-05-13 18:40:25.092,cmmx6howt0000bi1zgfsisou2,69.40371456500489,optimal,100.0,criticalHigh,PUMP_ON_LOW
2026-05-13 18:40:27.259,cmmx6howt0000bi1zgfsisou2,69.50146627565982,optimal,98.96,criticalHigh,PUMP_ON_LOW
2026-05-13 18:40:29.447,cmmx6howt0000bi1zgfsisou2,69.89247311827957,optimal,98.65,criticalHigh,PUMP_ON_LOW
2026-05-13 18:40:31.648,cmmx6howt0000bi1zgfsisou2,69.6969696969697,optimal,96.78,criticalHigh,PUMP_ON_LOW
2026-05-13 18:40:33.826,cmmx6howt0000bi1zgfsisou2,63.04985337243401,optimal,82.07,high,PUMP_ON_LOW
2026-05-13 18:40:35.951,cmmx6howt0000bi1zgfsisou2,63.04985337243401,optimal,82.23,high,PUMP_ON_LOW
2026-05-13 18:40:38.090,cmmx6howt0000bi1zgfsisou2,63.04985337243401,optimal,82.53,high,PUMP_ON_LOW
2026-05-13 18:40:40.230,cmmx6howt0000bi1zgfsisou2,63.04985337243401,optimal,82.53,high,PUMP_ON_LOW
2026-05-13 18:40:42.430,cmmx6howt0000bi1zgfsisou2,62.95210166177908,optimal,84.44,high,PUMP_ON_LOW
2026-05-13 18:40:44.575,cmmx6howt0000bi1zgfsisou2,62.95210166177908,optimal,92.36,criticalHigh,PUMP_ON_LOW
2026-05-13 18:40:46.732,cmmx6howt0000bi1zgfsisou2,62.95210166177908,optimal,89.54,high,PUMP_ON_LOW
2026-05-13 18:40:48.883,cmmx6howt0000bi1zgfsisou2,62.85434995112414,optimal,84.63,high,PUMP_ON_LOW
2026-05-13 18:40:51.046,cmmx6howt0000bi1zgfsisou2,62.75659824046921,optimal,82.07,high,PUMP_ON_LOW
2026-05-13 18:40:53.250,cmmx6howt0000bi1zgfsisou2,62.75659824046921,optimal,82.49,high,PUMP_ON_LOW
2026-05-13 18:40:55.430,cmmx6howt0000bi1zgfsisou2,62.75659824046921,optimal,82.3,high,PUMP_ON_LOW
2026-05-13 18:40:57.630,cmmx6howt0000bi1zgfsisou2,62.75659824046921,optimal,85.16,high,PUMP_ON_LOW
2026-05-13 18:40:59.769,cmmx6howt0000bi1zgfsisou2,62.75659824046921,optimal,82.26,high,PUMP_ON_LOW
2026-05-13 18:41:01.954,cmmx6howt0000bi1zgfsisou2,62.65884652981427,optimal,90.23,criticalHigh,PUMP_ON_LOW
2026-05-13 18:41:04.132,cmmx6howt0000bi1zgfsisou2,62.65884652981427,optimal,92.36,criticalHigh,PUMP_ON_LOW
2026-05-13 18:41:06.285,cmmx6howt0000bi1zgfsisou2,62.65884652981427,optimal,92.4,criticalHigh,PUMP_ON_LOW
2026-05-13 18:41:08.443,cmmx6howt0000bi1zgfsisou2,62.65884652981427,optimal,82.26,high,PUMP_ON_LOW
2026-05-13 18:41:10.622,cmmx6howt0000bi1zgfsisou2,62.65884652981427,optimal,82.45,high,PUMP_ON_LOW
2026-05-13 18:41:12.789,cmmx6howt0000bi1zgfsisou2,62.65884652981427,optimal,82.45,high,PUMP_ON_LOW
2026-05-13 18:41:14.909,cmmx6howt0000bi1zgfsisou2,62.65884652981427,optimal,85.31,high,PUMP_ON_LOW
2026-05-13 18:41:17.337,cmmx6howt0000bi1zgfsisou2,62.65884652981427,optimal,82.07,high,PUMP_ON_LOW
2026-05-13 18:41:19.524,cmmx6howt0000bi1zgfsisou2,62.65884652981427,optimal,82.07,high,PUMP_ON_LOW
2026-05-13 18:41:21.687,cmmx6howt0000bi1zgfsisou2,62.65884652981427,optimal,82.07,high,PUMP_ON_LOW
2026-05-13 18:41:23.896,cmmx6howt0000bi1zgfsisou2,62.65884652981427,optimal,84.25,high,PUMP_ON_LOW
2026-05-13 18:41:26.026,cmmx6howt0000bi1zgfsisou2,62.65884652981427,optimal,82.04,high,PUMP_ON_LOW
2026-05-13 18:41:28.160,cmmx6howt0000bi1zgfsisou2,62.56109481915934,optimal,82.07,high,PUMP_ON_LOW
2026-05-13 18:41:30.305,cmmx6howt0000bi1zgfsisou2,62.56109481915934,optimal,82.07,high,PUMP_ON_LOW
2026-05-13 18:41:32.424,cmmx6howt0000bi1zgfsisou2,62.65884652981427,optimal,86.65,high,PUMP_ON_LOW
2026-05-13 18:41:34.530,cmmx6howt0000bi1zgfsisou2,62.65884652981427,optimal,84.47,high,PUMP_ON_LOW
2026-05-13 18:41:36.647,cmmx6howt0000bi1zgfsisou2,62.65884652981427,optimal,82.49,high,PUMP_ON_LOW
2026-05-13 18:41:38.783,cmmx6howt0000bi1zgfsisou2,62.4633431085044,optimal,82.53,high,PUMP_ON_LOW
2026-05-13 18:41:40.957,cmmx6howt0000bi1zgfsisou2,62.65884652981427,optimal,84.36,high,PUMP_ON_LOW
2026-05-13 18:41:43.137,cmmx6howt0000bi1zgfsisou2,62.65884652981427,optimal,82.49,high,PUMP_ON_LOW
2026-05-13 18:41:45.262,cmmx6howt0000bi1zgfsisou2,62.65884652981427,optimal,84.44,high,PUMP_ON_LOW
2026-05-13 18:41:47.400,cmmx6howt0000bi1zgfsisou2,62.56109481915934,optimal,82.23,high,PUMP_ON_LOW
2026-05-13 18:41:49.552,cmmx6howt0000bi1zgfsisou2,62.75659824046921,optimal,82.49,high,PUMP_ON_LOW
2026-05-13 18:41:51.701,cmmx6howt0000bi1zgfsisou2,62.75659824046921,optimal,82.42,high,PUMP_ON_LOW
2026-05-13 18:41:53.843,cmmx6howt0000bi1zgfsisou2,62.65884652981427,optimal,82.0,high,PUMP_ON_LOW
2026-05-13 18:41:56.006,cmmx6howt0000bi1zgfsisou2,62.65884652981427,optimal,82.49,high,PUMP_ON_LOW
2026-05-13 18:41:58.207,cmmx6howt0000bi1zgfsisou2,62.65884652981427,optimal,84.36,high,PUMP_ON_LOW
2026-05-13 18:42:00.367,cmmx6howt0000bi1zgfsisou2,62.75659824046921,optimal,89.54,high,PUMP_ON_LOW
2026-05-13 18:42:02.533,cmmx6howt0000bi1zgfsisou2,62.65884652981427,optimal,84.67,high,PUMP_ON_LOW
2026-05-13 18:42:04.678,cmmx6howt0000bi1zgfsisou2,62.56109481915934,optimal,82.26,high,PUMP_ON_LOW
2026-05-13 18:42:06.859,cmmx6howt0000bi1zgfsisou2,62.65884652981427,optimal,82.49,high,PUMP_ON_LOW
2026-05-13 18:42:09.048,cmmx6howt0000bi1zgfsisou2,62.56109481915934,optimal,82.49,high,PUMP_ON_LOW
2026-05-13 18:42:11.195,cmmx6howt0000bi1zgfsisou2,62.75659824046921,optimal,89.51,high,PUMP_ON_LOW
2026-05-13 18:42:13.293,cmmx6howt0000bi1zgfsisou2,62.75659824046921,optimal,82.11,high,PUMP_ON_LOW
2026-05-13 18:42:15.444,cmmx6howt0000bi1zgfsisou2,62.75659824046921,optimal,82.49,high,PUMP_ON_LOW
2026-05-13 18:42:17.632,cmmx6howt0000bi1zgfsisou2,62.75659824046921,optimal,82.04,high,PUMP_ON_LOW
2026-05-13 18:42:19.769,cmmx6howt0000bi1zgfsisou2,62.75659824046921,optimal,89.51,high,PUMP_ON_LOW
2026-05-13 18:42:21.922,cmmx6howt0000bi1zgfsisou2,62.75659824046921,optimal,82.07,high,PUMP_ON_LOW
2026-05-13 18:42:24.114,cmmx6howt0000bi1zgfsisou2,62.85434995112414,optimal,86.65,high,PUMP_ON_LOW
2026-05-13 18:42:26.271,cmmx6howt0000bi1zgfsisou2,62.85434995112414,optimal,95.34,criticalHigh,PUMP_ON_LOW
2026-05-13 18:42:28.436,cmmx6howt0000bi1zgfsisou2,62.75659824046921,optimal,92.36,criticalHigh,PUMP_ON_LOW
2026-05-13 18:42:30.605,cmmx6howt0000bi1zgfsisou2,62.75659824046921,optimal,89.51,high,PUMP_ON_LOW
2026-05-13 18:42:32.738,cmmx6howt0000bi1zgfsisou2,62.85434995112414,optimal,82.53,high,PUMP_ON_LOW
2026-05-13 18:42:34.892,cmmx6howt0000bi1zgfsisou2,62.85434995112414,optimal,82.26,high,PUMP_ON_LOW
2026-05-13 18:42:37.068,cmmx6howt0000bi1zgfsisou2,62.75659824046921,optimal,90.23,criticalHigh,PUMP_ON_LOW
2026-05-13 18:42:39.226,cmmx6howt0000bi1zgfsisou2,62.75659824046921,optimal,82.45,high,PUMP_ON_LOW
2026-05-13 18:42:41.393,cmmx6howt0000bi1zgfsisou2,62.75659824046921,optimal,84.47,high,PUMP_ON_LOW
2026-05-13 18:42:43.544,cmmx6howt0000bi1zgfsisou2,62.85434995112414,optimal,89.31,high,PUMP_ON_LOW
2026-05-13 18:42:45.718,cmmx6howt0000bi1zgfsisou2,62.85434995112414,optimal,84.7,high,PUMP_ON_LOW
2026-05-13 18:42:47.885,cmmx6howt0000bi1zgfsisou2,62.85434995112414,optimal,82.53,high,PUMP_ON_LOW
2026-05-13 18:42:50.131,cmmx6howt0000bi1zgfsisou2,62.75659824046921,optimal,84.13,high,PUMP_ON_LOW
2026-05-13 18:42:52.278,cmmx6howt0000bi1zgfsisou2,62.75659824046921,optimal,91.68,criticalHigh,PUMP_ON_LOW
2026-05-13 18:42:54.452,cmmx6howt0000bi1zgfsisou2,62.85434995112414,optimal,92.36,criticalHigh,PUMP_ON_LOW
2026-05-13 18:42:56.596,cmmx6howt0000bi1zgfsisou2,62.75659824046921,optimal,94.61,criticalHigh,PUMP_ON_LOW
2026-05-13 18:42:58.753,cmmx6howt0000bi1zgfsisou2,62.85434995112414,optimal,82.53,high,PUMP_ON_LOW
2026-05-13 18:43:00.937,cmmx6howt0000bi1zgfsisou2,62.65884652981427,optimal,90.27,criticalHigh,PUMP_ON_LOW
2026-05-13 18:54:04.708,cmmx6howt0000bi1zgfsisou2,76.93059628543499,high,89.66,high,PUMP_OFF
2026-05-13 18:54:08.216,cmmx6howt0000bi1zgfsisou2,76.34408602150538,high,89.43,high,PUMP_OFF
2026-05-13 18:54:11.727,cmmx6howt0000bi1zgfsisou2,77.02834799608993,high,89.43,high,PUMP_OFF
2026-05-13 18:54:15.236,cmmx6howt0000bi1zgfsisou2,77.12609970674487,high,89.51,high,PUMP_OFF
2026-05-13 18:54:18.745,cmmx6howt0000bi1zgfsisou2,77.12609970674487,high,89.77,high,PUMP_OFF
2026-05-13 18:54:22.254,cmmx6howt0000bi1zgfsisou2,77.12609970674487,high,89.2,high,PUMP_OFF
2026-05-13 18:54:25.763,cmmx6howt0000bi1zgfsisou2,77.12609970674487,high,89.7,high,PUMP_OFF
2026-05-13 18:54:29.273,cmmx6howt0000bi1zgfsisou2,77.12609970674487,high,89.16,high,PUMP_OFF
2026-05-13 18:54:32.782,cmmx6howt0000bi1zgfsisou2,77.02834799608993,high,89.77,high,PUMP_OFF
2026-05-13 18:54:36.292,cmmx6howt0000bi1zgfsisou2,77.02834799608993,high,89.43,high,PUMP_OFF
2026-05-13 18:54:39.801,cmmx6howt0000bi1zgfsisou2,77.2238514173998,high,89.54,high,PUMP_OFF
2026-05-13 18:54:43.311,cmmx6howt0000bi1zgfsisou2,77.12609970674487,high,89.47,high,PUMP_OFF
2026-05-13 18:54:46.820,cmmx6howt0000bi1zgfsisou2,76.53958944281524,high,89.51,high,PUMP_OFF
2026-05-13 18:54:50.329,cmmx6howt0000bi1zgfsisou2,77.02834799608993,high,89.62,high,PUMP_OFF
2026-05-13 18:54:53.839,cmmx6howt0000bi1zgfsisou2,77.12609970674487,high,89.96,high,PUMP_OFF
2026-05-13 18:54:57.348,cmmx6howt0000bi1zgfsisou2,77.12609970674487,high,89.62,high,PUMP_OFF
2026-05-13 18:55:00.858,cmmx6howt0000bi1zgfsisou2,77.12609970674487,high,89.54,high,PUMP_OFF
2026-05-13 18:55:04.368,cmmx6howt0000bi1zgfsisou2,77.2238514173998,high,89.73,high,PUMP_OFF
2026-05-13 18:55:07.877,cmmx6howt0000bi1zgfsisou2,77.12609970674487,high,89.51,high,PUMP_OFF
2026-05-13 18:55:11.386,cmmx6howt0000bi1zgfsisou2,77.02834799608993,high,89.47,high,PUMP_OFF
2026-05-13 18:55:14.896,cmmx6howt0000bi1zgfsisou2,77.12609970674487,high,89.7,high,PUMP_OFF
2026-05-13 18:55:18.405,cmmx6howt0000bi1zgfsisou2,77.2238514173998,high,89.24,high,PUMP_OFF
2026-05-13 18:55:22.493,cmmx6howt0000bi1zgfsisou2,77.2238514173998,high,89.66,high,PUMP_OFF
2026-05-13 18:55:26.594,cmmx6howt0000bi1zgfsisou2,77.12609970674487,high,89.2,high,PUMP_OFF
2026-05-13 18:55:28.934,cmmx6howt0000bi1zgfsisou2,76.44183773216031,high,89.77,high,PUMP_OFF
2026-05-13 18:55:32.443,cmmx6howt0000bi1zgfsisou2,77.12609970674487,high,89.47,high,PUMP_OFF
2026-05-13 18:55:35.952,cmmx6howt0000bi1zgfsisou2,77.12609970674487,high,89.54,high,PUMP_OFF
2026-05-13 18:55:39.462,cmmx6howt0000bi1zgfsisou2,77.2238514173998,high,89.51,high,PUMP_OFF
2026-05-13 18:55:42.972,cmmx6howt0000bi1zgfsisou2,77.2238514173998,high,89.2,high,PUMP_OFF
2026-05-13 18:55:46.481,cmmx6howt0000bi1zgfsisou2,77.02834799608993,high,89.66,high,PUMP_OFF
2026-05-13 18:55:49.991,cmmx6howt0000bi1zgfsisou2,77.2238514173998,high,89.54,high,PUMP_OFF
2026-05-13 18:55:53.499,cmmx6howt0000bi1zgfsisou2,77.2238514173998,high,89.54,high,PUMP_OFF
2026-05-13 18:55:57.010,cmmx6howt0000bi1zgfsisou2,77.2238514173998,high,89.43,high,PUMP_OFF
2026-05-13 18:56:00.519,cmmx6howt0000bi1zgfsisou2,77.2238514173998,high,89.54,high,PUMP_OFF
2026-05-13 18:56:04.029,cmmx6howt0000bi1zgfsisou2,77.12609970674487,high,89.54,high,PUMP_OFF
2026-05-13 18:56:07.538,cmmx6howt0000bi1zgfsisou2,76.63734115347019,high,89.43,high,PUMP_OFF
2026-05-13 18:56:11.047,cmmx6howt0000bi1zgfsisou2,76.93059628543499,high,89.54,high,PUMP_OFF
2026-05-13 18:56:14.556,cmmx6howt0000bi1zgfsisou2,77.2238514173998,high,89.7,high,PUMP_OFF
2026-05-13 18:56:18.066,cmmx6howt0000bi1zgfsisou2,77.2238514173998,high,89.28,high,PUMP_OFF
2026-05-13 18:56:21.575,cmmx6howt0000bi1zgfsisou2,77.12609970674487,high,89.7,high,PUMP_OFF
2026-05-13 18:56:25.083,cmmx6howt0000bi1zgfsisou2,77.2238514173998,high,89.51,high,PUMP_OFF
2026-05-13 18:56:28.593,cmmx6howt0000bi1zgfsisou2,77.2238514173998,high,89.54,high,PUMP_OFF
2026-05-13 18:56:32.103,cmmx6howt0000bi1zgfsisou2,77.2238514173998,high,89.43,high,PUMP_OFF
2026-05-13 18:56:35.612,cmmx6howt0000bi1zgfsisou2,77.2238514173998,high,89.51,high,PUMP_OFF
2026-05-13 18:56:39.123,cmmx6howt0000bi1zgfsisou2,77.2238514173998,high,89.24,high,PUMP_OFF
2026-05-13 18:56:42.631,cmmx6howt0000bi1zgfsisou2,77.2238514173998,high,89.51,high,PUMP_OFF
2026-05-13 18:56:46.141,cmmx6howt0000bi1zgfsisou2,77.2238514173998,high,89.43,high,PUMP_OFF
2026-05-13 18:56:49.651,cmmx6howt0000bi1zgfsisou2,76.53958944281524,high,89.51,high,PUMP_OFF
2026-05-13 18:56:53.161,cmmx6howt0000bi1zgfsisou2,77.12609970674487,high,89.43,high,PUMP_OFF
2026-05-13 18:56:56.671,cmmx6howt0000bi1zgfsisou2,77.2238514173998,high,89.28,high,PUMP_OFF
2026-05-13 18:57:00.180,cmmx6howt0000bi1zgfsisou2,77.12609970674487,high,89.47,high,PUMP_OFF
2026-05-13 18:57:03.690,cmmx6howt0000bi1zgfsisou2,77.2238514173998,high,89.47,high,PUMP_OFF
2026-05-13 18:57:07.199,cmmx6howt0000bi1zgfsisou2,77.32160312805473,high,89.28,high,PUMP_OFF
2026-05-13 18:57:10.709,cmmx6howt0000bi1zgfsisou2,77.2238514173998,high,89.2,high,PUMP_OFF
2026-05-13 18:57:14.218,cmmx6howt0000bi1zgfsisou2,77.32160312805473,high,89.51,high,PUMP_OFF
2026-05-13 18:57:17.728,cmmx6howt0000bi1zgfsisou2,77.2238514173998,high,89.43,high,PUMP_OFF
2026-05-13 18:57:21.237,cmmx6howt0000bi1zgfsisou2,77.2238514173998,high,89.7,high,PUMP_OFF
2026-05-13 18:57:24.746,cmmx6howt0000bi1zgfsisou2,77.2238514173998,high,89.43,high,PUMP_OFF
2026-05-13 18:57:28.255,cmmx6howt0000bi1zgfsisou2,76.83284457478005,high,89.51,high,PUMP_OFF
2026-05-13 18:57:31.764,cmmx6howt0000bi1zgfsisou2,76.83284457478005,high,89.47,high,PUMP_OFF
2026-05-13 18:57:35.273,cmmx6howt0000bi1zgfsisou2,77.32160312805473,high,89.66,high,PUMP_OFF
2026-05-13 18:57:38.783,cmmx6howt0000bi1zgfsisou2,77.2238514173998,high,89.2,high,PUMP_OFF
2026-05-13 18:57:42.292,cmmx6howt0000bi1zgfsisou2,77.32160312805473,high,89.62,high,PUMP_OFF
2026-05-13 18:57:45.802,cmmx6howt0000bi1zgfsisou2,77.2238514173998,high,89.51,high,PUMP_OFF
2026-05-13 18:57:49.311,cmmx6howt0000bi1zgfsisou2,77.32160312805473,high,89.7,high,PUMP_OFF
2026-05-13 18:57:52.821,cmmx6howt0000bi1zgfsisou2,77.32160312805473,high,89.51,high,PUMP_OFF
2026-05-13 18:57:56.331,cmmx6howt0000bi1zgfsisou2,77.32160312805473,high,89.73,high,PUMP_OFF
2026-05-13 18:57:59.841,cmmx6howt0000bi1zgfsisou2,77.2238514173998,high,89.7,high,PUMP_OFF
2026-05-13 18:58:03.350,cmmx6howt0000bi1zgfsisou2,77.32160312805473,high,89.12,high,PUMP_OFF
2026-05-13 18:58:06.861,cmmx6howt0000bi1zgfsisou2,77.2238514173998,high,89.51,high,PUMP_OFF
2026-05-13 18:58:10.370,cmmx6howt0000bi1zgfsisou2,76.44183773216031,high,91.68,criticalHigh,PUMP_OFF
2026-05-13 18:58:13.880,cmmx6howt0000bi1zgfsisou2,77.32160312805473,high,86.8,high,PUMP_OFF
2026-05-13 18:58:17.388,cmmx6howt0000bi1zgfsisou2,77.32160312805473,high,91.83,criticalHigh,PUMP_OFF
2026-05-13 18:58:20.898,cmmx6howt0000bi1zgfsisou2,77.32160312805473,high,89.51,high,PUMP_OFF
2026-05-13 18:58:24.408,cmmx6howt0000bi1zgfsisou2,76.63734115347019,high,89.58,high,PUMP_OFF
2026-05-13 18:58:27.915,cmmx6howt0000bi1zgfsisou2,77.2238514173998,high,89.43,high,PUMP_OFF
2026-05-13 18:58:31.423,cmmx6howt0000bi1zgfsisou2,77.2238514173998,high,89.28,high,PUMP_OFF
2026-05-13 18:58:34.933,cmmx6howt0000bi1zgfsisou2,77.2238514173998,high,89.47,high,PUMP_OFF
2026-05-13 18:58:38.444,cmmx6howt0000bi1zgfsisou2,77.32160312805473,high,89.54,high,PUMP_OFF
2026-05-13 18:58:41.952,cmmx6howt0000bi1zgfsisou2,74.29130009775172,high,89.77,high,PUMP_OFF
2026-05-13 18:58:45.462,cmmx6howt0000bi1zgfsisou2,77.02834799608993,high,89.51,high,PUMP_OFF
2026-05-13 18:58:48.973,cmmx6howt0000bi1zgfsisou2,76.93059628543499,high,17.67,low,PUMP_OFF
2026-05-13 18:58:52.483,cmmx6howt0000bi1zgfsisou2,77.2238514173998,high,85.35,high,PUMP_OFF
2026-05-13 18:58:55.993,cmmx6howt0000bi1zgfsisou2,77.2238514173998,high,85.88,high,PUMP_OFF
2026-05-13 18:58:59.501,cmmx6howt0000bi1zgfsisou2,77.2238514173998,high,86.11,high,PUMP_OFF
2026-05-13 18:59:03.010,cmmx6howt0000bi1zgfsisou2,77.2238514173998,high,85.88,high,PUMP_OFF
2026-05-13 18:59:06.522,cmmx6howt0000bi1zgfsisou2,77.41935483870968,high,16.14,low,PUMP_OFF
2026-05-13 18:59:10.032,cmmx6howt0000bi1zgfsisou2,76.53958944281524,high,89.51,high,PUMP_OFF
2026-05-13 18:59:13.541,cmmx6howt0000bi1zgfsisou2,77.2238514173998,high,89.51,high,PUMP_OFF
2026-05-13 18:59:17.050,cmmx6howt0000bi1zgfsisou2,77.32160312805473,high,89.51,high,PUMP_OFF
2026-05-13 18:59:20.561,cmmx6howt0000bi1zgfsisou2,77.32160312805473,high,89.73,high,PUMP_OFF
2026-05-13 18:59:24.069,cmmx6howt0000bi1zgfsisou2,77.41935483870968,high,98.08,criticalHigh,PUMP_OFF
2026-05-13 18:59:27.579,cmmx6howt0000bi1zgfsisou2,77.32160312805473,high,95.76,criticalHigh,PUMP_OFF
2026-05-13 18:59:31.087,cmmx6howt0000bi1zgfsisou2,77.41935483870968,high,96.9,criticalHigh,PUMP_OFF
2026-05-13 18:59:34.597,cmmx6howt0000bi1zgfsisou2,77.32160312805473,high,96.71,criticalHigh,PUMP_OFF
2026-05-13 18:59:38.107,cmmx6howt0000bi1zgfsisou2,77.32160312805473,high,93.09,criticalHigh,PUMP_OFF
2026-05-13 18:59:41.616,cmmx6howt0000bi1zgfsisou2,77.41935483870968,high,96.21,criticalHigh,PUMP_OFF
2026-05-13 18:59:45.125,cmmx6howt0000bi1zgfsisou2,77.41935483870968,high,96.52,criticalHigh,PUMP_OFF
2026-05-13 18:59:48.635,cmmx6howt0000bi1zgfsisou2,77.32160312805473,high,96.67,criticalHigh,PUMP_OFF
2026-05-13 18:59:52.144,cmmx6howt0000bi1zgfsisou2,76.53958944281524,high,96.71,criticalHigh,PUMP_OFF
2026-05-13 18:59:55.654,cmmx6howt0000bi1zgfsisou2,77.32160312805473,high,95.98,criticalHigh,PUMP_OFF
2026-05-13 18:59:59.162,cmmx6howt0000bi1zgfsisou2,77.41935483870968,high,97.43,criticalHigh,PUMP_OFF
2026-05-13 19:00:02.672,cmmx6howt0000bi1zgfsisou2,77.51710654936461,high,95.57,criticalHigh,PUMP_OFF
2026-05-13 19:00:06.182,cmmx6howt0000bi1zgfsisou2,77.41935483870968,high,96.78,criticalHigh,PUMP_OFF
2026-05-13 19:00:09.691,cmmx6howt0000bi1zgfsisou2,77.41935483870968,high,95.34,criticalHigh,PUMP_OFF
2026-05-13 19:00:13.200,cmmx6howt0000bi1zgfsisou2,77.41935483870968,high,92.33,criticalHigh,PUMP_OFF
2026-05-13 19:00:16.709,cmmx6howt0000bi1zgfsisou2,77.41935483870968,high,91.87,criticalHigh,PUMP_OFF
2026-05-13 19:00:20.220,cmmx6howt0000bi1zgfsisou2,77.51710654936461,high,87.75,high,PUMP_OFF
2026-05-13 19:00:23.728,cmmx6howt0000bi1zgfsisou2,77.41935483870968,high,96.94,criticalHigh,PUMP_OFF
2026-05-13 19:00:27.237,cmmx6howt0000bi1zgfsisou2,77.41935483870968,high,95.98,criticalHigh,PUMP_OFF
2026-05-13 19:00:30.747,cmmx6howt0000bi1zgfsisou2,77.41935483870968,high,95.3,criticalHigh,PUMP_OFF
2026-05-13 19:00:34.255,cmmx6howt0000bi1zgfsisou2,76.93059628543499,high,94.12,criticalHigh,PUMP_OFF
2026-05-13 19:00:37.764,cmmx6howt0000bi1zgfsisou2,77.02834799608993,high,96.75,criticalHigh,PUMP_OFF
2026-05-13 19:00:41.274,cmmx6howt0000bi1zgfsisou2,76.83284457478005,high,95.26,criticalHigh,PUMP_OFF
2026-05-13 19:00:44.782,cmmx6howt0000bi1zgfsisou2,76.44183773216031,high,96.56,criticalHigh,PUMP_OFF
2026-05-13 19:00:48.292,cmmx6howt0000bi1zgfsisou2,76.44183773216031,high,96.75,criticalHigh,PUMP_OFF
2026-05-13 19:00:51.800,cmmx6howt0000bi1zgfsisou2,76.53958944281524,high,93.32,criticalHigh,PUMP_OFF
2026-05-13 19:00:55.309,cmmx6howt0000bi1zgfsisou2,76.63734115347019,high,96.67,criticalHigh,PUMP_OFF
2026-05-13 19:00:58.820,cmmx6howt0000bi1zgfsisou2,77.02834799608993,high,95.95,criticalHigh,PUMP_OFF
2026-05-13 19:01:02.328,cmmx6howt0000bi1zgfsisou2,77.02834799608993,high,96.75,criticalHigh,PUMP_OFF
2026-05-13 19:01:05.837,cmmx6howt0000bi1zgfsisou2,76.93059628543499,high,93.32,criticalHigh,PUMP_OFF
2026-05-13 19:01:09.347,cmmx6howt0000bi1zgfsisou2,77.12609970674487,high,86.61,high,PUMP_OFF
2026-05-13 19:01:12.856,cmmx6howt0000bi1zgfsisou2,76.93059628543499,high,91.14,criticalHigh,PUMP_OFF
2026-05-13 19:01:16.366,cmmx6howt0000bi1zgfsisou2,76.24633431085044,high,95.26,criticalHigh,PUMP_OFF
2026-05-13 19:01:19.875,cmmx6howt0000bi1zgfsisou2,76.73509286412512,high,96.71,criticalHigh,PUMP_OFF
2026-05-13 19:01:23.386,cmmx6howt0000bi1zgfsisou2,77.12609970674487,high,95.11,criticalHigh,PUMP_OFF
2026-05-13 19:01:30.404,cmmx6howt0000bi1zgfsisou2,76.63734115347019,high,95.53,criticalHigh,PUMP_OFF
2026-05-13 19:01:33.911,cmmx6howt0000bi1zgfsisou2,76.73509286412512,high,96.52,criticalHigh,PUMP_OFF
2026-05-13 19:01:37.421,cmmx6howt0000bi1zgfsisou2,76.83284457478005,high,96.63,criticalHigh,PUMP_OFF
2026-05-13 19:01:40.930,cmmx6howt0000bi1zgfsisou2,76.73509286412512,high,96.63,criticalHigh,PUMP_OFF
2026-05-13 19:01:44.439,cmmx6howt0000bi1zgfsisou2,76.73509286412512,high,96.75,criticalHigh,PUMP_OFF
2026-05-13 19:01:47.949,cmmx6howt0000bi1zgfsisou2,76.05083088954056,high,96.06,criticalHigh,PUMP_OFF
2026-05-13 19:01:51.458,cmmx6howt0000bi1zgfsisou2,64.80938416422288,optimal,95.26,criticalHigh,PUMP_ON_LOW
2026-05-13 19:01:54.967,cmmx6howt0000bi1zgfsisou2,56.20723362658846,optimal,92.82,criticalHigh,PUMP_ON_LOW
2026-05-13 19:01:58.476,cmmx6howt0000bi1zgfsisou2,55.42521994134897,optimal,98.92,criticalHigh,PUMP_ON_LOW
2026-05-13 19:02:12.678,cmmx6howt0000bi1zgfsisou2,60.60606060606061,optimal,67.59,optimal,PUMP_ON_LOW
2026-05-13 19:02:16.187,cmmx6howt0000bi1zgfsisou2,56.69599217986314,optimal,57.49,optimal,PUMP_ON_LOW
2026-05-13 19:02:23.210,cmmx6howt0000bi1zgfsisou2,60.50830889540567,optimal,96.48,criticalHigh,PUMP_ON_LOW
2026-05-13 19:02:26.718,cmmx6howt0000bi1zgfsisou2,57.57575757575757,optimal,90.99,criticalHigh,PUMP_ON_LOW
2026-05-13 19:02:30.226,cmmx6howt0000bi1zgfsisou2,57.57575757575757,optimal,91.18,criticalHigh,PUMP_ON_LOW
2026-05-13 19:02:33.734,cmmx6howt0000bi1zgfsisou2,75.26881720430107,high,93.16,criticalHigh,PUMP_OFF
2026-05-13 19:02:37.243,cmmx6howt0000bi1zgfsisou2,78.00586510263929,high,96.52,criticalHigh,PUMP_OFF
2026-05-13 19:02:44.294,cmmx6howt0000bi1zgfsisou2,77.2238514173998,high,68.01,optimal,PUMP_OFF
2026-05-13 19:02:47.805,cmmx6howt0000bi1zgfsisou2,62.85434995112414,optimal,21.4,low,MONITOR
2026-05-13 19:02:51.315,cmmx6howt0000bi1zgfsisou2,59.23753665689149,optimal,82.07,high,PUMP_ON_LOW
2026-05-13 19:03:09.148,cmmx6howt0000bi1zgfsisou2,60.70381231671554,optimal,98.94,criticalHigh,PUMP_ON_LOW
2026-05-13 19:03:12.657,cmmx6howt0000bi1zgfsisou2,57.6735092864125,optimal,93.16,criticalHigh,PUMP_ON_LOW
2026-05-13 19:03:16.165,cmmx6howt0000bi1zgfsisou2,57.6735092864125,optimal,86.15,high,PUMP_ON_LOW
2026-05-13 19:03:40.996,cmmx6howt0000bi1zgfsisou2,62.65884652981427,optimal,94.12,criticalHigh,PUMP_ON_LOW
2026-05-13 19:03:44.504,cmmx6howt0000bi1zgfsisou2,59.62854349951125,optimal,92.4,criticalHigh,PUMP_ON_LOW
2026-05-13 19:03:48.013,cmmx6howt0000bi1zgfsisou2,58.45552297165199,optimal,93.16,criticalHigh,PUMP_ON_LOW
2026-05-13 19:03:51.522,cmmx6howt0000bi1zgfsisou2,60.50830889540567,optimal,93.39,criticalHigh,PUMP_ON_LOW
2026-05-13 19:03:55.029,cmmx6howt0000bi1zgfsisou2,58.94428152492668,optimal,93.16,criticalHigh,PUMP_ON_LOW
2026-05-13 19:03:58.618,cmmx6howt0000bi1zgfsisou2,58.55327468230693,optimal,60.45,optimal,PUMP_ON_LOW
2026-05-13 19:04:13.039,cmmx6howt0000bi1zgfsisou2,58.06451612903225,optimal,22.81,low,MONITOR
2026-05-13 19:04:27.317,cmmx6howt0000bi1zgfsisou2,60.99706744868035,optimal,89.54,high,PUMP_ON_LOW
2026-05-13 19:04:30.824,cmmx6howt0000bi1zgfsisou2,57.96676441837732,optimal,90.27,criticalHigh,PUMP_ON_LOW
2026-05-13 19:04:34.332,cmmx6howt0000bi1zgfsisou2,62.75659824046921,optimal,94.61,criticalHigh,PUMP_ON_LOW
2026-05-13 19:04:37.841,cmmx6howt0000bi1zgfsisou2,54.64320625610948,optimal,96.78,criticalHigh,PUMP_ON_LOW
2026-05-13 19:04:41.348,cmmx6howt0000bi1zgfsisou2,54.83870967741935,optimal,96.78,criticalHigh,PUMP_ON_LOW
2026-05-13 19:04:44.858,cmmx6howt0000bi1zgfsisou2,74.38905180840665,high,97.01,criticalHigh,PUMP_OFF
2026-05-13 19:04:48.366,cmmx6howt0000bi1zgfsisou2,76.83284457478005,high,96.78,criticalHigh,PUMP_OFF
2026-05-13 19:04:51.875,cmmx6howt0000bi1zgfsisou2,76.73509286412512,high,96.78,criticalHigh,PUMP_OFF
2026-05-13 19:04:55.384,cmmx6howt0000bi1zgfsisou2,76.53958944281524,high,96.78,criticalHigh,PUMP_OFF
2026-05-13 19:04:58.894,cmmx6howt0000bi1zgfsisou2,76.34408602150538,high,93.16,criticalHigh,PUMP_OFF
2026-05-13 19:05:02.404,cmmx6howt0000bi1zgfsisou2,76.1485826001955,high,74.34,optimal,PUMP_OFF
2026-05-13 19:05:05.913,cmmx6howt0000bi1zgfsisou2,76.1485826001955,high,91.49,criticalHigh,PUMP_OFF
2026-05-13 19:05:09.422,cmmx6howt0000bi1zgfsisou2,62.75659824046921,optimal,96.56,criticalHigh,PUMP_ON_LOW
2026-05-13 19:05:12.930,cmmx6howt0000bi1zgfsisou2,53.95894428152492,optimal,96.56,criticalHigh,PUMP_ON_LOW
2026-05-13 19:05:16.438,cmmx6howt0000bi1zgfsisou2,53.86119257086999,optimal,97.01,criticalHigh,PUMP_ON_LOW
2026-05-13 19:05:19.946,cmmx6howt0000bi1zgfsisou2,54.05669599217986,optimal,96.78,criticalHigh,PUMP_ON_LOW
2026-05-13 19:05:23.454,cmmx6howt0000bi1zgfsisou2,53.66568914956012,optimal,96.78,criticalHigh,PUMP_ON_LOW
2026-05-13 19:07:03.172,cmmx6howt0000bi1zgfsisou2,54.34995112414467,optimal,85.92,high,PUMP_ON_LOW
2026-05-13 19:07:06.681,cmmx6howt0000bi1zgfsisou2,51.51515151515152,optimal,89.54,high,PUMP_ON_LOW
2026-05-13 19:07:10.189,cmmx6howt0000bi1zgfsisou2,51.51515151515152,optimal,89.31,high,PUMP_ON_LOW
2026-05-13 19:07:13.698,cmmx6howt0000bi1zgfsisou2,51.51515151515152,optimal,91.72,criticalHigh,PUMP_ON_LOW
2026-05-13 19:07:17.206,cmmx6howt0000bi1zgfsisou2,51.61290322580645,optimal,100.0,criticalHigh,PUMP_ON_LOW
2026-05-13 19:07:20.715,cmmx6howt0000bi1zgfsisou2,51.71065493646139,optimal,100.0,criticalHigh,PUMP_ON_LOW
2026-05-13 19:07:24.224,cmmx6howt0000bi1zgfsisou2,51.71065493646139,optimal,100.0,criticalHigh,PUMP_ON_LOW
2026-05-13 19:07:27.733,cmmx6howt0000bi1zgfsisou2,51.71065493646139,optimal,100.0,criticalHigh,PUMP_ON_LOW
2026-05-13 19:07:31.242,cmmx6howt0000bi1zgfsisou2,51.71065493646139,optimal,100.0,criticalHigh,PUMP_ON_LOW
2026-05-13 19:07:34.752,cmmx6howt0000bi1zgfsisou2,51.71065493646139,optimal,100.0,criticalHigh,PUMP_ON_LOW
2026-05-13 19:07:38.261,cmmx6howt0000bi1zgfsisou2,51.80840664711632,optimal,100.0,criticalHigh,PUMP_ON_LOW
2026-05-13 19:07:41.770,cmmx6howt0000bi1zgfsisou2,51.90615835777126,optimal,100.0,criticalHigh,PUMP_ON_LOW
2026-05-13 19:07:45.280,cmmx6howt0000bi1zgfsisou2,51.90615835777126,optimal,100.0,criticalHigh,PUMP_ON_LOW
2026-05-13 19:07:48.790,cmmx6howt0000bi1zgfsisou2,51.80840664711632,optimal,100.0,criticalHigh,PUMP_ON_LOW
2026-05-13 19:07:52.298,cmmx6howt0000bi1zgfsisou2,51.71065493646139,optimal,100.0,criticalHigh,PUMP_ON_LOW
2026-05-13 19:07:55.807,cmmx6howt0000bi1zgfsisou2,52.88367546432062,optimal,100.0,criticalHigh,PUMP_ON_LOW
2026-05-13 19:07:59.316,cmmx6howt0000bi1zgfsisou2,72.14076246334311,high,100.0,criticalHigh,PUMP_OFF
2026-05-13 19:08:02.826,cmmx6howt0000bi1zgfsisou2,74.7800586510264,high,100.0,criticalHigh,PUMP_OFF
2026-05-13 19:08:06.337,cmmx6howt0000bi1zgfsisou2,74.97556207233626,high,100.0,criticalHigh,PUMP_OFF
2026-05-13 19:08:09.847,cmmx6howt0000bi1zgfsisou2,75.26881720430107,high,72.89,optimal,PUMP_OFF
2026-05-13 19:08:13.356,cmmx6howt0000bi1zgfsisou2,75.46432062561095,high,100.0,criticalHigh,PUMP_OFF
2026-05-13 19:08:16.867,cmmx6howt0000bi1zgfsisou2,75.75757575757575,high,100.0,criticalHigh,PUMP_OFF
2026-05-13 19:08:20.376,cmmx6howt0000bi1zgfsisou2,76.05083088954056,high,100.0,criticalHigh,PUMP_OFF
2026-05-13 19:08:23.887,cmmx6howt0000bi1zgfsisou2,76.44183773216031,high,100.0,criticalHigh,PUMP_OFF
2026-05-13 19:08:27.397,cmmx6howt0000bi1zgfsisou2,61.97458455522972,optimal,94.57,criticalHigh,PUMP_ON_LOW
2026-05-13 19:08:30.906,cmmx6howt0000bi1zgfsisou2,62.26783968719452,optimal,100.0,criticalHigh,PUMP_ON_LOW
2026-05-13 19:08:34.415,cmmx6howt0000bi1zgfsisou2,63.83186705767351,optimal,100.0,criticalHigh,PUMP_ON_LOW
2026-05-13 19:08:37.925,cmmx6howt0000bi1zgfsisou2,52.10166177908113,optimal,100.0,criticalHigh,PUMP_ON_LOW
2026-05-13 19:08:41.432,cmmx6howt0000bi1zgfsisou2,52.68817204301075,optimal,100.0,criticalHigh,PUMP_ON_LOW
2026-05-13 19:08:55.827,cmmx6howt0000bi1zgfsisou2,53.95894428152492,optimal,17.13,low,MONITOR
2026-05-13 19:08:59.335,cmmx6howt0000bi1zgfsisou2,51.2218963831867,optimal,92.67,criticalHigh,PUMP_ON_LOW
2026-05-13 19:09:02.845,cmmx6howt0000bi1zgfsisou2,51.2218963831867,optimal,68.77,optimal,PUMP_ON_LOW
2026-05-13 19:09:06.353,cmmx6howt0000bi1zgfsisou2,51.02639296187683,optimal,83.75,high,PUMP_ON_LOW
2026-05-13 19:09:09.863,cmmx6howt0000bi1zgfsisou2,51.12414467253177,optimal,85.92,high,PUMP_ON_LOW
2026-05-13 19:09:13.369,cmmx6howt0000bi1zgfsisou2,51.12414467253177,optimal,86.15,high,PUMP_ON_LOW
2026-05-13 19:09:16.879,cmmx6howt0000bi1zgfsisou2,51.2218963831867,optimal,83.98,high,PUMP_ON_LOW
2026-05-13 19:09:20.387,cmmx6howt0000bi1zgfsisou2,51.2218963831867,optimal,85.92,high,PUMP_ON_LOW
2026-05-13 19:09:23.896,cmmx6howt0000bi1zgfsisou2,51.2218963831867,optimal,86.15,high,PUMP_ON_LOW
2026-05-13 19:09:27.405,cmmx6howt0000bi1zgfsisou2,51.12414467253177,optimal,86.15,high,PUMP_ON_LOW
2026-05-13 19:09:30.913,cmmx6howt0000bi1zgfsisou2,51.12414467253177,optimal,85.92,high,PUMP_ON_LOW
2026-05-13 19:09:34.422,cmmx6howt0000bi1zgfsisou2,51.12414467253177,optimal,85.92,high,PUMP_ON_LOW
2026-05-13 19:09:37.930,cmmx6howt0000bi1zgfsisou2,51.02639296187683,optimal,85.92,high,PUMP_ON_LOW
2026-05-13 19:09:41.438,cmmx6howt0000bi1zgfsisou2,50.9286412512219,optimal,85.69,high,PUMP_ON_LOW
2026-05-13 19:09:44.947,cmmx6howt0000bi1zgfsisou2,51.02639296187683,optimal,85.69,high,PUMP_ON_LOW
2026-05-13 19:09:48.456,cmmx6howt0000bi1zgfsisou2,51.02639296187683,optimal,85.92,high,PUMP_ON_LOW
2026-05-13 19:09:51.964,cmmx6howt0000bi1zgfsisou2,51.02639296187683,optimal,83.98,high,PUMP_ON_LOW
2026-05-13 19:09:55.473,cmmx6howt0000bi1zgfsisou2,50.9286412512219,optimal,85.92,high,PUMP_ON_LOW
2026-05-13 19:09:58.982,cmmx6howt0000bi1zgfsisou2,51.02639296187683,optimal,86.15,high,PUMP_ON_LOW
2026-05-13 19:10:02.491,cmmx6howt0000bi1zgfsisou2,51.02639296187683,optimal,83.98,high,PUMP_ON_LOW
2026-05-13 19:10:05.999,cmmx6howt0000bi1zgfsisou2,51.02639296187683,optimal,82.3,high,PUMP_ON_LOW
2026-05-13 19:10:09.508,cmmx6howt0000bi1zgfsisou2,51.02639296187683,optimal,82.3,high,PUMP_ON_LOW
2026-05-13 19:10:13.017,cmmx6howt0000bi1zgfsisou2,51.02639296187683,optimal,82.53,high,PUMP_ON_LOW
2026-05-13 19:10:16.525,cmmx6howt0000bi1zgfsisou2,51.02639296187683,optimal,82.07,high,PUMP_ON_LOW
2026-05-13 19:10:20.034,cmmx6howt0000bi1zgfsisou2,51.02639296187683,optimal,91.49,criticalHigh,PUMP_ON_LOW
2026-05-13 19:10:23.542,cmmx6howt0000bi1zgfsisou2,51.02639296187683,optimal,81.58,high,PUMP_ON_LOW
2026-05-13 19:10:27.051,cmmx6howt0000bi1zgfsisou2,51.02639296187683,optimal,86.15,high,PUMP_ON_LOW
2026-05-13 19:10:30.560,cmmx6howt0000bi1zgfsisou2,51.02639296187683,optimal,86.15,high,PUMP_ON_LOW
2026-05-13 19:10:34.069,cmmx6howt0000bi1zgfsisou2,51.02639296187683,optimal,85.92,high,PUMP_ON_LOW
2026-05-13 19:10:37.578,cmmx6howt0000bi1zgfsisou2,51.02639296187683,optimal,86.15,high,PUMP_ON_LOW
2026-05-13 19:10:41.086,cmmx6howt0000bi1zgfsisou2,51.02639296187683,optimal,85.92,high,PUMP_ON_LOW
2026-05-13 19:11:09.939,cmmx6howt0000bi1zgfsisou2,53.0791788856305,optimal,83.75,high,PUMP_ON_LOW
2026-05-13 19:11:13.447,cmmx6howt0000bi1zgfsisou2,50.63538611925708,optimal,81.08,high,PUMP_ON_LOW
2026-05-13 19:11:16.957,cmmx6howt0000bi1zgfsisou2,50.63538611925708,optimal,81.08,high,PUMP_ON_LOW
2026-05-13 19:11:20.466,cmmx6howt0000bi1zgfsisou2,50.63538611925708,optimal,81.08,high,PUMP_ON_LOW
2026-05-13 19:11:23.974,cmmx6howt0000bi1zgfsisou2,50.63538611925708,optimal,81.08,high,PUMP_ON_LOW
2026-05-13 19:11:27.483,cmmx6howt0000bi1zgfsisou2,50.63538611925708,optimal,81.08,high,PUMP_ON_LOW
2026-05-13 19:11:30.992,cmmx6howt0000bi1zgfsisou2,50.63538611925708,optimal,75.25,high,PUMP_ON_LOW
2026-05-13 19:11:34.501,cmmx6howt0000bi1zgfsisou2,50.73313782991202,optimal,78.19,high,PUMP_ON_LOW
2026-05-13 19:11:38.010,cmmx6howt0000bi1zgfsisou2,50.63538611925708,optimal,83.26,high,PUMP_ON_LOW
2026-05-13 19:11:41.518,cmmx6howt0000bi1zgfsisou2,50.63538611925708,optimal,80.85,high,PUMP_ON_LOW
2026-05-13 19:11:45.027,cmmx6howt0000bi1zgfsisou2,50.63538611925708,optimal,77.96,high,PUMP_ON_LOW
2026-05-13 19:11:48.536,cmmx6howt0000bi1zgfsisou2,50.73313782991202,optimal,83.26,high,PUMP_ON_LOW
2026-05-13 19:11:52.045,cmmx6howt0000bi1zgfsisou2,50.73313782991202,optimal,78.19,high,PUMP_ON_LOW
2026-05-13 19:11:55.553,cmmx6howt0000bi1zgfsisou2,50.73313782991202,optimal,80.63,high,PUMP_ON_LOW
2026-05-13 19:11:59.062,cmmx6howt0000bi1zgfsisou2,50.73313782991202,optimal,78.22,high,PUMP_ON_LOW
2026-05-13 19:12:02.571,cmmx6howt0000bi1zgfsisou2,50.63538611925708,optimal,78.83,high,PUMP_ON_LOW
2026-05-13 19:12:06.080,cmmx6howt0000bi1zgfsisou2,50.73313782991202,optimal,83.26,high,PUMP_ON_LOW
2026-05-13 19:12:09.590,cmmx6howt0000bi1zgfsisou2,50.73313782991202,optimal,77.96,high,PUMP_ON_LOW
2026-05-13 19:12:13.098,cmmx6howt0000bi1zgfsisou2,50.63538611925708,optimal,83.03,high,PUMP_ON_LOW
2026-05-13 19:12:16.607,cmmx6howt0000bi1zgfsisou2,50.73313782991202,optimal,75.06,high,PUMP_ON_LOW
2026-05-13 19:12:20.116,cmmx6howt0000bi1zgfsisou2,50.73313782991202,optimal,77.96,high,PUMP_ON_LOW
2026-05-13 19:12:23.624,cmmx6howt0000bi1zgfsisou2,50.63538611925708,optimal,80.85,high,PUMP_ON_LOW
2026-05-13 19:12:27.133,cmmx6howt0000bi1zgfsisou2,50.73313782991202,optimal,77.96,high,PUMP_ON_LOW
2026-05-13 19:12:30.643,cmmx6howt0000bi1zgfsisou2,50.63538611925708,optimal,79.41,high,PUMP_ON_LOW
2026-05-13 19:12:34.151,cmmx6howt0000bi1zgfsisou2,50.73313782991202,optimal,91.94,criticalHigh,PUMP_ON_LOW
2026-05-13 19:12:37.660,cmmx6howt0000bi1zgfsisou2,50.73313782991202,optimal,69.27,optimal,PUMP_ON_LOW
2026-05-13 19:12:41.168,cmmx6howt0000bi1zgfsisou2,50.63538611925708,optimal,93.16,criticalHigh,PUMP_ON_LOW
2026-05-13 19:12:44.676,cmmx6howt0000bi1zgfsisou2,50.63538611925708,optimal,92.94,criticalHigh,PUMP_ON_LOW
2026-05-13 19:12:48.185,cmmx6howt0000bi1zgfsisou2,50.63538611925708,optimal,85.43,high,PUMP_ON_LOW
2026-05-13 19:12:51.694,cmmx6howt0000bi1zgfsisou2,50.73313782991202,optimal,90.27,criticalHigh,PUMP_ON_LOW
2026-05-13 19:12:55.203,cmmx6howt0000bi1zgfsisou2,50.73313782991202,optimal,90.04,criticalHigh,PUMP_ON_LOW
2026-05-13 19:12:58.710,cmmx6howt0000bi1zgfsisou2,50.63538611925708,optimal,90.5,criticalHigh,PUMP_ON_LOW
2026-05-13 19:13:02.219,cmmx6howt0000bi1zgfsisou2,50.63538611925708,optimal,90.27,criticalHigh,PUMP_ON_LOW
2026-05-13 19:13:05.728,cmmx6howt0000bi1zgfsisou2,50.63538611925708,optimal,85.43,high,PUMP_ON_LOW
2026-05-13 19:13:09.237,cmmx6howt0000bi1zgfsisou2,50.63538611925708,optimal,82.19,high,PUMP_ON_LOW
2026-05-13 19:13:12.745,cmmx6howt0000bi1zgfsisou2,50.63538611925708,optimal,90.04,criticalHigh,PUMP_ON_LOW
2026-05-13 19:13:16.255,cmmx6howt0000bi1zgfsisou2,50.73313782991202,optimal,84.25,high,PUMP_ON_LOW
2026-05-13 19:13:19.762,cmmx6howt0000bi1zgfsisou2,50.73313782991202,optimal,94.12,criticalHigh,PUMP_ON_LOW
2026-05-13 19:13:23.271,cmmx6howt0000bi1zgfsisou2,50.73313782991202,optimal,83.03,high,PUMP_ON_LOW
2026-05-13 19:13:26.779,cmmx6howt0000bi1zgfsisou2,50.63538611925708,optimal,85.16,high,PUMP_ON_LOW
2026-05-13 19:13:30.288,cmmx6howt0000bi1zgfsisou2,50.63538611925708,optimal,82.3,high,PUMP_ON_LOW
2026-05-13 19:13:33.797,cmmx6howt0000bi1zgfsisou2,50.63538611925708,optimal,90.27,criticalHigh,PUMP_ON_LOW
2026-05-13 19:13:37.305,cmmx6howt0000bi1zgfsisou2,50.73313782991202,optimal,87.37,high,PUMP_ON_LOW
2026-05-13 19:13:40.814,cmmx6howt0000bi1zgfsisou2,50.34213098729228,optimal,84.97,high,PUMP_ON_LOW
2026-05-13 19:13:44.322,cmmx6howt0000bi1zgfsisou2,50.34213098729228,optimal,90.23,criticalHigh,PUMP_ON_LOW
2026-05-13 19:13:47.832,cmmx6howt0000bi1zgfsisou2,50.34213098729228,optimal,90.27,criticalHigh,PUMP_ON_LOW
2026-05-13 19:13:51.339,cmmx6howt0000bi1zgfsisou2,50.34213098729228,optimal,83.98,high,PUMP_ON_LOW
2026-05-13 19:13:54.848,cmmx6howt0000bi1zgfsisou2,50.34213098729228,optimal,92.44,criticalHigh,PUMP_ON_LOW
2026-05-13 19:13:58.356,cmmx6howt0000bi1zgfsisou2,50.34213098729228,optimal,87.6,high,PUMP_ON_LOW
2026-05-13 19:14:01.864,cmmx6howt0000bi1zgfsisou2,50.34213098729228,optimal,90.27,criticalHigh,PUMP_ON_LOW
2026-05-13 19:14:05.373,cmmx6howt0000bi1zgfsisou2,50.43988269794721,optimal,85.2,high,PUMP_ON_LOW
2026-05-13 19:14:08.883,cmmx6howt0000bi1zgfsisou2,50.43988269794721,optimal,87.52,high,PUMP_ON_LOW
2026-05-13 19:14:12.391,cmmx6howt0000bi1zgfsisou2,50.53763440860215,optimal,87.6,high,PUMP_ON_LOW
2026-05-13 19:14:15.899,cmmx6howt0000bi1zgfsisou2,50.73313782991202,optimal,87.14,high,PUMP_ON_LOW
2026-05-13 19:14:19.408,cmmx6howt0000bi1zgfsisou2,48.97360703812317,optimal,93.16,criticalHigh,PUMP_ON_LOW
2026-05-13 19:14:22.917,cmmx6howt0000bi1zgfsisou2,52.59042033235581,optimal,90.27,criticalHigh,PUMP_ON_LOW
2026-05-13 19:14:26.425,cmmx6howt0000bi1zgfsisou2,54.93646138807429,optimal,90.23,criticalHigh,PUMP_ON_LOW
2026-05-13 19:14:29.934,cmmx6howt0000bi1zgfsisou2,53.86119257086999,optimal,87.45,high,PUMP_ON_LOW
2026-05-13 19:14:33.442,cmmx6howt0000bi1zgfsisou2,53.95894428152492,optimal,92.9,criticalHigh,PUMP_ON_LOW
2026-05-13 19:14:36.950,cmmx6howt0000bi1zgfsisou2,54.05669599217986,optimal,89.54,high,PUMP_ON_LOW
2026-05-13 19:14:47.740,cmmx6howt0000bi1zgfsisou2,51.2218963831867,optimal,81.65,high,PUMP_ON_LOW
2026-05-13 19:14:49.949,cmmx6howt0000bi1zgfsisou2,53.95894428152492,optimal,87.37,high,PUMP_ON_LOW
2026-05-13 19:14:52.131,cmmx6howt0000bi1zgfsisou2,53.56793743890518,optimal,90.5,criticalHigh,PUMP_ON_LOW
2026-05-13 19:14:54.323,cmmx6howt0000bi1zgfsisou2,53.47018572825024,optimal,87.37,high,PUMP_ON_LOW
2026-05-13 19:14:56.523,cmmx6howt0000bi1zgfsisou2,53.56793743890518,optimal,91.72,criticalHigh,PUMP_ON_LOW
2026-05-13 19:21:41.786,cmmx6howt0000bi1zgfsisou2,77.32160312805473,high,42.21,optimal,PUMP_OFF
2026-05-13 19:21:45.297,cmmx6howt0000bi1zgfsisou2,77.41935483870968,high,14.77,low,PUMP_OFF
2026-05-13 19:21:48.807,cmmx6howt0000bi1zgfsisou2,77.61485826001955,high,96.78,criticalHigh,PUMP_OFF
2026-05-13 19:21:52.317,cmmx6howt0000bi1zgfsisou2,77.71260997067448,high,87.83,high,PUMP_OFF
2026-05-13 19:21:55.826,cmmx6howt0000bi1zgfsisou2,77.71260997067448,high,95.11,criticalHigh,PUMP_OFF
2026-05-13 19:21:59.335,cmmx6howt0000bi1zgfsisou2,77.81036168132943,high,88.1,high,PUMP_OFF
2026-05-13 19:22:02.845,cmmx6howt0000bi1zgfsisou2,71.8475073313783,high,90.92,criticalHigh,PUMP_OFF
2026-05-13 19:22:06.354,cmmx6howt0000bi1zgfsisou2,76.34408602150538,high,91.18,criticalHigh,PUMP_OFF
2026-05-13 19:22:09.864,cmmx6howt0000bi1zgfsisou2,76.34408602150538,high,90.27,criticalHigh,PUMP_OFF
2026-05-13 19:22:13.374,cmmx6howt0000bi1zgfsisou2,76.63734115347019,high,90.99,criticalHigh,PUMP_OFF
2026-05-13 19:22:16.883,cmmx6howt0000bi1zgfsisou2,75.75757575757575,high,94.99,criticalHigh,PUMP_OFF
2026-05-13 19:22:20.392,cmmx6howt0000bi1zgfsisou2,76.53958944281524,high,87.98,high,PUMP_OFF
2026-05-13 19:22:23.901,cmmx6howt0000bi1zgfsisou2,76.73509286412512,high,89.51,high,PUMP_OFF
2026-05-13 19:22:27.411,cmmx6howt0000bi1zgfsisou2,77.90811339198436,high,87.87,high,PUMP_OFF
2026-05-13 19:22:30.919,cmmx6howt0000bi1zgfsisou2,78.00586510263929,high,95.57,criticalHigh,PUMP_OFF
2026-05-13 19:22:34.430,cmmx6howt0000bi1zgfsisou2,78.10361681329422,high,88.06,high,PUMP_OFF
2026-05-13 19:22:37.939,cmmx6howt0000bi1zgfsisou2,78.10361681329422,high,93.05,criticalHigh,PUMP_OFF
2026-05-13 19:24:09.179,cmmx6howt0000bi1zgfsisou2,76.44183773216031,high,93.66,criticalHigh,PUMP_OFF
2026-05-13 19:24:12.686,cmmx6howt0000bi1zgfsisou2,76.63734115347019,high,90.99,criticalHigh,PUMP_OFF
2026-05-13 19:24:16.194,cmmx6howt0000bi1zgfsisou2,76.44183773216031,high,93.16,criticalHigh,PUMP_OFF
2026-05-13 19:24:19.704,cmmx6howt0000bi1zgfsisou2,76.44183773216031,high,93.85,criticalHigh,PUMP_OFF
2026-05-13 19:24:23.212,cmmx6howt0000bi1zgfsisou2,76.44183773216031,high,90.99,criticalHigh,PUMP_OFF
2026-05-13 19:24:26.722,cmmx6howt0000bi1zgfsisou2,76.73509286412512,high,90.92,criticalHigh,PUMP_OFF
2026-05-13 19:24:30.231,cmmx6howt0000bi1zgfsisou2,76.63734115347019,high,90.95,criticalHigh,PUMP_OFF
2026-05-13 19:24:33.741,cmmx6howt0000bi1zgfsisou2,76.73509286412512,high,93.16,criticalHigh,PUMP_OFF
2026-05-13 19:24:40.760,cmmx6howt0000bi1zgfsisou2,76.83284457478005,high,90.23,criticalHigh,PUMP_OFF
2026-05-13 19:24:44.268,cmmx6howt0000bi1zgfsisou2,76.83284457478005,high,85.35,high,PUMP_OFF
2026-05-13 19:24:47.779,cmmx6howt0000bi1zgfsisou2,76.83284457478005,high,88.59,high,PUMP_OFF
2026-05-13 19:24:51.287,cmmx6howt0000bi1zgfsisou2,76.83284457478005,high,88.1,high,PUMP_OFF
2026-05-13 19:24:54.797,cmmx6howt0000bi1zgfsisou2,76.93059628543499,high,96.48,criticalHigh,PUMP_OFF
2026-05-13 19:24:58.306,cmmx6howt0000bi1zgfsisou2,76.93059628543499,high,87.1,high,PUMP_OFF
2026-05-13 19:25:01.814,cmmx6howt0000bi1zgfsisou2,76.83284457478005,high,95.49,criticalHigh,PUMP_OFF
2026-05-13 19:25:05.324,cmmx6howt0000bi1zgfsisou2,76.63734115347019,high,89.96,high,PUMP_OFF
2026-05-13 19:25:08.833,cmmx6howt0000bi1zgfsisou2,76.53958944281524,high,90.95,criticalHigh,PUMP_OFF
2026-05-13 19:25:12.342,cmmx6howt0000bi1zgfsisou2,76.93059628543499,high,88.25,high,PUMP_OFF
2026-05-13 19:25:15.853,cmmx6howt0000bi1zgfsisou2,76.93059628543499,high,68.93,optimal,PUMP_OFF
2026-05-13 19:25:19.362,cmmx6howt0000bi1zgfsisou2,76.05083088954056,high,96.78,criticalHigh,PUMP_OFF
2026-05-13 19:25:22.870,cmmx6howt0000bi1zgfsisou2,75.8553274682307,high,96.63,criticalHigh,PUMP_OFF
2026-05-13 19:25:26.379,cmmx6howt0000bi1zgfsisou2,75.46432062561095,high,96.67,criticalHigh,PUMP_OFF
2026-05-13 19:25:29.890,cmmx6howt0000bi1zgfsisou2,76.05083088954056,high,96.71,criticalHigh,PUMP_OFF
2026-05-13 19:25:33.398,cmmx6howt0000bi1zgfsisou2,76.05083088954056,high,96.78,criticalHigh,PUMP_OFF
2026-05-13 19:25:36.908,cmmx6howt0000bi1zgfsisou2,76.05083088954056,high,96.75,criticalHigh,PUMP_OFF
2026-05-13 19:25:40.417,cmmx6howt0000bi1zgfsisou2,75.95307917888563,high,96.9,criticalHigh,PUMP_OFF
2026-05-13 19:25:43.927,cmmx6howt0000bi1zgfsisou2,75.65982404692082,high,90.92,criticalHigh,PUMP_OFF
2026-05-13 19:25:47.436,cmmx6howt0000bi1zgfsisou2,75.75757575757575,high,90.99,criticalHigh,PUMP_OFF
2026-05-13 19:25:50.945,cmmx6howt0000bi1zgfsisou2,76.53958944281524,high,96.78,criticalHigh,PUMP_OFF
2026-05-13 19:25:54.455,cmmx6howt0000bi1zgfsisou2,76.44183773216031,high,96.52,criticalHigh,PUMP_OFF
2026-05-13 19:25:57.965,cmmx6howt0000bi1zgfsisou2,76.24633431085044,high,82.26,high,PUMP_OFF
2026-05-13 19:26:01.474,cmmx6howt0000bi1zgfsisou2,76.34408602150538,high,82.53,high,PUMP_OFF
2026-05-13 19:26:04.983,cmmx6howt0000bi1zgfsisou2,76.44183773216031,high,80.32,high,PUMP_OFF
2026-05-13 19:26:08.494,cmmx6howt0000bi1zgfsisou2,75.75757575757575,high,75.06,high,PUMP_OFF
2026-05-13 19:26:12.003,cmmx6howt0000bi1zgfsisou2,75.95307917888563,high,83.94,high,PUMP_OFF
2026-05-13 19:26:15.513,cmmx6howt0000bi1zgfsisou2,56.10948191593352,optimal,89.28,high,PUMP_ON_LOW
2026-05-13 19:26:19.021,cmmx6howt0000bi1zgfsisou2,51.02639296187683,optimal,75.29,high,PUMP_ON_LOW
2026-05-13 19:26:22.530,cmmx6howt0000bi1zgfsisou2,69.30596285434996,optimal,89.73,high,PUMP_ON_LOW
2026-05-13 19:26:26.040,cmmx6howt0000bi1zgfsisou2,52.59042033235581,optimal,81.08,high,PUMP_ON_LOW
2026-05-13 19:26:29.547,cmmx6howt0000bi1zgfsisou2,52.78592375366568,optimal,75.29,high,PUMP_ON_LOW
2026-05-13 19:26:33.056,cmmx6howt0000bi1zgfsisou2,52.88367546432062,optimal,75.29,high,PUMP_ON_LOW
2026-05-13 19:26:36.564,cmmx6howt0000bi1zgfsisou2,53.95894428152492,optimal,75.29,high,PUMP_ON_LOW
2026-05-13 19:26:40.073,cmmx6howt0000bi1zgfsisou2,53.95894428152492,optimal,75.06,high,PUMP_ON_LOW
2026-05-13 19:28:53.534,cmmx6howt0000bi1zgfsisou2,49.95112414467253,optimal,85.88,high,PUMP_ON_LOW
2026-05-13 19:28:57.041,cmmx6howt0000bi1zgfsisou2,56.30498533724339,optimal,86.15,high,PUMP_ON_LOW
2026-05-13 19:29:00.550,cmmx6howt0000bi1zgfsisou2,57.28250244379276,optimal,85.88,high,PUMP_ON_LOW
2026-05-13 19:29:04.058,cmmx6howt0000bi1zgfsisou2,50.53763440860215,optimal,86.15,high,PUMP_ON_LOW
2026-05-13 19:29:07.566,cmmx6howt0000bi1zgfsisou2,50.63538611925708,optimal,85.92,high,PUMP_ON_LOW
2026-05-13 19:29:11.075,cmmx6howt0000bi1zgfsisou2,62.85434995112414,optimal,85.66,high,PUMP_ON_LOW
2026-05-13 19:29:18.090,cmmx6howt0000bi1zgfsisou2,48.58260019550342,optimal,85.88,high,PUMP_ON_LOW
2026-05-13 19:29:21.599,cmmx6howt0000bi1zgfsisou2,59.62854349951125,optimal,86.15,high,PUMP_ON_LOW
2026-05-13 19:29:25.107,cmmx6howt0000bi1zgfsisou2,48.19159335288368,optimal,85.92,high,PUMP_ON_LOW
2026-05-13 19:29:28.616,cmmx6howt0000bi1zgfsisou2,46.82306940371457,optimal,85.69,high,PUMP_ON_LOW
2026-05-13 19:29:32.124,cmmx6howt0000bi1zgfsisou2,47.21407624633432,optimal,85.92,high,PUMP_ON_LOW
2026-05-13 19:29:35.633,cmmx6howt0000bi1zgfsisou2,47.40957966764419,optimal,85.92,high,PUMP_ON_LOW
2026-05-13 19:29:39.142,cmmx6howt0000bi1zgfsisou2,47.40957966764419,optimal,86.15,high,PUMP_ON_LOW
2026-05-13 19:29:42.650,cmmx6howt0000bi1zgfsisou2,47.40957966764419,optimal,85.66,high,PUMP_ON_LOW
2026-05-13 19:29:46.159,cmmx6howt0000bi1zgfsisou2,47.40957966764419,optimal,85.92,high,PUMP_ON_LOW
2026-05-13 19:29:53.184,cmmx6howt0000bi1zgfsisou2,53.17693059628543,optimal,16.26,low,MONITOR
2026-05-13 19:29:56.695,cmmx6howt0000bi1zgfsisou2,48.19159335288368,optimal,12.44,low,MONITOR
2026-05-13 19:30:00.206,cmmx6howt0000bi1zgfsisou2,47.99608993157381,optimal,12.48,low,MONITOR
2026-05-13 19:30:10.746,cmmx6howt0000bi1zgfsisou2,56.20723362658846,optimal,80.97,high,PUMP_ON_LOW
2026-05-13 19:30:14.256,cmmx6howt0000bi1zgfsisou2,51.12414467253177,optimal,64.2,optimal,PUMP_ON_LOW
2026-05-13 19:30:17.765,cmmx6howt0000bi1zgfsisou2,51.12414467253177,optimal,64.43,optimal,PUMP_ON_LOW
2026-05-13 19:30:21.274,cmmx6howt0000bi1zgfsisou2,51.02639296187683,optimal,64.43,optimal,PUMP_ON_LOW
2026-05-13 19:30:24.783,cmmx6howt0000bi1zgfsisou2,51.12414467253177,optimal,64.2,optimal,PUMP_ON_LOW
2026-05-13 19:30:28.293,cmmx6howt0000bi1zgfsisou2,51.2218963831867,optimal,64.43,optimal,PUMP_ON_LOW
2026-05-13 19:31:38.609,cmmx6howt0000bi1zgfsisou2,56.10948191593352,optimal,96.98,criticalHigh,PUMP_ON_LOW
2026-05-13 19:31:42.118,cmmx6howt0000bi1zgfsisou2,51.12414467253177,optimal,96.78,criticalHigh,PUMP_ON_LOW
2026-05-13 19:31:45.626,cmmx6howt0000bi1zgfsisou2,51.2218963831867,optimal,94.61,criticalHigh,PUMP_ON_LOW
2026-05-13 19:31:49.134,cmmx6howt0000bi1zgfsisou2,51.2218963831867,optimal,98.88,criticalHigh,PUMP_ON_LOW
2026-05-13 19:31:52.642,cmmx6howt0000bi1zgfsisou2,51.2218963831867,optimal,98.73,criticalHigh,PUMP_ON_LOW
2026-05-13 19:31:56.151,cmmx6howt0000bi1zgfsisou2,51.31964809384164,optimal,94.12,criticalHigh,PUMP_ON_LOW
2026-05-13 19:31:59.659,cmmx6howt0000bi1zgfsisou2,51.02639296187683,optimal,99.68,criticalHigh,PUMP_ON_LOW
2026-05-13 19:32:03.168,cmmx6howt0000bi1zgfsisou2,51.02639296187683,optimal,98.96,criticalHigh,PUMP_ON_LOW
2026-05-13 19:32:06.676,cmmx6howt0000bi1zgfsisou2,51.02639296187683,optimal,93.85,criticalHigh,PUMP_ON_LOW
2026-05-13 19:32:10.185,cmmx6howt0000bi1zgfsisou2,51.2218963831867,optimal,98.84,criticalHigh,PUMP_ON_LOW
2026-05-13 19:32:13.693,cmmx6howt0000bi1zgfsisou2,51.2218963831867,optimal,93.77,criticalHigh,PUMP_ON_LOW
2026-05-13 19:32:17.201,cmmx6howt0000bi1zgfsisou2,51.2218963831867,optimal,93.62,criticalHigh,PUMP_ON_LOW
2026-05-13 19:32:20.709,cmmx6howt0000bi1zgfsisou2,51.31964809384164,optimal,93.81,criticalHigh,PUMP_ON_LOW
2026-05-13 19:32:24.218,cmmx6howt0000bi1zgfsisou2,51.12414467253177,optimal,95.98,criticalHigh,PUMP_ON_LOW
2026-05-13 19:32:27.726,cmmx6howt0000bi1zgfsisou2,49.75562072336266,optimal,95.95,criticalHigh,PUMP_ON_LOW
2026-05-13 19:32:31.235,cmmx6howt0000bi1zgfsisou2,70.772238514174,high,95.79,criticalHigh,PUMP_OFF
2026-05-13 19:32:34.745,cmmx6howt0000bi1zgfsisou2,75.56207233626589,high,93.7,criticalHigh,PUMP_OFF
2026-05-13 19:32:38.254,cmmx6howt0000bi1zgfsisou2,61.19257086999023,optimal,98.88,criticalHigh,PUMP_ON_LOW
2026-05-13 19:32:41.762,cmmx6howt0000bi1zgfsisou2,54.83870967741935,optimal,96.25,criticalHigh,PUMP_ON_LOW
2026-05-13 19:32:45.270,cmmx6howt0000bi1zgfsisou2,54.74095796676441,optimal,100.0,criticalHigh,PUMP_ON_LOW
2026-05-13 19:32:48.780,cmmx6howt0000bi1zgfsisou2,54.93646138807429,optimal,96.06,criticalHigh,PUMP_ON_LOW
2026-05-13 19:32:52.288,cmmx6howt0000bi1zgfsisou2,54.83870967741935,optimal,98.65,criticalHigh,PUMP_ON_LOW
2026-05-13 19:32:55.796,cmmx6howt0000bi1zgfsisou2,68.52394916911047,optimal,100.0,criticalHigh,PUMP_ON_LOW
2026-05-13 19:32:59.305,cmmx6howt0000bi1zgfsisou2,72.23851417399804,high,100.0,criticalHigh,PUMP_OFF
2026-05-13 19:33:02.815,cmmx6howt0000bi1zgfsisou2,77.2238514173998,high,98.88,criticalHigh,PUMP_OFF
2026-05-13 19:33:06.324,cmmx6howt0000bi1zgfsisou2,77.41935483870968,high,100.0,criticalHigh,PUMP_OFF
2026-05-13 19:33:09.835,cmmx6howt0000bi1zgfsisou2,77.51710654936461,high,100.0,criticalHigh,PUMP_OFF
2026-05-13 19:33:13.344,cmmx6howt0000bi1zgfsisou2,77.51710654936461,high,88.55,high,PUMP_OFF
2026-05-13 19:33:16.854,cmmx6howt0000bi1zgfsisou2,77.51710654936461,high,99.11,criticalHigh,PUMP_OFF
2026-05-13 19:33:20.363,cmmx6howt0000bi1zgfsisou2,77.61485826001955,high,100.0,criticalHigh,PUMP_OFF
2026-05-13 19:33:23.873,cmmx6howt0000bi1zgfsisou2,77.61485826001955,high,95.95,criticalHigh,PUMP_OFF
2026-05-13 19:33:27.382,cmmx6howt0000bi1zgfsisou2,77.61485826001955,high,95.95,criticalHigh,PUMP_OFF
2026-05-13 19:33:30.892,cmmx6howt0000bi1zgfsisou2,77.61485826001955,high,98.0,criticalHigh,PUMP_OFF
2026-05-13 19:33:34.401,cmmx6howt0000bi1zgfsisou2,77.61485826001955,high,98.39,criticalHigh,PUMP_OFF
2026-05-13 19:33:37.910,cmmx6howt0000bi1zgfsisou2,76.83284457478005,high,100.0,criticalHigh,PUMP_OFF
2026-05-13 19:33:41.419,cmmx6howt0000bi1zgfsisou2,77.51710654936461,high,97.97,criticalHigh,PUMP_OFF
2026-05-13 19:33:44.929,cmmx6howt0000bi1zgfsisou2,77.61485826001955,high,100.0,criticalHigh,PUMP_OFF
2026-05-13 19:33:48.439,cmmx6howt0000bi1zgfsisou2,77.61485826001955,high,98.39,criticalHigh,PUMP_OFF
2026-05-13 19:33:51.949,cmmx6howt0000bi1zgfsisou2,77.61485826001955,high,95.98,criticalHigh,PUMP_OFF
2026-05-13 19:33:55.457,cmmx6howt0000bi1zgfsisou2,77.61485826001955,high,98.19,criticalHigh,PUMP_OFF
2026-05-13 19:33:58.967,cmmx6howt0000bi1zgfsisou2,77.51710654936461,high,95.95,criticalHigh,PUMP_OFF
2026-05-13 19:34:02.476,cmmx6howt0000bi1zgfsisou2,77.51710654936461,high,98.88,criticalHigh,PUMP_OFF
2026-05-13 19:34:05.985,cmmx6howt0000bi1zgfsisou2,77.41935483870968,high,96.06,criticalHigh,PUMP_OFF
2026-05-13 19:34:09.494,cmmx6howt0000bi1zgfsisou2,77.41935483870968,high,100.0,criticalHigh,PUMP_OFF
2026-05-13 19:34:16.509,cmmx6howt0000bi1zgfsisou2,76.73509286412512,high,95.95,criticalHigh,PUMP_OFF
2026-05-13 19:34:20.016,cmmx6howt0000bi1zgfsisou2,76.73509286412512,high,98.04,criticalHigh,PUMP_OFF
2026-05-13 19:34:23.526,cmmx6howt0000bi1zgfsisou2,77.2238514173998,high,97.97,criticalHigh,PUMP_OFF
2026-05-13 19:34:27.035,cmmx6howt0000bi1zgfsisou2,77.2238514173998,high,96.02,criticalHigh,PUMP_OFF
2026-05-13 19:34:30.544,cmmx6howt0000bi1zgfsisou2,77.2238514173998,high,98.88,criticalHigh,PUMP_OFF
2026-05-13 19:34:34.054,cmmx6howt0000bi1zgfsisou2,77.32160312805473,high,95.95,criticalHigh,PUMP_OFF
2026-05-13 19:34:37.563,cmmx6howt0000bi1zgfsisou2,77.32160312805473,high,95.87,criticalHigh,PUMP_OFF
2026-05-13 19:34:41.072,cmmx6howt0000bi1zgfsisou2,77.51710654936461,high,95.91,criticalHigh,PUMP_OFF
2026-05-13 19:34:44.581,cmmx6howt0000bi1zgfsisou2,60.50830889540567,optimal,97.93,criticalHigh,PUMP_ON_LOW
2026-05-13 19:34:48.090,cmmx6howt0000bi1zgfsisou2,58.45552297165199,optimal,100.0,criticalHigh,PUMP_ON_LOW
2026-05-13 19:34:51.599,cmmx6howt0000bi1zgfsisou2,58.45552297165199,optimal,100.0,criticalHigh,PUMP_ON_LOW
2026-05-13 19:34:55.109,cmmx6howt0000bi1zgfsisou2,58.26001955034212,optimal,100.0,criticalHigh,PUMP_ON_LOW
2026-05-13 19:34:58.618,cmmx6howt0000bi1zgfsisou2,58.16226783968719,optimal,100.0,criticalHigh,PUMP_ON_LOW
2026-05-13 19:35:02.127,cmmx6howt0000bi1zgfsisou2,58.16226783968719,optimal,100.0,criticalHigh,PUMP_ON_LOW
2026-05-13 19:35:05.637,cmmx6howt0000bi1zgfsisou2,58.16226783968719,optimal,100.0,criticalHigh,PUMP_ON_LOW
2026-05-13 19:35:09.145,cmmx6howt0000bi1zgfsisou2,58.06451612903225,optimal,100.0,criticalHigh,PUMP_ON_LOW
2026-05-13 19:35:12.655,cmmx6howt0000bi1zgfsisou2,58.06451612903225,optimal,100.0,criticalHigh,PUMP_ON_LOW
2026-05-13 19:35:16.165,cmmx6howt0000bi1zgfsisou2,58.06451612903225,optimal,100.0,criticalHigh,PUMP_ON_LOW
2026-05-13 19:35:19.673,cmmx6howt0000bi1zgfsisou2,57.86901270772238,optimal,100.0,criticalHigh,PUMP_ON_LOW
2026-05-13 19:35:23.182,cmmx6howt0000bi1zgfsisou2,57.86901270772238,optimal,100.0,criticalHigh,PUMP_ON_LOW
2026-05-13 19:35:26.692,cmmx6howt0000bi1zgfsisou2,57.77126099706744,optimal,95.95,criticalHigh,PUMP_ON_LOW
2026-05-13 19:35:30.199,cmmx6howt0000bi1zgfsisou2,57.86901270772238,optimal,100.0,criticalHigh,PUMP_ON_LOW
2026-05-13 19:35:33.709,cmmx6howt0000bi1zgfsisou2,56.20723362658846,optimal,100.0,criticalHigh,PUMP_ON_LOW
2026-05-13 19:35:37.218,cmmx6howt0000bi1zgfsisou2,71.5542521994135,high,99.61,criticalHigh,PUMP_OFF
2026-05-13 19:35:40.728,cmmx6howt0000bi1zgfsisou2,76.05083088954056,high,100.0,criticalHigh,PUMP_OFF
2026-05-13 19:35:44.237,cmmx6howt0000bi1zgfsisou2,76.1485826001955,high,100.0,criticalHigh,PUMP_OFF
2026-05-13 19:35:47.747,cmmx6howt0000bi1zgfsisou2,76.1485826001955,high,100.0,criticalHigh,PUMP_OFF
2026-05-13 19:35:51.258,cmmx6howt0000bi1zgfsisou2,76.1485826001955,high,100.0,criticalHigh,PUMP_OFF
2026-05-13 19:35:54.768,cmmx6howt0000bi1zgfsisou2,76.05083088954056,high,100.0,criticalHigh,PUMP_OFF
2026-05-13 19:35:58.278,cmmx6howt0000bi1zgfsisou2,76.1485826001955,high,100.0,criticalHigh,PUMP_OFF
2026-05-13 19:36:01.788,cmmx6howt0000bi1zgfsisou2,59.72629521016618,optimal,100.0,criticalHigh,PUMP_ON_LOW
2026-05-13 19:36:05.297,cmmx6howt0000bi1zgfsisou2,53.0791788856305,optimal,100.0,criticalHigh,PUMP_ON_LOW
2026-05-13 19:36:08.809,cmmx6howt0000bi1zgfsisou2,57.3802541544477,optimal,47.01,optimal,PUMP_ON_LOW
2026-05-13 19:36:12.315,cmmx6howt0000bi1zgfsisou2,57.18475073313783,optimal,100.0,criticalHigh,PUMP_ON_LOW
2026-05-13 19:36:26.720,cmmx6howt0000bi1zgfsisou2,60.89931573802541,optimal,52.58,optimal,PUMP_ON_LOW
2026-05-13 19:36:40.835,cmmx6howt0000bi1zgfsisou2,60.99706744868035,optimal,60.46,optimal,PUMP_ON_LOW
2026-05-13 19:36:47.880,cmmx6howt0000bi1zgfsisou2,61.09481915933529,optimal,85.69,high,PUMP_ON_LOW
2026-05-13 19:36:51.389,cmmx6howt0000bi1zgfsisou2,57.28250244379276,optimal,100.0,criticalHigh,PUMP_ON_LOW
2026-05-13 19:36:54.897,cmmx6howt0000bi1zgfsisou2,57.28250244379276,optimal,100.0,criticalHigh,PUMP_ON_LOW
2026-05-13 19:36:58.407,cmmx6howt0000bi1zgfsisou2,57.28250244379276,optimal,100.0,criticalHigh,PUMP_ON_LOW
2026-05-13 19:37:01.916,cmmx6howt0000bi1zgfsisou2,57.28250244379276,optimal,100.0,criticalHigh,PUMP_ON_LOW
2026-05-13 19:37:05.426,cmmx6howt0000bi1zgfsisou2,57.28250244379276,optimal,100.0,criticalHigh,PUMP_ON_LOW
2026-05-13 19:37:08.935,cmmx6howt0000bi1zgfsisou2,57.18475073313783,optimal,100.0,criticalHigh,PUMP_ON_LOW
2026-05-13 19:37:12.443,cmmx6howt0000bi1zgfsisou2,57.18475073313783,optimal,100.0,criticalHigh,PUMP_ON_LOW
2026-05-13 19:37:15.952,cmmx6howt0000bi1zgfsisou2,57.08699902248289,optimal,100.0,criticalHigh,PUMP_ON_LOW
2026-05-13 19:37:19.462,cmmx6howt0000bi1zgfsisou2,57.18475073313783,optimal,100.0,criticalHigh,PUMP_ON_LOW
2026-05-13 19:37:22.971,cmmx6howt0000bi1zgfsisou2,57.18475073313783,optimal,100.0,criticalHigh,PUMP_ON_LOW
2026-05-13 19:37:26.480,cmmx6howt0000bi1zgfsisou2,57.18475073313783,optimal,100.0,criticalHigh,PUMP_ON_LOW
2026-05-13 19:37:29.990,cmmx6howt0000bi1zgfsisou2,57.18475073313783,optimal,100.0,criticalHigh,PUMP_ON_LOW
2026-05-13 19:37:33.499,cmmx6howt0000bi1zgfsisou2,57.08699902248289,optimal,100.0,criticalHigh,PUMP_ON_LOW
2026-05-13 19:37:37.007,cmmx6howt0000bi1zgfsisou2,57.08699902248289,optimal,100.0,criticalHigh,PUMP_ON_LOW
2026-05-13 19:37:40.517,cmmx6howt0000bi1zgfsisou2,57.08699902248289,optimal,100.0,criticalHigh,PUMP_ON_LOW
2026-05-13 19:37:44.027,cmmx6howt0000bi1zgfsisou2,57.08699902248289,optimal,100.0,criticalHigh,PUMP_ON_LOW
2026-05-13 19:37:47.535,cmmx6howt0000bi1zgfsisou2,57.08699902248289,optimal,100.0,criticalHigh,PUMP_ON_LOW
2026-05-13 19:37:51.045,cmmx6howt0000bi1zgfsisou2,57.18475073313783,optimal,100.0,criticalHigh,PUMP_ON_LOW
2026-05-13 19:37:54.553,cmmx6howt0000bi1zgfsisou2,57.18475073313783,optimal,100.0,criticalHigh,PUMP_ON_LOW
2026-05-13 19:37:58.063,cmmx6howt0000bi1zgfsisou2,57.18475073313783,optimal,100.0,criticalHigh,PUMP_ON_LOW
2026-05-13 19:38:01.572,cmmx6howt0000bi1zgfsisou2,57.18475073313783,optimal,100.0,criticalHigh,PUMP_ON_LOW
2026-05-13 19:38:05.081,cmmx6howt0000bi1zgfsisou2,57.18475073313783,optimal,100.0,criticalHigh,PUMP_ON_LOW
2026-05-13 19:38:08.591,cmmx6howt0000bi1zgfsisou2,57.08699902248289,optimal,89.77,high,PUMP_ON_LOW
2026-05-13 19:38:12.099,cmmx6howt0000bi1zgfsisou2,57.08699902248289,optimal,89.54,high,PUMP_ON_LOW
2026-05-13 19:38:15.608,cmmx6howt0000bi1zgfsisou2,55.42521994134897,optimal,78.45,high,PUMP_ON_LOW
2026-05-13 19:38:19.116,cmmx6howt0000bi1zgfsisou2,55.2297165200391,optimal,78.45,high,PUMP_ON_LOW
2026-05-13 19:38:22.625,cmmx6howt0000bi1zgfsisou2,55.32746823069403,optimal,78.45,high,PUMP_ON_LOW
2026-05-13 19:38:26.133,cmmx6howt0000bi1zgfsisou2,50.73313782991202,optimal,78.68,high,PUMP_ON_LOW
2026-05-13 19:38:29.642,cmmx6howt0000bi1zgfsisou2,49.26686217008798,optimal,85.92,high,PUMP_ON_LOW
2026-05-13 19:38:33.150,cmmx6howt0000bi1zgfsisou2,55.13196480938416,optimal,70.72,optimal,PUMP_ON_LOW
2026-05-13 19:38:36.659,cmmx6howt0000bi1zgfsisou2,65.00488758553274,optimal,93.16,criticalHigh,PUMP_ON_LOW
2026-05-13 19:38:40.167,cmmx6howt0000bi1zgfsisou2,64.51612903225806,optimal,93.13,criticalHigh,PUMP_ON_LOW
2026-05-13 19:38:43.676,cmmx6howt0000bi1zgfsisou2,64.613880742913,optimal,92.94,criticalHigh,PUMP_ON_LOW
2026-05-13 19:38:47.184,cmmx6howt0000bi1zgfsisou2,65.68914956011731,optimal,92.94,criticalHigh,PUMP_ON_LOW
2026-05-13 19:38:50.692,cmmx6howt0000bi1zgfsisou2,66.4711632453568,optimal,93.13,criticalHigh,PUMP_ON_LOW
2026-05-13 19:38:54.200,cmmx6howt0000bi1zgfsisou2,61.58357771260997,optimal,93.13,criticalHigh,PUMP_ON_LOW
2026-05-13 19:38:57.708,cmmx6howt0000bi1zgfsisou2,63.04985337243401,optimal,92.94,criticalHigh,PUMP_ON_LOW
2026-05-13 19:39:01.217,cmmx6howt0000bi1zgfsisou2,67.64418377321604,optimal,93.13,criticalHigh,PUMP_ON_LOW
2026-05-13 19:39:04.725,cmmx6howt0000bi1zgfsisou2,66.7644183773216,optimal,93.16,criticalHigh,PUMP_ON_LOW
2026-05-13 19:39:08.233,cmmx6howt0000bi1zgfsisou2,68.42619745845553,optimal,93.39,criticalHigh,PUMP_ON_LOW
2026-05-13 19:39:11.742,cmmx6howt0000bi1zgfsisou2,69.30596285434996,optimal,92.94,criticalHigh,PUMP_ON_LOW
2026-05-13 19:39:15.250,cmmx6howt0000bi1zgfsisou2,69.40371456500489,optimal,93.16,criticalHigh,PUMP_ON_LOW
2026-05-13 19:39:18.758,cmmx6howt0000bi1zgfsisou2,69.30596285434996,optimal,93.13,criticalHigh,PUMP_ON_LOW
2026-05-13 19:39:22.268,cmmx6howt0000bi1zgfsisou2,69.40371456500489,optimal,93.09,criticalHigh,PUMP_ON_LOW
2026-05-13 19:39:25.775,cmmx6howt0000bi1zgfsisou2,69.40371456500489,optimal,93.13,criticalHigh,PUMP_ON_LOW
2026-05-13 19:39:29.284,cmmx6howt0000bi1zgfsisou2,50.9286412512219,optimal,95.11,criticalHigh,PUMP_ON_LOW
2026-05-13 19:39:39.895,cmmx6howt0000bi1zgfsisou2,72.72727272727273,high,85.92,high,PUMP_OFF
2026-05-13 19:39:43.404,cmmx6howt0000bi1zgfsisou2,72.9227761485826,high,85.92,high,PUMP_OFF
2026-05-13 19:39:46.914,cmmx6howt0000bi1zgfsisou2,72.9227761485826,high,86.15,high,PUMP_OFF
2026-05-13 19:39:53.943,cmmx6howt0000bi1zgfsisou2,70.57673509286413,high,8.9,criticalLow,PUMP_OFF
2026-05-13 19:39:57.457,cmmx6howt0000bi1zgfsisou2,71.35874877810362,high,7.15,criticalLow,PUMP_OFF
2026-05-13 19:40:00.972,cmmx6howt0000bi1zgfsisou2,73.02052785923753,high,10.16,low,PUMP_OFF
2026-05-13 19:40:04.485,cmmx6howt0000bi1zgfsisou2,73.21603128054741,high,7.34,criticalLow,PUMP_OFF
2026-05-13 19:40:07.996,cmmx6howt0000bi1zgfsisou2,73.31378299120234,high,17.02,low,PUMP_OFF
2026-05-13 19:40:11.508,cmmx6howt0000bi1zgfsisou2,73.50928641251222,high,20.6,low,PUMP_OFF
2026-05-13 19:40:15.020,cmmx6howt0000bi1zgfsisou2,73.50928641251222,high,23.69,low,PUMP_OFF
2026-05-13 19:40:18.531,cmmx6howt0000bi1zgfsisou2,73.50928641251222,high,20.83,low,PUMP_OFF
2026-05-13 19:40:22.044,cmmx6howt0000bi1zgfsisou2,73.50928641251222,high,20.07,low,PUMP_OFF
2026-05-13 19:40:25.556,cmmx6howt0000bi1zgfsisou2,73.60703812316716,high,20.07,low,PUMP_OFF
2026-05-13 19:40:29.069,cmmx6howt0000bi1zgfsisou2,73.50928641251222,high,16.48,low,PUMP_OFF
2026-05-13 19:40:32.581,cmmx6howt0000bi1zgfsisou2,73.31378299120234,high,23.65,low,PUMP_OFF
2026-05-13 19:40:36.092,cmmx6howt0000bi1zgfsisou2,73.50928641251222,high,23.65,low,PUMP_OFF
2026-05-13 19:40:39.604,cmmx6howt0000bi1zgfsisou2,73.31378299120234,high,20.07,low,PUMP_OFF
2026-05-13 19:40:43.116,cmmx6howt0000bi1zgfsisou2,73.9980449657869,high,17.02,low,PUMP_OFF
2026-05-13 19:40:46.629,cmmx6howt0000bi1zgfsisou2,73.9980449657869,high,27.46,optimal,PUMP_OFF
2026-05-13 19:40:50.140,cmmx6howt0000bi1zgfsisou2,73.9980449657869,high,23.61,low,PUMP_OFF
2026-05-13 19:40:53.651,cmmx6howt0000bi1zgfsisou2,74.09579667644184,high,27.46,optimal,PUMP_OFF
2026-05-13 19:40:57.162,cmmx6howt0000bi1zgfsisou2,74.09579667644184,high,27.69,optimal,PUMP_OFF
2026-05-13 19:41:00.673,cmmx6howt0000bi1zgfsisou2,74.19354838709677,high,27.65,optimal,PUMP_OFF
2026-05-13 19:41:04.185,cmmx6howt0000bi1zgfsisou2,74.09579667644184,high,20.03,low,PUMP_OFF
2026-05-13 19:41:07.698,cmmx6howt0000bi1zgfsisou2,74.19354838709677,high,27.69,optimal,PUMP_OFF
2026-05-13 19:41:11.209,cmmx6howt0000bi1zgfsisou2,74.09579667644184,high,27.65,optimal,PUMP_OFF
2026-05-13 19:41:14.720,cmmx6howt0000bi1zgfsisou2,74.19354838709677,high,27.69,optimal,PUMP_OFF
2026-05-13 19:41:18.231,cmmx6howt0000bi1zgfsisou2,74.29130009775172,high,27.69,optimal,PUMP_OFF
2026-05-13 19:41:32.286,cmmx6howt0000bi1zgfsisou2,73.31378299120234,high,16.64,low,PUMP_OFF
2026-05-13 19:42:00.404,cmmx6howt0000bi1zgfsisou2,73.70478983382209,high,2.61,criticalLow,PUMP_OFF
2026-05-13 19:42:03.913,cmmx6howt0000bi1zgfsisou2,73.70478983382209,high,15.15,low,PUMP_OFF
2026-05-13 19:42:07.430,cmmx6howt0000bi1zgfsisou2,73.60703812316716,high,3.18,criticalLow,PUMP_OFF
2026-05-13 19:42:17.973,cmmx6howt0000bi1zgfsisou2,71.65200391006843,high,10.16,low,PUMP_OFF
2026-05-13 19:42:21.483,cmmx6howt0000bi1zgfsisou2,73.70478983382209,high,31.46,optimal,PUMP_OFF
2026-05-13 19:42:24.994,cmmx6howt0000bi1zgfsisou2,73.90029325513197,high,31.5,optimal,PUMP_OFF
2026-05-13 19:42:28.506,cmmx6howt0000bi1zgfsisou2,74.09579667644184,high,31.5,optimal,PUMP_OFF
2026-05-13 19:42:32.017,cmmx6howt0000bi1zgfsisou2,73.90029325513197,high,31.39,optimal,PUMP_OFF
2026-05-13 19:42:35.527,cmmx6howt0000bi1zgfsisou2,73.80254154447702,high,31.42,optimal,PUMP_OFF
2026-05-13 19:42:39.038,cmmx6howt0000bi1zgfsisou2,73.21603128054741,high,31.5,optimal,PUMP_OFF
2026-05-13 19:42:42.549,cmmx6howt0000bi1zgfsisou2,73.60703812316716,high,31.23,optimal,PUMP_OFF
2026-05-13 19:42:46.060,cmmx6howt0000bi1zgfsisou2,73.80254154447702,high,31.31,optimal,PUMP_OFF
2026-05-13 19:42:49.571,cmmx6howt0000bi1zgfsisou2,73.90029325513197,high,31.5,optimal,PUMP_OFF
2026-05-13 19:42:53.082,cmmx6howt0000bi1zgfsisou2,73.80254154447702,high,31.31,optimal,PUMP_OFF
2026-05-13 19:42:56.594,cmmx6howt0000bi1zgfsisou2,73.70478983382209,high,31.23,optimal,PUMP_OFF
2026-05-13 19:43:00.106,cmmx6howt0000bi1zgfsisou2,73.90029325513197,high,31.46,optimal,PUMP_OFF
2026-05-13 19:43:03.615,cmmx6howt0000bi1zgfsisou2,73.9980449657869,high,31.5,optimal,PUMP_OFF
2026-05-13 19:43:07.127,cmmx6howt0000bi1zgfsisou2,74.09579667644184,high,31.27,optimal,PUMP_OFF
2026-05-13 19:43:10.638,cmmx6howt0000bi1zgfsisou2,74.19354838709677,high,31.46,optimal,PUMP_OFF
2026-05-13 19:43:14.148,cmmx6howt0000bi1zgfsisou2,74.09579667644184,high,31.46,optimal,PUMP_OFF
2026-05-13 19:43:17.660,cmmx6howt0000bi1zgfsisou2,74.09579667644184,high,34.97,optimal,PUMP_OFF
2026-05-13 19:43:21.172,cmmx6howt0000bi1zgfsisou2,73.9980449657869,high,31.42,optimal,PUMP_OFF
2026-05-13 19:43:24.681,cmmx6howt0000bi1zgfsisou2,74.09579667644184,high,31.46,optimal,PUMP_OFF
2026-05-13 19:43:28.192,cmmx6howt0000bi1zgfsisou2,74.09579667644184,high,31.5,optimal,PUMP_OFF
2026-05-13 19:43:31.703,cmmx6howt0000bi1zgfsisou2,73.9980449657869,high,35.2,optimal,PUMP_OFF
2026-05-13 19:43:35.214,cmmx6howt0000bi1zgfsisou2,74.09579667644184,high,38.67,optimal,PUMP_OFF
2026-05-13 19:43:38.725,cmmx6howt0000bi1zgfsisou2,74.09579667644184,high,38.63,optimal,PUMP_OFF
2026-05-13 19:43:42.237,cmmx6howt0000bi1zgfsisou2,74.19354838709677,high,38.7,optimal,PUMP_OFF
2026-05-13 19:43:45.747,cmmx6howt0000bi1zgfsisou2,74.19354838709677,high,42.63,optimal,PUMP_OFF
2026-05-13 19:43:49.260,cmmx6howt0000bi1zgfsisou2,74.19354838709677,high,46.17,optimal,PUMP_OFF
2026-05-13 19:43:52.771,cmmx6howt0000bi1zgfsisou2,74.09579667644184,high,35.2,optimal,PUMP_OFF
2026-05-13 19:43:56.281,cmmx6howt0000bi1zgfsisou2,74.09579667644184,high,46.14,optimal,PUMP_OFF
2026-05-13 19:43:59.792,cmmx6howt0000bi1zgfsisou2,74.09579667644184,high,38.7,optimal,PUMP_OFF
2026-05-13 19:44:03.303,cmmx6howt0000bi1zgfsisou2,74.19354838709677,high,49.91,optimal,PUMP_OFF
2026-05-13 19:44:06.814,cmmx6howt0000bi1zgfsisou2,74.09579667644184,high,49.91,optimal,PUMP_OFF
2026-05-13 19:44:10.324,cmmx6howt0000bi1zgfsisou2,74.09579667644184,high,50.06,optimal,PUMP_OFF
2026-05-13 19:44:13.836,cmmx6howt0000bi1zgfsisou2,73.9980449657869,high,50.14,optimal,PUMP_OFF
2026-05-13 19:44:17.345,cmmx6howt0000bi1zgfsisou2,74.09579667644184,high,49.45,optimal,PUMP_OFF
2026-05-13 19:44:20.856,cmmx6howt0000bi1zgfsisou2,74.19354838709677,high,49.83,optimal,PUMP_OFF
2026-05-13 19:44:24.367,cmmx6howt0000bi1zgfsisou2,74.09579667644184,high,49.91,optimal,PUMP_OFF
2026-05-13 19:44:27.878,cmmx6howt0000bi1zgfsisou2,74.09579667644184,high,50.14,optimal,PUMP_OFF
2026-05-13 19:44:31.388,cmmx6howt0000bi1zgfsisou2,74.09579667644184,high,50.06,optimal,PUMP_OFF
2026-05-13 19:44:34.898,cmmx6howt0000bi1zgfsisou2,73.9980449657869,high,49.95,optimal,PUMP_OFF
2026-05-13 19:44:38.410,cmmx6howt0000bi1zgfsisou2,74.09579667644184,high,49.79,optimal,PUMP_OFF
2026-05-13 19:44:41.922,cmmx6howt0000bi1zgfsisou2,73.9980449657869,high,50.14,optimal,PUMP_OFF
2026-05-13 19:44:45.432,cmmx6howt0000bi1zgfsisou2,73.9980449657869,high,50.14,optimal,PUMP_OFF
2026-05-13 19:44:48.942,cmmx6howt0000bi1zgfsisou2,74.09579667644184,high,49.91,optimal,PUMP_OFF
2026-05-13 19:44:52.453,cmmx6howt0000bi1zgfsisou2,74.19354838709677,high,49.87,optimal,PUMP_OFF
2026-05-13 19:44:55.963,cmmx6howt0000bi1zgfsisou2,74.09579667644184,high,50.14,optimal,PUMP_OFF
2026-05-13 19:44:59.474,cmmx6howt0000bi1zgfsisou2,73.90029325513197,high,50.17,optimal,PUMP_OFF
2026-05-13 19:45:02.985,cmmx6howt0000bi1zgfsisou2,73.9980449657869,high,49.37,optimal,PUMP_OFF
2026-05-13 19:45:06.495,cmmx6howt0000bi1zgfsisou2,74.09579667644184,high,49.83,optimal,PUMP_OFF
2026-05-13 19:45:10.007,cmmx6howt0000bi1zgfsisou2,73.9980449657869,high,49.45,optimal,PUMP_OFF
2026-05-13 19:45:13.518,cmmx6howt0000bi1zgfsisou2,74.09579667644184,high,50.14,optimal,PUMP_OFF
2026-05-13 19:45:17.028,cmmx6howt0000bi1zgfsisou2,73.9980449657869,high,50.1,optimal,PUMP_OFF
2026-05-13 19:45:20.538,cmmx6howt0000bi1zgfsisou2,73.9980449657869,high,49.91,optimal,PUMP_OFF
2026-05-13 19:45:24.050,cmmx6howt0000bi1zgfsisou2,74.09579667644184,high,49.45,optimal,PUMP_OFF
2026-05-13 19:45:27.560,cmmx6howt0000bi1zgfsisou2,74.09579667644184,high,50.14,optimal,PUMP_OFF
2026-05-13 19:45:31.071,cmmx6howt0000bi1zgfsisou2,73.9980449657869,high,49.37,optimal,PUMP_OFF
2026-05-13 19:45:34.581,cmmx6howt0000bi1zgfsisou2,74.09579667644184,high,49.91,optimal,PUMP_OFF
2026-05-13 19:45:38.092,cmmx6howt0000bi1zgfsisou2,74.09579667644184,high,49.68,optimal,PUMP_OFF
2026-05-13 19:45:41.603,cmmx6howt0000bi1zgfsisou2,73.90029325513197,high,50.17,optimal,PUMP_OFF
2026-05-13 19:45:45.114,cmmx6howt0000bi1zgfsisou2,74.09579667644184,high,50.06,optimal,PUMP_OFF
2026-05-13 19:45:48.625,cmmx6howt0000bi1zgfsisou2,73.9980449657869,high,49.91,optimal,PUMP_OFF
2026-05-13 19:45:52.135,cmmx6howt0000bi1zgfsisou2,76.73509286412512,high,49.91,optimal,PUMP_OFF
2026-05-13 19:45:55.646,cmmx6howt0000bi1zgfsisou2,76.73509286412512,high,50.17,optimal,PUMP_OFF
2026-05-13 19:45:59.157,cmmx6howt0000bi1zgfsisou2,76.63734115347019,high,50.02,optimal,PUMP_OFF
2026-05-13 19:46:02.666,cmmx6howt0000bi1zgfsisou2,76.63734115347019,high,40.95,optimal,PUMP_OFF
2026-05-13 19:46:06.178,cmmx6howt0000bi1zgfsisou2,76.63734115347019,high,38.17,optimal,PUMP_OFF
2026-05-13 19:46:09.688,cmmx6howt0000bi1zgfsisou2,76.73509286412512,high,35.01,optimal,PUMP_OFF
2026-05-13 19:46:13.198,cmmx6howt0000bi1zgfsisou2,76.63734115347019,high,38.02,optimal,PUMP_OFF
2026-05-13 19:46:16.709,cmmx6howt0000bi1zgfsisou2,76.63734115347019,high,38.17,optimal,PUMP_OFF
2026-05-13 19:46:20.220,cmmx6howt0000bi1zgfsisou2,76.63734115347019,high,38.21,optimal,PUMP_OFF
2026-05-13 19:46:23.730,cmmx6howt0000bi1zgfsisou2,76.73509286412512,high,34.97,optimal,PUMP_OFF
2026-05-13 19:46:27.241,cmmx6howt0000bi1zgfsisou2,76.63734115347019,high,35.2,optimal,PUMP_OFF
2026-05-13 19:46:30.751,cmmx6howt0000bi1zgfsisou2,76.63734115347019,high,35.27,optimal,PUMP_OFF
2026-05-13 19:46:34.262,cmmx6howt0000bi1zgfsisou2,76.63734115347019,high,35.04,optimal,PUMP_OFF
2026-05-13 19:46:37.773,cmmx6howt0000bi1zgfsisou2,76.73509286412512,high,34.97,optimal,PUMP_OFF
2026-05-13 19:46:41.283,cmmx6howt0000bi1zgfsisou2,76.73509286412512,high,35.27,optimal,PUMP_OFF
2026-05-13 19:46:44.795,cmmx6howt0000bi1zgfsisou2,76.63734115347019,high,35.27,optimal,PUMP_OFF
2026-05-13 19:46:48.305,cmmx6howt0000bi1zgfsisou2,76.63734115347019,high,34.97,optimal,PUMP_OFF
2026-05-13 19:46:51.816,cmmx6howt0000bi1zgfsisou2,76.63734115347019,high,35.04,optimal,PUMP_OFF
2026-05-13 19:46:55.327,cmmx6howt0000bi1zgfsisou2,76.63734115347019,high,35.01,optimal,PUMP_OFF
2026-05-13 19:46:58.837,cmmx6howt0000bi1zgfsisou2,76.63734115347019,high,35.27,optimal,PUMP_OFF
2026-05-13 19:47:02.348,cmmx6howt0000bi1zgfsisou2,76.73509286412512,high,35.2,optimal,PUMP_OFF
2026-05-13 19:47:05.859,cmmx6howt0000bi1zgfsisou2,76.63734115347019,high,35.08,optimal,PUMP_OFF
2026-05-13 19:47:09.371,cmmx6howt0000bi1zgfsisou2,76.63734115347019,high,34.97,optimal,PUMP_OFF
2026-05-13 19:47:12.882,cmmx6howt0000bi1zgfsisou2,76.73509286412512,high,35.01,optimal,PUMP_OFF
2026-05-13 19:47:16.392,cmmx6howt0000bi1zgfsisou2,76.73509286412512,high,35.31,optimal,PUMP_OFF
2026-05-13 19:47:19.903,cmmx6howt0000bi1zgfsisou2,76.73509286412512,high,34.97,optimal,PUMP_OFF
2026-05-13 19:47:23.413,cmmx6howt0000bi1zgfsisou2,76.73509286412512,high,35.04,optimal,PUMP_OFF
2026-05-13 19:47:26.925,cmmx6howt0000bi1zgfsisou2,76.63734115347019,high,34.97,optimal,PUMP_OFF
2026-05-13 19:47:30.437,cmmx6howt0000bi1zgfsisou2,76.63734115347019,high,34.97,optimal,PUMP_OFF
2026-05-13 19:47:33.947,cmmx6howt0000bi1zgfsisou2,76.73509286412512,high,35.24,optimal,PUMP_OFF
2026-05-13 19:47:37.457,cmmx6howt0000bi1zgfsisou2,76.73509286412512,high,35.24,optimal,PUMP_OFF
2026-05-13 19:47:40.969,cmmx6howt0000bi1zgfsisou2,76.83284457478005,high,35.12,optimal,PUMP_OFF
2026-05-13 19:47:44.479,cmmx6howt0000bi1zgfsisou2,76.63734115347019,high,35.01,optimal,PUMP_OFF
2026-05-13 19:47:47.991,cmmx6howt0000bi1zgfsisou2,76.83284457478005,high,35.08,optimal,PUMP_OFF
2026-05-13 19:47:51.500,cmmx6howt0000bi1zgfsisou2,76.73509286412512,high,34.97,optimal,PUMP_OFF
2026-05-13 19:47:55.011,cmmx6howt0000bi1zgfsisou2,76.73509286412512,high,35.2,optimal,PUMP_OFF
2026-05-13 19:47:58.522,cmmx6howt0000bi1zgfsisou2,76.73509286412512,high,35.27,optimal,PUMP_OFF
2026-05-13 19:48:02.033,cmmx6howt0000bi1zgfsisou2,76.63734115347019,high,35.24,optimal,PUMP_OFF
2026-05-13 19:48:05.545,cmmx6howt0000bi1zgfsisou2,76.73509286412512,high,35.31,optimal,PUMP_OFF
2026-05-13 19:48:09.055,cmmx6howt0000bi1zgfsisou2,76.73509286412512,high,35.01,optimal,PUMP_OFF
2026-05-13 19:48:12.566,cmmx6howt0000bi1zgfsisou2,76.73509286412512,high,35.24,optimal,PUMP_OFF
2026-05-13 19:48:16.077,cmmx6howt0000bi1zgfsisou2,76.73509286412512,high,35.24,optimal,PUMP_OFF
2026-05-13 19:48:19.587,cmmx6howt0000bi1zgfsisou2,76.73509286412512,high,35.08,optimal,PUMP_OFF
2026-05-13 19:48:23.099,cmmx6howt0000bi1zgfsisou2,76.73509286412512,high,35.01,optimal,PUMP_OFF
2026-05-13 19:48:26.610,cmmx6howt0000bi1zgfsisou2,76.73509286412512,high,35.04,optimal,PUMP_OFF
2026-05-13 19:48:30.120,cmmx6howt0000bi1zgfsisou2,76.63734115347019,high,35.24,optimal,PUMP_OFF
2026-05-13 19:48:33.630,cmmx6howt0000bi1zgfsisou2,76.63734115347019,high,35.27,optimal,PUMP_OFF
2026-05-13 19:48:37.142,cmmx6howt0000bi1zgfsisou2,76.73509286412512,high,34.97,optimal,PUMP_OFF
2026-05-13 19:48:40.653,cmmx6howt0000bi1zgfsisou2,76.73509286412512,high,35.24,optimal,PUMP_OFF
2026-05-13 19:48:44.164,cmmx6howt0000bi1zgfsisou2,76.63734115347019,high,35.04,optimal,PUMP_OFF
2026-05-13 19:48:47.675,cmmx6howt0000bi1zgfsisou2,76.63734115347019,high,34.97,optimal,PUMP_OFF
2026-05-13 19:48:51.185,cmmx6howt0000bi1zgfsisou2,76.73509286412512,high,34.97,optimal,PUMP_OFF
2026-05-13 19:48:54.697,cmmx6howt0000bi1zgfsisou2,76.73509286412512,high,35.04,optimal,PUMP_OFF
2026-05-13 19:48:58.208,cmmx6howt0000bi1zgfsisou2,76.73509286412512,high,35.24,optimal,PUMP_OFF
2026-05-13 19:49:01.717,cmmx6howt0000bi1zgfsisou2,76.73509286412512,high,35.2,optimal,PUMP_OFF
2026-05-13 19:49:05.228,cmmx6howt0000bi1zgfsisou2,76.73509286412512,high,35.24,optimal,PUMP_OFF
2026-05-13 19:49:08.739,cmmx6howt0000bi1zgfsisou2,76.63734115347019,high,35.24,optimal,PUMP_OFF
2026-05-13 19:49:12.250,cmmx6howt0000bi1zgfsisou2,76.73509286412512,high,35.27,optimal,PUMP_OFF
2026-05-13 19:49:15.761,cmmx6howt0000bi1zgfsisou2,76.73509286412512,high,34.93,optimal,PUMP_OFF
2026-05-13 19:49:19.272,cmmx6howt0000bi1zgfsisou2,76.73509286412512,high,34.97,optimal,PUMP_OFF
2026-05-13 19:49:22.782,cmmx6howt0000bi1zgfsisou2,76.73509286412512,high,35.01,optimal,PUMP_OFF
2026-05-13 19:49:26.293,cmmx6howt0000bi1zgfsisou2,76.73509286412512,high,35.27,optimal,PUMP_OFF
2026-05-13 19:49:29.804,cmmx6howt0000bi1zgfsisou2,76.73509286412512,high,35.01,optimal,PUMP_OFF
2026-05-13 19:49:33.315,cmmx6howt0000bi1zgfsisou2,76.83284457478005,high,35.04,optimal,PUMP_OFF
2026-05-13 19:49:36.825,cmmx6howt0000bi1zgfsisou2,76.63734115347019,high,35.08,optimal,PUMP_OFF
2026-05-13 19:49:40.336,cmmx6howt0000bi1zgfsisou2,76.73509286412512,high,35.31,optimal,PUMP_OFF
2026-05-13 19:49:43.847,cmmx6howt0000bi1zgfsisou2,76.63734115347019,high,31.42,optimal,PUMP_OFF
2026-05-13 19:49:47.358,cmmx6howt0000bi1zgfsisou2,76.73509286412512,high,35.08,optimal,PUMP_OFF
2026-05-13 19:49:50.869,cmmx6howt0000bi1zgfsisou2,76.73509286412512,high,31.16,optimal,PUMP_OFF
2026-05-13 19:49:54.379,cmmx6howt0000bi1zgfsisou2,76.63734115347019,high,35.27,optimal,PUMP_OFF
2026-05-13 19:49:57.890,cmmx6howt0000bi1zgfsisou2,76.73509286412512,high,34.93,optimal,PUMP_OFF
2026-05-13 19:50:01.401,cmmx6howt0000bi1zgfsisou2,76.73509286412512,high,31.39,optimal,PUMP_OFF
2026-05-13 19:50:04.912,cmmx6howt0000bi1zgfsisou2,76.73509286412512,high,23.54,low,PUMP_OFF
2026-05-13 19:50:08.424,cmmx6howt0000bi1zgfsisou2,76.73509286412512,high,15.91,low,PUMP_OFF
2026-05-13 19:50:11.936,cmmx6howt0000bi1zgfsisou2,76.73509286412512,high,15.99,low,PUMP_OFF
2026-05-13 19:50:15.448,cmmx6howt0000bi1zgfsisou2,76.83284457478005,high,16.03,low,PUMP_OFF
2026-05-13 19:50:18.961,cmmx6howt0000bi1zgfsisou2,76.73509286412512,high,15.99,low,PUMP_OFF
2026-05-13 19:50:22.473,cmmx6howt0000bi1zgfsisou2,76.63734115347019,high,20.79,low,PUMP_OFF
2026-05-13 19:50:25.986,cmmx6howt0000bi1zgfsisou2,76.73509286412512,high,16.41,low,PUMP_OFF
2026-05-13 19:50:29.498,cmmx6howt0000bi1zgfsisou2,76.63734115347019,high,16.22,low,PUMP_OFF
2026-05-13 19:50:33.010,cmmx6howt0000bi1zgfsisou2,76.73509286412512,high,25.4,optimal,PUMP_OFF
2026-05-13 19:50:36.521,cmmx6howt0000bi1zgfsisou2,76.63734115347019,high,39.31,optimal,PUMP_OFF
2026-05-13 19:50:40.032,cmmx6howt0000bi1zgfsisou2,76.83284457478005,high,34.59,optimal,PUMP_OFF
2026-05-13 19:50:43.542,cmmx6howt0000bi1zgfsisou2,76.73509286412512,high,30.01,optimal,PUMP_OFF
2026-05-13 19:50:47.053,cmmx6howt0000bi1zgfsisou2,76.73509286412512,high,39.24,optimal,PUMP_OFF
2026-05-13 19:50:50.563,cmmx6howt0000bi1zgfsisou2,76.63734115347019,high,34.43,optimal,PUMP_OFF
2026-05-13 19:50:54.075,cmmx6howt0000bi1zgfsisou2,76.73509286412512,high,34.66,optimal,PUMP_OFF
2026-05-13 19:50:57.585,cmmx6howt0000bi1zgfsisou2,76.73509286412512,high,34.66,optimal,PUMP_OFF
2026-05-13 19:51:01.096,cmmx6howt0000bi1zgfsisou2,76.73509286412512,high,39.2,optimal,PUMP_OFF
2026-05-13 19:51:04.607,cmmx6howt0000bi1zgfsisou2,76.73509286412512,high,38.93,optimal,PUMP_OFF
2026-05-13 19:51:08.118,cmmx6howt0000bi1zgfsisou2,76.63734115347019,high,39.05,optimal,PUMP_OFF
2026-05-13 19:51:11.629,cmmx6howt0000bi1zgfsisou2,76.73509286412512,high,39.01,optimal,PUMP_OFF
2026-05-13 19:51:15.140,cmmx6howt0000bi1zgfsisou2,76.73509286412512,high,39.24,optimal,PUMP_OFF
2026-05-13 19:51:18.650,cmmx6howt0000bi1zgfsisou2,76.73509286412512,high,39.28,optimal,PUMP_OFF
2026-05-13 19:51:22.160,cmmx6howt0000bi1zgfsisou2,76.73509286412512,high,38.93,optimal,PUMP_OFF
2026-05-13 19:51:25.671,cmmx6howt0000bi1zgfsisou2,76.73509286412512,high,34.47,optimal,PUMP_OFF
2026-05-13 19:51:29.181,cmmx6howt0000bi1zgfsisou2,76.73509286412512,high,44.92,optimal,PUMP_OFF
2026-05-13 19:51:32.692,cmmx6howt0000bi1zgfsisou2,76.73509286412512,high,41.87,optimal,PUMP_OFF
2026-05-13 19:51:36.203,cmmx6howt0000bi1zgfsisou2,76.73509286412512,high,47.93,optimal,PUMP_OFF
2026-05-13 19:51:39.713,cmmx6howt0000bi1zgfsisou2,76.73509286412512,high,47.13,optimal,PUMP_OFF
2026-05-13 19:51:43.224,cmmx6howt0000bi1zgfsisou2,76.83284457478005,high,44.65,optimal,PUMP_OFF
2026-05-13 19:51:46.735,cmmx6howt0000bi1zgfsisou2,76.73509286412512,high,47.89,optimal,PUMP_OFF
2026-05-13 19:51:50.245,cmmx6howt0000bi1zgfsisou2,76.73509286412512,high,53.49,optimal,PUMP_OFF
2026-05-13 19:51:53.755,cmmx6howt0000bi1zgfsisou2,76.73509286412512,high,47.85,optimal,PUMP_OFF
2026-05-13 19:51:57.266,cmmx6howt0000bi1zgfsisou2,76.63734115347019,high,44.8,optimal,PUMP_OFF
2026-05-13 19:52:00.776,cmmx6howt0000bi1zgfsisou2,76.73509286412512,high,50.82,optimal,PUMP_OFF
2026-05-13 19:52:04.287,cmmx6howt0000bi1zgfsisou2,76.73509286412512,high,44.8,optimal,PUMP_OFF
2026-05-13 19:52:07.798,cmmx6howt0000bi1zgfsisou2,76.73509286412512,high,38.97,optimal,PUMP_OFF
2026-05-13 19:52:11.309,cmmx6howt0000bi1zgfsisou2,76.73509286412512,high,39.24,optimal,PUMP_OFF
2026-05-13 19:52:14.819,cmmx6howt0000bi1zgfsisou2,76.73509286412512,high,28.15,optimal,PUMP_OFF
2026-05-13 19:52:18.331,cmmx6howt0000bi1zgfsisou2,76.73509286412512,high,38.97,optimal,PUMP_OFF
2026-05-13 19:52:21.842,cmmx6howt0000bi1zgfsisou2,76.73509286412512,high,39.08,optimal,PUMP_OFF
2026-05-13 19:52:25.351,cmmx6howt0000bi1zgfsisou2,76.73509286412512,high,38.97,optimal,PUMP_OFF
2026-05-13 19:52:28.862,cmmx6howt0000bi1zgfsisou2,76.73509286412512,high,38.97,optimal,PUMP_OFF
2026-05-13 19:52:32.373,cmmx6howt0000bi1zgfsisou2,76.73509286412512,high,39.2,optimal,PUMP_OFF
2026-05-13 19:52:35.884,cmmx6howt0000bi1zgfsisou2,76.73509286412512,high,39.28,optimal,PUMP_OFF
2026-05-13 19:52:39.395,cmmx6howt0000bi1zgfsisou2,76.73509286412512,high,38.97,optimal,PUMP_OFF
2026-05-13 19:52:42.906,cmmx6howt0000bi1zgfsisou2,76.73509286412512,high,39.01,optimal,PUMP_OFF
2026-05-13 19:52:46.416,cmmx6howt0000bi1zgfsisou2,76.73509286412512,high,39.05,optimal,PUMP_OFF
2026-05-13 19:52:49.927,cmmx6howt0000bi1zgfsisou2,76.73509286412512,high,39.2,optimal,PUMP_OFF
2026-05-13 19:52:53.437,cmmx6howt0000bi1zgfsisou2,76.73509286412512,high,39.05,optimal,PUMP_OFF
2026-05-13 19:52:56.948,cmmx6howt0000bi1zgfsisou2,76.73509286412512,high,39.01,optimal,PUMP_OFF
2026-05-13 19:53:00.458,cmmx6howt0000bi1zgfsisou2,76.73509286412512,high,39.08,optimal,PUMP_OFF
2026-05-13 19:53:03.969,cmmx6howt0000bi1zgfsisou2,76.73509286412512,high,39.28,optimal,PUMP_OFF
2026-05-13 19:53:07.481,cmmx6howt0000bi1zgfsisou2,76.73509286412512,high,39.2,optimal,PUMP_OFF
2026-05-13 19:53:10.991,cmmx6howt0000bi1zgfsisou2,76.73509286412512,high,39.24,optimal,PUMP_OFF
2026-05-13 19:53:14.502,cmmx6howt0000bi1zgfsisou2,76.73509286412512,high,38.97,optimal,PUMP_OFF
2026-05-13 19:53:18.013,cmmx6howt0000bi1zgfsisou2,76.73509286412512,high,38.97,optimal,PUMP_OFF
2026-05-13 19:53:21.524,cmmx6howt0000bi1zgfsisou2,76.73509286412512,high,38.93,optimal,PUMP_OFF
2026-05-13 19:53:25.036,cmmx6howt0000bi1zgfsisou2,76.73509286412512,high,39.12,optimal,PUMP_OFF
2026-05-13 19:53:28.545,cmmx6howt0000bi1zgfsisou2,76.73509286412512,high,39.24,optimal,PUMP_OFF
2026-05-13 19:53:32.056,cmmx6howt0000bi1zgfsisou2,76.73509286412512,high,39.24,optimal,PUMP_OFF
2026-05-13 19:53:35.567,cmmx6howt0000bi1zgfsisou2,76.83284457478005,high,39.01,optimal,PUMP_OFF
2026-05-13 19:53:39.078,cmmx6howt0000bi1zgfsisou2,76.83284457478005,high,39.24,optimal,PUMP_OFF
2026-05-13 19:53:42.589,cmmx6howt0000bi1zgfsisou2,76.83284457478005,high,38.97,optimal,PUMP_OFF
2026-05-13 19:53:46.100,cmmx6howt0000bi1zgfsisou2,76.73509286412512,high,38.97,optimal,PUMP_OFF
2026-05-13 19:53:49.610,cmmx6howt0000bi1zgfsisou2,76.63734115347019,high,38.93,optimal,PUMP_OFF
2026-05-13 19:53:53.122,cmmx6howt0000bi1zgfsisou2,76.73509286412512,high,39.05,optimal,PUMP_OFF
2026-05-13 19:53:56.633,cmmx6howt0000bi1zgfsisou2,76.73509286412512,high,39.24,optimal,PUMP_OFF
2026-05-13 19:54:00.143,cmmx6howt0000bi1zgfsisou2,76.63734115347019,high,39.28,optimal,PUMP_OFF
2026-05-13 19:54:03.654,cmmx6howt0000bi1zgfsisou2,76.63734115347019,high,39.01,optimal,PUMP_OFF
2026-05-13 19:54:07.164,cmmx6howt0000bi1zgfsisou2,76.63734115347019,high,39.24,optimal,PUMP_OFF
2026-05-13 19:54:10.676,cmmx6howt0000bi1zgfsisou2,76.73509286412512,high,39.05,optimal,PUMP_OFF
2026-05-13 19:54:14.186,cmmx6howt0000bi1zgfsisou2,76.73509286412512,high,35.2,optimal,PUMP_OFF
2026-05-13 19:54:17.697,cmmx6howt0000bi1zgfsisou2,76.63734115347019,high,38.93,optimal,PUMP_OFF
2026-05-13 19:54:21.208,cmmx6howt0000bi1zgfsisou2,76.73509286412512,high,39.2,optimal,PUMP_OFF
2026-05-13 19:54:24.719,cmmx6howt0000bi1zgfsisou2,76.73509286412512,high,39.05,optimal,PUMP_OFF
2026-05-13 19:54:28.230,cmmx6howt0000bi1zgfsisou2,76.73509286412512,high,39.01,optimal,PUMP_OFF
2026-05-13 19:54:31.740,cmmx6howt0000bi1zgfsisou2,76.73509286412512,high,39.05,optimal,PUMP_OFF
2026-05-13 19:54:35.251,cmmx6howt0000bi1zgfsisou2,76.73509286412512,high,39.01,optimal,PUMP_OFF
2026-05-13 19:54:38.762,cmmx6howt0000bi1zgfsisou2,76.63734115347019,high,39.24,optimal,PUMP_OFF
2026-05-13 19:54:42.273,cmmx6howt0000bi1zgfsisou2,76.73509286412512,high,39.08,optimal,PUMP_OFF
2026-05-13 19:54:45.783,cmmx6howt0000bi1zgfsisou2,76.63734115347019,high,39.05,optimal,PUMP_OFF
2026-05-13 19:54:49.294,cmmx6howt0000bi1zgfsisou2,76.63734115347019,high,31.5,optimal,PUMP_OFF
2026-05-13 19:54:52.805,cmmx6howt0000bi1zgfsisou2,76.73509286412512,high,31.5,optimal,PUMP_OFF
2026-05-13 19:54:56.317,cmmx6howt0000bi1zgfsisou2,76.73509286412512,high,27.69,optimal,PUMP_OFF
2026-05-13 19:54:59.828,cmmx6howt0000bi1zgfsisou2,76.63734115347019,high,27.69,optimal,PUMP_OFF
2026-05-13 19:55:03.339,cmmx6howt0000bi1zgfsisou2,76.63734115347019,high,19.95,low,PUMP_OFF
2026-05-13 19:55:06.851,cmmx6howt0000bi1zgfsisou2,76.73509286412512,high,27.73,optimal,PUMP_OFF
2026-05-13 19:55:10.361,cmmx6howt0000bi1zgfsisou2,76.73509286412512,high,27.69,optimal,PUMP_OFF
2026-05-13 19:55:13.873,cmmx6howt0000bi1zgfsisou2,76.63734115347019,high,23.84,low,PUMP_OFF
2026-05-13 19:55:17.385,cmmx6howt0000bi1zgfsisou2,76.73509286412512,high,19.95,low,PUMP_OFF
2026-05-13 19:55:20.896,cmmx6howt0000bi1zgfsisou2,76.73509286412512,high,20.07,low,PUMP_OFF
2026-05-13 19:55:24.409,cmmx6howt0000bi1zgfsisou2,76.73509286412512,high,19.99,low,PUMP_OFF
2026-05-13 19:55:27.921,cmmx6howt0000bi1zgfsisou2,76.73509286412512,high,20.03,low,PUMP_OFF
2026-05-13 19:55:31.433,cmmx6howt0000bi1zgfsisou2,76.73509286412512,high,19.99,low,PUMP_OFF
2026-05-13 19:55:34.945,cmmx6howt0000bi1zgfsisou2,76.73509286412512,high,19.99,low,PUMP_OFF
2026-05-13 19:55:38.457,cmmx6howt0000bi1zgfsisou2,76.73509286412512,high,19.99,low,PUMP_OFF
2026-05-13 19:55:41.970,cmmx6howt0000bi1zgfsisou2,76.63734115347019,high,20.22,low,PUMP_OFF
2026-05-13 19:55:45.482,cmmx6howt0000bi1zgfsisou2,76.73509286412512,high,20.03,low,PUMP_OFF
2026-05-13 19:55:48.994,cmmx6howt0000bi1zgfsisou2,76.63734115347019,high,20.03,low,PUMP_OFF
2026-05-13 19:55:52.507,cmmx6howt0000bi1zgfsisou2,76.73509286412512,high,20.22,low,PUMP_OFF
2026-05-13 19:55:56.019,cmmx6howt0000bi1zgfsisou2,76.63734115347019,high,19.95,low,PUMP_OFF
2026-05-13 19:55:59.532,cmmx6howt0000bi1zgfsisou2,76.73509286412512,high,19.84,low,PUMP_OFF
2026-05-13 19:56:03.043,cmmx6howt0000bi1zgfsisou2,76.73509286412512,high,19.88,low,PUMP_OFF
2026-05-13 19:56:06.556,cmmx6howt0000bi1zgfsisou2,76.63734115347019,high,19.76,low,PUMP_OFF
2026-05-13 19:56:10.068,cmmx6howt0000bi1zgfsisou2,76.73509286412512,high,19.76,low,PUMP_OFF
2026-05-13 19:56:13.581,cmmx6howt0000bi1zgfsisou2,76.83284457478005,high,19.95,low,PUMP_OFF
2026-05-13 19:56:17.093,cmmx6howt0000bi1zgfsisou2,76.63734115347019,high,20.22,low,PUMP_OFF
2026-05-13 19:56:20.607,cmmx6howt0000bi1zgfsisou2,76.83284457478005,high,19.91,low,PUMP_OFF
2026-05-13 19:56:24.122,cmmx6howt0000bi1zgfsisou2,76.73509286412512,high,7.99,criticalLow,PUMP_OFF
2026-05-13 19:56:27.632,cmmx6howt0000bi1zgfsisou2,76.73509286412512,high,19.99,low,PUMP_OFF
2026-05-13 19:56:31.144,cmmx6howt0000bi1zgfsisou2,76.73509286412512,high,19.95,low,PUMP_OFF
2026-05-13 19:56:34.657,cmmx6howt0000bi1zgfsisou2,76.73509286412512,high,19.99,low,PUMP_OFF
2026-05-13 19:56:38.168,cmmx6howt0000bi1zgfsisou2,76.73509286412512,high,19.76,low,PUMP_OFF
2026-05-13 19:56:41.682,cmmx6howt0000bi1zgfsisou2,76.73509286412512,high,19.8,low,PUMP_OFF
2026-05-13 19:56:45.194,cmmx6howt0000bi1zgfsisou2,76.83284457478005,high,19.91,low,PUMP_OFF
2026-05-13 19:56:48.706,cmmx6howt0000bi1zgfsisou2,76.83284457478005,high,20.22,low,PUMP_OFF
2026-05-13 19:56:52.217,cmmx6howt0000bi1zgfsisou2,76.83284457478005,high,19.95,low,PUMP_OFF
2026-05-13 19:56:55.730,cmmx6howt0000bi1zgfsisou2,76.83284457478005,high,19.99,low,PUMP_OFF
2026-05-13 19:56:59.242,cmmx6howt0000bi1zgfsisou2,76.83284457478005,high,20.03,low,PUMP_OFF
2026-05-13 19:57:02.755,cmmx6howt0000bi1zgfsisou2,76.83284457478005,high,19.72,low,PUMP_OFF
2026-05-13 19:57:06.267,cmmx6howt0000bi1zgfsisou2,76.83284457478005,high,15.49,low,PUMP_OFF
2026-05-13 19:57:09.779,cmmx6howt0000bi1zgfsisou2,76.73509286412512,high,20.03,low,PUMP_OFF
2026-05-13 19:57:13.292,cmmx6howt0000bi1zgfsisou2,76.73509286412512,high,19.72,low,PUMP_OFF
2026-05-13 19:57:16.806,cmmx6howt0000bi1zgfsisou2,76.83284457478005,high,15.04,low,PUMP_OFF
2026-05-13 19:57:20.317,cmmx6howt0000bi1zgfsisou2,76.73509286412512,high,39.28,optimal,PUMP_OFF
2026-05-13 19:57:34.373,cmmx6howt0000bi1zgfsisou2,56.10948191593352,optimal,8.6,criticalLow,ALERT_REFILL
2026-05-13 19:57:41.401,cmmx6howt0000bi1zgfsisou2,72.9227761485826,high,5.05,criticalLow,PUMP_OFF
2026-05-13 19:57:44.915,cmmx6howt0000bi1zgfsisou2,71.0654936461388,high,5.01,criticalLow,PUMP_OFF
2026-05-13 19:57:48.429,cmmx6howt0000bi1zgfsisou2,72.62952101661779,high,4.78,criticalLow,PUMP_OFF
2026-05-13 19:57:51.942,cmmx6howt0000bi1zgfsisou2,72.62952101661779,high,4.75,criticalLow,PUMP_OFF
2026-05-13 19:57:55.456,cmmx6howt0000bi1zgfsisou2,72.33626588465299,high,7.83,criticalLow,PUMP_OFF
2026-05-13 19:57:58.966,cmmx6howt0000bi1zgfsisou2,56.30498533724339,optimal,20.03,low,MONITOR
2026-05-13 19:58:05.995,cmmx6howt0000bi1zgfsisou2,67.05767350928642,optimal,4.98,criticalLow,ALERT_REFILL
2026-05-13 20:20:06.918,cmmx6howt0000bi1zgfsisou2,53.86119257086999,optimal,99.68,criticalHigh,PUMP_ON_LOW
2026-05-13 20:20:10.425,cmmx6howt0000bi1zgfsisou2,53.86119257086999,optimal,97.39,criticalHigh,PUMP_ON_LOW
2026-05-13 20:20:13.934,cmmx6howt0000bi1zgfsisou2,53.66568914956012,optimal,88.78,high,PUMP_ON_LOW
2026-05-13 20:20:17.442,cmmx6howt0000bi1zgfsisou2,54.34995112414467,optimal,94.35,criticalHigh,PUMP_ON_LOW
2026-05-13 20:20:20.950,cmmx6howt0000bi1zgfsisou2,54.44770283479961,optimal,88.97,high,PUMP_ON_LOW
2026-05-13 20:20:24.458,cmmx6howt0000bi1zgfsisou2,54.34995112414467,optimal,88.51,high,PUMP_ON_LOW
2026-05-13 20:20:27.967,cmmx6howt0000bi1zgfsisou2,54.34995112414467,optimal,83.98,high,PUMP_ON_LOW
2026-05-13 20:20:31.477,cmmx6howt0000bi1zgfsisou2,54.34995112414467,optimal,81.81,high,PUMP_ON_LOW
2026-05-13 20:20:34.985,cmmx6howt0000bi1zgfsisou2,54.44770283479961,optimal,91.68,criticalHigh,PUMP_ON_LOW
2026-05-13 20:20:38.493,cmmx6howt0000bi1zgfsisou2,54.25219941348973,optimal,88.25,high,PUMP_ON_LOW
2026-05-13 20:20:42.001,cmmx6howt0000bi1zgfsisou2,54.34995112414467,optimal,83.75,high,PUMP_ON_LOW
2026-05-13 20:20:45.509,cmmx6howt0000bi1zgfsisou2,54.25219941348973,optimal,90.34,criticalHigh,PUMP_ON_LOW
2026-05-13 20:20:49.019,cmmx6howt0000bi1zgfsisou2,54.44770283479961,optimal,81.01,high,PUMP_ON_LOW
2026-05-13 20:20:52.528,cmmx6howt0000bi1zgfsisou2,54.44770283479961,optimal,87.3,high,PUMP_ON_LOW
2026-05-13 20:20:56.035,cmmx6howt0000bi1zgfsisou2,54.34995112414467,optimal,87.49,high,PUMP_ON_LOW
2026-05-13 20:20:59.543,cmmx6howt0000bi1zgfsisou2,54.34995112414467,optimal,90.23,criticalHigh,PUMP_ON_LOW
2026-05-13 20:21:03.053,cmmx6howt0000bi1zgfsisou2,54.25219941348973,optimal,83.18,high,PUMP_ON_LOW
2026-05-13 20:21:06.560,cmmx6howt0000bi1zgfsisou2,54.34995112414467,optimal,91.64,criticalHigh,PUMP_ON_LOW
2026-05-13 20:21:10.069,cmmx6howt0000bi1zgfsisou2,54.34995112414467,optimal,76.51,high,PUMP_ON_LOW
2026-05-13 20:21:13.578,cmmx6howt0000bi1zgfsisou2,54.25219941348973,optimal,73.8,optimal,PUMP_ON_LOW
2026-05-13 20:21:17.087,cmmx6howt0000bi1zgfsisou2,54.25219941348973,optimal,79.29,high,PUMP_ON_LOW
2026-05-13 20:21:20.595,cmmx6howt0000bi1zgfsisou2,54.15444770283479,optimal,85.08,high,PUMP_ON_LOW
2026-05-13 20:21:24.104,cmmx6howt0000bi1zgfsisou2,54.15444770283479,optimal,84.21,high,PUMP_ON_LOW
2026-05-13 20:21:27.613,cmmx6howt0000bi1zgfsisou2,54.15444770283479,optimal,83.18,high,PUMP_ON_LOW
2026-05-13 20:21:31.121,cmmx6howt0000bi1zgfsisou2,54.05669599217986,optimal,85.16,high,PUMP_ON_LOW
2026-05-13 20:21:34.630,cmmx6howt0000bi1zgfsisou2,54.25219941348973,optimal,82.99,high,PUMP_ON_LOW
2026-05-13 20:21:38.138,cmmx6howt0000bi1zgfsisou2,54.15444770283479,optimal,90.92,criticalHigh,PUMP_ON_LOW
2026-05-13 20:21:41.646,cmmx6howt0000bi1zgfsisou2,54.15444770283479,optimal,84.47,high,PUMP_ON_LOW
2026-05-13 20:21:45.155,cmmx6howt0000bi1zgfsisou2,54.05669599217986,optimal,83.94,high,PUMP_ON_LOW
2026-05-13 20:21:48.663,cmmx6howt0000bi1zgfsisou2,54.05669599217986,optimal,78.91,high,PUMP_ON_LOW
2026-05-13 20:21:52.173,cmmx6howt0000bi1zgfsisou2,54.05669599217986,optimal,83.03,high,PUMP_ON_LOW
2026-05-13 20:21:55.682,cmmx6howt0000bi1zgfsisou2,54.15444770283479,optimal,82.3,high,PUMP_ON_LOW
2026-05-13 20:21:59.190,cmmx6howt0000bi1zgfsisou2,54.05669599217986,optimal,88.78,high,PUMP_ON_LOW
2026-05-13 20:22:02.698,cmmx6howt0000bi1zgfsisou2,53.95894428152492,optimal,94.57,criticalHigh,PUMP_ON_LOW
2026-05-13 20:22:06.206,cmmx6howt0000bi1zgfsisou2,54.05669599217986,optimal,90.92,criticalHigh,PUMP_ON_LOW
2026-05-13 20:22:09.714,cmmx6howt0000bi1zgfsisou2,54.05669599217986,optimal,93.85,criticalHigh,PUMP_ON_LOW
2026-05-13 20:22:13.223,cmmx6howt0000bi1zgfsisou2,54.05669599217986,optimal,82.26,high,PUMP_ON_LOW
2026-05-13 20:22:16.731,cmmx6howt0000bi1zgfsisou2,53.95894428152492,optimal,93.62,criticalHigh,PUMP_ON_LOW
2026-05-13 20:22:20.240,cmmx6howt0000bi1zgfsisou2,53.95894428152492,optimal,91.18,criticalHigh,PUMP_ON_LOW
2026-05-13 20:22:23.749,cmmx6howt0000bi1zgfsisou2,53.95894428152492,optimal,75.71,high,PUMP_ON_LOW
2026-05-13 20:22:27.257,cmmx6howt0000bi1zgfsisou2,53.86119257086999,optimal,93.77,criticalHigh,PUMP_ON_LOW
2026-05-13 20:22:30.765,cmmx6howt0000bi1zgfsisou2,53.95894428152492,optimal,94.08,criticalHigh,PUMP_ON_LOW
2026-05-13 20:22:34.274,cmmx6howt0000bi1zgfsisou2,53.86119257086999,optimal,82.04,high,PUMP_ON_LOW
2026-05-13 20:22:37.783,cmmx6howt0000bi1zgfsisou2,53.76344086021505,optimal,90.95,criticalHigh,PUMP_ON_LOW
2026-05-13 20:22:41.290,cmmx6howt0000bi1zgfsisou2,53.86119257086999,optimal,90.99,criticalHigh,PUMP_ON_LOW
2026-05-13 20:22:44.799,cmmx6howt0000bi1zgfsisou2,53.86119257086999,optimal,96.67,criticalHigh,PUMP_ON_LOW
2026-05-13 20:22:48.307,cmmx6howt0000bi1zgfsisou2,53.76344086021505,optimal,88.71,high,PUMP_ON_LOW
2026-05-13 20:22:51.816,cmmx6howt0000bi1zgfsisou2,53.66568914956012,optimal,85.35,high,PUMP_ON_LOW
2026-05-13 20:22:55.325,cmmx6howt0000bi1zgfsisou2,53.66568914956012,optimal,77.39,high,PUMP_ON_LOW
2026-05-13 20:22:58.833,cmmx6howt0000bi1zgfsisou2,53.76344086021505,optimal,96.48,criticalHigh,PUMP_ON_LOW
2026-05-13 20:23:02.341,cmmx6howt0000bi1zgfsisou2,53.76344086021505,optimal,96.9,criticalHigh,PUMP_ON_LOW
2026-05-13 20:23:05.849,cmmx6howt0000bi1zgfsisou2,53.66568914956012,optimal,93.85,criticalHigh,PUMP_ON_LOW
2026-05-13 20:23:09.358,cmmx6howt0000bi1zgfsisou2,53.66568914956012,optimal,88.25,high,PUMP_ON_LOW
2026-05-13 20:23:12.866,cmmx6howt0000bi1zgfsisou2,53.66568914956012,optimal,92.1,criticalHigh,PUMP_ON_LOW
2026-05-13 20:23:16.375,cmmx6howt0000bi1zgfsisou2,53.66568914956012,optimal,79.52,high,PUMP_ON_LOW
2026-05-13 20:23:19.884,cmmx6howt0000bi1zgfsisou2,53.66568914956012,optimal,77.69,high,PUMP_ON_LOW
2026-05-13 20:23:23.392,cmmx6howt0000bi1zgfsisou2,53.66568914956012,optimal,75.1,high,PUMP_ON_LOW
2026-05-13 20:23:26.900,cmmx6howt0000bi1zgfsisou2,53.66568914956012,optimal,87.83,high,PUMP_ON_LOW
2026-05-13 20:23:30.409,cmmx6howt0000bi1zgfsisou2,53.56793743890518,optimal,90.42,criticalHigh,PUMP_ON_LOW
2026-05-13 20:23:33.917,cmmx6howt0000bi1zgfsisou2,53.66568914956012,optimal,78.57,high,PUMP_ON_LOW
2026-05-13 20:23:37.426,cmmx6howt0000bi1zgfsisou2,53.47018572825024,optimal,82.49,high,PUMP_ON_LOW
2026-05-13 20:23:40.934,cmmx6howt0000bi1zgfsisou2,53.66568914956012,optimal,87.87,high,PUMP_ON_LOW
2026-05-13 20:23:44.443,cmmx6howt0000bi1zgfsisou2,53.56793743890518,optimal,88.29,high,PUMP_ON_LOW
2026-05-13 20:23:47.951,cmmx6howt0000bi1zgfsisou2,53.56793743890518,optimal,78.8,high,PUMP_ON_LOW
2026-05-13 20:23:51.460,cmmx6howt0000bi1zgfsisou2,53.56793743890518,optimal,75.06,high,PUMP_ON_LOW
2026-05-13 20:23:54.969,cmmx6howt0000bi1zgfsisou2,53.56793743890518,optimal,87.33,high,PUMP_ON_LOW
2026-05-13 20:23:58.477,cmmx6howt0000bi1zgfsisou2,53.47018572825024,optimal,71.44,optimal,PUMP_ON_LOW
2026-05-13 20:24:01.986,cmmx6howt0000bi1zgfsisou2,53.3724340175953,optimal,62.18,optimal,PUMP_ON_LOW
2026-05-13 20:24:05.495,cmmx6howt0000bi1zgfsisou2,53.47018572825024,optimal,65.15,optimal,PUMP_ON_LOW
2026-05-13 20:24:09.004,cmmx6howt0000bi1zgfsisou2,53.3724340175953,optimal,93.81,criticalHigh,PUMP_ON_LOW
2026-05-13 20:24:12.514,cmmx6howt0000bi1zgfsisou2,53.47018572825024,optimal,77.35,high,PUMP_ON_LOW
2026-05-13 20:24:16.020,cmmx6howt0000bi1zgfsisou2,53.27468230694037,optimal,90.92,criticalHigh,PUMP_ON_LOW
2026-05-13 20:24:19.529,cmmx6howt0000bi1zgfsisou2,53.47018572825024,optimal,88.02,high,PUMP_ON_LOW
2026-05-13 20:24:23.037,cmmx6howt0000bi1zgfsisou2,53.47018572825024,optimal,74.53,optimal,PUMP_ON_LOW
2026-05-13 20:24:26.547,cmmx6howt0000bi1zgfsisou2,53.47018572825024,optimal,71.59,optimal,PUMP_ON_LOW
2026-05-13 20:24:30.055,cmmx6howt0000bi1zgfsisou2,53.3724340175953,optimal,100.0,criticalHigh,PUMP_ON_LOW
2026-05-13 20:24:33.565,cmmx6howt0000bi1zgfsisou2,53.47018572825024,optimal,72.85,optimal,PUMP_ON_LOW
2026-05-13 20:24:37.073,cmmx6howt0000bi1zgfsisou2,53.47018572825024,optimal,75.29,high,PUMP_ON_LOW
2026-05-13 20:24:40.582,cmmx6howt0000bi1zgfsisou2,53.47018572825024,optimal,54.79,optimal,PUMP_ON_LOW
2026-05-13 20:24:44.091,cmmx6howt0000bi1zgfsisou2,53.47018572825024,optimal,71.67,optimal,PUMP_ON_LOW
2026-05-13 20:24:47.600,cmmx6howt0000bi1zgfsisou2,53.3724340175953,optimal,65.0,optimal,PUMP_ON_LOW
2026-05-13 20:24:51.108,cmmx6howt0000bi1zgfsisou2,53.3724340175953,optimal,67.9,optimal,PUMP_ON_LOW
2026-05-13 20:24:54.618,cmmx6howt0000bi1zgfsisou2,53.3724340175953,optimal,70.75,optimal,PUMP_ON_LOW
2026-05-13 20:24:58.127,cmmx6howt0000bi1zgfsisou2,53.27468230694037,optimal,83.37,high,PUMP_ON_LOW
2026-05-13 20:25:01.636,cmmx6howt0000bi1zgfsisou2,53.27468230694037,optimal,70.64,optimal,PUMP_ON_LOW
2026-05-13 20:25:05.145,cmmx6howt0000bi1zgfsisou2,53.27468230694037,optimal,75.21,high,PUMP_ON_LOW
2026-05-13 20:25:08.653,cmmx6howt0000bi1zgfsisou2,53.27468230694037,optimal,74.49,optimal,PUMP_ON_LOW
2026-05-13 20:25:12.162,cmmx6howt0000bi1zgfsisou2,53.3724340175953,optimal,87.1,high,PUMP_ON_LOW
2026-05-13 20:25:15.670,cmmx6howt0000bi1zgfsisou2,53.17693059628543,optimal,65.08,optimal,PUMP_ON_LOW
2026-05-13 20:25:19.179,cmmx6howt0000bi1zgfsisou2,53.27468230694037,optimal,72.13,optimal,PUMP_ON_LOW
2026-05-13 20:25:22.688,cmmx6howt0000bi1zgfsisou2,53.27468230694037,optimal,67.25,optimal,PUMP_ON_LOW
2026-05-13 20:25:26.196,cmmx6howt0000bi1zgfsisou2,53.27468230694037,optimal,66.56,optimal,PUMP_ON_LOW
2026-05-13 20:25:29.706,cmmx6howt0000bi1zgfsisou2,53.27468230694037,optimal,70.83,optimal,PUMP_ON_LOW
2026-05-13 20:25:33.215,cmmx6howt0000bi1zgfsisou2,53.27468230694037,optimal,54.71,optimal,PUMP_ON_LOW
2026-05-13 20:25:36.723,cmmx6howt0000bi1zgfsisou2,53.27468230694037,optimal,67.97,optimal,PUMP_ON_LOW
2026-05-13 20:25:40.233,cmmx6howt0000bi1zgfsisou2,53.27468230694037,optimal,68.73,optimal,PUMP_ON_LOW
2026-05-13 20:25:43.742,cmmx6howt0000bi1zgfsisou2,53.27468230694037,optimal,74.22,optimal,PUMP_ON_LOW
2026-05-13 20:25:47.251,cmmx6howt0000bi1zgfsisou2,53.17693059628543,optimal,68.05,optimal,PUMP_ON_LOW
2026-05-13 20:25:50.759,cmmx6howt0000bi1zgfsisou2,53.17693059628543,optimal,88.82,high,PUMP_ON_LOW
2026-05-13 20:25:54.268,cmmx6howt0000bi1zgfsisou2,53.17693059628543,optimal,74.53,optimal,PUMP_ON_LOW
2026-05-13 20:25:57.777,cmmx6howt0000bi1zgfsisou2,53.17693059628543,optimal,51.93,optimal,PUMP_ON_LOW
2026-05-13 20:26:01.286,cmmx6howt0000bi1zgfsisou2,53.27468230694037,optimal,62.79,optimal,PUMP_ON_LOW
2026-05-13 20:26:04.794,cmmx6howt0000bi1zgfsisou2,53.17693059628543,optimal,87.03,high,PUMP_ON_LOW
2026-05-13 20:26:08.305,cmmx6howt0000bi1zgfsisou2,53.0791788856305,optimal,51.51,optimal,PUMP_ON_LOW
2026-05-13 20:26:11.812,cmmx6howt0000bi1zgfsisou2,53.0791788856305,optimal,72.36,optimal,PUMP_ON_LOW
2026-05-13 20:26:15.322,cmmx6howt0000bi1zgfsisou2,53.17693059628543,optimal,61.46,optimal,PUMP_ON_LOW
2026-05-13 20:26:18.830,cmmx6howt0000bi1zgfsisou2,53.0791788856305,optimal,83.18,high,PUMP_ON_LOW
2026-05-13 20:26:22.339,cmmx6howt0000bi1zgfsisou2,53.17693059628543,optimal,54.86,optimal,PUMP_ON_LOW
2026-05-13 20:26:25.849,cmmx6howt0000bi1zgfsisou2,53.0791788856305,optimal,53.38,optimal,PUMP_ON_LOW
2026-05-13 20:26:29.358,cmmx6howt0000bi1zgfsisou2,53.17693059628543,optimal,71.59,optimal,PUMP_ON_LOW
2026-05-13 20:26:32.868,cmmx6howt0000bi1zgfsisou2,53.17693059628543,optimal,77.39,high,PUMP_ON_LOW
2026-05-13 20:26:36.376,cmmx6howt0000bi1zgfsisou2,53.0791788856305,optimal,71.36,optimal,PUMP_ON_LOW
2026-05-13 20:26:39.884,cmmx6howt0000bi1zgfsisou2,53.0791788856305,optimal,81.54,high,PUMP_ON_LOW
2026-05-13 20:26:43.394,cmmx6howt0000bi1zgfsisou2,52.98142717497556,optimal,59.78,optimal,PUMP_ON_LOW
2026-05-13 20:26:46.902,cmmx6howt0000bi1zgfsisou2,53.17693059628543,optimal,71.52,optimal,PUMP_ON_LOW
2026-05-13 20:26:50.411,cmmx6howt0000bi1zgfsisou2,53.0791788856305,optimal,69.92,optimal,PUMP_ON_LOW
2026-05-13 20:26:53.921,cmmx6howt0000bi1zgfsisou2,52.98142717497556,optimal,66.6,optimal,PUMP_ON_LOW
2026-05-13 20:26:57.430,cmmx6howt0000bi1zgfsisou2,53.0791788856305,optimal,56.43,optimal,PUMP_ON_LOW
2026-05-13 20:27:00.938,cmmx6howt0000bi1zgfsisou2,53.17693059628543,optimal,81.5,high,PUMP_ON_LOW
2026-05-13 20:27:04.447,cmmx6howt0000bi1zgfsisou2,53.0791788856305,optimal,62.22,optimal,PUMP_ON_LOW
2026-05-13 20:27:07.956,cmmx6howt0000bi1zgfsisou2,53.0791788856305,optimal,67.32,optimal,PUMP_ON_LOW
2026-05-13 20:27:11.464,cmmx6howt0000bi1zgfsisou2,53.17693059628543,optimal,70.87,optimal,PUMP_ON_LOW
2026-05-13 20:27:14.973,cmmx6howt0000bi1zgfsisou2,53.0791788856305,optimal,65.0,optimal,PUMP_ON_LOW
2026-05-13 20:27:18.482,cmmx6howt0000bi1zgfsisou2,52.98142717497556,optimal,74.11,optimal,PUMP_ON_LOW
2026-05-13 20:27:21.992,cmmx6howt0000bi1zgfsisou2,53.17693059628543,optimal,54.1,optimal,PUMP_ON_LOW
2026-05-13 20:27:25.500,cmmx6howt0000bi1zgfsisou2,53.17693059628543,optimal,59.78,optimal,PUMP_ON_LOW
2026-05-13 20:27:29.009,cmmx6howt0000bi1zgfsisou2,53.0791788856305,optimal,78.61,high,PUMP_ON_LOW
2026-05-13 20:27:32.518,cmmx6howt0000bi1zgfsisou2,53.17693059628543,optimal,81.24,high,PUMP_ON_LOW
2026-05-13 20:27:36.027,cmmx6howt0000bi1zgfsisou2,53.17693059628543,optimal,66.37,optimal,PUMP_ON_LOW
2026-05-13 20:27:39.536,cmmx6howt0000bi1zgfsisou2,53.0791788856305,optimal,60.05,optimal,PUMP_ON_LOW
2026-05-13 20:27:43.045,cmmx6howt0000bi1zgfsisou2,53.17693059628543,optimal,70.18,optimal,PUMP_ON_LOW
2026-05-13 20:27:46.553,cmmx6howt0000bi1zgfsisou2,53.0791788856305,optimal,68.47,optimal,PUMP_ON_LOW
2026-05-13 20:27:50.063,cmmx6howt0000bi1zgfsisou2,53.0791788856305,optimal,58.94,optimal,PUMP_ON_LOW
2026-05-13 20:27:53.572,cmmx6howt0000bi1zgfsisou2,53.17693059628543,optimal,81.73,high,PUMP_ON_LOW
2026-05-13 20:27:57.080,cmmx6howt0000bi1zgfsisou2,53.0791788856305,optimal,80.97,high,PUMP_ON_LOW
2026-05-13 20:28:00.589,cmmx6howt0000bi1zgfsisou2,52.98142717497556,optimal,54.29,optimal,PUMP_ON_LOW
2026-05-13 20:28:04.098,cmmx6howt0000bi1zgfsisou2,52.98142717497556,optimal,73.08,optimal,PUMP_ON_LOW
2026-05-13 20:28:07.607,cmmx6howt0000bi1zgfsisou2,53.0791788856305,optimal,73.58,optimal,PUMP_ON_LOW
2026-05-13 20:28:11.116,cmmx6howt0000bi1zgfsisou2,52.98142717497556,optimal,64.24,optimal,PUMP_ON_LOW
2026-05-13 20:28:14.625,cmmx6howt0000bi1zgfsisou2,52.98142717497556,optimal,86.57,high,PUMP_ON_LOW
2026-05-13 20:28:18.134,cmmx6howt0000bi1zgfsisou2,52.98142717497556,optimal,80.59,high,PUMP_ON_LOW
2026-05-13 20:28:21.642,cmmx6howt0000bi1zgfsisou2,53.0791788856305,optimal,75.25,high,PUMP_ON_LOW
2026-05-13 20:28:25.151,cmmx6howt0000bi1zgfsisou2,52.98142717497556,optimal,79.6,high,PUMP_ON_LOW
2026-05-13 20:28:28.659,cmmx6howt0000bi1zgfsisou2,52.98142717497556,optimal,71.48,optimal,PUMP_ON_LOW
2026-05-13 20:28:32.169,cmmx6howt0000bi1zgfsisou2,52.88367546432062,optimal,69.92,optimal,PUMP_ON_LOW
2026-05-13 20:28:35.677,cmmx6howt0000bi1zgfsisou2,52.88367546432062,optimal,75.02,high,PUMP_ON_LOW
2026-05-13 20:28:39.186,cmmx6howt0000bi1zgfsisou2,41.34897360703812,optimal,73.77,optimal,PUMP_ON_LOW
2026-05-13 20:28:42.695,cmmx6howt0000bi1zgfsisou2,71.45650048875855,high,67.25,optimal,PUMP_OFF
2026-05-13 20:28:46.204,cmmx6howt0000bi1zgfsisou2,77.2238514173998,high,100.0,criticalHigh,PUMP_OFF
2026-05-13 20:28:49.716,cmmx6howt0000bi1zgfsisou2,77.2238514173998,high,100.0,criticalHigh,PUMP_OFF
2026-05-13 20:28:53.224,cmmx6howt0000bi1zgfsisou2,77.02834799608993,high,100.0,criticalHigh,PUMP_OFF
2026-05-13 20:28:56.733,cmmx6howt0000bi1zgfsisou2,76.83284457478005,high,100.0,criticalHigh,PUMP_OFF
2026-05-13 20:29:00.243,cmmx6howt0000bi1zgfsisou2,76.63734115347019,high,100.0,criticalHigh,PUMP_OFF
2026-05-13 20:29:03.754,cmmx6howt0000bi1zgfsisou2,76.05083088954056,high,100.0,criticalHigh,PUMP_OFF
2026-05-13 20:29:07.262,cmmx6howt0000bi1zgfsisou2,77.12609970674487,high,100.0,criticalHigh,PUMP_OFF
2026-05-13 20:29:10.773,cmmx6howt0000bi1zgfsisou2,76.44183773216031,high,100.0,criticalHigh,PUMP_OFF
2026-05-13 20:29:14.283,cmmx6howt0000bi1zgfsisou2,75.8553274682307,high,93.85,criticalHigh,PUMP_OFF
2026-05-13 20:29:17.792,cmmx6howt0000bi1zgfsisou2,77.71260997067448,high,100.0,criticalHigh,PUMP_OFF
2026-05-13 20:29:21.302,cmmx6howt0000bi1zgfsisou2,76.53958944281524,high,96.48,criticalHigh,PUMP_OFF
2026-05-13 20:29:24.811,cmmx6howt0000bi1zgfsisou2,77.12609970674487,high,96.71,criticalHigh,PUMP_OFF
2026-05-13 20:29:28.321,cmmx6howt0000bi1zgfsisou2,76.34408602150538,high,59.09,optimal,PUMP_OFF
2026-05-13 20:29:31.832,cmmx6howt0000bi1zgfsisou2,76.63734115347019,high,46.25,optimal,PUMP_OFF
2026-05-13 20:29:35.344,cmmx6howt0000bi1zgfsisou2,76.63734115347019,high,31.39,optimal,PUMP_OFF
2026-05-13 20:29:38.853,cmmx6howt0000bi1zgfsisou2,76.53958944281524,high,31.42,optimal,PUMP_OFF
2026-05-13 20:29:42.364,cmmx6howt0000bi1zgfsisou2,76.53958944281524,high,31.39,optimal,PUMP_OFF
2026-05-13 20:29:45.876,cmmx6howt0000bi1zgfsisou2,76.53958944281524,high,31.39,optimal,PUMP_OFF
2026-05-13 20:29:49.386,cmmx6howt0000bi1zgfsisou2,76.53958944281524,high,31.42,optimal,PUMP_OFF
2026-05-13 20:29:52.898,cmmx6howt0000bi1zgfsisou2,76.53958944281524,high,31.5,optimal,PUMP_OFF
2026-05-13 20:29:56.409,cmmx6howt0000bi1zgfsisou2,76.63734115347019,high,31.23,optimal,PUMP_OFF
2026-05-13 20:29:59.920,cmmx6howt0000bi1zgfsisou2,76.44183773216031,high,27.12,optimal,PUMP_OFF
2026-05-13 20:30:03.430,cmmx6howt0000bi1zgfsisou2,76.05083088954056,high,38.86,optimal,PUMP_OFF
2026-05-13 20:30:06.941,cmmx6howt0000bi1zgfsisou2,76.63734115347019,high,38.93,optimal,PUMP_OFF
2026-05-13 20:30:10.452,cmmx6howt0000bi1zgfsisou2,76.53958944281524,high,35.27,optimal,PUMP_OFF
2026-05-13 20:30:13.963,cmmx6howt0000bi1zgfsisou2,76.44183773216031,high,35.01,optimal,PUMP_OFF
2026-05-13 20:30:17.475,cmmx6howt0000bi1zgfsisou2,75.366568914956,high,35.01,optimal,PUMP_OFF
2026-05-13 20:30:20.985,cmmx6howt0000bi1zgfsisou2,75.75757575757575,high,34.97,optimal,PUMP_OFF
2026-05-13 20:30:24.496,cmmx6howt0000bi1zgfsisou2,65.59139784946237,optimal,35.27,optimal,PUMP_ON_LOW
2026-05-13 20:30:28.005,cmmx6howt0000bi1zgfsisou2,57.47800586510263,optimal,35.27,optimal,PUMP_ON_LOW
2026-05-13 20:30:31.515,cmmx6howt0000bi1zgfsisou2,57.77126099706744,optimal,35.01,optimal,PUMP_ON_LOW
2026-05-13 20:30:35.025,cmmx6howt0000bi1zgfsisou2,57.6735092864125,optimal,35.24,optimal,PUMP_ON_LOW
2026-05-13 20:30:38.535,cmmx6howt0000bi1zgfsisou2,57.6735092864125,optimal,35.24,optimal,PUMP_ON_LOW
2026-05-13 20:30:42.045,cmmx6howt0000bi1zgfsisou2,57.77126099706744,optimal,35.2,optimal,PUMP_ON_LOW
2026-05-13 20:30:45.555,cmmx6howt0000bi1zgfsisou2,57.86901270772238,optimal,35.27,optimal,PUMP_ON_LOW
2026-05-13 20:30:51.013,cmmx6howt0000bi1zgfsisou2,57.86901270772238,optimal,34.97,optimal,PUMP_ON_LOW
2026-05-13 20:30:53.190,cmmx6howt0000bi1zgfsisou2,56.20723362658846,optimal,35.01,optimal,PUMP_ON_LOW
2026-05-13 20:30:56.084,cmmx6howt0000bi1zgfsisou2,56.50048875855327,optimal,35.08,optimal,PUMP_ON_LOW
2026-05-13 20:30:59.594,cmmx6howt0000bi1zgfsisou2,56.89149560117301,optimal,35.04,optimal,PUMP_ON_LOW
2026-05-13 20:31:03.104,cmmx6howt0000bi1zgfsisou2,57.18475073313783,optimal,35.31,optimal,PUMP_ON_LOW
2026-05-13 20:31:06.613,cmmx6howt0000bi1zgfsisou2,57.3802541544477,optimal,35.08,optimal,PUMP_ON_LOW
2026-05-13 20:31:10.123,cmmx6howt0000bi1zgfsisou2,57.57575757575757,optimal,35.24,optimal,PUMP_ON_LOW
2026-05-13 20:31:13.633,cmmx6howt0000bi1zgfsisou2,57.57575757575757,optimal,35.24,optimal,PUMP_ON_LOW
2026-05-13 20:31:17.143,cmmx6howt0000bi1zgfsisou2,57.6735092864125,optimal,35.08,optimal,PUMP_ON_LOW
2026-05-13 20:31:20.652,cmmx6howt0000bi1zgfsisou2,57.57575757575757,optimal,35.27,optimal,PUMP_ON_LOW
2026-05-13 20:31:24.162,cmmx6howt0000bi1zgfsisou2,57.47800586510263,optimal,35.27,optimal,PUMP_ON_LOW
2026-05-13 20:31:27.672,cmmx6howt0000bi1zgfsisou2,57.47800586510263,optimal,35.31,optimal,PUMP_ON_LOW
2026-05-13 20:31:31.182,cmmx6howt0000bi1zgfsisou2,57.3802541544477,optimal,35.31,optimal,PUMP_ON_LOW
2026-05-13 20:31:34.692,cmmx6howt0000bi1zgfsisou2,57.47800586510263,optimal,35.31,optimal,PUMP_ON_LOW
2026-05-13 20:31:38.202,cmmx6howt0000bi1zgfsisou2,57.3802541544477,optimal,35.27,optimal,PUMP_ON_LOW
2026-05-13 20:31:41.712,cmmx6howt0000bi1zgfsisou2,57.3802541544477,optimal,35.04,optimal,PUMP_ON_LOW
2026-05-13 20:31:45.222,cmmx6howt0000bi1zgfsisou2,54.64320625610948,optimal,12.41,low,MONITOR
2026-05-13 20:31:48.733,cmmx6howt0000bi1zgfsisou2,54.44770283479961,optimal,35.04,optimal,PUMP_ON_LOW
2026-05-13 20:31:52.242,cmmx6howt0000bi1zgfsisou2,48.87585532746823,optimal,35.08,optimal,PUMP_ON_LOW
2026-05-13 20:31:55.752,cmmx6howt0000bi1zgfsisou2,48.97360703812317,optimal,35.04,optimal,PUMP_ON_LOW
2026-05-13 20:31:59.262,cmmx6howt0000bi1zgfsisou2,49.26686217008798,optimal,35.08,optimal,PUMP_ON_LOW
2026-05-13 20:32:02.771,cmmx6howt0000bi1zgfsisou2,49.36461388074292,optimal,35.08,optimal,PUMP_ON_LOW
2026-05-13 20:32:06.282,cmmx6howt0000bi1zgfsisou2,49.56011730205279,optimal,35.08,optimal,PUMP_ON_LOW
2026-05-13 20:32:09.791,cmmx6howt0000bi1zgfsisou2,46.72531769305963,optimal,35.27,optimal,PUMP_ON_LOW
2026-05-13 20:32:13.301,cmmx6howt0000bi1zgfsisou2,47.99608993157381,optimal,35.01,optimal,PUMP_ON_LOW
2026-05-13 20:32:16.811,cmmx6howt0000bi1zgfsisou2,51.80840664711632,optimal,35.27,optimal,PUMP_ON_LOW
2026-05-13 20:32:20.321,cmmx6howt0000bi1zgfsisou2,51.80840664711632,optimal,35.27,optimal,PUMP_ON_LOW
2026-05-13 20:32:27.370,cmmx6howt0000bi1zgfsisou2,54.44770283479961,optimal,100.0,criticalHigh,PUMP_ON_LOW
2026-05-13 20:32:30.880,cmmx6howt0000bi1zgfsisou2,49.65786901270772,optimal,93.13,criticalHigh,PUMP_ON_LOW
2026-05-13 20:32:34.388,cmmx6howt0000bi1zgfsisou2,49.75562072336266,optimal,98.23,criticalHigh,PUMP_ON_LOW
2026-05-13 20:32:37.896,cmmx6howt0000bi1zgfsisou2,50.34213098729228,optimal,98.19,criticalHigh,PUMP_ON_LOW
2026-05-13 20:32:41.403,cmmx6howt0000bi1zgfsisou2,50.43988269794721,optimal,98.23,criticalHigh,PUMP_ON_LOW
2026-05-13 20:32:44.912,cmmx6howt0000bi1zgfsisou2,58.94428152492668,optimal,98.88,criticalHigh,PUMP_ON_LOW
2026-05-13 20:32:48.420,cmmx6howt0000bi1zgfsisou2,49.85337243401759,optimal,98.46,criticalHigh,PUMP_ON_LOW
2026-05-13 20:32:51.928,cmmx6howt0000bi1zgfsisou2,50.53763440860215,optimal,98.0,criticalHigh,PUMP_ON_LOW
2026-05-13 20:32:55.436,cmmx6howt0000bi1zgfsisou2,50.63538611925708,optimal,97.17,criticalHigh,PUMP_ON_LOW
2026-05-13 20:32:58.944,cmmx6howt0000bi1zgfsisou2,50.63538611925708,optimal,97.47,criticalHigh,PUMP_ON_LOW
2026-05-13 20:33:02.451,cmmx6howt0000bi1zgfsisou2,50.63538611925708,optimal,96.67,criticalHigh,PUMP_ON_LOW
2026-05-13 20:33:05.960,cmmx6howt0000bi1zgfsisou2,50.53763440860215,optimal,96.98,criticalHigh,PUMP_ON_LOW
2026-05-13 20:33:09.471,cmmx6howt0000bi1zgfsisou2,50.63538611925708,optimal,96.71,criticalHigh,PUMP_ON_LOW
2026-05-13 20:33:12.976,cmmx6howt0000bi1zgfsisou2,50.63538611925708,optimal,96.48,criticalHigh,PUMP_ON_LOW
2026-05-13 20:33:16.484,cmmx6howt0000bi1zgfsisou2,50.53763440860215,optimal,98.16,criticalHigh,PUMP_ON_LOW
2026-05-13 20:33:19.992,cmmx6howt0000bi1zgfsisou2,50.63538611925708,optimal,98.12,criticalHigh,PUMP_ON_LOW
2026-05-13 20:33:23.501,cmmx6howt0000bi1zgfsisou2,50.53763440860215,optimal,96.98,criticalHigh,PUMP_ON_LOW
2026-05-13 20:33:27.008,cmmx6howt0000bi1zgfsisou2,50.63538611925708,optimal,98.19,criticalHigh,PUMP_ON_LOW
2026-05-13 20:33:30.516,cmmx6howt0000bi1zgfsisou2,50.63538611925708,optimal,96.71,criticalHigh,PUMP_ON_LOW
2026-05-13 20:33:34.025,cmmx6howt0000bi1zgfsisou2,50.53763440860215,optimal,97.36,criticalHigh,PUMP_ON_LOW
2026-05-13 20:33:37.533,cmmx6howt0000bi1zgfsisou2,50.53763440860215,optimal,96.78,criticalHigh,PUMP_ON_LOW
2026-05-13 20:33:41.041,cmmx6howt0000bi1zgfsisou2,50.43988269794721,optimal,97.59,criticalHigh,PUMP_ON_LOW
2026-05-13 20:33:44.549,cmmx6howt0000bi1zgfsisou2,50.34213098729228,optimal,96.52,criticalHigh,PUMP_ON_LOW
2026-05-13 20:33:48.058,cmmx6howt0000bi1zgfsisou2,50.24437927663734,optimal,96.67,criticalHigh,PUMP_ON_LOW
2026-05-13 20:33:51.565,cmmx6howt0000bi1zgfsisou2,50.34213098729228,optimal,98.08,criticalHigh,PUMP_ON_LOW
2026-05-13 20:33:55.073,cmmx6howt0000bi1zgfsisou2,50.53763440860215,optimal,97.43,criticalHigh,PUMP_ON_LOW
2026-05-13 20:33:58.581,cmmx6howt0000bi1zgfsisou2,50.43988269794721,optimal,98.65,criticalHigh,PUMP_ON_LOW
2026-05-13 20:34:02.090,cmmx6howt0000bi1zgfsisou2,50.43988269794721,optimal,99.11,criticalHigh,PUMP_ON_LOW
2026-05-13 20:34:05.598,cmmx6howt0000bi1zgfsisou2,50.34213098729228,optimal,98.16,criticalHigh,PUMP_ON_LOW
2026-05-13 20:34:09.106,cmmx6howt0000bi1zgfsisou2,50.43988269794721,optimal,98.69,criticalHigh,PUMP_ON_LOW
2026-05-13 20:34:12.614,cmmx6howt0000bi1zgfsisou2,50.34213098729228,optimal,98.92,criticalHigh,PUMP_ON_LOW
2026-05-13 20:34:16.123,cmmx6howt0000bi1zgfsisou2,50.53763440860215,optimal,98.84,criticalHigh,PUMP_ON_LOW
2026-05-13 20:34:19.630,cmmx6howt0000bi1zgfsisou2,50.53763440860215,optimal,98.58,criticalHigh,PUMP_ON_LOW
2026-05-13 20:34:23.138,cmmx6howt0000bi1zgfsisou2,50.53763440860215,optimal,98.39,criticalHigh,PUMP_ON_LOW
2026-05-13 20:34:26.647,cmmx6howt0000bi1zgfsisou2,50.53763440860215,optimal,98.88,criticalHigh,PUMP_ON_LOW
2026-05-13 20:34:30.155,cmmx6howt0000bi1zgfsisou2,50.43988269794721,optimal,98.92,criticalHigh,PUMP_ON_LOW
2026-05-13 20:34:33.662,cmmx6howt0000bi1zgfsisou2,50.53763440860215,optimal,97.47,criticalHigh,PUMP_ON_LOW
2026-05-13 20:34:37.170,cmmx6howt0000bi1zgfsisou2,50.53763440860215,optimal,98.19,criticalHigh,PUMP_ON_LOW
2026-05-13 20:34:40.679,cmmx6howt0000bi1zgfsisou2,50.53763440860215,optimal,95.49,criticalHigh,PUMP_ON_LOW
2026-05-13 20:34:44.187,cmmx6howt0000bi1zgfsisou2,50.43988269794721,optimal,97.85,criticalHigh,PUMP_ON_LOW
2026-05-13 20:34:47.695,cmmx6howt0000bi1zgfsisou2,50.53763440860215,optimal,97.89,criticalHigh,PUMP_ON_LOW
2026-05-13 20:34:51.203,cmmx6howt0000bi1zgfsisou2,50.43988269794721,optimal,98.84,criticalHigh,PUMP_ON_LOW
2026-05-13 20:34:54.711,cmmx6howt0000bi1zgfsisou2,50.43988269794721,optimal,98.16,criticalHigh,PUMP_ON_LOW
2026-05-13 20:34:58.219,cmmx6howt0000bi1zgfsisou2,50.53763440860215,optimal,98.65,criticalHigh,PUMP_ON_LOW
2026-05-13 20:35:01.727,cmmx6howt0000bi1zgfsisou2,50.43988269794721,optimal,99.15,criticalHigh,PUMP_ON_LOW
2026-05-13 20:35:05.235,cmmx6howt0000bi1zgfsisou2,50.43988269794721,optimal,99.61,criticalHigh,PUMP_ON_LOW
2026-05-13 20:35:08.742,cmmx6howt0000bi1zgfsisou2,50.43988269794721,optimal,98.84,criticalHigh,PUMP_ON_LOW
2026-05-13 20:35:12.251,cmmx6howt0000bi1zgfsisou2,50.43988269794721,optimal,99.53,criticalHigh,PUMP_ON_LOW
2026-05-13 20:35:15.759,cmmx6howt0000bi1zgfsisou2,50.34213098729228,optimal,99.41,criticalHigh,PUMP_ON_LOW
2026-05-13 20:35:19.268,cmmx6howt0000bi1zgfsisou2,50.24437927663734,optimal,98.84,criticalHigh,PUMP_ON_LOW
2026-05-13 20:35:22.775,cmmx6howt0000bi1zgfsisou2,50.24437927663734,optimal,100.0,criticalHigh,PUMP_ON_LOW
2026-05-13 20:35:26.284,cmmx6howt0000bi1zgfsisou2,50.24437927663734,optimal,99.0,criticalHigh,PUMP_ON_LOW
2026-05-13 20:35:29.792,cmmx6howt0000bi1zgfsisou2,50.14662756598241,optimal,98.88,criticalHigh,PUMP_ON_LOW
2026-05-13 20:35:33.301,cmmx6howt0000bi1zgfsisou2,50.24437927663734,optimal,97.51,criticalHigh,PUMP_ON_LOW
2026-05-13 20:35:36.808,cmmx6howt0000bi1zgfsisou2,50.34213098729228,optimal,97.93,criticalHigh,PUMP_ON_LOW
2026-05-13 20:35:40.317,cmmx6howt0000bi1zgfsisou2,50.24437927663734,optimal,98.84,criticalHigh,PUMP_ON_LOW
2026-05-13 20:35:43.825,cmmx6howt0000bi1zgfsisou2,50.24437927663734,optimal,98.35,criticalHigh,PUMP_ON_LOW
2026-05-13 20:35:47.332,cmmx6howt0000bi1zgfsisou2,50.24437927663734,optimal,97.93,criticalHigh,PUMP_ON_LOW
2026-05-13 20:35:50.841,cmmx6howt0000bi1zgfsisou2,50.14662756598241,optimal,96.71,criticalHigh,PUMP_ON_LOW
2026-05-13 20:35:54.349,cmmx6howt0000bi1zgfsisou2,50.24437927663734,optimal,96.63,criticalHigh,PUMP_ON_LOW
2026-05-13 20:35:57.857,cmmx6howt0000bi1zgfsisou2,50.34213098729228,optimal,96.71,criticalHigh,PUMP_ON_LOW
2026-05-13 20:36:01.365,cmmx6howt0000bi1zgfsisou2,50.24437927663734,optimal,96.98,criticalHigh,PUMP_ON_LOW
2026-05-13 20:36:04.873,cmmx6howt0000bi1zgfsisou2,50.24437927663734,optimal,98.16,criticalHigh,PUMP_ON_LOW
2026-05-13 20:36:08.381,cmmx6howt0000bi1zgfsisou2,50.34213098729228,optimal,98.84,criticalHigh,PUMP_ON_LOW
2026-05-13 20:36:11.889,cmmx6howt0000bi1zgfsisou2,50.14662756598241,optimal,98.88,criticalHigh,PUMP_ON_LOW
2026-05-13 20:36:15.397,cmmx6howt0000bi1zgfsisou2,50.14662756598241,optimal,98.84,criticalHigh,PUMP_ON_LOW
2026-05-13 20:36:18.906,cmmx6howt0000bi1zgfsisou2,50.14662756598241,optimal,97.93,criticalHigh,PUMP_ON_LOW
2026-05-13 20:36:22.414,cmmx6howt0000bi1zgfsisou2,50.14662756598241,optimal,99.07,criticalHigh,PUMP_ON_LOW
2026-05-13 20:36:25.922,cmmx6howt0000bi1zgfsisou2,50.24437927663734,optimal,98.84,criticalHigh,PUMP_ON_LOW
2026-05-13 20:36:29.430,cmmx6howt0000bi1zgfsisou2,50.24437927663734,optimal,98.12,criticalHigh,PUMP_ON_LOW
2026-05-13 20:36:32.938,cmmx6howt0000bi1zgfsisou2,50.04887585532747,optimal,98.88,criticalHigh,PUMP_ON_LOW
2026-05-13 20:36:36.446,cmmx6howt0000bi1zgfsisou2,49.95112414467253,optimal,98.16,criticalHigh,PUMP_ON_LOW
2026-05-13 20:36:39.954,cmmx6howt0000bi1zgfsisou2,50.04887585532747,optimal,98.0,criticalHigh,PUMP_ON_LOW
2026-05-13 20:36:43.462,cmmx6howt0000bi1zgfsisou2,50.43988269794721,optimal,96.98,criticalHigh,PUMP_ON_LOW
2026-05-13 20:36:46.970,cmmx6howt0000bi1zgfsisou2,50.43988269794721,optimal,98.16,criticalHigh,PUMP_ON_LOW
2026-05-13 20:36:50.478,cmmx6howt0000bi1zgfsisou2,50.53763440860215,optimal,98.12,criticalHigh,PUMP_ON_LOW
2026-05-13 20:36:53.986,cmmx6howt0000bi1zgfsisou2,50.43988269794721,optimal,97.89,criticalHigh,PUMP_ON_LOW
2026-05-13 20:36:57.494,cmmx6howt0000bi1zgfsisou2,50.53763440860215,optimal,97.2,criticalHigh,PUMP_ON_LOW
2026-05-13 20:37:01.002,cmmx6howt0000bi1zgfsisou2,50.63538611925708,optimal,96.94,criticalHigh,PUMP_ON_LOW
2026-05-13 20:37:04.511,cmmx6howt0000bi1zgfsisou2,50.53763440860215,optimal,96.67,criticalHigh,PUMP_ON_LOW
2026-05-13 20:37:08.018,cmmx6howt0000bi1zgfsisou2,50.53763440860215,optimal,98.23,criticalHigh,PUMP_ON_LOW
2026-05-13 20:37:11.526,cmmx6howt0000bi1zgfsisou2,50.43988269794721,optimal,98.61,criticalHigh,PUMP_ON_LOW
2026-05-13 20:37:15.035,cmmx6howt0000bi1zgfsisou2,50.43988269794721,optimal,98.16,criticalHigh,PUMP_ON_LOW
2026-05-13 20:37:18.543,cmmx6howt0000bi1zgfsisou2,50.34213098729228,optimal,99.11,criticalHigh,PUMP_ON_LOW
2026-05-13 20:37:22.051,cmmx6howt0000bi1zgfsisou2,50.34213098729228,optimal,97.93,criticalHigh,PUMP_ON_LOW
2026-05-13 20:37:25.558,cmmx6howt0000bi1zgfsisou2,50.24437927663734,optimal,98.84,criticalHigh,PUMP_ON_LOW
2026-05-13 20:37:29.067,cmmx6howt0000bi1zgfsisou2,50.14662756598241,optimal,98.88,criticalHigh,PUMP_ON_LOW
2026-05-13 20:37:32.575,cmmx6howt0000bi1zgfsisou2,50.34213098729228,optimal,95.18,criticalHigh,PUMP_ON_LOW
2026-05-13 20:37:36.084,cmmx6howt0000bi1zgfsisou2,50.14662756598241,optimal,98.35,criticalHigh,PUMP_ON_LOW
2026-05-13 20:37:39.591,cmmx6howt0000bi1zgfsisou2,50.04887585532747,optimal,97.93,criticalHigh,PUMP_ON_LOW
2026-05-13 20:37:43.099,cmmx6howt0000bi1zgfsisou2,50.14662756598241,optimal,98.12,criticalHigh,PUMP_ON_LOW
2026-05-13 20:37:46.607,cmmx6howt0000bi1zgfsisou2,50.04887585532747,optimal,98.16,criticalHigh,PUMP_ON_LOW
2026-05-13 20:37:50.115,cmmx6howt0000bi1zgfsisou2,49.95112414467253,optimal,96.75,criticalHigh,PUMP_ON_LOW
2026-05-13 20:37:53.624,cmmx6howt0000bi1zgfsisou2,49.95112414467253,optimal,96.4,criticalHigh,PUMP_ON_LOW
2026-05-13 20:37:57.132,cmmx6howt0000bi1zgfsisou2,49.95112414467253,optimal,96.78,criticalHigh,PUMP_ON_LOW
2026-05-13 20:38:00.640,cmmx6howt0000bi1zgfsisou2,49.85337243401759,optimal,98.84,criticalHigh,PUMP_ON_LOW
2026-05-13 20:38:04.147,cmmx6howt0000bi1zgfsisou2,49.95112414467253,optimal,96.67,criticalHigh,PUMP_ON_LOW
2026-05-13 20:38:07.655,cmmx6howt0000bi1zgfsisou2,49.95112414467253,optimal,96.71,criticalHigh,PUMP_ON_LOW
2026-05-13 20:38:11.164,cmmx6howt0000bi1zgfsisou2,49.85337243401759,optimal,97.2,criticalHigh,PUMP_ON_LOW
2026-05-13 20:38:14.671,cmmx6howt0000bi1zgfsisou2,49.65786901270772,optimal,97.39,criticalHigh,PUMP_ON_LOW
2026-05-13 20:38:18.180,cmmx6howt0000bi1zgfsisou2,49.65786901270772,optimal,96.71,criticalHigh,PUMP_ON_LOW
2026-05-13 20:38:21.688,cmmx6howt0000bi1zgfsisou2,49.65786901270772,optimal,98.12,criticalHigh,PUMP_ON_LOW
2026-05-13 20:38:25.196,cmmx6howt0000bi1zgfsisou2,49.75562072336266,optimal,98.19,criticalHigh,PUMP_ON_LOW
2026-05-13 20:38:28.704,cmmx6howt0000bi1zgfsisou2,49.75562072336266,optimal,98.88,criticalHigh,PUMP_ON_LOW
2026-05-13 20:38:32.213,cmmx6howt0000bi1zgfsisou2,49.75562072336266,optimal,98.19,criticalHigh,PUMP_ON_LOW
2026-05-13 20:38:35.720,cmmx6howt0000bi1zgfsisou2,49.75562072336266,optimal,98.08,criticalHigh,PUMP_ON_LOW
2026-05-13 20:38:39.228,cmmx6howt0000bi1zgfsisou2,49.65786901270772,optimal,96.98,criticalHigh,PUMP_ON_LOW
2026-05-13 20:38:42.737,cmmx6howt0000bi1zgfsisou2,49.65786901270772,optimal,96.9,criticalHigh,PUMP_ON_LOW
2026-05-13 20:38:46.244,cmmx6howt0000bi1zgfsisou2,49.36461388074292,optimal,96.71,criticalHigh,PUMP_ON_LOW
2026-05-13 20:38:49.752,cmmx6howt0000bi1zgfsisou2,70.08797653958945,high,98.16,criticalHigh,PUMP_OFF
2026-05-13 20:38:53.260,cmmx6howt0000bi1zgfsisou2,70.772238514174,high,97.97,criticalHigh,PUMP_OFF
2026-05-13 20:38:56.770,cmmx6howt0000bi1zgfsisou2,75.26881720430107,high,94.54,criticalHigh,PUMP_OFF
2026-05-13 20:39:00.279,cmmx6howt0000bi1zgfsisou2,75.366568914956,high,86.08,high,PUMP_OFF
2026-05-13 20:39:03.789,cmmx6howt0000bi1zgfsisou2,75.26881720430107,high,85.88,high,PUMP_OFF
2026-05-13 20:39:07.298,cmmx6howt0000bi1zgfsisou2,75.366568914956,high,94.54,criticalHigh,PUMP_OFF
2026-05-13 20:39:10.808,cmmx6howt0000bi1zgfsisou2,75.366568914956,high,92.63,criticalHigh,PUMP_OFF
2026-05-13 20:39:14.317,cmmx6howt0000bi1zgfsisou2,75.366568914956,high,90.15,criticalHigh,PUMP_OFF
2026-05-13 20:39:17.826,cmmx6howt0000bi1zgfsisou2,75.26881720430107,high,90.42,criticalHigh,PUMP_OFF
2026-05-13 20:39:21.335,cmmx6howt0000bi1zgfsisou2,75.0733137829912,high,98.65,criticalHigh,PUMP_OFF
2026-05-13 20:39:24.845,cmmx6howt0000bi1zgfsisou2,74.09579667644184,high,35.2,optimal,PUMP_OFF
2026-05-13 20:39:28.356,cmmx6howt0000bi1zgfsisou2,73.9980449657869,high,35.24,optimal,PUMP_OFF
2026-05-13 20:39:31.866,cmmx6howt0000bi1zgfsisou2,74.09579667644184,high,34.97,optimal,PUMP_OFF
2026-05-13 20:39:35.378,cmmx6howt0000bi1zgfsisou2,74.09579667644184,high,35.27,optimal,PUMP_OFF
2026-05-13 20:39:38.888,cmmx6howt0000bi1zgfsisou2,74.09579667644184,high,34.97,optimal,PUMP_OFF
2026-05-13 20:39:42.399,cmmx6howt0000bi1zgfsisou2,73.80254154447702,high,34.97,optimal,PUMP_OFF
2026-05-13 20:39:45.909,cmmx6howt0000bi1zgfsisou2,73.70478983382209,high,73.69,optimal,PUMP_OFF
2026-05-13 20:39:49.418,cmmx6howt0000bi1zgfsisou2,77.2238514173998,high,100.0,criticalHigh,PUMP_OFF
2026-05-13 20:39:52.928,cmmx6howt0000bi1zgfsisou2,77.41935483870968,high,96.67,criticalHigh,PUMP_OFF
2026-05-13 20:39:56.437,cmmx6howt0000bi1zgfsisou2,77.61485826001955,high,100.0,criticalHigh,PUMP_OFF
2026-05-13 20:39:59.947,cmmx6howt0000bi1zgfsisou2,77.61485826001955,high,100.0,criticalHigh,PUMP_OFF
2026-05-13 20:40:03.456,cmmx6howt0000bi1zgfsisou2,77.32160312805473,high,100.0,criticalHigh,PUMP_OFF
2026-05-13 20:40:06.966,cmmx6howt0000bi1zgfsisou2,77.51710654936461,high,100.0,criticalHigh,PUMP_OFF
2026-05-13 20:40:10.476,cmmx6howt0000bi1zgfsisou2,76.34408602150538,high,93.13,criticalHigh,PUMP_OFF
2026-05-13 20:40:13.985,cmmx6howt0000bi1zgfsisou2,75.95307917888563,high,100.0,criticalHigh,PUMP_OFF
2026-05-13 20:40:17.495,cmmx6howt0000bi1zgfsisou2,76.05083088954056,high,100.0,criticalHigh,PUMP_OFF
2026-05-13 20:40:21.005,cmmx6howt0000bi1zgfsisou2,77.2238514173998,high,98.96,criticalHigh,PUMP_OFF
2026-05-13 20:40:24.514,cmmx6howt0000bi1zgfsisou2,77.2238514173998,high,93.16,criticalHigh,PUMP_OFF
2026-05-13 20:40:28.024,cmmx6howt0000bi1zgfsisou2,77.2238514173998,high,93.39,criticalHigh,PUMP_OFF
2026-05-13 20:40:31.533,cmmx6howt0000bi1zgfsisou2,77.2238514173998,high,82.3,high,PUMP_OFF
2026-05-13 20:40:35.044,cmmx6howt0000bi1zgfsisou2,77.12609970674487,high,64.43,optimal,PUMP_OFF
2026-05-13 20:40:38.552,cmmx6howt0000bi1zgfsisou2,77.02834799608993,high,93.16,criticalHigh,PUMP_OFF
2026-05-13 20:40:42.061,cmmx6howt0000bi1zgfsisou2,76.83284457478005,high,93.16,criticalHigh,PUMP_OFF
2026-05-13 20:40:45.570,cmmx6howt0000bi1zgfsisou2,76.93059628543499,high,93.16,criticalHigh,PUMP_OFF
2026-05-13 20:40:49.079,cmmx6howt0000bi1zgfsisou2,76.73509286412512,high,93.16,criticalHigh,PUMP_OFF
2026-05-13 20:40:52.589,cmmx6howt0000bi1zgfsisou2,76.63734115347019,high,93.16,criticalHigh,PUMP_OFF
2026-05-13 20:40:56.098,cmmx6howt0000bi1zgfsisou2,76.93059628543499,high,93.16,criticalHigh,PUMP_OFF
2026-05-13 20:40:59.608,cmmx6howt0000bi1zgfsisou2,76.93059628543499,high,93.16,criticalHigh,PUMP_OFF
2026-05-13 20:41:03.117,cmmx6howt0000bi1zgfsisou2,76.93059628543499,high,93.39,criticalHigh,PUMP_OFF
2026-05-13 20:41:06.626,cmmx6howt0000bi1zgfsisou2,76.93059628543499,high,93.16,criticalHigh,PUMP_OFF
2026-05-13 20:41:10.135,cmmx6howt0000bi1zgfsisou2,76.83284457478005,high,92.94,criticalHigh,PUMP_OFF
2026-05-13 20:41:17.272,cmmx6howt0000bi1zgfsisou2,76.53958944281524,high,78.72,high,PUMP_OFF
2026-05-13 20:41:20.782,cmmx6howt0000bi1zgfsisou2,76.44183773216031,high,78.91,high,PUMP_OFF
2026-05-13 20:41:24.291,cmmx6howt0000bi1zgfsisou2,76.1485826001955,high,82.53,high,PUMP_OFF
2026-05-13 20:41:27.800,cmmx6howt0000bi1zgfsisou2,77.2238514173998,high,88.59,high,PUMP_OFF
2026-05-13 20:41:31.310,cmmx6howt0000bi1zgfsisou2,77.32160312805473,high,86.88,high,PUMP_OFF
2026-05-13 20:41:34.819,cmmx6howt0000bi1zgfsisou2,77.12609970674487,high,96.56,criticalHigh,PUMP_OFF
2026-05-13 20:41:38.328,cmmx6howt0000bi1zgfsisou2,77.02834799608993,high,96.78,criticalHigh,PUMP_OFF
2026-05-13 20:41:41.837,cmmx6howt0000bi1zgfsisou2,74.48680351906158,high,90.88,criticalHigh,PUMP_OFF
2026-05-13 20:41:45.346,cmmx6howt0000bi1zgfsisou2,77.2238514173998,high,93.89,criticalHigh,PUMP_OFF
2026-05-13 20:41:48.856,cmmx6howt0000bi1zgfsisou2,77.32160312805473,high,90.99,criticalHigh,PUMP_OFF
2026-05-13 20:41:52.365,cmmx6howt0000bi1zgfsisou2,77.2238514173998,high,87.87,high,PUMP_OFF
2026-05-13 20:41:55.874,cmmx6howt0000bi1zgfsisou2,77.32160312805473,high,97.01,criticalHigh,PUMP_OFF
2026-05-13 20:41:59.384,cmmx6howt0000bi1zgfsisou2,77.32160312805473,high,87.87,high,PUMP_OFF
2026-05-13 20:42:02.893,cmmx6howt0000bi1zgfsisou2,76.83284457478005,high,90.99,criticalHigh,PUMP_OFF
2026-05-13 20:42:06.402,cmmx6howt0000bi1zgfsisou2,76.93059628543499,high,88.32,high,PUMP_OFF
2026-05-13 20:42:09.913,cmmx6howt0000bi1zgfsisou2,76.93059628543499,high,88.1,high,PUMP_OFF
2026-05-13 20:42:13.421,cmmx6howt0000bi1zgfsisou2,76.73509286412512,high,90.95,criticalHigh,PUMP_OFF
2026-05-13 20:42:16.931,cmmx6howt0000bi1zgfsisou2,76.73509286412512,high,85.2,high,PUMP_OFF
2026-05-13 20:42:20.440,cmmx6howt0000bi1zgfsisou2,76.83284457478005,high,85.43,high,PUMP_OFF
2026-05-13 20:42:23.949,cmmx6howt0000bi1zgfsisou2,76.83284457478005,high,88.1,high,PUMP_OFF
2026-05-13 20:42:27.459,cmmx6howt0000bi1zgfsisou2,76.83284457478005,high,88.32,high,PUMP_OFF
2026-05-13 20:42:30.968,cmmx6howt0000bi1zgfsisou2,76.93059628543499,high,88.1,high,PUMP_OFF
2026-05-13 20:42:34.479,cmmx6howt0000bi1zgfsisou2,76.93059628543499,high,88.32,high,PUMP_OFF
2026-05-13 20:42:37.988,cmmx6howt0000bi1zgfsisou2,76.93059628543499,high,85.2,high,PUMP_OFF
2026-05-13 20:42:41.496,cmmx6howt0000bi1zgfsisou2,76.73509286412512,high,96.06,criticalHigh,PUMP_OFF
2026-05-13 20:42:45.005,cmmx6howt0000bi1zgfsisou2,77.12609970674487,high,85.88,high,PUMP_OFF
2026-05-13 20:42:48.515,cmmx6howt0000bi1zgfsisou2,77.02834799608993,high,93.89,criticalHigh,PUMP_OFF
2026-05-13 20:42:52.025,cmmx6howt0000bi1zgfsisou2,77.02834799608993,high,82.38,high,PUMP_OFF
2026-05-13 20:42:55.534,cmmx6howt0000bi1zgfsisou2,77.02834799608993,high,88.78,high,PUMP_OFF
2026-05-13 20:42:59.043,cmmx6howt0000bi1zgfsisou2,77.02834799608993,high,95.34,criticalHigh,PUMP_OFF
2026-05-13 20:43:02.552,cmmx6howt0000bi1zgfsisou2,77.12609970674487,high,95.53,criticalHigh,PUMP_OFF
2026-05-13 20:43:06.061,cmmx6howt0000bi1zgfsisou2,77.12609970674487,high,88.06,high,PUMP_OFF
2026-05-13 20:43:09.571,cmmx6howt0000bi1zgfsisou2,77.02834799608993,high,93.85,criticalHigh,PUMP_OFF
2026-05-13 20:43:13.080,cmmx6howt0000bi1zgfsisou2,77.02834799608993,high,88.29,high,PUMP_OFF
2026-05-13 20:43:16.589,cmmx6howt0000bi1zgfsisou2,77.02834799608993,high,90.99,criticalHigh,PUMP_OFF
2026-05-13 20:43:20.098,cmmx6howt0000bi1zgfsisou2,77.12609970674487,high,91.14,criticalHigh,PUMP_OFF
2026-05-13 20:43:23.608,cmmx6howt0000bi1zgfsisou2,76.93059628543499,high,93.89,criticalHigh,PUMP_OFF
2026-05-13 20:43:27.118,cmmx6howt0000bi1zgfsisou2,77.12609970674487,high,96.75,criticalHigh,PUMP_OFF
2026-05-13 20:43:30.627,cmmx6howt0000bi1zgfsisou2,76.05083088954056,high,89.73,high,PUMP_OFF
2026-05-13 20:43:34.136,cmmx6howt0000bi1zgfsisou2,76.05083088954056,high,82.3,high,PUMP_OFF
2026-05-13 20:43:37.644,cmmx6howt0000bi1zgfsisou2,76.34408602150538,high,82.26,high,PUMP_OFF
2026-05-13 20:43:41.154,cmmx6howt0000bi1zgfsisou2,76.34408602150538,high,88.06,high,PUMP_OFF
2026-05-13 20:43:44.663,cmmx6howt0000bi1zgfsisou2,76.1485826001955,high,82.53,high,PUMP_OFF
2026-05-13 20:43:48.173,cmmx6howt0000bi1zgfsisou2,76.05083088954056,high,82.53,high,PUMP_OFF
2026-05-13 20:43:51.682,cmmx6howt0000bi1zgfsisou2,76.44183773216031,high,79.9,high,PUMP_OFF
2026-05-13 20:43:58.706,cmmx6howt0000bi1zgfsisou2,60.99706744868035,optimal,65.88,optimal,PUMP_ON_LOW
2026-05-13 20:44:02.216,cmmx6howt0000bi1zgfsisou2,54.05669599217986,optimal,78.91,high,PUMP_ON_LOW
2026-05-13 20:44:05.723,cmmx6howt0000bi1zgfsisou2,52.88367546432062,optimal,78.91,high,PUMP_ON_LOW
2026-05-13 20:44:09.232,cmmx6howt0000bi1zgfsisou2,52.88367546432062,optimal,78.68,high,PUMP_ON_LOW
2026-05-13 20:44:12.741,cmmx6howt0000bi1zgfsisou2,52.59042033235581,optimal,78.87,high,PUMP_ON_LOW
2026-05-13 20:44:16.249,cmmx6howt0000bi1zgfsisou2,52.39491691104594,optimal,78.91,high,PUMP_ON_LOW
2026-05-13 20:44:19.758,cmmx6howt0000bi1zgfsisou2,52.29716520039101,optimal,78.68,high,PUMP_ON_LOW
2026-05-13 20:44:23.267,cmmx6howt0000bi1zgfsisou2,51.90615835777126,optimal,65.72,optimal,PUMP_ON_LOW
2026-05-13 20:44:30.290,cmmx6howt0000bi1zgfsisou2,58.35777126099706,optimal,100.0,criticalHigh,PUMP_ON_LOW
2026-05-13 20:44:33.799,cmmx6howt0000bi1zgfsisou2,53.3724340175953,optimal,100.0,criticalHigh,PUMP_ON_LOW
2026-05-13 20:44:37.308,cmmx6howt0000bi1zgfsisou2,53.3724340175953,optimal,100.0,criticalHigh,PUMP_ON_LOW
2026-05-13 20:44:40.817,cmmx6howt0000bi1zgfsisou2,53.3724340175953,optimal,100.0,criticalHigh,PUMP_ON_LOW
2026-05-13 20:44:44.326,cmmx6howt0000bi1zgfsisou2,53.47018572825024,optimal,100.0,criticalHigh,PUMP_ON_LOW
2026-05-13 20:44:47.836,cmmx6howt0000bi1zgfsisou2,53.47018572825024,optimal,100.0,criticalHigh,PUMP_ON_LOW
2026-05-13 20:44:51.345,cmmx6howt0000bi1zgfsisou2,53.3724340175953,optimal,100.0,criticalHigh,PUMP_ON_LOW
2026-05-13 20:44:54.854,cmmx6howt0000bi1zgfsisou2,53.3724340175953,optimal,100.0,criticalHigh,PUMP_ON_LOW
2026-05-13 20:44:58.363,cmmx6howt0000bi1zgfsisou2,53.3724340175953,optimal,100.0,criticalHigh,PUMP_ON_LOW
2026-05-13 20:45:01.872,cmmx6howt0000bi1zgfsisou2,53.3724340175953,optimal,100.0,criticalHigh,PUMP_ON_LOW
2026-05-13 20:45:05.381,cmmx6howt0000bi1zgfsisou2,53.3724340175953,optimal,100.0,criticalHigh,PUMP_ON_LOW
2026-05-13 20:45:08.890,cmmx6howt0000bi1zgfsisou2,53.3724340175953,optimal,100.0,criticalHigh,PUMP_ON_LOW
2026-05-13 20:45:12.399,cmmx6howt0000bi1zgfsisou2,53.47018572825024,optimal,100.0,criticalHigh,PUMP_ON_LOW
2026-05-13 20:45:19.424,cmmx6howt0000bi1zgfsisou2,55.13196480938416,optimal,39.01,optimal,PUMP_ON_LOW
2026-05-13 20:45:22.933,cmmx6howt0000bi1zgfsisou2,50.83088954056696,optimal,39.31,optimal,PUMP_ON_LOW
2026-05-13 20:45:26.444,cmmx6howt0000bi1zgfsisou2,51.12414467253177,optimal,39.31,optimal,PUMP_ON_LOW
2026-05-13 20:45:29.953,cmmx6howt0000bi1zgfsisou2,54.64320625610948,optimal,39.08,optimal,PUMP_ON_LOW
2026-05-13 20:45:33.462,cmmx6howt0000bi1zgfsisou2,57.96676441837732,optimal,39.08,optimal,PUMP_ON_LOW
2026-05-13 20:45:36.972,cmmx6howt0000bi1zgfsisou2,58.16226783968719,optimal,52.35,optimal,PUMP_ON_LOW
2026-05-13 20:45:40.481,cmmx6howt0000bi1zgfsisou2,58.26001955034212,optimal,71.67,optimal,PUMP_ON_LOW
2026-05-13 20:45:43.990,cmmx6howt0000bi1zgfsisou2,47.21407624633432,optimal,45.6,optimal,PUMP_ON_LOW
2026-05-13 20:45:47.500,cmmx6howt0000bi1zgfsisou2,46.43206256109482,optimal,39.28,optimal,PUMP_ON_LOW
2026-05-13 20:45:51.063,cmmx6howt0000bi1zgfsisou2,44.96578690127077,optimal,31.58,optimal,PUMP_ON_LOW
2026-05-13 20:45:54.572,cmmx6howt0000bi1zgfsisou2,45.55229716520039,optimal,100.0,criticalHigh,PUMP_ON_LOW
2026-05-13 20:45:58.079,cmmx6howt0000bi1zgfsisou2,65.00488758553274,optimal,100.0,criticalHigh,PUMP_ON_LOW
2026-05-13 20:46:01.588,cmmx6howt0000bi1zgfsisou2,68.23069403714565,optimal,100.0,criticalHigh,PUMP_ON_LOW
2026-05-13 20:46:05.097,cmmx6howt0000bi1zgfsisou2,68.03519061583579,optimal,100.0,criticalHigh,PUMP_ON_LOW
2026-05-13 20:46:08.606,cmmx6howt0000bi1zgfsisou2,67.93743890518084,optimal,100.0,criticalHigh,PUMP_ON_LOW
2026-05-13 20:46:12.115,cmmx6howt0000bi1zgfsisou2,69.79472140762464,optimal,100.0,criticalHigh,PUMP_ON_LOW
2026-05-13 20:46:15.624,cmmx6howt0000bi1zgfsisou2,69.20821114369502,optimal,100.0,criticalHigh,PUMP_ON_LOW
2026-05-13 20:46:19.134,cmmx6howt0000bi1zgfsisou2,68.71945259042033,optimal,100.0,criticalHigh,PUMP_ON_LOW
2026-05-13 20:46:22.642,cmmx6howt0000bi1zgfsisou2,69.30596285434996,optimal,100.0,criticalHigh,PUMP_ON_LOW
2026-05-13 20:46:26.153,cmmx6howt0000bi1zgfsisou2,70.08797653958945,high,32.76,optimal,PUMP_OFF
2026-05-13 20:46:29.661,cmmx6howt0000bi1zgfsisou2,69.99022482893452,optimal,100.0,criticalHigh,PUMP_ON_LOW
2026-05-13 20:46:33.170,cmmx6howt0000bi1zgfsisou2,69.40371456500489,optimal,100.0,criticalHigh,PUMP_ON_LOW
2026-05-13 20:46:36.680,cmmx6howt0000bi1zgfsisou2,69.99022482893452,optimal,100.0,criticalHigh,PUMP_ON_LOW
2026-05-13 20:46:40.189,cmmx6howt0000bi1zgfsisou2,70.28347996089931,high,100.0,criticalHigh,PUMP_OFF
2026-05-13 20:46:43.698,cmmx6howt0000bi1zgfsisou2,70.18572825024438,high,100.0,criticalHigh,PUMP_OFF
2026-05-13 20:46:47.208,cmmx6howt0000bi1zgfsisou2,70.38123167155426,high,93.05,criticalHigh,PUMP_OFF
2026-05-13 20:46:50.716,cmmx6howt0000bi1zgfsisou2,70.38123167155426,high,79.29,high,PUMP_OFF
2026-05-13 20:46:54.224,cmmx6howt0000bi1zgfsisou2,70.4789833822092,high,89.01,high,PUMP_OFF
2026-05-13 20:46:57.734,cmmx6howt0000bi1zgfsisou2,70.4789833822092,high,82.3,high,PUMP_OFF
2026-05-13 20:47:01.242,cmmx6howt0000bi1zgfsisou2,70.4789833822092,high,82.49,high,PUMP_OFF
2026-05-13 20:47:04.750,cmmx6howt0000bi1zgfsisou2,70.38123167155426,high,82.53,high,PUMP_OFF
2026-05-13 20:47:08.259,cmmx6howt0000bi1zgfsisou2,70.67448680351906,high,53.11,optimal,PUMP_OFF
2026-05-13 20:47:11.823,cmmx6howt0000bi1zgfsisou2,74.29130009775172,high,53.49,optimal,PUMP_OFF
2026-05-13 20:47:15.332,cmmx6howt0000bi1zgfsisou2,74.19354838709677,high,100.0,criticalHigh,PUMP_OFF
2026-05-13 20:47:18.842,cmmx6howt0000bi1zgfsisou2,74.38905180840665,high,100.0,criticalHigh,PUMP_OFF
2026-05-13 20:47:22.352,cmmx6howt0000bi1zgfsisou2,74.58455522971651,high,100.0,criticalHigh,PUMP_OFF
2026-05-13 20:47:25.863,cmmx6howt0000bi1zgfsisou2,74.7800586510264,high,100.0,criticalHigh,PUMP_OFF
2026-05-13 20:47:29.373,cmmx6howt0000bi1zgfsisou2,74.7800586510264,high,100.0,criticalHigh,PUMP_OFF
2026-05-13 20:47:32.882,cmmx6howt0000bi1zgfsisou2,74.87781036168133,high,100.0,criticalHigh,PUMP_OFF
2026-05-13 20:47:36.393,cmmx6howt0000bi1zgfsisou2,74.97556207233626,high,94.84,criticalHigh,PUMP_OFF
2026-05-13 20:47:39.902,cmmx6howt0000bi1zgfsisou2,74.87781036168133,high,100.0,criticalHigh,PUMP_OFF
2026-05-13 20:47:43.412,cmmx6howt0000bi1zgfsisou2,74.97556207233626,high,97.43,criticalHigh,PUMP_OFF
2026-05-13 20:47:46.922,cmmx6howt0000bi1zgfsisou2,74.7800586510264,high,100.0,criticalHigh,PUMP_OFF
2026-05-13 20:47:50.431,cmmx6howt0000bi1zgfsisou2,74.7800586510264,high,100.0,criticalHigh,PUMP_OFF
2026-05-13 20:47:53.942,cmmx6howt0000bi1zgfsisou2,73.9980449657869,high,100.0,criticalHigh,PUMP_OFF
2026-05-13 20:47:57.452,cmmx6howt0000bi1zgfsisou2,74.48680351906158,high,100.0,criticalHigh,PUMP_OFF
2026-05-13 20:48:00.962,cmmx6howt0000bi1zgfsisou2,74.09579667644184,high,100.0,criticalHigh,PUMP_OFF
2026-05-13 20:48:04.473,cmmx6howt0000bi1zgfsisou2,72.82502443792767,high,100.0,criticalHigh,PUMP_OFF
2026-05-13 20:48:07.982,cmmx6howt0000bi1zgfsisou2,75.17106549364614,high,100.0,criticalHigh,PUMP_OFF
2026-05-13 20:48:11.492,cmmx6howt0000bi1zgfsisou2,74.29130009775172,high,100.0,criticalHigh,PUMP_OFF
2026-05-13 20:48:15.002,cmmx6howt0000bi1zgfsisou2,74.29130009775172,high,100.0,criticalHigh,PUMP_OFF
2026-05-13 20:48:18.512,cmmx6howt0000bi1zgfsisou2,74.19354838709677,high,100.0,criticalHigh,PUMP_OFF
2026-05-13 20:48:22.023,cmmx6howt0000bi1zgfsisou2,74.19354838709677,high,100.0,criticalHigh,PUMP_OFF
2026-05-13 20:48:25.533,cmmx6howt0000bi1zgfsisou2,74.29130009775172,high,100.0,criticalHigh,PUMP_OFF
2026-05-13 20:48:29.043,cmmx6howt0000bi1zgfsisou2,74.19354838709677,high,100.0,criticalHigh,PUMP_OFF
2026-05-13 20:48:32.553,cmmx6howt0000bi1zgfsisou2,74.19354838709677,high,100.0,criticalHigh,PUMP_OFF
2026-05-13 20:48:36.144,cmmx6howt0000bi1zgfsisou2,73.60703812316716,high,86.27,high,PUMP_OFF
2026-05-13 20:48:39.680,cmmx6howt0000bi1zgfsisou2,74.19354838709677,high,85.65,high,PUMP_OFF
2026-05-13 20:48:43.216,cmmx6howt0000bi1zgfsisou2,74.29130009775172,high,85.65,high,PUMP_OFF
2026-05-13 20:48:46.752,cmmx6howt0000bi1zgfsisou2,74.19354838709677,high,85.93,high,PUMP_OFF
2026-05-13 20:48:50.343,cmmx6howt0000bi1zgfsisou2,74.19354838709677,high,86.17,high,PUMP_OFF
2026-05-13 20:48:57.584,cmmx6howt0000bi1zgfsisou2,74.38905180840665,high,85.69,high,PUMP_OFF
2026-05-13 20:49:01.148,cmmx6howt0000bi1zgfsisou2,74.48680351906158,high,85.95,high,PUMP_OFF
2026-05-13 20:49:04.711,cmmx6howt0000bi1zgfsisou2,74.38905180840665,high,85.57,high,PUMP_OFF
2026-05-13 20:49:08.273,cmmx6howt0000bi1zgfsisou2,74.48680351906158,high,85.63,high,PUMP_OFF
2026-05-13 20:49:11.836,cmmx6howt0000bi1zgfsisou2,74.48680351906158,high,85.63,high,PUMP_OFF
2026-05-13 20:49:15.426,cmmx6howt0000bi1zgfsisou2,74.48680351906158,high,85.6,high,PUMP_OFF
2026-05-13 20:49:18.988,cmmx6howt0000bi1zgfsisou2,74.58455522971651,high,85.95,high,PUMP_OFF
2026-05-13 20:49:22.525,cmmx6howt0000bi1zgfsisou2,73.60703812316716,high,86.17,high,PUMP_OFF
2026-05-13 20:49:26.035,cmmx6howt0000bi1zgfsisou2,54.44770283479961,optimal,31.04,optimal,PUMP_ON_LOW
2026-05-13 20:50:30.791,cmmx6howt0000bi1zgfsisou2,75.75757575757575,high,90.99,criticalHigh,PUMP_OFF
2026-05-13 20:50:34.301,cmmx6howt0000bi1zgfsisou2,75.95307917888563,high,90.42,criticalHigh,PUMP_OFF
2026-05-13 20:50:37.811,cmmx6howt0000bi1zgfsisou2,75.95307917888563,high,84.93,high,PUMP_OFF
2026-05-13 20:50:41.320,cmmx6howt0000bi1zgfsisou2,75.95307917888563,high,89.47,high,PUMP_OFF
2026-05-13 20:50:44.830,cmmx6howt0000bi1zgfsisou2,76.05083088954056,high,92.86,criticalHigh,PUMP_OFF
2026-05-13 20:50:48.339,cmmx6howt0000bi1zgfsisou2,75.56207233626589,high,87.56,high,PUMP_OFF
2026-05-13 20:50:51.849,cmmx6howt0000bi1zgfsisou2,76.1485826001955,high,89.24,high,PUMP_OFF
2026-05-13 20:50:55.358,cmmx6howt0000bi1zgfsisou2,76.1485826001955,high,89.66,high,PUMP_OFF
2026-05-13 20:50:58.869,cmmx6howt0000bi1zgfsisou2,76.24633431085044,high,80.09,high,PUMP_OFF
2026-05-13 20:51:02.377,cmmx6howt0000bi1zgfsisou2,76.1485826001955,high,87.22,high,PUMP_OFF
2026-05-13 20:51:05.886,cmmx6howt0000bi1zgfsisou2,76.1485826001955,high,89.66,high,PUMP_OFF
2026-05-13 20:51:09.396,cmmx6howt0000bi1zgfsisou2,76.1485826001955,high,89.16,high,PUMP_OFF
2026-05-13 20:51:12.905,cmmx6howt0000bi1zgfsisou2,76.05083088954056,high,89.7,high,PUMP_OFF
2026-05-13 20:51:19.928,cmmx6howt0000bi1zgfsisou2,60.41055718475074,optimal,100.0,criticalHigh,PUMP_ON_LOW
2026-05-13 20:51:23.437,cmmx6howt0000bi1zgfsisou2,49.26686217008798,optimal,100.0,criticalHigh,PUMP_ON_LOW
2026-05-13 20:51:26.946,cmmx6howt0000bi1zgfsisou2,46.23655913978495,optimal,100.0,criticalHigh,PUMP_ON_LOW
2026-05-13 20:51:30.455,cmmx6howt0000bi1zgfsisou2,47.89833822091887,optimal,100.0,criticalHigh,PUMP_ON_LOW
2026-05-13 20:51:33.964,cmmx6howt0000bi1zgfsisou2,47.89833822091887,optimal,100.0,criticalHigh,PUMP_ON_LOW
2026-05-13 20:51:37.472,cmmx6howt0000bi1zgfsisou2,48.09384164222874,optimal,100.0,criticalHigh,PUMP_ON_LOW
2026-05-13 20:51:40.982,cmmx6howt0000bi1zgfsisou2,47.99608993157381,optimal,100.0,criticalHigh,PUMP_ON_LOW
2026-05-13 20:51:44.491,cmmx6howt0000bi1zgfsisou2,47.89833822091887,optimal,100.0,criticalHigh,PUMP_ON_LOW
2026-05-13 20:51:48.000,cmmx6howt0000bi1zgfsisou2,47.99608993157381,optimal,100.0,criticalHigh,PUMP_ON_LOW
2026-05-13 20:51:51.508,cmmx6howt0000bi1zgfsisou2,47.89833822091887,optimal,100.0,criticalHigh,PUMP_ON_LOW
2026-05-13 20:51:55.017,cmmx6howt0000bi1zgfsisou2,47.89833822091887,optimal,100.0,criticalHigh,PUMP_ON_LOW
2026-05-13 20:51:58.526,cmmx6howt0000bi1zgfsisou2,47.89833822091887,optimal,100.0,criticalHigh,PUMP_ON_LOW
2026-05-13 20:52:02.034,cmmx6howt0000bi1zgfsisou2,47.89833822091887,optimal,100.0,criticalHigh,PUMP_ON_LOW
2026-05-13 20:52:05.544,cmmx6howt0000bi1zgfsisou2,47.89833822091887,optimal,100.0,criticalHigh,PUMP_ON_LOW
2026-05-13 20:52:09.052,cmmx6howt0000bi1zgfsisou2,47.80058651026393,optimal,100.0,criticalHigh,PUMP_ON_LOW
2026-05-13 20:52:12.561,cmmx6howt0000bi1zgfsisou2,47.80058651026393,optimal,100.0,criticalHigh,PUMP_ON_LOW
2026-05-13 20:52:16.070,cmmx6howt0000bi1zgfsisou2,47.89833822091887,optimal,100.0,criticalHigh,PUMP_ON_LOW
2026-05-13 20:52:19.578,cmmx6howt0000bi1zgfsisou2,47.80058651026393,optimal,100.0,criticalHigh,PUMP_ON_LOW
2026-05-13 20:52:23.088,cmmx6howt0000bi1zgfsisou2,47.89833822091887,optimal,100.0,criticalHigh,PUMP_ON_LOW
2026-05-13 20:52:26.596,cmmx6howt0000bi1zgfsisou2,47.80058651026393,optimal,100.0,criticalHigh,PUMP_ON_LOW
2026-05-13 20:52:30.105,cmmx6howt0000bi1zgfsisou2,47.80058651026393,optimal,100.0,criticalHigh,PUMP_ON_LOW
2026-05-13 20:52:33.614,cmmx6howt0000bi1zgfsisou2,47.89833822091887,optimal,100.0,criticalHigh,PUMP_ON_LOW
2026-05-13 20:52:37.123,cmmx6howt0000bi1zgfsisou2,47.80058651026393,optimal,100.0,criticalHigh,PUMP_ON_LOW
2026-05-13 20:52:44.201,cmmx6howt0000bi1zgfsisou2,52.49266862170088,optimal,41.33,optimal,PUMP_ON_LOW
2026-05-13 20:52:47.710,cmmx6howt0000bi1zgfsisou2,45.94330400782014,optimal,62.94,optimal,PUMP_ON_LOW
2026-05-13 20:52:51.218,cmmx6howt0000bi1zgfsisou2,45.94330400782014,optimal,63.06,optimal,PUMP_ON_LOW
2026-05-13 20:52:54.727,cmmx6howt0000bi1zgfsisou2,64.32062561094818,optimal,73.77,optimal,PUMP_ON_LOW
2026-05-13 20:52:58.235,cmmx6howt0000bi1zgfsisou2,66.66666666666667,optimal,94.5,criticalHigh,PUMP_ON_LOW
2026-05-13 20:53:01.743,cmmx6howt0000bi1zgfsisou2,66.56891495601174,optimal,100.0,criticalHigh,PUMP_ON_LOW
2026-05-13 20:53:05.252,cmmx6howt0000bi1zgfsisou2,66.56891495601174,optimal,100.0,criticalHigh,PUMP_ON_LOW
2026-05-13 20:53:08.761,cmmx6howt0000bi1zgfsisou2,66.27565982404693,optimal,100.0,criticalHigh,PUMP_ON_LOW
2026-05-13 20:53:15.786,cmmx6howt0000bi1zgfsisou2,74.19354838709677,high,92.86,criticalHigh,PUMP_OFF
2026-05-13 20:53:19.295,cmmx6howt0000bi1zgfsisou2,74.09579667644184,high,60.81,optimal,PUMP_OFF
2026-05-13 20:53:22.806,cmmx6howt0000bi1zgfsisou2,73.9980449657869,high,27.61,optimal,PUMP_OFF
2026-05-13 20:53:26.321,cmmx6howt0000bi1zgfsisou2,73.70478983382209,high,8.6,criticalLow,PUMP_OFF
2026-05-13 20:53:29.834,cmmx6howt0000bi1zgfsisou2,73.9980449657869,high,8.82,criticalLow,PUMP_OFF
2026-05-13 20:53:33.348,cmmx6howt0000bi1zgfsisou2,74.29130009775172,high,8.56,criticalLow,PUMP_OFF
2026-05-13 20:53:36.858,cmmx6howt0000bi1zgfsisou2,74.29130009775172,high,27.61,optimal,PUMP_OFF
2026-05-13 20:53:40.368,cmmx6howt0000bi1zgfsisou2,74.29130009775172,high,27.57,optimal,PUMP_OFF
2026-05-13 20:53:43.880,cmmx6howt0000bi1zgfsisou2,74.38905180840665,high,27.57,optimal,PUMP_OFF
2026-05-13 20:53:47.391,cmmx6howt0000bi1zgfsisou2,74.38905180840665,high,27.61,optimal,PUMP_OFF
2026-05-13 20:53:50.902,cmmx6howt0000bi1zgfsisou2,74.38905180840665,high,27.42,optimal,PUMP_OFF
2026-05-13 20:53:54.413,cmmx6howt0000bi1zgfsisou2,74.38905180840665,high,27.35,optimal,PUMP_OFF
2026-05-13 20:53:57.923,cmmx6howt0000bi1zgfsisou2,74.48680351906158,high,27.35,optimal,PUMP_OFF
2026-05-13 20:54:01.434,cmmx6howt0000bi1zgfsisou2,74.38905180840665,high,27.61,optimal,PUMP_OFF
2026-05-13 20:54:04.945,cmmx6howt0000bi1zgfsisou2,74.48680351906158,high,27.61,optimal,PUMP_OFF
2026-05-13 20:54:08.456,cmmx6howt0000bi1zgfsisou2,73.90029325513197,high,27.57,optimal,PUMP_OFF
2026-05-13 20:54:11.967,cmmx6howt0000bi1zgfsisou2,74.48680351906158,high,27.69,optimal,PUMP_OFF
2026-05-13 20:54:15.478,cmmx6howt0000bi1zgfsisou2,74.58455522971651,high,27.61,optimal,PUMP_OFF
2026-05-13 20:54:18.989,cmmx6howt0000bi1zgfsisou2,74.58455522971651,high,27.65,optimal,PUMP_OFF
2026-05-13 20:54:22.500,cmmx6howt0000bi1zgfsisou2,74.48680351906158,high,27.65,optimal,PUMP_OFF
2026-05-13 20:54:26.011,cmmx6howt0000bi1zgfsisou2,74.58455522971651,high,27.65,optimal,PUMP_OFF
2026-05-13 20:54:29.522,cmmx6howt0000bi1zgfsisou2,74.48680351906158,high,27.42,optimal,PUMP_OFF
2026-05-13 20:54:33.034,cmmx6howt0000bi1zgfsisou2,74.58455522971651,high,27.31,optimal,PUMP_OFF
2026-05-13 20:54:36.544,cmmx6howt0000bi1zgfsisou2,74.58455522971651,high,27.61,optimal,PUMP_OFF
2026-05-13 20:54:40.055,cmmx6howt0000bi1zgfsisou2,74.48680351906158,high,27.61,optimal,PUMP_OFF
2026-05-13 20:54:43.567,cmmx6howt0000bi1zgfsisou2,74.38905180840665,high,27.65,optimal,PUMP_OFF
2026-05-13 20:54:47.078,cmmx6howt0000bi1zgfsisou2,73.90029325513197,high,27.54,optimal,PUMP_OFF
2026-05-13 20:54:50.589,cmmx6howt0000bi1zgfsisou2,74.48680351906158,high,27.65,optimal,PUMP_OFF
2026-05-13 20:54:54.100,cmmx6howt0000bi1zgfsisou2,74.58455522971651,high,27.61,optimal,PUMP_OFF
2026-05-13 20:54:57.610,cmmx6howt0000bi1zgfsisou2,74.48680351906158,high,27.57,optimal,PUMP_OFF
2026-05-13 20:55:01.122,cmmx6howt0000bi1zgfsisou2,74.58455522971651,high,27.35,optimal,PUMP_OFF
2026-05-13 20:55:04.633,cmmx6howt0000bi1zgfsisou2,74.58455522971651,high,27.58,optimal,PUMP_OFF
2026-05-13 20:55:08.144,cmmx6howt0000bi1zgfsisou2,74.58455522971651,high,27.61,optimal,PUMP_OFF
2026-05-13 20:55:11.655,cmmx6howt0000bi1zgfsisou2,74.58455522971651,high,27.58,optimal,PUMP_OFF
2026-05-13 20:55:15.166,cmmx6howt0000bi1zgfsisou2,74.58455522971651,high,27.58,optimal,PUMP_OFF
2026-05-13 20:55:18.676,cmmx6howt0000bi1zgfsisou2,74.58455522971651,high,27.27,optimal,PUMP_OFF
2026-05-13 20:55:22.188,cmmx6howt0000bi1zgfsisou2,74.48680351906158,high,27.57,optimal,PUMP_OFF
2026-05-13 20:55:25.699,cmmx6howt0000bi1zgfsisou2,74.19354838709677,high,27.65,optimal,PUMP_OFF
2026-05-13 20:55:29.210,cmmx6howt0000bi1zgfsisou2,74.48680351906158,high,27.61,optimal,PUMP_OFF
2026-05-13 20:55:32.721,cmmx6howt0000bi1zgfsisou2,74.58455522971651,high,27.27,optimal,PUMP_OFF
2026-05-13 20:55:36.232,cmmx6howt0000bi1zgfsisou2,74.58455522971651,high,27.61,optimal,PUMP_OFF
2026-05-13 20:55:39.743,cmmx6howt0000bi1zgfsisou2,74.48680351906158,high,27.58,optimal,PUMP_OFF
2026-05-13 20:55:43.254,cmmx6howt0000bi1zgfsisou2,74.58455522971651,high,27.31,optimal,PUMP_OFF
2026-05-13 20:55:46.765,cmmx6howt0000bi1zgfsisou2,74.58455522971651,high,27.58,optimal,PUMP_OFF
2026-05-13 20:55:50.276,cmmx6howt0000bi1zgfsisou2,74.58455522971651,high,27.57,optimal,PUMP_OFF
2026-05-13 20:55:53.787,cmmx6howt0000bi1zgfsisou2,74.48680351906158,high,27.61,optimal,PUMP_OFF
2026-05-13 20:55:57.299,cmmx6howt0000bi1zgfsisou2,74.58455522971651,high,27.61,optimal,PUMP_OFF
2026-05-13 20:56:00.810,cmmx6howt0000bi1zgfsisou2,74.58455522971651,high,27.38,optimal,PUMP_OFF
2026-05-13 20:56:04.321,cmmx6howt0000bi1zgfsisou2,74.58455522971651,high,27.65,optimal,PUMP_OFF
2026-05-13 20:56:07.831,cmmx6howt0000bi1zgfsisou2,73.90029325513197,high,27.65,optimal,PUMP_OFF
2026-05-13 20:56:11.342,cmmx6howt0000bi1zgfsisou2,74.58455522971651,high,27.35,optimal,PUMP_OFF
2026-05-13 20:56:42.974,cmmx6howt0000bi1zgfsisou2,73.02052785923753,high,31.46,optimal,PUMP_OFF
2026-05-13 20:56:46.485,cmmx6howt0000bi1zgfsisou2,73.50928641251222,high,23.5,low,PUMP_OFF
2026-05-13 20:56:49.996,cmmx6howt0000bi1zgfsisou2,73.70478983382209,high,31.46,optimal,PUMP_OFF
2026-05-13 20:57:00.535,cmmx6howt0000bi1zgfsisou2,73.70478983382209,high,31.2,optimal,PUMP_OFF
2026-05-13 20:57:04.051,cmmx6howt0000bi1zgfsisou2,73.50928641251222,high,0.94,criticalLow,PUMP_OFF
2026-05-13 20:57:07.560,cmmx6howt0000bi1zgfsisou2,73.60703812316716,high,16.22,low,PUMP_OFF
2026-05-13 20:57:11.078,cmmx6howt0000bi1zgfsisou2,73.21603128054741,high,1.24,criticalLow,PUMP_OFF
2026-05-13 20:57:14.588,cmmx6howt0000bi1zgfsisou2,73.11827956989248,high,16.14,low,PUMP_OFF
2026-05-13 20:57:32.162,cmmx6howt0000bi1zgfsisou2,73.11827956989248,high,1.09,criticalLow,PUMP_OFF
2026-05-13 20:57:42.701,cmmx6howt0000bi1zgfsisou2,73.21603128054741,high,31.16,optimal,PUMP_OFF
2026-05-13 20:57:46.212,cmmx6howt0000bi1zgfsisou2,73.11827956989248,high,27.65,optimal,PUMP_OFF
2026-05-13 20:57:49.723,cmmx6howt0000bi1zgfsisou2,73.11827956989248,high,31.46,optimal,PUMP_OFF
2026-05-13 20:57:53.234,cmmx6howt0000bi1zgfsisou2,73.02052785923753,high,16.45,low,PUMP_OFF
2026-05-13 20:57:56.746,cmmx6howt0000bi1zgfsisou2,73.11827956989248,high,31.27,optimal,PUMP_OFF
2026-05-13 20:58:00.256,cmmx6howt0000bi1zgfsisou2,73.02052785923753,high,31.16,optimal,PUMP_OFF
2026-05-13 20:58:03.768,cmmx6howt0000bi1zgfsisou2,73.41153470185728,high,31.46,optimal,PUMP_OFF
2026-05-13 20:58:07.279,cmmx6howt0000bi1zgfsisou2,73.41153470185728,high,20.18,low,PUMP_OFF
2026-05-13 20:58:10.791,cmmx6howt0000bi1zgfsisou2,73.41153470185728,high,19.91,low,PUMP_OFF
2026-05-13 20:58:14.302,cmmx6howt0000bi1zgfsisou2,73.41153470185728,high,31.35,optimal,PUMP_OFF
2026-05-13 20:58:17.813,cmmx6howt0000bi1zgfsisou2,73.41153470185728,high,27.61,optimal,PUMP_OFF
2026-05-13 20:58:21.325,cmmx6howt0000bi1zgfsisou2,73.31378299120234,high,31.16,optimal,PUMP_OFF
2026-05-13 20:58:24.837,cmmx6howt0000bi1zgfsisou2,73.31378299120234,high,31.12,optimal,PUMP_OFF
2026-05-13 20:58:28.347,cmmx6howt0000bi1zgfsisou2,73.31378299120234,high,23.57,low,PUMP_OFF
2026-05-13 20:58:45.917,cmmx6howt0000bi1zgfsisou2,73.21603128054741,high,19.69,low,PUMP_OFF
2026-05-13 20:58:56.461,cmmx6howt0000bi1zgfsisou2,73.21603128054741,high,19.99,low,PUMP_OFF
2026-05-13 20:59:03.566,cmmx6howt0000bi1zgfsisou2,73.21603128054741,high,30.81,optimal,PUMP_OFF
2026-05-13 20:59:10.810,cmmx6howt0000bi1zgfsisou2,73.31378299120234,high,11.76,low,PUMP_OFF
2026-05-13 20:59:17.949,cmmx6howt0000bi1zgfsisou2,73.41153470185728,high,12.56,low,PUMP_OFF
2026-05-13 20:59:21.461,cmmx6howt0000bi1zgfsisou2,73.31378299120234,high,31.27,optimal,PUMP_OFF
2026-05-13 20:59:24.973,cmmx6howt0000bi1zgfsisou2,72.62952101661779,high,16.22,low,PUMP_OFF
2026-05-13 20:59:32.217,cmmx6howt0000bi1zgfsisou2,73.31378299120234,high,31.96,optimal,PUMP_OFF
2026-05-13 20:59:35.807,cmmx6howt0000bi1zgfsisou2,73.50928641251222,high,22.33,low,PUMP_OFF
2026-05-13 20:59:42.945,cmmx6howt0000bi1zgfsisou2,73.80254154447702,high,12.37,low,PUMP_OFF
2026-05-13 20:59:57.418,cmmx6howt0000bi1zgfsisou2,73.80254154447702,high,12.24,low,PUMP_OFF
2026-05-13 21:00:08.210,cmmx6howt0000bi1zgfsisou2,73.90029325513197,high,31.24,optimal,PUMP_OFF
2026-05-13 21:00:18.975,cmmx6howt0000bi1zgfsisou2,73.31378299120234,high,31.23,optimal,PUMP_OFF
2026-05-13 21:00:22.539,cmmx6howt0000bi1zgfsisou2,73.80254154447702,high,31.07,optimal,PUMP_OFF
2026-05-13 21:00:26.155,cmmx6howt0000bi1zgfsisou2,73.80254154447702,high,31.96,optimal,PUMP_OFF
2026-05-13 21:00:29.693,cmmx6howt0000bi1zgfsisou2,73.80254154447702,high,12.19,low,PUMP_OFF
2026-05-13 21:00:33.310,cmmx6howt0000bi1zgfsisou2,73.80254154447702,high,12.71,low,PUMP_OFF
2026-05-13 21:00:44.077,cmmx6howt0000bi1zgfsisou2,73.80254154447702,high,12.41,low,PUMP_OFF
2026-05-13 21:00:47.589,cmmx6howt0000bi1zgfsisou2,73.80254154447702,high,12.25,low,PUMP_OFF
2026-05-13 21:01:09.342,cmmx6howt0000bi1zgfsisou2,73.80254154447702,high,31.96,optimal,PUMP_OFF
2026-05-13 21:01:12.958,cmmx6howt0000bi1zgfsisou2,73.90029325513197,high,31.96,optimal,PUMP_OFF
2026-05-13 21:01:23.783,cmmx6howt0000bi1zgfsisou2,73.70478983382209,high,31.96,optimal,PUMP_OFF
2026-05-13 21:01:27.319,cmmx6howt0000bi1zgfsisou2,73.11827956989248,high,17.0,low,PUMP_OFF
2026-05-13 21:01:34.459,cmmx6howt0000bi1zgfsisou2,73.70478983382209,high,15.87,low,PUMP_OFF
2026-05-13 21:01:37.971,cmmx6howt0000bi1zgfsisou2,73.70478983382209,high,16.22,low,PUMP_OFF
2026-05-13 21:01:41.485,cmmx6howt0000bi1zgfsisou2,73.70478983382209,high,12.37,low,PUMP_OFF
2026-05-13 21:01:44.997,cmmx6howt0000bi1zgfsisou2,73.70478983382209,high,12.37,low,PUMP_OFF
2026-05-13 21:01:52.024,cmmx6howt0000bi1zgfsisou2,73.60703812316716,high,12.29,low,PUMP_OFF
2026-05-13 21:01:55.537,cmmx6howt0000bi1zgfsisou2,72.9227761485826,high,12.33,low,PUMP_OFF
2026-05-13 21:01:59.049,cmmx6howt0000bi1zgfsisou2,73.41153470185728,high,12.33,low,PUMP_OFF
2026-05-13 21:02:00.085,cmmx6howt0000bi1zgfsisou2,73.41153470185728,high,12.37,low,PUMP_OFF
2026-05-13 21:02:10.824,cmmx6howt0000bi1zgfsisou2,73.41153470185728,high,17.0,low,PUMP_OFF
2026-05-13 21:02:14.337,cmmx6howt0000bi1zgfsisou2,73.50928641251222,high,12.33,low,PUMP_OFF
2026-05-13 21:02:28.772,cmmx6howt0000bi1zgfsisou2,72.9227761485826,high,12.46,low,PUMP_OFF
2026-05-13 21:02:32.310,cmmx6howt0000bi1zgfsisou2,73.50928641251222,high,12.52,low,PUMP_OFF
2026-05-13 21:02:35.848,cmmx6howt0000bi1zgfsisou2,73.41153470185728,high,12.28,low,PUMP_OFF
2026-05-13 21:02:39.361,cmmx6howt0000bi1zgfsisou2,73.41153470185728,high,12.29,low,PUMP_OFF
2026-05-13 21:02:42.899,cmmx6howt0000bi1zgfsisou2,73.41153470185728,high,12.24,low,PUMP_OFF
2026-05-13 21:02:46.412,cmmx6howt0000bi1zgfsisou2,73.41153470185728,high,12.37,low,PUMP_OFF
2026-05-13 21:02:49.978,cmmx6howt0000bi1zgfsisou2,73.41153470185728,high,12.08,low,PUMP_OFF
2026-05-13 21:02:57.042,cmmx6howt0000bi1zgfsisou2,73.41153470185728,high,12.47,low,PUMP_OFF
2026-05-13 21:03:00.555,cmmx6howt0000bi1zgfsisou2,73.50928641251222,high,12.64,low,PUMP_OFF
2026-05-13 21:03:04.067,cmmx6howt0000bi1zgfsisou2,73.50928641251222,high,12.06,low,PUMP_OFF
2026-05-13 21:03:35.965,cmmx6howt0000bi1zgfsisou2,73.41153470185728,high,12.18,low,PUMP_OFF
2026-05-13 21:03:46.563,cmmx6howt0000bi1zgfsisou2,73.50928641251222,high,12.14,low,PUMP_OFF
2026-05-13 21:03:53.596,cmmx6howt0000bi1zgfsisou2,73.41153470185728,high,12.56,low,PUMP_OFF
2026-05-13 21:03:57.108,cmmx6howt0000bi1zgfsisou2,73.41153470185728,high,12.03,low,PUMP_OFF
2026-05-13 21:04:00.620,cmmx6howt0000bi1zgfsisou2,73.50928641251222,high,12.56,low,PUMP_OFF
2026-05-13 21:04:04.132,cmmx6howt0000bi1zgfsisou2,73.50928641251222,high,15.87,low,PUMP_OFF
2026-05-13 21:04:07.645,cmmx6howt0000bi1zgfsisou2,73.50928641251222,high,12.37,low,PUMP_OFF
2026-05-13 21:04:11.156,cmmx6howt0000bi1zgfsisou2,73.50928641251222,high,12.37,low,PUMP_OFF
2026-05-13 21:04:43.478,cmmx6howt0000bi1zgfsisou2,73.31378299120234,high,16.18,low,PUMP_OFF
2026-05-13 21:04:46.991,cmmx6howt0000bi1zgfsisou2,73.41153470185728,high,20.14,low,PUMP_OFF
2026-05-13 21:04:57.705,cmmx6howt0000bi1zgfsisou2,73.41153470185728,high,23.54,low,PUMP_OFF
2026-05-13 21:05:01.217,cmmx6howt0000bi1zgfsisou2,73.41153470185728,high,12.33,low,PUMP_OFF
2026-05-13 21:05:43.931,cmmx6howt0000bi1zgfsisou2,73.41153470185728,high,12.6,low,PUMP_OFF
2026-05-13 21:05:47.445,cmmx6howt0000bi1zgfsisou2,73.41153470185728,high,12.41,low,PUMP_OFF
2026-05-13 21:05:58.009,cmmx6howt0000bi1zgfsisou2,73.50928641251222,high,12.33,low,PUMP_OFF
2026-05-13 21:06:22.714,cmmx6howt0000bi1zgfsisou2,73.50928641251222,high,31.35,optimal,PUMP_OFF
2026-05-13 21:06:26.225,cmmx6howt0000bi1zgfsisou2,73.50928641251222,high,31.2,optimal,PUMP_OFF
2026-05-13 21:06:29.735,cmmx6howt0000bi1zgfsisou2,73.50928641251222,high,31.23,optimal,PUMP_OFF
2026-05-13 21:06:33.246,cmmx6howt0000bi1zgfsisou2,73.50928641251222,high,24.03,low,PUMP_OFF
2026-05-13 21:06:36.758,cmmx6howt0000bi1zgfsisou2,73.50928641251222,high,31.2,optimal,PUMP_OFF
2026-05-13 21:06:43.784,cmmx6howt0000bi1zgfsisou2,73.50928641251222,high,31.2,optimal,PUMP_OFF
2026-05-13 21:07:01.466,cmmx6howt0000bi1zgfsisou2,73.50928641251222,high,31.39,optimal,PUMP_OFF
2026-05-13 21:07:26.280,cmmx6howt0000bi1zgfsisou2,73.41153470185728,high,27.61,optimal,PUMP_OFF
2026-05-13 21:07:36.882,cmmx6howt0000bi1zgfsisou2,73.41153470185728,high,31.39,optimal,PUMP_OFF
2026-05-13 21:07:40.393,cmmx6howt0000bi1zgfsisou2,73.41153470185728,high,31.2,optimal,PUMP_OFF
2026-05-13 21:07:43.905,cmmx6howt0000bi1zgfsisou2,73.41153470185728,high,27.61,optimal,PUMP_OFF
2026-05-13 21:07:47.442,cmmx6howt0000bi1zgfsisou2,73.31378299120234,high,31.39,optimal,PUMP_OFF
2026-05-13 21:07:50.952,cmmx6howt0000bi1zgfsisou2,73.41153470185728,high,31.23,optimal,PUMP_OFF
2026-05-13 21:07:54.463,cmmx6howt0000bi1zgfsisou2,73.41153470185728,high,31.46,optimal,PUMP_OFF
2026-05-13 21:07:57.975,cmmx6howt0000bi1zgfsisou2,73.50928641251222,high,31.46,optimal,PUMP_OFF
2026-05-13 21:08:01.538,cmmx6howt0000bi1zgfsisou2,73.41153470185728,high,31.58,optimal,PUMP_OFF
2026-05-13 21:08:05.050,cmmx6howt0000bi1zgfsisou2,72.9227761485826,high,31.46,optimal,PUMP_OFF
