id,nodeId,timestamp,soilMoisture,temperature,humidity,reservoirLevel,ph,nitrogen,phosphorus,potassium
cmov7d0ay00mnwjcivu25o8vu,cmmx6howt0000bi1zgfsisou2,2026-05-07 08:06:41.840,72.53176930596285,25.4,82.0,100.0,7.0,36.0,50.0,101.0
cmov7d30700mpwjcibvy4rvt3,cmmx6howt0000bi1zgfsisou2,2026-05-07 08:06:45.351,72.53176930596285,25.4,82.0,100.0,7.0,36.0,50.0,101.0
cmov7d5pu00mrwjcif4oxqyn5,cmmx6howt0000bi1zgfsisou2,2026-05-07 08:06:48.862,72.53176930596285,25.4,82.0,100.0,7.0,36.0,50.0,101.0
cmov7d8fb00mtwjcihqkx7p0x,cmmx6howt0000bi1zgfsisou2,2026-05-07 08:06:52.373,72.33626588465299,25.4,82.0,100.0,7.0,36.0,50.0,101.0
cmov7db5f00mvwjci1qalbr6t,cmmx6howt0000bi1zgfsisou2,2026-05-07 08:06:55.883,72.53176930596285,25.4,82.0,100.0,7.0,36.0,50.0,101.0
cmov7ddue00mxwjci8d1tdvgp,cmmx6howt0000bi1zgfsisou2,2026-05-07 08:06:59.394,72.53176930596285,25.5,82.0,100.0,7.0,36.0,50.0,101.0
cmov7dgjt00mzwjcil4kqbxu2,cmmx6howt0000bi1zgfsisou2,2026-05-07 08:07:02.905,72.43401759530792,25.4,82.0,100.0,7.0,36.0,50.0,101.0
cmov7dj9y00n1wjcit5knxtmh,cmmx6howt0000bi1zgfsisou2,2026-05-07 08:07:06.416,72.53176930596285,25.5,82.0,100.0,7.0,36.0,50.0,101.0
cmov7dlz200n3wjcivbyvgofh,cmmx6howt0000bi1zgfsisou2,2026-05-07 08:07:09.927,72.53176930596285,25.4,82.0,100.0,7.0,36.0,50.0,101.0
cmov7dool00n5wjciheqj5n0a,cmmx6howt0000bi1zgfsisou2,2026-05-07 08:07:13.438,72.53176930596285,25.4,82.0,100.0,7.0,36.0,50.0,101.0
cmov7dre100n7wjciacfaabko,cmmx6howt0000bi1zgfsisou2,2026-05-07 08:07:16.949,72.43401759530792,25.4,82.0,100.0,7.0,36.0,50.0,101.0
cmov7du3t00n9wjcixc6kx625,cmmx6howt0000bi1zgfsisou2,2026-05-07 08:07:20.460,72.43401759530792,25.4,82.0,100.0,7.0,36.0,50.0,101.0
cmov7dwt000nbwjcidyks993z,cmmx6howt0000bi1zgfsisou2,2026-05-07 08:07:23.971,72.53176930596285,25.4,82.0,100.0,7.0,36.0,50.0,101.0
cmov7dzj700ndwjciq1f1gngv,cmmx6howt0000bi1zgfsisou2,2026-05-07 08:07:27.482,72.53176930596285,25.5,82.0,100.0,7.0,36.0,50.0,101.0
cmov7e28900nfwjcijddt97lt,cmmx6howt0000bi1zgfsisou2,2026-05-07 08:07:30.989,72.33626588465299,25.5,82.0,99.41,7.0,36.0,50.0,101.0
cmov7e4xt00nhwjci9dnfqf94,cmmx6howt0000bi1zgfsisou2,2026-05-07 08:07:34.503,72.43401759530792,25.5,82.0,100.0,7.0,36.0,50.0,101.0
cmov7e7n800njwjcio4zmgecn,cmmx6howt0000bi1zgfsisou2,2026-05-07 08:07:38.014,72.53176930596285,25.4,82.0,100.0,7.0,36.0,50.0,101.0
cmov7eacr00nlwjci5pcugiol,cmmx6howt0000bi1zgfsisou2,2026-05-07 08:07:41.526,72.53176930596285,25.5,82.0,100.0,7.0,36.0,50.0,101.0
cmov7ed2500nnwjcij8r31gwe,cmmx6howt0000bi1zgfsisou2,2026-05-07 08:07:45.036,72.53176930596285,25.4,82.0,100.0,7.0,36.0,50.0,101.0
cmov7efs400npwjcivtc50edw,cmmx6howt0000bi1zgfsisou2,2026-05-07 08:07:48.547,72.53176930596285,25.4,82.0,100.0,7.0,36.0,50.0,101.0
cmov7eii600nrwjcis73mm6va,cmmx6howt0000bi1zgfsisou2,2026-05-07 08:07:52.058,72.53176930596285,25.4,82.0,100.0,7.0,36.0,50.0,101.0
cmov7el7s00ntwjcig8l1o9sm,cmmx6howt0000bi1zgfsisou2,2026-05-07 08:07:55.569,72.53176930596285,25.4,82.0,100.0,7.0,36.0,50.0,101.0
cmov7enx600nvwjciz4j3g9a4,cmmx6howt0000bi1zgfsisou2,2026-05-07 08:07:59.080,72.43401759530792,25.4,82.0,100.0,7.0,36.0,50.0,101.0
cmov7eqlu00nxwjcixr61pldz,cmmx6howt0000bi1zgfsisou2,2026-05-07 08:08:02.591,72.53176930596285,25.4,82.0,100.0,7.0,36.0,50.0,101.0
cmov7etbv00nzwjci9odzognh,cmmx6howt0000bi1zgfsisou2,2026-05-07 08:08:06.102,72.53176930596285,25.4,82.0,100.0,7.0,36.0,50.0,101.0
cmov7ew1100o1wjcifym7hkc0,cmmx6howt0000bi1zgfsisou2,2026-05-07 08:08:09.613,72.53176930596285,25.4,82.0,100.0,7.0,36.0,50.0,101.0
cmov7eyqt00o3wjciagwqssty,cmmx6howt0000bi1zgfsisou2,2026-05-07 08:08:13.124,72.33626588465299,25.4,82.0,100.0,7.0,36.0,50.0,101.0
cmov7f1fz00o5wjcirkxmg1ur,cmmx6howt0000bi1zgfsisou2,2026-05-07 08:08:16.634,72.53176930596285,25.4,82.0,100.0,7.0,36.0,50.0,101.0
cmov7f45h00o7wjciimenwrp4,cmmx6howt0000bi1zgfsisou2,2026-05-07 08:08:20.146,72.53176930596285,25.4,82.0,100.0,7.0,36.0,50.0,101.0
cmov7f6vs00o9wjci7dwzpfuj,cmmx6howt0000bi1zgfsisou2,2026-05-07 08:08:23.657,72.53176930596285,25.4,82.0,100.0,7.0,36.0,50.0,101.0
cmov7f9km00obwjci8xvyx8t7,cmmx6howt0000bi1zgfsisou2,2026-05-07 08:08:27.168,72.53176930596285,25.4,82.0,100.0,7.0,36.0,50.0,101.0
cmov7fca500odwjcip4hqu6ko,cmmx6howt0000bi1zgfsisou2,2026-05-07 08:08:30.678,72.43401759530792,25.4,82.0,100.0,7.0,36.0,50.0,101.0
cmov7ff2t00ofwjci02ca6azt,cmmx6howt0000bi1zgfsisou2,2026-05-07 08:08:34.190,72.53176930596285,25.4,82.0,100.0,7.0,36.0,50.0,101.0
cmov7fid400ohwjciwfg0o54w,cmmx6howt0000bi1zgfsisou2,2026-05-07 08:08:37.697,59.72629521016618,25.3,82.0,100.0,7.0,36.0,50.0,101.0
cmov7fki700ojwjciaaciadck,cmmx6howt0000bi1zgfsisou2,2026-05-07 08:08:41.207,50.43988269794721,25.3,82.0,87.56,7.0,36.0,50.0,101.0
cmov7fn4u00olwjciwkjv6611,cmmx6howt0000bi1zgfsisou2,2026-05-07 08:08:44.730,69.6969696969697,25.3,82.0,0.0,7.0,36.0,50.0,101.0
cmov7fpu200onwjciz3i54kqg,cmmx6howt0000bi1zgfsisou2,2026-05-07 08:08:48.245,73.02052785923753,25.4,82.0,3.37,7.0,36.0,50.0,101.0
cmov7fsjg00opwjcin3qhcyet,cmmx6howt0000bi1zgfsisou2,2026-05-07 08:08:51.752,58.84652981427174,25.3,83.0,100.0,7.0,36.0,50.0,101.0
cmov7g79h0001lift6b8i94m1,cmmx6howt0000bi1zgfsisou2,2026-05-07 08:08:55.262,53.17693059628543,25.3,82.0,75.06,7.0,36.0,50.0,101.0
cmov7g7eg0003liftsgkag652,cmmx6howt0000bi1zgfsisou2,2026-05-07 08:09:10.928,53.56793743890518,25.3,82.0,0.0,7.0,34.0,47.0,93.0
cmov7g7gt0005liftfvih06q6,cmmx6howt0000bi1zgfsisou2,2026-05-07 08:09:11.066,57.3802541544477,25.3,83.0,100.0,7.0,26.0,37.0,71.0
cmov7g89g0007lift71kt3mho,cmmx6howt0000bi1zgfsisou2,2026-05-07 08:09:11.322,56.98924731182795,25.3,82.0,45.22,7.0,13.0,15.0,31.0
cmov7g8by0009lifthyemwg7b,cmmx6howt0000bi1zgfsisou2,2026-05-07 08:09:12.198,58.16226783968719,25.3,82.0,85.35,7.0,9.0,14.0,29.0
cmov7g8sn000blift6xv9fkp5,cmmx6howt0000bi1zgfsisou2,2026-05-07 08:09:12.813,55.62072336265884,25.3,82.0,76.4,7.0,11.0,16.0,32.0
cmov7gbif000dlifttgoq5fuf,cmmx6howt0000bi1zgfsisou2,2026-05-07 08:09:16.323,58.94428152492668,25.3,82.0,76.7,7.0,8.0,10.0,21.0
cmov7gk1q000flifti5glbrqm,cmmx6howt0000bi1zgfsisou2,2026-05-07 08:09:19.828,53.17693059628543,25.3,82.0,70.87,7.0,1.0,0.0,1.0
cmov7gkod000hlifts0h9mfup,cmmx6howt0000bi1zgfsisou2,2026-05-07 08:09:27.934,52.39491691104594,25.3,82.0,75.71,7.0,0.0,1.0,9.0
cmov7gkqi000jliftmza96xru,cmmx6howt0000bi1zgfsisou2,2026-05-07 08:09:28.284,52.98142717497556,25.3,85.0,11.76,7.0,18.0,29.0,64.0
cmov7gmby000llift604fl8e4,cmmx6howt0000bi1zgfsisou2,2026-05-07 08:09:30.353,51.71065493646139,25.5,92.0,19.15,7.0,30.0,44.0,90.0
cmov7gp2n000nliftv3cgo3zv,cmmx6howt0000bi1zgfsisou2,2026-05-07 08:09:33.865,52.88367546432062,25.8,95.0,20.75,7.0,36.0,51.0,103.0
cmov7gruh000plift5njisu8h,cmmx6howt0000bi1zgfsisou2,2026-05-07 08:09:37.497,52.78592375366568,26.1,95.0,0.0,7.0,37.0,51.0,104.0
cmov7gunl000rliftcjahfqz3,cmmx6howt0000bi1zgfsisou2,2026-05-07 08:09:41.125,58.06451612903225,26.7,95.0,0.0,7.0,37.0,52.0,104.0
cmov7gxmm000tliftxoo1o4fr,cmmx6howt0000bi1zgfsisou2,2026-05-07 08:09:44.753,59.23753665689149,27.1,95.0,0.0,7.0,37.0,52.0,104.0
cmov7h07w000vlift9qdryqkp,cmmx6howt0000bi1zgfsisou2,2026-05-07 08:09:48.341,59.13978494623655,27.5,93.0,100.0,7.0,37.0,52.0,104.0
cmov7h2xi000xliftcmjs7c0q,cmmx6howt0000bi1zgfsisou2,2026-05-07 08:09:51.858,56.30498533724339,27.8,88.0,1.28,7.0,37.0,52.0,104.0
cmov7h5nb000zlift5txaw0dp,cmmx6howt0000bi1zgfsisou2,2026-05-07 08:09:55.392,60.3128054740958,28.1,86.0,100.0,7.0,37.0,52.0,104.0
cmov7h8gc0011lift2mbqk5y2,cmmx6howt0000bi1zgfsisou2,2026-05-07 08:09:59.024,56.50048875855327,28.2,85.0,0.0,7.0,37.0,52.0,104.0
cmov7hb7l0013liftgj405m0z,cmmx6howt0000bi1zgfsisou2,2026-05-07 08:10:02.583,60.21505376344086,28.4,88.0,100.0,7.0,37.0,52.0,104.0
cmov7hdyu0015lifts5qwh7sv,cmmx6howt0000bi1zgfsisou2,2026-05-07 08:10:06.181,56.50048875855327,28.7,90.0,0.0,7.0,37.0,52.0,104.0
cmov7hgp70017lift78w9537c,cmmx6howt0000bi1zgfsisou2,2026-05-07 08:10:09.715,60.11730205278592,29.0,93.0,87.93,7.0,37.0,52.0,104.0
cmov7hjhy0019liftmoennvuo,cmmx6howt0000bi1zgfsisou2,2026-05-07 08:10:13.346,56.30498533724339,29.3,94.0,0.0,7.0,37.0,52.0,104.0
cmov7hm9d001bliftnt2o2ntd,cmmx6howt0000bi1zgfsisou2,2026-05-07 08:10:16.907,60.11730205278592,29.6,94.0,51.97,7.0,37.0,52.0,104.0
cmov7hoyr001dliftgz6w58zm,cmmx6howt0000bi1zgfsisou2,2026-05-07 08:10:20.418,52.29716520039101,29.9,90.0,27.58,7.0,37.0,52.0,104.0
cmov7hroc001fliftb5osgajj,cmmx6howt0000bi1zgfsisou2,2026-05-07 08:10:23.929,56.20723362658846,30.2,84.0,34.28,7.0,37.0,52.0,104.0
cmov7hue0001hliftd8b4bfp8,cmmx6howt0000bi1zgfsisou2,2026-05-07 08:10:27.445,52.00391006842619,30.5,80.0,8.63,7.0,37.0,52.0,104.0
cmov7hx5p001jliftxtyglqhu,cmmx6howt0000bi1zgfsisou2,2026-05-07 08:10:30.956,60.01955034213099,30.7,77.0,26.81,7.0,37.0,52.0,105.0
cmov7hzvt001lliftk653fouc,cmmx6howt0000bi1zgfsisou2,2026-05-07 08:10:34.556,56.50048875855327,30.7,74.0,0.0,7.0,37.0,52.0,105.0
cmov7i2l7001nlifty9jjfk9d,cmmx6howt0000bi1zgfsisou2,2026-05-07 08:10:38.064,59.92179863147605,30.7,73.0,100.0,7.0,37.0,52.0,105.0
cmov7i5bb001pliftt9qei4at,cmmx6howt0000bi1zgfsisou2,2026-05-07 08:10:41.573,55.5229716520039,30.7,71.0,100.0,7.0,37.0,52.0,104.0
cmov7i7zv001rliftpuep7onh,cmmx6howt0000bi1zgfsisou2,2026-05-07 08:10:45.083,54.74095796676441,30.7,70.0,100.0,7.0,37.0,52.0,104.0
cmov7iapd001tliftihzqzgeh,cmmx6howt0000bi1zgfsisou2,2026-05-07 08:10:48.596,55.71847507331378,30.6,69.0,25.33,7.0,37.0,52.0,104.0
cmov7idgr001vliftmb4oiksl,cmmx6howt0000bi1zgfsisou2,2026-05-07 08:10:52.132,54.74095796676441,30.6,69.0,89.22,7.0,37.0,52.0,105.0
cmov7ig8u001xliftua0bnle3,cmmx6howt0000bi1zgfsisou2,2026-05-07 08:10:55.762,56.10948191593352,30.5,68.0,0.0,7.0,37.0,52.0,105.0
cmov7iiy6001zlift10ktqewi,cmmx6howt0000bi1zgfsisou2,2026-05-07 08:10:59.270,59.43304007820137,30.5,69.0,70.95,7.0,37.0,52.0,105.0
cmov7ilnn0021lift4sb1mrwp,cmmx6howt0000bi1zgfsisou2,2026-05-07 08:11:02.778,56.01173020527859,30.3,68.0,93.85,7.0,37.0,52.0,105.0
cmov7iocy0023liftuaxe4339,cmmx6howt0000bi1zgfsisou2,2026-05-07 08:11:06.287,56.20723362658846,30.2,68.0,100.0,7.0,37.0,52.0,105.0
cmov7ir2y0025liftsjkwhh79,cmmx6howt0000bi1zgfsisou2,2026-05-07 08:11:09.833,54.93646138807429,30.1,68.0,0.0,7.0,37.0,52.0,105.0
cmov7itu70027lift7f0frkgw,cmmx6howt0000bi1zgfsisou2,2026-05-07 08:11:13.393,56.59824046920821,30.0,69.0,100.0,7.0,37.0,52.0,105.0
cmov7iwmv0029lift9u2e2cye,cmmx6howt0000bi1zgfsisou2,2026-05-07 08:11:17.011,52.88367546432062,29.9,69.0,100.0,7.0,37.0,51.0,101.0
cmov7izd5002bliftkn2u4co7,cmmx6howt0000bi1zgfsisou2,2026-05-07 08:11:20.554,53.95894428152492,29.8,68.0,0.0,7.0,31.0,43.0,84.0
cmov7j23v002dliftm05c9smt,cmmx6howt0000bi1zgfsisou2,2026-05-07 08:11:24.116,57.96676441837732,29.7,69.0,100.0,7.0,19.0,23.0,47.0
cmov7j4vk002fliftmmcash7y,cmmx6howt0000bi1zgfsisou2,2026-05-07 08:11:27.677,50.04887585532747,29.7,69.0,76.42,7.0,0.0,0.0,0.0
cmov7j7kk002hlifted6b6v69,cmmx6howt0000bi1zgfsisou2,2026-05-07 08:11:31.195,75.26881720430107,29.5,69.0,0.0,7.0,0.0,0.0,2.0
cmov7ja9x002jliftjded7fwg,cmmx6howt0000bi1zgfsisou2,2026-05-07 08:11:34.705,79.17888563049853,29.5,70.0,34.24,7.0,4.0,6.0,15.0
cmov7jd0i002lliftxf1512oi,cmmx6howt0000bi1zgfsisou2,2026-05-07 08:11:38.249,56.69599217986314,29.3,70.0,0.0,7.0,6.0,9.0,18.0
cmov7jfs1002nliftgon561o7,cmmx6howt0000bi1zgfsisou2,2026-05-07 08:11:41.838,55.71847507331378,29.2,70.0,41.68,7.0,6.0,8.0,16.0
cmov7jijn002pliftitr9yy2a,cmmx6howt0000bi1zgfsisou2,2026-05-07 08:11:45.425,52.88367546432062,29.1,70.0,74.74,7.0,17.0,27.0,54.0
cmov7jlar002rlift4yl3oy82,cmmx6howt0000bi1zgfsisou2,2026-05-07 08:11:48.967,51.41739980449658,29.1,70.0,0.0,7.0,30.0,43.0,87.0
cmov7jo1h002tlift74cc58r8,cmmx6howt0000bi1zgfsisou2,2026-05-07 08:11:52.514,55.13196480938416,29.0,71.0,0.0,7.0,36.0,51.0,105.0
cmov7jqqo002vliftcw1gqtjb,cmmx6howt0000bi1zgfsisou2,2026-05-07 08:11:56.023,54.25219941348973,28.8,71.0,93.85,7.0,38.0,53.0,106.0
cmov7jtjn002xliftgs7eu6pl,cmmx6howt0000bi1zgfsisou2,2026-05-07 08:11:59.652,49.85337243401759,28.8,71.0,0.0,7.0,38.0,53.0,106.0
cmov7jw88002zliftpit8mg8d,cmmx6howt0000bi1zgfsisou2,2026-05-07 08:12:03.158,56.40273704789833,28.7,71.0,100.0,7.0,38.0,53.0,106.0
cmov7jyyb0031lift0ps4lo0z,cmmx6howt0000bi1zgfsisou2,2026-05-07 08:12:06.669,52.10166177908113,28.7,71.0,93.74,7.0,38.0,53.0,106.0
cmov7k1nn0033liftizey6yh2,cmmx6howt0000bi1zgfsisou2,2026-05-07 08:12:10.178,49.95112414467253,28.5,71.0,100.0,7.0,38.0,53.0,107.0
cmov7k4ef0035liftg0rrj5j4,cmmx6howt0000bi1zgfsisou2,2026-05-07 08:12:13.716,50.04887585532747,28.5,71.0,61.49,7.0,38.0,53.0,107.0
cmov7k7440037lifth3eh0kn4,cmmx6howt0000bi1zgfsisou2,2026-05-07 08:12:17.254,50.53763440860215,28.4,72.0,100.0,7.0,38.0,53.0,107.0
cmov7k9ti0039liftgbbvmraa,cmmx6howt0000bi1zgfsisou2,2026-05-07 08:12:20.762,51.12414467253177,28.3,72.0,99.68,7.0,38.0,53.0,107.0
cmov7kciq003bliftwn61see9,cmmx6howt0000bi1zgfsisou2,2026-05-07 08:12:24.270,51.51515151515152,28.2,72.0,100.0,7.0,38.0,53.0,107.0
cmov7kf8m003dliftwknsv7z0,cmmx6howt0000bi1zgfsisou2,2026-05-07 08:12:27.781,51.12414467253177,28.1,73.0,100.0,7.0,38.0,53.0,107.0
cmov7khyk003fliftycn5w0vf,cmmx6howt0000bi1zgfsisou2,2026-05-07 08:12:31.291,51.41739980449658,28.1,73.0,100.0,7.0,38.0,53.0,107.0
cmov7kkns003hliftisgz9tx2,cmmx6howt0000bi1zgfsisou2,2026-05-07 08:12:34.800,51.41739980449658,28.0,73.0,100.0,7.0,38.0,53.0,107.0
cmov7kncp003jlift5xddyse3,cmmx6howt0000bi1zgfsisou2,2026-05-07 08:12:38.310,51.90615835777126,27.9,73.0,100.0,7.0,38.0,53.0,107.0
cmov7kq3m003lliftlytjark4,cmmx6howt0000bi1zgfsisou2,2026-05-07 08:12:41.848,53.0791788856305,27.8,73.0,47.77,7.0,38.0,53.0,107.0
cmov7kssu003nliftgbe7mn3z,cmmx6howt0000bi1zgfsisou2,2026-05-07 08:12:45.358,51.02639296187683,27.7,73.0,71.21,7.0,38.0,53.0,107.0
cmov7kvih003plift33qovwj2,cmmx6howt0000bi1zgfsisou2,2026-05-07 08:12:48.868,51.12414467253177,27.7,75.0,75.18,7.0,38.0,54.0,108.0
cmov7ky7j003rliftoqxgawa9,cmmx6howt0000bi1zgfsisou2,2026-05-07 08:12:52.379,50.83088954056696,27.7,79.0,75.18,7.0,38.0,54.0,108.0
cmov7l0xk003tliftoqh0fv33,cmmx6howt0000bi1zgfsisou2,2026-05-07 08:12:55.888,51.61290322580645,27.8,82.0,64.7,7.0,38.0,54.0,108.0
cmov7l3oo003vlifti24kgymh,cmmx6howt0000bi1zgfsisou2,2026-05-07 08:12:59.451,51.61290322580645,28.1,86.0,100.0,7.0,38.0,54.0,108.0
cmov7l6eb003xlift1hc642pf,cmmx6howt0000bi1zgfsisou2,2026-05-07 08:13:02.987,51.80840664711632,28.4,88.0,90.93,7.0,38.0,54.0,108.0
cmov7l94j003zlift73o4m8q7,cmmx6howt0000bi1zgfsisou2,2026-05-07 08:13:06.497,52.39491691104594,28.8,83.0,100.0,7.0,38.0,54.0,108.0
cmov7lbtn0041liftp9ptafp6,cmmx6howt0000bi1zgfsisou2,2026-05-07 08:13:10.007,53.0791788856305,29.0,80.0,96.9,7.0,38.0,54.0,108.0
cmov7leiu0043liftunbbh9t1,cmmx6howt0000bi1zgfsisou2,2026-05-07 08:13:13.517,52.98142717497556,29.2,78.0,50.37,7.0,38.0,54.0,108.0
cmov7lh8x0045lift9nmh5hfk,cmmx6howt0000bi1zgfsisou2,2026-05-07 08:13:17.029,73.31378299120234,29.4,76.0,35.27,7.0,38.0,54.0,108.0
cmov7ljyo0047liftat2kmg51,cmmx6howt0000bi1zgfsisou2,2026-05-07 08:13:20.548,78.00586510263929,29.5,75.0,0.0,7.0,38.0,54.0,108.0
cmov7lmoc0049liftxcjffvpb,cmmx6howt0000bi1zgfsisou2,2026-05-07 08:13:24.063,77.51710654936461,29.5,73.0,0.0,7.0,37.0,51.0,103.0
cmov7lpdh004blifthpd23s0b,cmmx6howt0000bi1zgfsisou2,2026-05-07 08:13:27.571,77.61485826001955,29.6,73.0,100.0,7.0,32.0,44.0,88.0
cmov7ls30004dlift9bt35yjx,cmmx6howt0000bi1zgfsisou2,2026-05-07 08:13:31.082,77.61485826001955,29.6,72.0,86.76,7.0,21.0,27.0,46.0
cmov7lust004flift7ke8irte,cmmx6howt0000bi1zgfsisou2,2026-05-07 08:13:34.591,74.87781036168133,29.5,71.0,100.0,7.0,11.0,16.0,33.0
cmov7lxhq004hliftxhygpiyf,cmmx6howt0000bi1zgfsisou2,2026-05-07 08:13:38.101,77.61485826001955,29.5,71.0,79.79,7.0,11.0,16.0,32.0
cmov7m077004jliftgjdgr95q,cmmx6howt0000bi1zgfsisou2,2026-05-07 08:13:41.611,76.63734115347019,29.3,71.0,67.63,7.0,11.0,16.0,32.0
cmov7m2x6004lliftbrxz2clo,cmmx6howt0000bi1zgfsisou2,2026-05-07 08:13:45.122,75.95307917888563,29.3,71.0,67.02,7.0,9.0,13.0,25.0
cmov7m5mn004nlift6uzs2r52,cmmx6howt0000bi1zgfsisou2,2026-05-07 08:13:48.631,56.79374389051808,29.3,71.0,67.17,7.0,15.0,21.0,47.0
cmov7m8g8004pliftpzfjbn3l,cmmx6howt0000bi1zgfsisou2,2026-05-07 08:13:52.260,53.86119257086999,29.2,70.0,0.0,7.0,24.0,34.0,71.0
cmov7mb50004rlifto2tdkj1c,cmmx6howt0000bi1zgfsisou2,2026-05-07 08:13:55.767,57.28250244379276,29.1,71.0,100.0,7.0,31.0,44.0,89.0
cmov7mduh004tliftfg9iqgm4,cmmx6howt0000bi1zgfsisou2,2026-05-07 08:13:59.277,53.86119257086999,29.1,71.0,32.53,7.0,33.0,46.0,92.0
cmov7mgkf004vliftzsk0rlgv,cmmx6howt0000bi1zgfsisou2,2026-05-07 08:14:02.813,67.93743890518084,29.0,71.0,57.16,7.0,33.0,46.0,93.0
cmov7mjah004xlift3f68p7rw,cmmx6howt0000bi1zgfsisou2,2026-05-07 08:14:06.349,67.93743890518084,28.9,70.0,57.21,7.0,33.0,47.0,95.0
cmov7mm11004zliftgnernp5m,cmmx6howt0000bi1zgfsisou2,2026-05-07 08:14:09.858,67.93743890518084,28.8,70.0,57.07,7.0,34.0,48.0,96.0
cmov7mopt0051lift0x6ly6j2,cmmx6howt0000bi1zgfsisou2,2026-05-07 08:14:13.368,67.83968719452591,28.7,71.0,57.03,7.0,34.0,48.0,97.0
cmov7mrf50053liftasjnpp0f,cmmx6howt0000bi1zgfsisou2,2026-05-07 08:14:16.876,67.93743890518084,28.7,71.0,64.35,7.0,34.0,48.0,97.0
cmov7mu530055liftzvkodzwk,cmmx6howt0000bi1zgfsisou2,2026-05-07 08:14:20.386,68.03519061583579,28.5,71.0,31.12,7.0,34.0,48.0,97.0
cmov7mwv70057liftvvst15jr,cmmx6howt0000bi1zgfsisou2,2026-05-07 08:14:23.921,68.03519061583579,28.5,71.0,68.59,7.0,34.0,48.0,97.0
cmov7mzki0059liftyfxigdqq,cmmx6howt0000bi1zgfsisou2,2026-05-07 08:14:27.431,68.03519061583579,28.4,71.0,51.58,7.0,34.0,48.0,97.0
cmov7n2a0005bliftm3rdh156,cmmx6howt0000bi1zgfsisou2,2026-05-07 08:14:30.940,68.03519061583579,28.4,72.0,57.03,7.0,34.0,48.0,97.0
cmov7n4zh005dlifto870k7vv,cmmx6howt0000bi1zgfsisou2,2026-05-07 08:14:34.450,67.93743890518084,28.4,72.0,33.79,7.0,34.0,48.0,97.0
cmov7n7ow005fliftpbexq1lr,cmmx6howt0000bi1zgfsisou2,2026-05-07 08:14:37.959,68.03519061583579,28.2,72.0,31.08,7.0,34.0,48.0,97.0
cmov7nae5005hlift2hlalx03,cmmx6howt0000bi1zgfsisou2,2026-05-07 08:14:41.468,68.03519061583579,28.2,73.0,56.81,7.0,34.0,48.0,97.0
cmov7nd3y005jlift776h1mpi,cmmx6howt0000bi1zgfsisou2,2026-05-07 08:14:44.977,67.83968719452591,28.1,73.0,79.48,7.0,34.0,48.0,97.0
cmov7nftl005llift04n6r7ud,cmmx6howt0000bi1zgfsisou2,2026-05-07 08:14:48.487,67.93743890518084,28.1,73.0,51.24,7.0,34.0,48.0,97.0
cmov7niit005nlifti2rwhe7c,cmmx6howt0000bi1zgfsisou2,2026-05-07 08:14:51.996,67.93743890518084,28.0,73.0,51.32,7.0,34.0,48.0,97.0
cmov7nl8d005pliftb9stojk7,cmmx6howt0000bi1zgfsisou2,2026-05-07 08:14:55.506,67.83968719452591,28.0,74.0,57.34,7.0,34.0,48.0,97.0
cmov7nny1005rliftfboxw593,cmmx6howt0000bi1zgfsisou2,2026-05-07 08:14:59.016,67.93743890518084,27.9,73.0,56.92,7.0,34.0,48.0,97.0
cmov7nqn9005tlifto00fn2dp,cmmx6howt0000bi1zgfsisou2,2026-05-07 08:15:02.524,67.5464320625611,27.8,74.0,51.09,7.0,34.0,48.0,97.0
cmov7ntcq005vlift13yysp56,cmmx6howt0000bi1zgfsisou2,2026-05-07 08:15:06.034,67.5464320625611,27.8,74.0,51.58,7.0,34.0,48.0,97.0
cmov7nw1y005xliftnxdpmtf8,cmmx6howt0000bi1zgfsisou2,2026-05-07 08:15:09.542,67.5464320625611,27.8,74.0,47.51,7.0,34.0,48.0,97.0
cmov7nyr2005zliftwyyc1r8d,cmmx6howt0000bi1zgfsisou2,2026-05-07 08:15:13.052,67.64418377321604,27.8,74.0,51.28,7.0,34.0,48.0,97.0
cmov7o1gj0061liftjgo832gz,cmmx6howt0000bi1zgfsisou2,2026-05-07 08:15:16.561,67.5464320625611,27.7,74.0,51.58,7.0,34.0,48.0,97.0
cmov7o4610063liftnpswuaq3,cmmx6howt0000bi1zgfsisou2,2026-05-07 08:15:20.071,67.5464320625611,27.7,74.0,51.36,7.0,34.0,48.0,97.0
cmov7o6w00065liftva5rqcwb,cmmx6howt0000bi1zgfsisou2,2026-05-07 08:15:23.580,67.5464320625611,27.6,74.0,51.58,7.0,34.0,48.0,97.0
cmov7o9lp0067liftxpguowio,cmmx6howt0000bi1zgfsisou2,2026-05-07 08:15:27.091,66.95992179863148,27.6,74.0,54.18,7.0,34.0,48.0,97.0
cmov7ocbi0069liftwrg2797i,cmmx6howt0000bi1zgfsisou2,2026-05-07 08:15:30.599,67.2531769305963,27.5,75.0,82.53,7.0,34.0,48.0,97.0
cmov7of0o006blifteu389fzc,cmmx6howt0000bi1zgfsisou2,2026-05-07 08:15:34.108,67.15542521994135,27.5,75.0,100.0,7.0,34.0,48.0,97.0
cmov7ohqc006dliftozol5790,cmmx6howt0000bi1zgfsisou2,2026-05-07 08:15:37.616,67.2531769305963,27.5,75.0,100.0,7.0,34.0,48.0,97.0
cmov7okf9006fliftc7faaxl9,cmmx6howt0000bi1zgfsisou2,2026-05-07 08:15:41.125,67.35092864125123,27.4,75.0,100.0,7.0,34.0,48.0,97.0
cmov7on5d006hlift1dq3vfa7,cmmx6howt0000bi1zgfsisou2,2026-05-07 08:15:44.635,67.35092864125123,27.4,75.0,100.0,7.0,34.0,48.0,97.0
cmov7opu8006jliftoxlcz4wo,cmmx6howt0000bi1zgfsisou2,2026-05-07 08:15:48.144,67.35092864125123,27.4,75.0,100.0,7.0,34.0,48.0,97.0
cmov7osk8006lliftpfklryj2,cmmx6howt0000bi1zgfsisou2,2026-05-07 08:15:51.652,67.2531769305963,27.3,76.0,100.0,7.0,34.0,48.0,97.0
cmov7ov9t006nlift4244a9jb,cmmx6howt0000bi1zgfsisou2,2026-05-07 08:15:55.161,67.35092864125123,27.3,76.0,100.0,7.0,34.0,48.0,97.0
cmov7oxyi006pliftv5gth0os,cmmx6howt0000bi1zgfsisou2,2026-05-07 08:15:58.671,67.2531769305963,27.3,76.0,100.0,7.0,34.0,48.0,97.0
cmov7p0oa006rlift61ywdvth,cmmx6howt0000bi1zgfsisou2,2026-05-07 08:16:02.180,67.35092864125123,27.2,76.0,100.0,7.0,34.0,48.0,97.0
cmov7p3dh006tliftno76nr94,cmmx6howt0000bi1zgfsisou2,2026-05-07 08:16:05.689,67.2531769305963,27.2,76.0,100.0,7.0,34.0,48.0,97.0
cmov7p62x006vlift25h9c6gi,cmmx6howt0000bi1zgfsisou2,2026-05-07 08:16:09.198,67.2531769305963,27.2,76.0,100.0,7.0,34.0,48.0,97.0
cmov7p8si006xliftbvrbprbi,cmmx6howt0000bi1zgfsisou2,2026-05-07 08:16:12.707,67.2531769305963,27.2,76.0,100.0,7.0,34.0,48.0,97.0
cmov7pbi0006zliftzyqx6ze8,cmmx6howt0000bi1zgfsisou2,2026-05-07 08:16:16.216,67.2531769305963,27.1,76.0,100.0,7.0,34.0,48.0,97.0
cmov7pe880071liftvis6jddw,cmmx6howt0000bi1zgfsisou2,2026-05-07 08:16:19.725,67.15542521994135,27.1,76.0,100.0,7.0,34.0,48.0,97.0
cmov7pgws0073lift8057dns7,cmmx6howt0000bi1zgfsisou2,2026-05-07 08:16:23.234,67.2531769305963,27.1,76.0,100.0,7.0,34.0,48.0,97.0
cmov7pjmp0075lifto4i2nep9,cmmx6howt0000bi1zgfsisou2,2026-05-07 08:16:26.743,67.2531769305963,27.0,76.0,100.0,7.0,34.0,48.0,97.0
cmov7pmcp0077lift0c9q1taf,cmmx6howt0000bi1zgfsisou2,2026-05-07 08:16:30.252,67.35092864125123,27.0,76.0,100.0,7.0,34.0,48.0,97.0
cmov7pp1e0079lift0vwl1l1v,cmmx6howt0000bi1zgfsisou2,2026-05-07 08:16:33.761,67.35092864125123,27.0,76.0,100.0,7.0,34.0,48.0,97.0
cmov7prqs007bliftmkz87kkv,cmmx6howt0000bi1zgfsisou2,2026-05-07 08:16:37.270,67.2531769305963,27.0,77.0,94.54,7.0,34.0,48.0,97.0
cmov7pugp007dliftadmaojwm,cmmx6howt0000bi1zgfsisou2,2026-05-07 08:16:40.778,67.64418377321604,26.9,77.0,100.0,7.0,34.0,48.0,97.0
cmov7px5r007flift9rm1kbtt,cmmx6howt0000bi1zgfsisou2,2026-05-07 08:16:44.287,67.15542521994135,26.8,77.0,100.0,7.0,34.0,48.0,97.0
cmov7pzvl007hliftl7sf6b3r,cmmx6howt0000bi1zgfsisou2,2026-05-07 08:16:47.796,67.35092864125123,26.8,77.0,100.0,7.0,34.0,48.0,97.0
cmov7q2kq007jliftiqfdgakb,cmmx6howt0000bi1zgfsisou2,2026-05-07 08:16:51.305,67.35092864125123,26.8,78.0,100.0,7.0,34.0,48.0,97.0
cmov7q5an007lliftps7rr4sp,cmmx6howt0000bi1zgfsisou2,2026-05-07 08:16:54.815,67.35092864125123,26.8,78.0,100.0,7.0,34.0,48.0,97.0
cmov7q7zk007nliftmojf1ara,cmmx6howt0000bi1zgfsisou2,2026-05-07 08:16:58.323,67.35092864125123,26.8,78.0,100.0,7.0,34.0,48.0,97.0
cmov7qaoy007plift47t64i0o,cmmx6howt0000bi1zgfsisou2,2026-05-07 08:17:01.833,67.35092864125123,26.8,78.0,82.65,7.0,34.0,48.0,97.0
cmov7qdf1007rlift9dw8gb62,cmmx6howt0000bi1zgfsisou2,2026-05-07 08:17:05.340,67.35092864125123,26.8,78.0,100.0,7.0,34.0,48.0,97.0
cmov7qg4b007tliftda28027n,cmmx6howt0000bi1zgfsisou2,2026-05-07 08:17:08.849,67.35092864125123,26.7,78.0,100.0,7.0,34.0,48.0,97.0
cmov7qiu4007vliftwhoce0bz,cmmx6howt0000bi1zgfsisou2,2026-05-07 08:17:12.360,67.35092864125123,26.7,78.0,98.19,7.0,34.0,48.0,97.0
cmov7qlj4007xlift152a0l3s,cmmx6howt0000bi1zgfsisou2,2026-05-07 08:17:15.868,67.35092864125123,26.7,78.0,94.46,7.0,34.0,48.0,97.0
cmov7qo85007zlift4z0okxhu,cmmx6howt0000bi1zgfsisou2,2026-05-07 08:17:19.376,67.44868035190616,26.7,79.0,100.0,7.0,34.0,48.0,97.0
cmov7qqxy0081liftpfcwafd8,cmmx6howt0000bi1zgfsisou2,2026-05-07 08:17:22.886,67.35092864125123,26.7,79.0,82.61,7.0,34.0,48.0,97.0
cmov7qtn90083liftf9ri18r0,cmmx6howt0000bi1zgfsisou2,2026-05-07 08:17:26.394,67.44868035190616,26.7,79.0,85.12,7.0,34.0,48.0,97.0
cmov7qwcw0085liftqc41qds5,cmmx6howt0000bi1zgfsisou2,2026-05-07 08:17:29.902,67.35092864125123,26.7,79.0,100.0,7.0,34.0,48.0,97.0
cmov7qz2s0087lift87jaf9ap,cmmx6howt0000bi1zgfsisou2,2026-05-07 08:17:33.411,67.35092864125123,26.6,79.0,100.0,7.0,34.0,48.0,97.0
cmov7r1rt0089liftz9l2vcte,cmmx6howt0000bi1zgfsisou2,2026-05-07 08:17:36.921,67.44868035190616,26.6,79.0,100.0,7.0,34.0,48.0,97.0
cmov7r4hh008bliftvdef0foo,cmmx6howt0000bi1zgfsisou2,2026-05-07 08:17:40.430,67.35092864125123,26.6,79.0,100.0,7.0,34.0,48.0,97.0
cmov7r76h008dliftlnrtck5a,cmmx6howt0000bi1zgfsisou2,2026-05-07 08:17:43.939,67.44868035190616,26.5,78.0,100.0,7.0,34.0,48.0,97.0
cmov7r9wa008fliftl08gnd0g,cmmx6howt0000bi1zgfsisou2,2026-05-07 08:17:47.449,67.35092864125123,26.5,78.0,82.49,7.0,34.0,48.0,97.0
cmov7rclm008hliftvtdgr6xc,cmmx6howt0000bi1zgfsisou2,2026-05-07 08:17:50.957,67.35092864125123,26.5,78.0,98.16,7.0,34.0,48.0,97.0
cmov7rfc8008jlift8hsuj5tn,cmmx6howt0000bi1zgfsisou2,2026-05-07 08:17:54.466,67.44868035190616,26.5,78.0,85.39,7.0,34.0,48.0,97.0
cmov7ri0j008llift067lwhta,cmmx6howt0000bi1zgfsisou2,2026-05-07 08:17:57.974,67.35092864125123,26.5,79.0,100.0,7.0,34.0,48.0,97.0
cmov7rkpz008nlift7dwse8xf,cmmx6howt0000bi1zgfsisou2,2026-05-07 08:18:01.484,67.44868035190616,26.4,79.0,100.0,7.0,34.0,48.0,97.0
cmov7rnfm008pliftnybaczzv,cmmx6howt0000bi1zgfsisou2,2026-05-07 08:18:04.993,67.44868035190616,26.4,79.0,100.0,7.0,34.0,48.0,97.0
cmov7rq51008rlift76qicbc1,cmmx6howt0000bi1zgfsisou2,2026-05-07 08:18:08.501,67.35092864125123,26.4,80.0,100.0,7.0,34.0,48.0,97.0
cmov7rsup008tlift1x5tkmxs,cmmx6howt0000bi1zgfsisou2,2026-05-07 08:18:12.010,67.44868035190616,26.4,80.0,100.0,7.0,34.0,48.0,97.0
cmov7rvju008vliftmr6x6hl6,cmmx6howt0000bi1zgfsisou2,2026-05-07 08:18:15.519,67.44868035190616,26.4,80.0,94.31,7.0,34.0,48.0,97.0
cmov7ry9v008xliftwh6u7wg6,cmmx6howt0000bi1zgfsisou2,2026-05-07 08:18:19.028,67.35092864125123,26.4,80.0,61.19,7.0,34.0,48.0,97.0
cmov7s0yp008zliftddbzv0ch,cmmx6howt0000bi1zgfsisou2,2026-05-07 08:18:22.537,67.44868035190616,26.4,80.0,100.0,7.0,34.0,48.0,97.0
cmov7s3oz0091liftp8mmuk1g,cmmx6howt0000bi1zgfsisou2,2026-05-07 08:18:26.046,67.44868035190616,26.4,80.0,94.54,7.0,34.0,48.0,97.0
cmov7s6e60093lifte44s8myj,cmmx6howt0000bi1zgfsisou2,2026-05-07 08:18:29.554,67.35092864125123,26.4,80.0,100.0,7.0,34.0,48.0,97.0
cmov7s93a0095liftl62qi5rd,cmmx6howt0000bi1zgfsisou2,2026-05-07 08:18:33.063,67.35092864125123,26.3,80.0,100.0,7.0,34.0,48.0,97.0
cmov7sbt60097liftr1hhsv49,cmmx6howt0000bi1zgfsisou2,2026-05-07 08:18:36.572,67.74193548387098,26.3,80.0,100.0,7.0,34.0,48.0,97.0
cmov7sei40099liftsyew3td0,cmmx6howt0000bi1zgfsisou2,2026-05-07 08:18:40.081,67.74193548387098,26.4,84.0,100.0,7.0,34.0,48.0,97.0
cmov7sh7i009blifta7nwxea4,cmmx6howt0000bi1zgfsisou2,2026-05-07 08:18:43.590,67.74193548387098,26.5,91.0,100.0,7.0,34.0,48.0,97.0
cmov7sjxs009dliftlt9kug47,cmmx6howt0000bi1zgfsisou2,2026-05-07 08:18:47.098,67.74193548387098,26.8,95.0,100.0,7.0,34.0,48.0,97.0
cmov7smmm009flifttpdu3wm5,cmmx6howt0000bi1zgfsisou2,2026-05-07 08:18:50.608,67.74193548387098,27.1,95.0,100.0,7.0,34.0,48.0,97.0
cmov7spcu009hliftvnsi4cqg,cmmx6howt0000bi1zgfsisou2,2026-05-07 08:18:54.118,67.44868035190616,27.5,95.0,100.0,7.0,34.0,48.0,97.0
cmov7ss1q009jliftfa6uelj0,cmmx6howt0000bi1zgfsisou2,2026-05-07 08:18:57.627,67.5464320625611,27.8,95.0,100.0,7.0,34.0,48.0,97.0
cmov7sure009llift9lcg73cm,cmmx6howt0000bi1zgfsisou2,2026-05-07 08:19:01.136,53.76344086021505,28.1,91.0,100.0,7.0,34.0,48.0,97.0
cmov7sxgn009nlift41k0wlls,cmmx6howt0000bi1zgfsisou2,2026-05-07 08:19:04.645,54.15444770283479,28.4,87.0,100.0,7.0,34.0,48.0,97.0
cmov7t06t009pliftx2rqbtov,cmmx6howt0000bi1zgfsisou2,2026-05-07 08:19:08.154,53.86119257086999,28.5,83.0,100.0,7.0,34.0,48.0,97.0
cmov7t2w1009rliftqnmczseu,cmmx6howt0000bi1zgfsisou2,2026-05-07 08:19:11.663,52.88367546432062,28.7,80.0,100.0,7.0,34.0,48.0,97.0
cmov7t5l0009tliftk4a55pnt,cmmx6howt0000bi1zgfsisou2,2026-05-07 08:19:15.173,52.78592375366568,28.7,78.0,100.0,7.0,34.0,48.0,97.0
cmov7t8aq009vlift6k6swac0,cmmx6howt0000bi1zgfsisou2,2026-05-07 08:19:18.680,68.32844574780059,28.8,77.0,100.0,7.0,34.0,48.0,97.0
cmov7tazm009xlifto3lsy7o7,cmmx6howt0000bi1zgfsisou2,2026-05-07 08:19:22.190,68.32844574780059,28.8,75.0,100.0,7.0,34.0,48.0,98.0
cmov7tdpa009zliftas10ni2r,cmmx6howt0000bi1zgfsisou2,2026-05-07 08:19:25.699,68.23069403714565,28.7,75.0,100.0,7.0,34.0,49.0,98.0
cmov7tgkn00a1liftxx85yesv,cmmx6howt0000bi1zgfsisou2,2026-05-07 08:19:29.208,68.32844574780059,28.8,74.0,100.0,7.0,35.0,49.0,98.0
cmov7tj4e00a3lift3hh1dpk3,cmmx6howt0000bi1zgfsisou2,2026-05-07 08:19:32.717,68.23069403714565,28.8,74.0,100.0,7.0,34.0,48.0,97.0
cmov7tlu000a5lift1y4rpewt,cmmx6howt0000bi1zgfsisou2,2026-05-07 08:19:36.226,68.32844574780059,28.7,74.0,100.0,7.0,34.0,48.0,97.0
cmov7tok000a7liftr63gl7hv,cmmx6howt0000bi1zgfsisou2,2026-05-07 08:19:39.735,55.2297165200391,28.7,74.0,100.0,7.0,34.0,48.0,97.0
cmov7tr9e00a9liftoevy1jpd,cmmx6howt0000bi1zgfsisou2,2026-05-07 08:19:43.245,50.63538611925708,28.7,74.0,100.0,7.0,35.0,49.0,98.0
cmov7tty800abliftk3wxfniw,cmmx6howt0000bi1zgfsisou2,2026-05-07 08:19:46.754,50.34213098729228,28.6,74.0,100.0,7.0,35.0,49.0,98.0
cmov7twns00adliftlz8e8hxh,cmmx6howt0000bi1zgfsisou2,2026-05-07 08:19:50.264,52.68817204301075,28.6,73.0,100.0,7.0,35.0,49.0,98.0
cmov7tzdh00afliftmq1fputi,cmmx6howt0000bi1zgfsisou2,2026-05-07 08:19:53.771,52.59042033235581,28.5,73.0,100.0,7.0,35.0,49.0,98.0
cmov7u23800ahliftw46qi5r9,cmmx6howt0000bi1zgfsisou2,2026-05-07 08:19:57.281,52.29716520039101,28.5,73.0,100.0,7.0,35.0,49.0,98.0
cmov7u4s000ajlift3o0kk0mh,cmmx6howt0000bi1zgfsisou2,2026-05-07 08:20:00.790,51.51515151515152,28.4,73.0,100.0,7.0,35.0,49.0,98.0
cmov7u7iz00alliftgc2bixp0,cmmx6howt0000bi1zgfsisou2,2026-05-07 08:20:04.298,50.73313782991202,28.4,73.0,100.0,7.0,35.0,49.0,98.0
cmov7ua7400anlift75jl41nw,cmmx6howt0000bi1zgfsisou2,2026-05-07 08:20:07.808,52.39491691104594,28.3,74.0,100.0,7.0,35.0,49.0,98.0
cmov7ucwn00apliftpjvj1cdv,cmmx6howt0000bi1zgfsisou2,2026-05-07 08:20:11.317,51.2218963831867,28.2,74.0,100.0,7.0,35.0,49.0,98.0
cmov7ufma00arliftpsyfdv31,cmmx6howt0000bi1zgfsisou2,2026-05-07 08:20:14.826,51.61290322580645,28.2,74.0,100.0,7.0,35.0,49.0,98.0
cmov7uibf00atliftcgg59c3y,cmmx6howt0000bi1zgfsisou2,2026-05-07 08:20:18.336,51.61290322580645,28.1,74.0,100.0,7.0,35.0,49.0,98.0
cmov7ul1000avlift9ifki3jf,cmmx6howt0000bi1zgfsisou2,2026-05-07 08:20:21.844,51.80840664711632,28.1,74.0,100.0,7.0,35.0,49.0,98.0
cmov7unrn00axliftraoame15,cmmx6howt0000bi1zgfsisou2,2026-05-07 08:20:25.352,52.00391006842619,28.1,74.0,100.0,7.0,35.0,49.0,98.0
cmov7uqhf00azliftf8rvs465,cmmx6howt0000bi1zgfsisou2,2026-05-07 08:20:28.862,52.19941348973607,28.1,74.0,100.0,7.0,35.0,49.0,98.0
cmov7ut5t00b1liftkeox202m,cmmx6howt0000bi1zgfsisou2,2026-05-07 08:20:32.371,52.49266862170088,28.0,75.0,100.0,7.0,35.0,49.0,98.0
cmov7uvuz00b3liftcrvxo62s,cmmx6howt0000bi1zgfsisou2,2026-05-07 08:20:35.880,52.59042033235581,28.0,75.0,100.0,7.0,35.0,49.0,98.0
cmov7uykh00b5liftwgb9zac5,cmmx6howt0000bi1zgfsisou2,2026-05-07 08:20:39.389,52.68817204301075,27.9,74.0,100.0,7.0,35.0,49.0,98.0
cmov7v19o00b7liftaqpcgtdo,cmmx6howt0000bi1zgfsisou2,2026-05-07 08:20:42.898,52.68817204301075,27.8,74.0,100.0,7.0,35.0,49.0,98.0
cmov7v3z300b9lifta1nvrto0,cmmx6howt0000bi1zgfsisou2,2026-05-07 08:20:46.407,52.49266862170088,27.8,74.0,100.0,7.0,35.0,49.0,98.0
cmov7v6op00bbliftxdz37gnw,cmmx6howt0000bi1zgfsisou2,2026-05-07 08:20:49.916,52.49266862170088,27.8,74.0,100.0,7.0,35.0,49.0,98.0
cmov7v9e400bdlift5n63de39,cmmx6howt0000bi1zgfsisou2,2026-05-07 08:20:53.425,52.49266862170088,27.7,74.0,100.0,7.0,35.0,49.0,98.0
cmov7vc3y00bflifth8n9zvvr,cmmx6howt0000bi1zgfsisou2,2026-05-07 08:20:56.934,52.39491691104594,27.7,75.0,100.0,7.0,35.0,49.0,98.0
cmov7vet900bhliftuepu8wqe,cmmx6howt0000bi1zgfsisou2,2026-05-07 08:21:00.444,52.49266862170088,27.7,75.0,100.0,7.0,35.0,49.0,98.0
cmov7vhio00bjlift1b45ahcz,cmmx6howt0000bi1zgfsisou2,2026-05-07 08:21:03.953,52.49266862170088,27.6,75.0,100.0,7.0,35.0,49.0,98.0
cmov7vk7x00blliftj8k143d0,cmmx6howt0000bi1zgfsisou2,2026-05-07 08:21:07.462,52.39491691104594,27.6,75.0,100.0,7.0,35.0,49.0,98.0
cmov7vmxg00bnliftvvdk9x80,cmmx6howt0000bi1zgfsisou2,2026-05-07 08:21:10.971,52.39491691104594,27.5,75.0,100.0,7.0,35.0,49.0,98.0
cmov7vpmv00bpliftnipwlhkq,cmmx6howt0000bi1zgfsisou2,2026-05-07 08:21:14.480,52.29716520039101,27.5,75.0,100.0,7.0,35.0,49.0,98.0
cmov7vsch00brliftujlul06k,cmmx6howt0000bi1zgfsisou2,2026-05-07 08:21:17.990,52.29716520039101,27.5,75.0,100.0,7.0,35.0,49.0,98.0
cmov7vv2d00btlifttoueuq3p,cmmx6howt0000bi1zgfsisou2,2026-05-07 08:21:21.499,52.19941348973607,27.5,75.0,100.0,7.0,35.0,49.0,98.0
cmov7vxs000bvliftfd8pynkh,cmmx6howt0000bi1zgfsisou2,2026-05-07 08:21:25.008,52.19941348973607,27.4,75.0,100.0,7.0,35.0,49.0,98.0
cmov7w0h400bxliftu8zwt42h,cmmx6howt0000bi1zgfsisou2,2026-05-07 08:21:28.518,52.19941348973607,27.3,76.0,100.0,7.0,35.0,49.0,98.0
cmov7w36f00bzliftsbhu3sxh,cmmx6howt0000bi1zgfsisou2,2026-05-07 08:21:32.026,52.10166177908113,27.3,76.0,100.0,7.0,35.0,49.0,98.0
cmov7w5vx00c1liftrlieszm7,cmmx6howt0000bi1zgfsisou2,2026-05-07 08:21:35.535,52.10166177908113,27.3,76.0,100.0,7.0,35.0,49.0,98.0
cmov7w8lk00c3lift330zzl6u,cmmx6howt0000bi1zgfsisou2,2026-05-07 08:21:39.044,52.00391006842619,27.2,76.0,100.0,7.0,35.0,49.0,98.0
cmov7wbb600c5lift0zunm9ry,cmmx6howt0000bi1zgfsisou2,2026-05-07 08:21:42.553,52.00391006842619,27.2,76.0,100.0,7.0,35.0,49.0,98.0
cmov7we0s00c7liftlsihazrs,cmmx6howt0000bi1zgfsisou2,2026-05-07 08:21:46.062,52.00391006842619,27.2,76.0,100.0,7.0,35.0,49.0,98.0
cmov7wgq400c9lifto6krx8hd,cmmx6howt0000bi1zgfsisou2,2026-05-07 08:21:49.571,52.00391006842619,27.2,76.0,94.54,7.0,35.0,49.0,98.0
cmov7wjfp00cbliftqc1sqv1n,cmmx6howt0000bi1zgfsisou2,2026-05-07 08:21:53.080,51.90615835777126,27.2,76.0,94.46,7.0,35.0,49.0,98.0
cmov7wm4q00cdliftrkch313w,cmmx6howt0000bi1zgfsisou2,2026-05-07 08:21:56.588,51.90615835777126,27.1,76.0,100.0,7.0,35.0,49.0,98.0
cmov7wouh00cfliftouqhdhfa,cmmx6howt0000bi1zgfsisou2,2026-05-07 08:22:00.097,51.80840664711632,27.1,76.0,100.0,7.0,35.0,49.0,98.0
cmov7wrju00chliftrdbfvr52,cmmx6howt0000bi1zgfsisou2,2026-05-07 08:22:03.606,51.90615835777126,27.1,77.0,100.0,7.0,35.0,49.0,98.0
cmov7wu9c00cjlift04tw1znl,cmmx6howt0000bi1zgfsisou2,2026-05-07 08:22:07.114,51.90615835777126,27.0,77.0,100.0,7.0,35.0,49.0,98.0
cmov7wwyq00clliftkrjhhh0r,cmmx6howt0000bi1zgfsisou2,2026-05-07 08:22:10.624,51.80840664711632,27.0,77.0,100.0,7.0,35.0,49.0,98.0
cmov7wzot00cnlift4u634gh3,cmmx6howt0000bi1zgfsisou2,2026-05-07 08:22:14.133,51.90615835777126,27.0,77.0,100.0,7.0,35.0,49.0,98.0
cmov7x2dy00cplifts3n2764l,cmmx6howt0000bi1zgfsisou2,2026-05-07 08:22:17.641,52.00391006842619,27.0,77.0,100.0,7.0,35.0,49.0,98.0
cmov7x53600crlift26ee20oq,cmmx6howt0000bi1zgfsisou2,2026-05-07 08:22:21.151,51.80840664711632,27.0,77.0,100.0,7.0,35.0,49.0,98.0
cmov7x7sz00ctlift2kj54gfq,cmmx6howt0000bi1zgfsisou2,2026-05-07 08:22:24.659,51.90615835777126,27.0,77.0,100.0,7.0,35.0,49.0,98.0
cmov7xaic00cvliftm5r52pjp,cmmx6howt0000bi1zgfsisou2,2026-05-07 08:22:28.169,51.90615835777126,26.9,77.0,100.0,7.0,35.0,49.0,98.0
cmov7xd8600cxliftytlvsnxf,cmmx6howt0000bi1zgfsisou2,2026-05-07 08:22:31.677,51.90615835777126,26.9,77.0,100.0,7.0,35.0,49.0,98.0
cmov7xfwu00czliftengesqj2,cmmx6howt0000bi1zgfsisou2,2026-05-07 08:22:35.187,51.90615835777126,26.9,77.0,94.23,7.0,35.0,49.0,98.0
cmov7ximd00d1liftnfrzukbf,cmmx6howt0000bi1zgfsisou2,2026-05-07 08:22:38.695,51.90615835777126,26.8,77.0,100.0,7.0,35.0,49.0,98.0
cmov7xlc500d3liftgcjys4f2,cmmx6howt0000bi1zgfsisou2,2026-05-07 08:22:42.203,51.80840664711632,26.8,77.0,100.0,7.0,35.0,49.0,98.0
cmov7xo1h00d5lift91ms32i5,cmmx6howt0000bi1zgfsisou2,2026-05-07 08:22:45.713,51.80840664711632,26.8,77.0,100.0,7.0,35.0,49.0,98.0
cmov7xqqz00d7lift6fwcmkg3,cmmx6howt0000bi1zgfsisou2,2026-05-07 08:22:49.222,51.71065493646139,26.8,77.0,100.0,7.0,35.0,49.0,98.0
cmov7xtg400d9liftrb6lyqgi,cmmx6howt0000bi1zgfsisou2,2026-05-07 08:22:52.731,51.61290322580645,26.7,77.0,100.0,7.0,35.0,49.0,98.0
cmov7xw6600dbliftj9d7rlep,cmmx6howt0000bi1zgfsisou2,2026-05-07 08:22:56.241,51.51515151515152,26.7,77.0,100.0,7.0,35.0,49.0,98.0
cmov7xyvd00ddliftrkietmip,cmmx6howt0000bi1zgfsisou2,2026-05-07 08:22:59.750,51.41739980449658,26.7,77.0,100.0,7.0,35.0,49.0,98.0
cmov7y1ld00dfliftie1gjlyq,cmmx6howt0000bi1zgfsisou2,2026-05-07 08:23:03.259,51.2218963831867,26.6,77.0,100.0,7.0,35.0,49.0,98.0
cmov7y4ai00dhliftmsvjvqvq,cmmx6howt0000bi1zgfsisou2,2026-05-07 08:23:06.769,51.12414467253177,26.5,77.0,82.45,7.0,34.0,48.0,97.0
cmov7y6zw00djlift3ltinrp3,cmmx6howt0000bi1zgfsisou2,2026-05-07 08:23:10.276,51.02639296187683,26.5,78.0,100.0,7.0,35.0,49.0,98.0
cmov7y9p900dlliftd2y5wysd,cmmx6howt0000bi1zgfsisou2,2026-05-07 08:23:13.787,50.9286412512219,26.5,78.0,78.15,7.0,35.0,49.0,98.0
cmov7yceh00dnlifte2js535k,cmmx6howt0000bi1zgfsisou2,2026-05-07 08:23:17.295,50.83088954056696,26.5,78.0,100.0,7.0,35.0,49.0,98.0
cmov7yf4j00dplift6murpa86,cmmx6howt0000bi1zgfsisou2,2026-05-07 08:23:20.803,48.7781036168133,26.4,78.0,100.0,7.0,35.0,49.0,98.0
cmp4a01qu00016hyeifrkq4ua,cmmx6howt0000bi1zgfsisou2,2026-05-13 16:30:31.574,58.74877810361681,27.6,62.0,96.86,7.0,0.0,0.0,0.0
cmp4a04zx00036hyeu10hmtae,cmmx6howt0000bi1zgfsisou2,2026-05-13 16:30:35.804,51.02639296187683,27.7,63.0,96.71,7.0,0.0,0.0,0.0
cmp4a087000056hyen7zxjmev,cmmx6howt0000bi1zgfsisou2,2026-05-13 16:30:39.962,49.85337243401759,27.7,62.0,96.78,7.0,0.0,0.0,0.0
cmp4a0be000076hyebf82ph6r,cmmx6howt0000bi1zgfsisou2,2026-05-13 16:30:44.083,49.46236559139785,27.7,62.0,96.98,7.0,0.0,0.0,0.0
cmp4a0em200096hyezsoi6m0k,cmmx6howt0000bi1zgfsisou2,2026-05-13 16:30:48.271,49.85337243401759,27.7,62.0,96.78,7.0,0.0,0.0,0.0
cmp4a0htb000b6hyecvoom3i5,cmmx6howt0000bi1zgfsisou2,2026-05-13 16:30:52.398,49.95112414467253,27.7,62.0,96.48,7.0,0.0,0.0,0.0
cmp4a0l12000d6hye02mvvqv1,cmmx6howt0000bi1zgfsisou2,2026-05-13 16:30:56.578,49.85337243401759,27.7,62.0,97.01,7.0,0.0,0.0,0.0
cmp4a0oa8000f6hyeiomb8fep,cmmx6howt0000bi1zgfsisou2,2026-05-13 16:31:00.799,49.46236559139785,27.8,62.0,96.78,7.0,0.0,0.0,0.0
cmp4a0ri5000h6hyecbd0wlas,cmmx6howt0000bi1zgfsisou2,2026-05-13 16:31:04.977,46.6275659824047,27.7,62.0,15.72,7.0,0.0,0.0,0.0
cmp4a0uqc000j6hyeer3aes4j,cmmx6howt0000bi1zgfsisou2,2026-05-13 16:31:09.157,48.58260019550342,27.7,62.0,90.15,7.0,0.0,0.0,0.0
cmp4a0xy9000l6hyewc4p9o45,cmmx6howt0000bi1zgfsisou2,2026-05-13 16:31:13.327,51.80840664711632,27.8,62.0,100.0,7.0,0.0,0.0,0.0
cmp4a116c000n6hye3jm5lxa5,cmmx6howt0000bi1zgfsisou2,2026-05-13 16:31:17.505,51.61290322580645,27.8,62.0,0.0,7.0,0.0,0.0,0.0
cmp4a14ey000p6hye9g8bo5ma,cmmx6howt0000bi1zgfsisou2,2026-05-13 16:31:21.714,57.08699902248289,27.9,63.0,0.0,7.0,0.0,0.0,0.0
cmp4a17mt000r6hyeg7d4v9h8,cmmx6howt0000bi1zgfsisou2,2026-05-13 16:31:25.883,56.69599217986314,27.8,63.0,0.0,7.0,0.0,0.0,0.0
cmp4a1aug000t6hye1oajglhp,cmmx6howt0000bi1zgfsisou2,2026-05-13 16:31:30.044,55.91397849462365,27.8,63.0,0.0,7.0,0.0,0.0,0.0
cmp4a1e2c000v6hyej9ed88kx,cmmx6howt0000bi1zgfsisou2,2026-05-13 16:31:34.213,56.50048875855327,27.8,63.0,0.0,7.0,0.0,0.0,0.0
cmp4a1h9u000x6hyengasbynz,cmmx6howt0000bi1zgfsisou2,2026-05-13 16:31:38.371,57.18475073313783,27.9,63.0,85.92,7.0,0.0,0.0,0.0
cmp4a1khk000z6hyenowjj9ds,cmmx6howt0000bi1zgfsisou2,2026-05-13 16:31:42.536,67.64418377321604,27.8,62.0,86.15,7.0,0.0,0.0,0.0
cmp4a1nov00116hyefxrhb2t3,cmmx6howt0000bi1zgfsisou2,2026-05-13 16:31:46.693,51.61290322580645,27.8,62.0,85.69,7.0,0.0,0.0,0.0
cmp4a1qzw00136hye7hfnhexj,cmmx6howt0000bi1zgfsisou2,2026-05-13 16:31:50.847,51.02639296187683,27.8,62.0,89.77,7.0,0.0,0.0,0.0
cmp4a1u7r00156hye8n4dr00r,cmmx6howt0000bi1zgfsisou2,2026-05-13 16:31:55.147,52.68817204301075,27.8,62.0,89.54,7.0,0.0,0.0,0.0
cmp4a1xfy00176hye2qn22c9w,cmmx6howt0000bi1zgfsisou2,2026-05-13 16:31:59.322,51.51515151515152,27.8,62.0,89.77,7.0,0.0,0.0,0.0
cmp4a20mv00196hye99zyqfbd,cmmx6howt0000bi1zgfsisou2,2026-05-13 16:32:03.467,51.41739980449658,27.8,62.0,89.54,7.0,0.0,0.0,0.0
cmp4a23va001b6hyezxuf0zd4,cmmx6howt0000bi1zgfsisou2,2026-05-13 16:32:07.654,50.9286412512219,27.8,62.0,89.77,7.0,0.0,0.0,0.0
cmp4a2722001d6hyer4538y47,cmmx6howt0000bi1zgfsisou2,2026-05-13 16:32:11.794,52.39491691104594,27.8,62.0,89.54,7.0,0.0,0.0,0.0
cmp4a2aam001f6hye09wabz1k,cmmx6howt0000bi1zgfsisou2,2026-05-13 16:32:15.956,50.14662756598241,27.9,62.0,89.51,7.0,0.0,0.0,1.0
cmp4a2dhf001h6hyekl3dlbkh,cmmx6howt0000bi1zgfsisou2,2026-05-13 16:32:20.114,49.26686217008798,27.9,62.0,89.51,7.0,1.0,2.0,4.0
cmp4a2gpf001j6hye4ct7euyj,cmmx6howt0000bi1zgfsisou2,2026-05-13 16:32:24.278,50.63538611925708,27.9,62.0,89.54,7.0,2.0,3.0,6.0
cmp4a2jyi001l6hyeot4i3igz,cmmx6howt0000bi1zgfsisou2,2026-05-13 16:32:28.505,51.61290322580645,27.9,62.0,89.47,7.0,3.0,5.0,10.0
cmp4a2n65001n6hye24qezjz5,cmmx6howt0000bi1zgfsisou2,2026-05-13 16:32:32.671,51.80840664711632,27.9,62.0,89.54,7.0,4.0,7.0,14.0
cmp4a2qdp001p6hyecggsrycd,cmmx6howt0000bi1zgfsisou2,2026-05-13 16:32:36.841,51.90615835777126,27.9,62.0,89.54,7.0,6.0,9.0,19.0
cmp4a2tlx001r6hyetnzvk9jq,cmmx6howt0000bi1zgfsisou2,2026-05-13 16:32:41.017,52.00391006842619,27.9,62.0,89.54,7.0,7.0,11.0,22.0
cmp4a2wtj001t6hyew8t2z8f0,cmmx6howt0000bi1zgfsisou2,2026-05-13 16:32:45.178,52.00391006842619,27.9,62.0,77.73,7.0,7.0,10.0,19.0
cmp4a302u001v6hyeyl0tqmfz,cmmx6howt0000bi1zgfsisou2,2026-05-13 16:32:49.397,51.90615835777126,28.0,63.0,78.15,7.0,5.0,6.0,12.0
cmp4a33as001x6hyenjdp84vx,cmmx6howt0000bi1zgfsisou2,2026-05-13 16:32:53.571,49.85337243401759,27.9,62.0,35.31,7.0,4.0,5.0,11.0
cmp4a36js001z6hyeik9z7oy0,cmmx6howt0000bi1zgfsisou2,2026-05-13 16:32:57.780,49.65786901270772,27.9,62.0,35.31,7.0,5.0,8.0,17.0
cmp4a39rh00216hyeyq3l6n6r,cmmx6howt0000bi1zgfsisou2,2026-05-13 16:33:01.962,49.65786901270772,27.9,62.0,49.95,7.0,8.0,12.0,24.0
cmp4a3cyl00236hyeo0q4pva5,cmmx6howt0000bi1zgfsisou2,2026-05-13 16:33:06.086,50.63538611925708,27.9,62.0,49.49,7.0,7.0,10.0,20.0
cmp4a3g6e00256hyeg5zjcece,cmmx6howt0000bi1zgfsisou2,2026-05-13 16:33:10.256,49.95112414467253,28.0,63.0,50.17,7.0,6.0,8.0,17.0
cmp4a3jdy00276hyen8osxu3o,cmmx6howt0000bi1zgfsisou2,2026-05-13 16:33:14.415,50.34213098729228,28.0,63.0,64.43,7.0,5.0,8.0,16.0
cmp4a3mlw00296hyeclwnnv7e,cmmx6howt0000bi1zgfsisou2,2026-05-13 16:33:18.592,51.51515151515152,28.0,63.0,85.88,7.0,7.0,10.0,21.0
cmp4a3pth002b6hyez3fzipvj,cmmx6howt0000bi1zgfsisou2,2026-05-13 16:33:22.764,49.46236559139785,28.0,71.0,78.07,7.0,8.0,11.0,23.0
cmp4a3t0r002d6hye5hwa786e,cmmx6howt0000bi1zgfsisou2,2026-05-13 16:33:26.936,49.85337243401759,28.2,74.0,96.56,7.0,8.0,11.0,23.0
cmp4a3w7d002f6hyeqbxtisrs,cmmx6howt0000bi1zgfsisou2,2026-05-13 16:33:31.060,50.04887585532747,28.4,74.0,96.78,7.0,8.0,12.0,24.0
cmp4a3ze8002h6hye6bjgm71x,cmmx6howt0000bi1zgfsisou2,2026-05-13 16:33:35.176,53.56793743890518,28.6,71.0,74.57,7.0,8.0,12.0,24.0
cmp4a42lr002j6hyesqleknlk,cmmx6howt0000bi1zgfsisou2,2026-05-13 16:33:39.334,53.47018572825024,28.7,69.0,55.97,7.0,8.0,12.0,24.0
cmp4a45sq002l6hyefb5g8apm,cmmx6howt0000bi1zgfsisou2,2026-05-13 16:33:43.489,53.3724340175953,28.8,67.0,60.81,7.0,8.0,12.0,24.0
cmp4a48zw002n6hyemugrtr2e,cmmx6howt0000bi1zgfsisou2,2026-05-13 16:33:47.638,53.27468230694037,28.9,66.0,60.81,7.0,8.0,12.0,24.0
cmp4a4c66002p6hyekv5mac2q,cmmx6howt0000bi1zgfsisou2,2026-05-13 16:33:51.752,53.27468230694037,29.0,65.0,60.81,7.0,8.0,12.0,24.0
cmp4a4fdm002r6hye77du01rh,cmmx6howt0000bi1zgfsisou2,2026-05-13 16:33:55.884,53.0791788856305,29.1,64.0,60.58,7.0,8.0,12.0,24.0
cmp4a4iju002t6hyews0v1tkk,cmmx6howt0000bi1zgfsisou2,2026-05-13 16:34:00.011,52.98142717497556,29.1,64.0,60.58,7.0,8.0,12.0,24.0
cmp4a4lqy002v6hyet2koq9yj,cmmx6howt0000bi1zgfsisou2,2026-05-13 16:34:04.152,53.0791788856305,29.1,63.0,60.96,7.0,8.0,12.0,24.0
cmp4a4oyk002x6hye3a8b1pak,cmmx6howt0000bi1zgfsisou2,2026-05-13 16:34:08.303,52.98142717497556,29.1,62.0,60.81,7.0,8.0,12.0,24.0
cmp4a4s5k002z6hyegnxojhxz,cmmx6howt0000bi1zgfsisou2,2026-05-13 16:34:12.466,52.98142717497556,29.1,62.0,60.81,7.0,8.0,12.0,24.0
cmp4a4vdw00316hyeu2ydu5y0,cmmx6howt0000bi1zgfsisou2,2026-05-13 16:34:16.635,52.88367546432062,29.1,62.0,60.77,7.0,8.0,12.0,24.0
cmp4a4yli00336hye9ej0oau3,cmmx6howt0000bi1zgfsisou2,2026-05-13 16:34:20.807,52.88367546432062,29.1,62.0,60.81,7.0,8.0,12.0,24.0
cmp4a51t900356hyecm2qtz1x,cmmx6howt0000bi1zgfsisou2,2026-05-13 16:34:24.950,52.88367546432062,29.1,61.0,60.58,7.0,8.0,12.0,24.0
cmp4a54zx00376hye01y4uc1j,cmmx6howt0000bi1zgfsisou2,2026-05-13 16:34:29.102,52.78592375366568,29.0,61.0,60.58,7.0,8.0,12.0,24.0
cmp4a587k00396hyenqmsbqz6,cmmx6howt0000bi1zgfsisou2,2026-05-13 16:34:33.253,52.78592375366568,29.0,61.0,93.35,7.0,8.0,12.0,24.0
cmp4a5beu003b6hyejqrtfa9p,cmmx6howt0000bi1zgfsisou2,2026-05-13 16:34:37.399,52.78592375366568,29.0,61.0,86.34,7.0,8.0,12.0,24.0
cmp4a5el2003d6hye4meoslp7,cmmx6howt0000bi1zgfsisou2,2026-05-13 16:34:41.537,52.68817204301075,29.0,61.0,86.65,7.0,8.0,12.0,24.0
cmp4a5hrr003f6hye8fwjfgv9,cmmx6howt0000bi1zgfsisou2,2026-05-13 16:34:45.668,52.59042033235581,29.0,61.0,93.13,7.0,8.0,12.0,24.0
cmp4a5kzd003h6hyeocnzklmq,cmmx6howt0000bi1zgfsisou2,2026-05-13 16:34:49.802,52.59042033235581,29.0,61.0,93.16,7.0,8.0,12.0,24.0
cmp4a5o68003j6hye4zhsqogq,cmmx6howt0000bi1zgfsisou2,2026-05-13 16:34:53.967,52.49266862170088,29.0,61.0,93.16,7.0,8.0,12.0,24.0
cmp4a5rcl003l6hyetg8eryuu,cmmx6howt0000bi1zgfsisou2,2026-05-13 16:34:58.059,52.49266862170088,29.0,61.0,78.91,7.0,8.0,12.0,24.0
cmp4a5ukj003n6hye1ep70glc,cmmx6howt0000bi1zgfsisou2,2026-05-13 16:35:02.229,52.59042033235581,28.9,60.0,78.68,7.0,8.0,12.0,24.0
cmp4a5xrw003p6hyexyegvac5,cmmx6howt0000bi1zgfsisou2,2026-05-13 16:35:06.388,52.49266862170088,28.9,60.0,78.91,7.0,8.0,12.0,24.0
cmp4a60y8003r6hyewi7j5lee,cmmx6howt0000bi1zgfsisou2,2026-05-13 16:35:10.501,52.49266862170088,28.8,60.0,78.91,7.0,8.0,12.0,24.0
cmp4a645j003t6hyeysw3414w,cmmx6howt0000bi1zgfsisou2,2026-05-13 16:35:14.650,52.59042033235581,28.8,60.0,78.64,7.0,8.0,12.0,24.0
cmp4a67bc003v6hye06yjkl32,cmmx6howt0000bi1zgfsisou2,2026-05-13 16:35:18.768,52.39491691104594,28.9,60.0,78.91,7.0,8.0,12.0,24.0
cmp4a6ahz003x6hyezgova3we,cmmx6howt0000bi1zgfsisou2,2026-05-13 16:35:22.888,52.49266862170088,28.8,60.0,78.91,7.0,8.0,12.0,24.0
cmp4a6dpq003z6hyewkj9upo6,cmmx6howt0000bi1zgfsisou2,2026-05-13 16:35:27.044,52.39491691104594,28.8,60.0,78.68,7.0,8.0,12.0,24.0
cmp4a6gwe00416hyeh8j1kkrf,cmmx6howt0000bi1zgfsisou2,2026-05-13 16:35:31.172,52.29716520039101,28.7,60.0,78.91,7.0,8.0,12.0,24.0
cmp4a6k4b00436hyeyflduc8n,cmmx6howt0000bi1zgfsisou2,2026-05-13 16:35:35.337,52.39491691104594,28.7,60.0,78.72,7.0,8.0,12.0,24.0
cmp4a6nah00456hye409viliu,cmmx6howt0000bi1zgfsisou2,2026-05-13 16:35:39.471,52.29716520039101,28.7,60.0,78.57,7.0,8.0,12.0,24.0
cmp4a6qh100476hyedzafjxmu,cmmx6howt0000bi1zgfsisou2,2026-05-13 16:35:43.570,52.39491691104594,28.7,60.0,78.91,7.0,8.0,12.0,24.0
cmp4a6tni00496hye2ft1ioki,cmmx6howt0000bi1zgfsisou2,2026-05-13 16:35:47.716,52.39491691104594,28.7,60.0,78.91,7.0,8.0,12.0,24.0
cmp4a6wv9004b6hye0nxip647,cmmx6howt0000bi1zgfsisou2,2026-05-13 16:35:51.869,52.39491691104594,28.7,60.0,78.68,7.0,8.0,12.0,24.0
cmp4a703c004d6hye2bjllrlu,cmmx6howt0000bi1zgfsisou2,2026-05-13 16:35:56.041,52.39491691104594,28.6,60.0,78.64,7.0,8.0,12.0,24.0
cmp4a73bf004f6hyevsy744a6,cmmx6howt0000bi1zgfsisou2,2026-05-13 16:36:00.223,52.29716520039101,28.6,60.0,78.68,7.0,8.0,12.0,24.0
cmp4a76jn004h6hyerobq0jfo,cmmx6howt0000bi1zgfsisou2,2026-05-13 16:36:04.405,52.29716520039101,28.7,60.0,78.91,7.0,8.0,12.0,24.0
cmp4a79r6004j6hye9f26fz31,cmmx6howt0000bi1zgfsisou2,2026-05-13 16:36:08.566,52.29716520039101,28.7,60.0,78.87,7.0,8.0,12.0,24.0
cmp4a7czt004l6hyet37k2t59,cmmx6howt0000bi1zgfsisou2,2026-05-13 16:36:12.764,52.29716520039101,28.6,60.0,78.42,7.0,8.0,12.0,24.0
cmp4a7g6y004n6hyenneqiipi,cmmx6howt0000bi1zgfsisou2,2026-05-13 16:36:16.927,52.29716520039101,28.6,60.0,78.91,7.0,8.0,12.0,24.0
cmp4a7jew004p6hyeos93l2rx,cmmx6howt0000bi1zgfsisou2,2026-05-13 16:36:21.097,52.29716520039101,28.5,60.0,78.64,7.0,8.0,12.0,24.0
cmp4a7mmp004r6hye49srg82h,cmmx6howt0000bi1zgfsisou2,2026-05-13 16:36:25.254,52.29716520039101,28.5,60.0,78.68,7.0,8.0,12.0,24.0
cmp4a7ptt004t6hyehxujbaeh,cmmx6howt0000bi1zgfsisou2,2026-05-13 16:36:29.419,52.29716520039101,28.5,60.0,78.91,7.0,8.0,12.0,24.0
cmp4a7t1q004v6hyentbc6byd,cmmx6howt0000bi1zgfsisou2,2026-05-13 16:36:33.577,52.19941348973607,28.5,60.0,78.61,7.0,8.0,12.0,24.0
cmp4a7w9e004x6hyejei26cpo,cmmx6howt0000bi1zgfsisou2,2026-05-13 16:36:37.734,52.19941348973607,28.4,60.0,78.91,7.0,8.0,12.0,24.0
cmp4a7zgr004z6hye29tl4obu,cmmx6howt0000bi1zgfsisou2,2026-05-13 16:36:41.889,52.19941348973607,28.5,60.0,78.64,7.0,8.0,12.0,24.0
cmp4a82o400516hyewpzar9t6,cmmx6howt0000bi1zgfsisou2,2026-05-13 16:36:46.042,52.19941348973607,28.5,60.0,78.45,7.0,8.0,12.0,24.0
cmp4a85v100536hyegh0pxdg4,cmmx6howt0000bi1zgfsisou2,2026-05-13 16:36:50.198,52.29716520039101,28.4,60.0,78.91,7.0,8.0,12.0,24.0
cmp4a891w00556hyes205uou5,cmmx6howt0000bi1zgfsisou2,2026-05-13 16:36:54.332,52.19941348973607,28.4,60.0,78.87,7.0,8.0,12.0,24.0
cmp4a8c9700576hyeng8y9q9r,cmmx6howt0000bi1zgfsisou2,2026-05-13 16:36:58.464,52.19941348973607,28.4,60.0,78.68,7.0,8.0,12.0,24.0
cmp4a8fgq00596hye3n49notn,cmmx6howt0000bi1zgfsisou2,2026-05-13 16:37:02.624,52.19941348973607,28.4,60.0,78.61,7.0,8.0,12.0,24.0
cmp4a8io6005b6hye2xrt2uoz,cmmx6howt0000bi1zgfsisou2,2026-05-13 16:37:06.773,52.10166177908113,28.4,60.0,78.91,7.0,8.0,12.0,24.0
cmp4a8lvx005d6hyeb74mp606,cmmx6howt0000bi1zgfsisou2,2026-05-13 16:37:10.949,52.10166177908113,28.4,60.0,78.87,7.0,8.0,12.0,24.0
cmp4a8p4j005f6hye7u6htjie,cmmx6howt0000bi1zgfsisou2,2026-05-13 16:37:15.088,52.00391006842619,28.4,60.0,78.68,7.0,8.0,12.0,24.0
cmp4a8sc4005h6hyenfbdbef1,cmmx6howt0000bi1zgfsisou2,2026-05-13 16:37:19.300,52.00391006842619,28.4,61.0,78.91,7.0,8.0,12.0,24.0
cmp4a8vj9005j6hye0x2503jo,cmmx6howt0000bi1zgfsisou2,2026-05-13 16:37:23.457,52.00391006842619,28.3,61.0,78.68,7.0,8.0,12.0,24.0
cmp4a8yqs005l6hye2np1z84i,cmmx6howt0000bi1zgfsisou2,2026-05-13 16:37:27.623,52.00391006842619,28.4,61.0,78.91,7.0,8.0,12.0,24.0
cmp4a91xn005n6hye1j2z4p06,cmmx6howt0000bi1zgfsisou2,2026-05-13 16:37:31.738,51.90615835777126,28.4,61.0,78.49,7.0,8.0,12.0,24.0
cmp4a9557005p6hyeghssi5k1,cmmx6howt0000bi1zgfsisou2,2026-05-13 16:37:35.891,51.80840664711632,28.3,60.0,78.68,7.0,8.0,12.0,24.0
cmp4a98cu005r6hyefs2l9w2k,cmmx6howt0000bi1zgfsisou2,2026-05-13 16:37:40.065,51.80840664711632,28.3,60.0,78.91,7.0,8.0,12.0,24.0
cmp4a9bl9005t6hyebvpf35pv,cmmx6howt0000bi1zgfsisou2,2026-05-13 16:37:44.255,51.80840664711632,28.3,61.0,78.91,7.0,8.0,12.0,24.0
cmp4a9et0005v6hye9uxozl6n,cmmx6howt0000bi1zgfsisou2,2026-05-13 16:37:48.422,51.90615835777126,28.3,61.0,78.91,7.0,8.0,12.0,24.0
cmp4a9i1e005x6hyeo63rppd8,cmmx6howt0000bi1zgfsisou2,2026-05-13 16:37:52.617,51.80840664711632,28.3,61.0,78.76,7.0,8.0,12.0,24.0
cmp4a9l9j005z6hyelfd9jwa3,cmmx6howt0000bi1zgfsisou2,2026-05-13 16:37:56.795,51.71065493646139,28.3,61.0,78.68,7.0,8.0,12.0,24.0
cmp4a9oi700616hyefz6inu2d,cmmx6howt0000bi1zgfsisou2,2026-05-13 16:38:00.989,51.71065493646139,28.3,61.0,78.64,7.0,8.0,12.0,24.0
cmp4a9ros00636hyepbbwgyki,cmmx6howt0000bi1zgfsisou2,2026-05-13 16:38:05.133,51.71065493646139,28.2,61.0,78.91,7.0,8.0,12.0,24.0
cmp4a9uum00656hyej5mvw0rj,cmmx6howt0000bi1zgfsisou2,2026-05-13 16:38:09.237,51.71065493646139,28.2,61.0,78.87,7.0,8.0,12.0,24.0
cmp4a9y0z00676hye82eki1bq,cmmx6howt0000bi1zgfsisou2,2026-05-13 16:38:13.349,51.61290322580645,28.2,61.0,78.87,7.0,8.0,12.0,25.0
cmp4aa17d00696hye6h888mhi,cmmx6howt0000bi1zgfsisou2,2026-05-13 16:38:17.479,51.51515151515152,28.2,61.0,78.68,7.0,8.0,12.0,25.0
cmp4aa4dc006b6hyem2r0ixfe,cmmx6howt0000bi1zgfsisou2,2026-05-13 16:38:21.578,51.61290322580645,28.2,61.0,78.61,7.0,8.0,12.0,24.0
cmp4aa7l0006d6hyexnehxcn3,cmmx6howt0000bi1zgfsisou2,2026-05-13 16:38:25.717,51.61290322580645,28.2,61.0,78.87,7.0,8.0,12.0,24.0
cmp4aaaqv006f6hye0nyuqpra,cmmx6howt0000bi1zgfsisou2,2026-05-13 16:38:29.842,51.61290322580645,28.2,61.0,78.68,7.0,8.0,12.0,24.0
cmp4aadwh006h6hyejrrgxun8,cmmx6howt0000bi1zgfsisou2,2026-05-13 16:38:33.931,51.51515151515152,28.2,61.0,78.91,7.0,8.0,12.0,25.0
cmp4aah4e006j6hye9sltkhlj,cmmx6howt0000bi1zgfsisou2,2026-05-13 16:38:38.081,51.51515151515152,28.1,61.0,78.68,7.0,8.0,12.0,25.0
cmp4aakb1006l6hyexbqmp834,cmmx6howt0000bi1zgfsisou2,2026-05-13 16:38:42.206,51.51515151515152,28.1,61.0,78.34,7.0,8.0,12.0,25.0
cmp4aangx006n6hyewpd7mr39,cmmx6howt0000bi1zgfsisou2,2026-05-13 16:38:46.331,51.51515151515152,28.1,61.0,78.91,7.0,8.0,12.0,25.0
cmp4aaqow006p6hyereexkr24,cmmx6howt0000bi1zgfsisou2,2026-05-13 16:38:50.486,51.41739980449658,28.1,61.0,78.91,7.0,8.0,12.0,25.0
cmp4aatv1006r6hyefo9ojspa,cmmx6howt0000bi1zgfsisou2,2026-05-13 16:38:54.593,51.41739980449658,28.1,61.0,78.53,7.0,8.0,12.0,25.0
cmp4aax22006t6hyeg8a5e2cq,cmmx6howt0000bi1zgfsisou2,2026-05-13 16:38:58.735,51.41739980449658,28.1,61.0,78.68,7.0,8.0,12.0,25.0
cmp4ab09h006v6hyeg9xo033q,cmmx6howt0000bi1zgfsisou2,2026-05-13 16:39:02.886,51.31964809384164,28.1,61.0,78.91,7.0,8.0,12.0,25.0
cmp4ab3gw006x6hye2bmdnuv0,cmmx6howt0000bi1zgfsisou2,2026-05-13 16:39:07.046,51.2218963831867,28.1,61.0,78.91,7.0,8.0,12.0,25.0
cmp4ab6lt006z6hye0bm5ifqk,cmmx6howt0000bi1zgfsisou2,2026-05-13 16:39:11.135,51.2218963831867,28.1,61.0,78.68,7.0,8.0,12.0,25.0
cmp4ab9rw00716hyekxbmpxnk,cmmx6howt0000bi1zgfsisou2,2026-05-13 16:39:15.218,51.12414467253177,28.1,61.0,78.68,7.0,8.0,12.0,25.0
cmp4abcyt00736hyefi2bd4uk,cmmx6howt0000bi1zgfsisou2,2026-05-13 16:39:19.371,51.12414467253177,28.1,61.0,78.91,7.0,8.0,12.0,25.0
cmp4abg5700756hyec5e0wfpd,cmmx6howt0000bi1zgfsisou2,2026-05-13 16:39:23.471,51.12414467253177,28.1,61.0,78.45,7.0,8.0,12.0,25.0
cmp4abjcs00776hyeohcd69l2,cmmx6howt0000bi1zgfsisou2,2026-05-13 16:39:27.652,51.2218963831867,28.1,62.0,78.87,7.0,8.0,12.0,25.0
cmp4abmjz00796hyejtae9yc2,cmmx6howt0000bi1zgfsisou2,2026-05-13 16:39:31.800,51.12414467253177,28.1,62.0,78.68,7.0,8.0,12.0,25.0
cmp4abpr1007b6hyexjzf2zxf,cmmx6howt0000bi1zgfsisou2,2026-05-13 16:39:35.915,51.12414467253177,28.1,62.0,78.68,7.0,8.0,12.0,25.0
cmp4absyv007d6hye56d4ek7c,cmmx6howt0000bi1zgfsisou2,2026-05-13 16:39:40.113,51.12414467253177,28.1,62.0,78.87,7.0,8.0,12.0,25.0
cmp4abw7j007f6hye31dvcnv1,cmmx6howt0000bi1zgfsisou2,2026-05-13 16:39:44.309,51.02639296187683,28.1,62.0,78.64,7.0,8.0,12.0,25.0
cmp4abzfq007h6hyej52hallt,cmmx6howt0000bi1zgfsisou2,2026-05-13 16:39:48.474,51.02639296187683,28.1,62.0,78.87,7.0,8.0,12.0,25.0
cmp4ac2mh007j6hyevpq1gk5s,cmmx6howt0000bi1zgfsisou2,2026-05-13 16:39:52.628,51.02639296187683,28.1,62.0,78.45,7.0,8.0,12.0,25.0
cmp4ac5tb007l6hyena15un9f,cmmx6howt0000bi1zgfsisou2,2026-05-13 16:39:56.755,51.12414467253177,28.1,62.0,78.64,7.0,8.0,12.0,25.0
cmp4ac908007n6hyebt776dn6,cmmx6howt0000bi1zgfsisou2,2026-05-13 16:40:00.878,51.02639296187683,28.1,62.0,78.91,7.0,8.0,12.0,25.0
cmp4acc7k007p6hye91f129g2,cmmx6howt0000bi1zgfsisou2,2026-05-13 16:40:05.031,51.12414467253177,28.1,62.0,78.72,7.0,8.0,12.0,25.0
cmp4acffn007r6hyep9bv08s4,cmmx6howt0000bi1zgfsisou2,2026-05-13 16:40:09.211,50.83088954056696,28.1,62.0,78.91,7.0,8.0,12.0,25.0
cmp4acimk007t6hyetdc45nuj,cmmx6howt0000bi1zgfsisou2,2026-05-13 16:40:13.345,50.9286412512219,28.1,62.0,78.42,7.0,8.0,12.0,25.0
cmp4aclsp007v6hye3gz3uw97,cmmx6howt0000bi1zgfsisou2,2026-05-13 16:40:17.479,50.83088954056696,28.0,62.0,78.68,7.0,8.0,12.0,25.0
cmp4acozr007x6hye402e89jf,cmmx6howt0000bi1zgfsisou2,2026-05-13 16:40:21.596,50.73313782991202,28.1,62.0,78.91,7.0,8.0,12.0,25.0
cmp4acs8a007z6hyedjrr2j1r,cmmx6howt0000bi1zgfsisou2,2026-05-13 16:40:25.793,50.73313782991202,28.0,62.0,78.64,7.0,8.0,12.0,25.0
cmp4acvfm00816hyepk95aeno,cmmx6howt0000bi1zgfsisou2,2026-05-13 16:40:29.961,49.16911045943304,28.0,62.0,78.68,7.0,8.0,12.0,25.0
cmp4acymk00836hyebm1kmwi9,cmmx6howt0000bi1zgfsisou2,2026-05-13 16:40:34.079,49.95112414467253,28.0,62.0,78.68,7.0,8.0,12.0,25.0
cmp4ad1tf00856hye71w014vr,cmmx6howt0000bi1zgfsisou2,2026-05-13 16:40:38.232,50.34213098729228,28.0,62.0,78.91,7.0,8.0,12.0,25.0
cmp4ad51h00876hye7gj7f2bk,cmmx6howt0000bi1zgfsisou2,2026-05-13 16:40:42.412,50.14662756598241,28.1,62.0,78.91,7.0,8.0,12.0,25.0
cmp4ad88a00896hye66hv5p5t,cmmx6howt0000bi1zgfsisou2,2026-05-13 16:40:46.547,50.04887585532747,28.0,62.0,78.64,7.0,8.0,12.0,25.0
cmp4adbf5008b6hye2gzcy8vt,cmmx6howt0000bi1zgfsisou2,2026-05-13 16:40:50.675,50.34213098729228,28.0,62.0,78.87,7.0,8.0,12.0,25.0
cmp4adels008d6hyey6o2hzxh,cmmx6howt0000bi1zgfsisou2,2026-05-13 16:40:54.812,49.95112414467253,28.0,62.0,78.45,7.0,8.0,12.0,25.0
cmp4adhsi008f6hyeqf26e41c,cmmx6howt0000bi1zgfsisou2,2026-05-13 16:40:58.937,50.14662756598241,28.0,62.0,78.91,7.0,8.0,12.0,25.0
cmp4adl08008h6hye44tnqpmh,cmmx6howt0000bi1zgfsisou2,2026-05-13 16:41:03.103,48.48484848484848,28.0,62.0,78.68,7.0,8.0,12.0,25.0
cmp4ado6d008j6hyetvxzu2v9,cmmx6howt0000bi1zgfsisou2,2026-05-13 16:41:07.217,48.7781036168133,28.0,62.0,78.87,7.0,8.0,12.0,25.0
cmp4adre9008l6hyetcu4pfr0,cmmx6howt0000bi1zgfsisou2,2026-05-13 16:41:11.378,48.58260019550342,28.0,62.0,78.87,7.0,8.0,12.0,25.0
cmp4aduko008n6hye7m2bmbtc,cmmx6howt0000bi1zgfsisou2,2026-05-13 16:41:15.487,48.68035190615836,28.0,62.0,78.68,7.0,8.0,12.0,25.0
cmp4adxrg008p6hyewc2ltifl,cmmx6howt0000bi1zgfsisou2,2026-05-13 16:41:19.636,49.26686217008798,28.0,62.0,78.91,7.0,8.0,12.0,25.0
cmp4ae0xu008r6hyebpwtgaru,cmmx6howt0000bi1zgfsisou2,2026-05-13 16:41:23.735,49.26686217008798,28.0,62.0,78.68,7.0,8.0,12.0,25.0
cmp4ae45d008t6hye89k7rx6g,cmmx6howt0000bi1zgfsisou2,2026-05-13 16:41:27.916,49.26686217008798,28.0,62.0,78.68,7.0,8.0,12.0,25.0
cmp4ae7d6008v6hyeh7wxm0ne,cmmx6howt0000bi1zgfsisou2,2026-05-13 16:41:32.062,49.36461388074292,28.0,62.0,78.68,7.0,8.0,12.0,25.0
cmp4aeajj008x6hyec13vzs3l,cmmx6howt0000bi1zgfsisou2,2026-05-13 16:41:36.202,49.26686217008798,28.0,62.0,78.91,7.0,8.0,12.0,25.0
cmp4aedqs008z6hyewq6tksgw,cmmx6howt0000bi1zgfsisou2,2026-05-13 16:41:40.326,49.36461388074292,28.0,62.0,96.78,7.0,8.0,12.0,25.0
cmp4aegx000916hye72ldsund,cmmx6howt0000bi1zgfsisou2,2026-05-13 16:41:44.464,49.46236559139785,28.0,62.0,96.75,7.0,8.0,12.0,25.0
cmp4aek4q00936hyekj83b13f,cmmx6howt0000bi1zgfsisou2,2026-05-13 16:41:48.631,49.26686217008798,28.0,63.0,96.98,7.0,8.0,12.0,25.0
cmp4aenc900956hye1vfwqn7y,cmmx6howt0000bi1zgfsisou2,2026-05-13 16:41:52.766,49.0713587487781,28.0,63.0,96.48,7.0,8.0,12.0,25.0
cmp4aeqk000976hye7d2xochq,cmmx6howt0000bi1zgfsisou2,2026-05-13 16:41:56.962,48.7781036168133,28.0,63.0,96.78,7.0,8.0,12.0,25.0
cmp4aetrd00996hyeap0ge46q,cmmx6howt0000bi1zgfsisou2,2026-05-13 16:42:01.079,48.97360703812317,28.0,63.0,97.01,7.0,8.0,12.0,25.0
cmp4aewwk009b6hye121kryf0,cmmx6howt0000bi1zgfsisou2,2026-05-13 16:42:05.170,48.68035190615836,28.0,63.0,96.56,7.0,8.0,12.0,25.0
cmp4af03i009d6hyetirb4fhs,cmmx6howt0000bi1zgfsisou2,2026-05-13 16:42:09.296,48.58260019550342,28.0,63.0,96.78,7.0,8.0,12.0,25.0
cmp4af3a1009f6hyeh8jdqprx,cmmx6howt0000bi1zgfsisou2,2026-05-13 16:42:13.416,48.68035190615836,28.0,63.0,96.98,7.0,8.0,12.0,25.0
cmp4af6hx009h6hyeyqjpq98a,cmmx6howt0000bi1zgfsisou2,2026-05-13 16:42:17.595,48.87585532746823,28.0,63.0,96.63,7.0,8.0,12.0,25.0
cmp4af9ot009j6hyeb11ubwsc,cmmx6howt0000bi1zgfsisou2,2026-05-13 16:42:21.734,48.48484848484848,28.0,63.0,96.75,7.0,8.0,12.0,25.0
cmp4afcvb009l6hyezv7418yd,cmmx6howt0000bi1zgfsisou2,2026-05-13 16:42:25.874,48.38709677419355,28.0,63.0,97.01,7.0,8.0,12.0,25.0
cmp4afg24009n6hyerdjxcw5g,cmmx6howt0000bi1zgfsisou2,2026-05-13 16:42:30.001,48.38709677419355,28.0,63.0,96.78,7.0,8.0,12.0,25.0
cmp4afj91009p6hyeka26fotr,cmmx6howt0000bi1zgfsisou2,2026-05-13 16:42:34.137,48.38709677419355,28.0,63.0,96.56,7.0,8.0,12.0,25.0
cmp4afmfl009r6hye230ydpz2,cmmx6howt0000bi1zgfsisou2,2026-05-13 16:42:38.241,48.48484848484848,28.0,63.0,96.94,7.0,8.0,12.0,25.0
cmp4afpmw009t6hyeuvklu9pc,cmmx6howt0000bi1zgfsisou2,2026-05-13 16:42:42.394,48.48484848484848,28.0,62.0,96.78,7.0,8.0,12.0,25.0
cmp4afsub009v6hye46m1cvpi,cmmx6howt0000bi1zgfsisou2,2026-05-13 16:42:46.575,48.48484848484848,28.0,62.0,96.75,7.0,8.0,12.0,25.0
cmp4afw28009x6hyekfvxz7hv,cmmx6howt0000bi1zgfsisou2,2026-05-13 16:42:50.718,48.58260019550342,28.0,62.0,96.71,7.0,8.0,12.0,25.0
cmp4afz9u009z6hyefk7c8mzz,cmmx6howt0000bi1zgfsisou2,2026-05-13 16:42:54.903,48.48484848484848,28.0,62.0,97.01,7.0,8.0,12.0,25.0
cmp4ag2id00a16hye29rofh4q,cmmx6howt0000bi1zgfsisou2,2026-05-13 16:42:59.081,48.48484848484848,28.0,62.0,96.78,7.0,8.0,12.0,25.0
cmp4ag5p800a36hyenm3ejsbj,cmmx6howt0000bi1zgfsisou2,2026-05-13 16:43:03.215,48.38709677419355,28.0,62.0,96.78,7.0,8.0,12.0,25.0
cmp4ag8w700a56hyejyb8d31j,cmmx6howt0000bi1zgfsisou2,2026-05-13 16:43:07.356,48.38709677419355,28.0,62.0,96.71,7.0,8.0,12.0,25.0
cmp4agc2y00a76hyek3cklckr,cmmx6howt0000bi1zgfsisou2,2026-05-13 16:43:11.510,48.38709677419355,28.0,62.0,97.01,7.0,8.0,12.0,25.0
cmp4agf9r00a96hyeq9y28qcr,cmmx6howt0000bi1zgfsisou2,2026-05-13 16:43:15.621,48.38709677419355,28.0,62.0,96.75,7.0,8.0,12.0,25.0
cmp4agigh00ab6hyez3t3byie,cmmx6howt0000bi1zgfsisou2,2026-05-13 16:43:19.772,48.38709677419355,28.0,62.0,96.78,7.0,8.0,12.0,25.0
cmp4agln700ad6hyeme74e2i7,cmmx6howt0000bi1zgfsisou2,2026-05-13 16:43:23.879,48.38709677419355,28.0,62.0,96.78,7.0,8.0,12.0,25.0
cmp4agou800af6hyehhnu2wbr,cmmx6howt0000bi1zgfsisou2,2026-05-13 16:43:28.025,48.48484848484848,28.0,62.0,96.86,7.0,9.0,12.0,25.0
cmp4ags0q00ah6hyeg26vnr7r,cmmx6howt0000bi1zgfsisou2,2026-05-13 16:43:32.166,48.38709677419355,28.0,62.0,96.48,7.0,9.0,12.0,25.0
cmp4agv7g00aj6hyebcnijh2k,cmmx6howt0000bi1zgfsisou2,2026-05-13 16:43:36.275,48.38709677419355,28.0,62.0,96.52,7.0,9.0,12.0,25.0
cmp4agydy00al6hyepenyd775,cmmx6howt0000bi1zgfsisou2,2026-05-13 16:43:40.394,48.38709677419355,28.0,62.0,96.56,7.0,9.0,12.0,25.0
cmp4ah1k500an6hyedij3gbmc,cmmx6howt0000bi1zgfsisou2,2026-05-13 16:43:44.530,48.38709677419355,27.9,61.0,96.75,7.0,9.0,12.0,25.0
cmp4ah4qs00ap6hye5u4n5cua,cmmx6howt0000bi1zgfsisou2,2026-05-13 16:43:48.652,48.38709677419355,27.9,61.0,96.52,7.0,9.0,12.0,25.0
cmp4ah7zk00ar6hyegc06bw13,cmmx6howt0000bi1zgfsisou2,2026-05-13 16:43:52.790,48.38709677419355,27.9,61.0,96.78,7.0,9.0,12.0,25.0
cmp4ahb6000at6hyelig454u0,cmmx6howt0000bi1zgfsisou2,2026-05-13 16:43:56.979,48.38709677419355,27.9,61.0,96.71,7.0,9.0,12.0,25.0
cmp4ahede00av6hyezm8hb8kh,cmmx6howt0000bi1zgfsisou2,2026-05-13 16:44:01.104,48.38709677419355,27.9,61.0,96.52,7.0,9.0,12.0,25.0
cmp4ahhkb00ax6hye10477k0v,cmmx6howt0000bi1zgfsisou2,2026-05-13 16:44:05.252,48.38709677419355,27.9,61.0,96.78,7.0,9.0,12.0,25.0
cmp4ahkrn00az6hyezjld4qhd,cmmx6howt0000bi1zgfsisou2,2026-05-13 16:44:09.394,48.38709677419355,27.9,61.0,96.71,7.0,9.0,12.0,25.0
cmp4aho0m00b16hyezugvb3a5,cmmx6howt0000bi1zgfsisou2,2026-05-13 16:44:13.603,48.38709677419355,27.9,61.0,96.63,7.0,9.0,12.0,25.0
cmp4ahr7g00b36hye2qecuzvb,cmmx6howt0000bi1zgfsisou2,2026-05-13 16:44:17.764,48.28934506353861,27.9,61.0,96.75,7.0,9.0,12.0,25.0
cmp4ahue000b56hyes9fya4zn,cmmx6howt0000bi1zgfsisou2,2026-05-13 16:44:21.887,48.38709677419355,27.9,61.0,96.78,7.0,9.0,12.0,25.0
cmp4ahxl700b76hyes0gegk16,cmmx6howt0000bi1zgfsisou2,2026-05-13 16:44:26.022,48.38709677419355,27.9,61.0,96.71,7.0,9.0,12.0,25.0
cmp4ai0tg00b96hyexavpmxqj,cmmx6howt0000bi1zgfsisou2,2026-05-13 16:44:30.200,48.28934506353861,27.9,61.0,96.71,7.0,9.0,12.0,25.0
cmp4ai3zu00bb6hyemw8wdrt4,cmmx6howt0000bi1zgfsisou2,2026-05-13 16:44:34.343,48.28934506353861,27.9,61.0,96.78,7.0,9.0,12.0,25.0
cmp4ai78800bd6hyezbnsxn2i,cmmx6howt0000bi1zgfsisou2,2026-05-13 16:44:38.496,48.28934506353861,27.9,61.0,96.78,7.0,9.0,12.0,25.0
cmp4aiafx00bf6hyejlfczcky,cmmx6howt0000bi1zgfsisou2,2026-05-13 16:44:42.682,48.28934506353861,27.9,61.0,96.75,7.0,9.0,12.0,25.0
cmp4aidni00bh6hyet1f2886k,cmmx6howt0000bi1zgfsisou2,2026-05-13 16:44:46.832,48.28934506353861,27.9,61.0,96.56,7.0,9.0,12.0,25.0
cmp4aigup00bj6hyezyt9jpm3,cmmx6howt0000bi1zgfsisou2,2026-05-13 16:44:50.985,48.19159335288368,27.9,61.0,96.78,7.0,9.0,12.0,25.0
cmp4aik2800bl6hyepghmu0re,cmmx6howt0000bi1zgfsisou2,2026-05-13 16:44:55.144,48.19159335288368,27.9,61.0,96.78,7.0,9.0,12.0,25.0
cmp4ain9x00bn6hye8gaubxlv,cmmx6howt0000bi1zgfsisou2,2026-05-13 16:44:59.321,48.19159335288368,27.8,61.0,96.56,7.0,9.0,12.0,25.0
cmp4aiqid00bp6hyes9j6kk8k,cmmx6howt0000bi1zgfsisou2,2026-05-13 16:45:03.495,48.28934506353861,27.8,61.0,96.98,7.0,9.0,12.0,25.0
cmp4aitpn00br6hyelwse9m59,cmmx6howt0000bi1zgfsisou2,2026-05-13 16:45:07.659,48.28934506353861,27.8,61.0,96.78,7.0,9.0,12.0,25.0
cmp4aiwx200bt6hye6ycjvkjh,cmmx6howt0000bi1zgfsisou2,2026-05-13 16:45:11.820,48.19159335288368,27.8,61.0,96.75,7.0,9.0,12.0,25.0
cmp4aj04500bv6hyebbsnqphf,cmmx6howt0000bi1zgfsisou2,2026-05-13 16:45:15.966,48.19159335288368,27.8,61.0,96.78,7.0,9.0,12.0,25.0
cmp4aj3br00bx6hye00r1sr3i,cmmx6howt0000bi1zgfsisou2,2026-05-13 16:45:20.128,48.19159335288368,27.8,61.0,96.94,7.0,9.0,12.0,25.0
cmp4aj6i300bz6hyeq2af95nq,cmmx6howt0000bi1zgfsisou2,2026-05-13 16:45:24.245,48.19159335288368,27.8,61.0,96.78,7.0,9.0,12.0,25.0
cmp4aj9oi00c16hyer1u9o0ji,cmmx6howt0000bi1zgfsisou2,2026-05-13 16:45:28.369,48.19159335288368,27.8,61.0,96.75,7.0,9.0,12.0,25.0
cmp4ajcub00c36hye4igzbpjf,cmmx6howt0000bi1zgfsisou2,2026-05-13 16:45:32.446,48.19159335288368,27.8,61.0,96.67,7.0,9.0,12.0,25.0
cmp4ajg0s00c56hye7qxdq9v9,cmmx6howt0000bi1zgfsisou2,2026-05-13 16:45:36.586,48.19159335288368,27.8,61.0,97.01,7.0,9.0,12.0,25.0
cmp4ajj6q00c76hye48c307ae,cmmx6howt0000bi1zgfsisou2,2026-05-13 16:45:40.664,48.19159335288368,27.8,62.0,96.78,7.0,9.0,12.0,25.0
cmp4ajmdp00c96hyeh8xe05an,cmmx6howt0000bi1zgfsisou2,2026-05-13 16:45:44.803,48.19159335288368,27.8,62.0,96.56,7.0,9.0,12.0,25.0
cmp4ajpky00cb6hyem4frgmvn,cmmx6howt0000bi1zgfsisou2,2026-05-13 16:45:48.951,48.19159335288368,27.8,61.0,96.56,7.0,9.0,12.0,25.0
cmp4ajsre00cd6hye55sfnest,cmmx6howt0000bi1zgfsisou2,2026-05-13 16:45:53.069,48.19159335288368,27.8,61.0,96.56,7.0,9.0,12.0,25.0
cmp4ajvyk00cf6hyec2mkbes5,cmmx6howt0000bi1zgfsisou2,2026-05-13 16:45:57.218,48.09384164222874,27.8,61.0,96.56,7.0,9.0,12.0,25.0
cmp4ajz6d00ch6hyecof9umts,cmmx6howt0000bi1zgfsisou2,2026-05-13 16:46:01.382,48.09384164222874,27.8,62.0,96.56,7.0,9.0,12.0,25.0
cmp4ak2di00cj6hyeb1gkx484,cmmx6howt0000bi1zgfsisou2,2026-05-13 16:46:05.536,48.09384164222874,27.8,62.0,96.94,7.0,9.0,12.0,25.0
cmp4ak5ke00cl6hyee4wovzir,cmmx6howt0000bi1zgfsisou2,2026-05-13 16:46:09.664,48.09384164222874,27.8,62.0,96.78,7.0,9.0,12.0,25.0
cmp4ak8r300cn6hyev246miwm,cmmx6howt0000bi1zgfsisou2,2026-05-13 16:46:13.796,48.09384164222874,27.8,62.0,96.71,7.0,9.0,12.0,25.0
cmp4akbym00cp6hyevyfps2au,cmmx6howt0000bi1zgfsisou2,2026-05-13 16:46:17.937,47.99608993157381,27.8,61.0,96.78,7.0,9.0,12.0,25.0
cmp4akf6e00cr6hye7ra0wkx7,cmmx6howt0000bi1zgfsisou2,2026-05-13 16:46:22.099,47.99608993157381,27.8,61.0,96.98,7.0,9.0,12.0,25.0
cmp4akicf00ct6hyex6ar5bq1,cmmx6howt0000bi1zgfsisou2,2026-05-13 16:46:26.234,47.99608993157381,27.8,61.0,96.78,7.0,9.0,12.0,25.0
cmp4akljt00cv6hyeud7gyyjl,cmmx6howt0000bi1zgfsisou2,2026-05-13 16:46:30.376,47.99608993157381,27.8,61.0,96.78,7.0,9.0,12.0,25.0
cmp4akoqk00cx6hyekxpkihfk,cmmx6howt0000bi1zgfsisou2,2026-05-13 16:46:34.499,47.99608993157381,27.8,61.0,96.75,7.0,9.0,12.0,25.0
cmp4akry700cz6hyexxjvr7l7,cmmx6howt0000bi1zgfsisou2,2026-05-13 16:46:38.692,47.99608993157381,27.8,61.0,97.01,7.0,9.0,12.0,25.0
cmp4akv4l00d16hyek7l20ywi,cmmx6howt0000bi1zgfsisou2,2026-05-13 16:46:42.813,47.89833822091887,27.8,61.0,96.78,7.0,9.0,12.0,25.0
cmp4akyam00d36hyeqz1fvjbj,cmmx6howt0000bi1zgfsisou2,2026-05-13 16:46:46.920,47.89833822091887,27.8,61.0,96.71,7.0,9.0,12.0,25.0
cmp4al1ft00d56hye6lhyiker,cmmx6howt0000bi1zgfsisou2,2026-05-13 16:46:51.000,47.99608993157381,27.8,61.0,96.78,7.0,9.0,12.0,25.0
cmp4al4o400d76hyez378x3eh,cmmx6howt0000bi1zgfsisou2,2026-05-13 16:46:55.132,47.99608993157381,27.8,61.0,96.98,7.0,9.0,12.0,25.0
cmp4al7vl00d96hyeocdoxv0n,cmmx6howt0000bi1zgfsisou2,2026-05-13 16:46:59.299,47.89833822091887,27.8,61.0,96.78,7.0,9.0,12.0,25.0
cmp4alb2500db6hyeny8nxyb2,cmmx6howt0000bi1zgfsisou2,2026-05-13 16:47:03.451,47.89833822091887,27.8,61.0,96.71,7.0,9.0,12.0,25.0
cmp4ale8v00dd6hyek08gdu9b,cmmx6howt0000bi1zgfsisou2,2026-05-13 16:47:07.583,47.89833822091887,27.8,61.0,96.78,7.0,9.0,12.0,25.0
cmp4alhgx00df6hye2myb8kee,cmmx6howt0000bi1zgfsisou2,2026-05-13 16:47:11.709,47.99608993157381,27.8,61.0,96.98,7.0,9.0,12.0,25.0
cmp4alko600dh6hyebtrydcph,cmmx6howt0000bi1zgfsisou2,2026-05-13 16:47:15.914,47.89833822091887,27.8,61.0,96.78,7.0,9.0,12.0,25.0
cmp4alo9q00dj6hyeus129lae,cmmx6howt0000bi1zgfsisou2,2026-05-13 16:47:20.104,47.89833822091887,27.8,61.0,96.67,7.0,9.0,12.0,25.0
cmp4als1t00dl6hye9lqnunzq,cmmx6howt0000bi1zgfsisou2,2026-05-13 16:47:24.941,47.89833822091887,27.8,61.0,96.75,7.0,9.0,12.0,25.0
cmp4alvow00dn6hyem4z7evhg,cmmx6howt0000bi1zgfsisou2,2026-05-13 16:47:29.770,47.80058651026393,27.8,61.0,97.01,7.0,9.0,12.0,25.0
cmp4alyz400dp6hyenw202r96,cmmx6howt0000bi1zgfsisou2,2026-05-13 16:47:34.443,47.80058651026393,27.8,61.0,96.75,7.0,9.0,12.0,25.0
cmp4am26900dr6hyerboj92dr,cmmx6howt0000bi1zgfsisou2,2026-05-13 16:47:38.594,47.89833822091887,27.8,61.0,96.78,7.0,9.0,12.0,25.0
cmp4am5cx00dt6hye5s3xqv7e,cmmx6howt0000bi1zgfsisou2,2026-05-13 16:47:42.721,47.89833822091887,27.8,61.0,96.78,7.0,9.0,12.0,25.0
cmp4am8k100dv6hye46uj4pt0,cmmx6howt0000bi1zgfsisou2,2026-05-13 16:47:46.866,47.89833822091887,27.8,61.0,96.94,7.0,9.0,12.0,25.0
cmp4ambrn00dx6hye9tg0ocjc,cmmx6howt0000bi1zgfsisou2,2026-05-13 16:47:51.011,47.89833822091887,27.8,61.0,96.75,7.0,9.0,12.0,25.0
cmp4amezp00dz6hye66w6q64f,cmmx6howt0000bi1zgfsisou2,2026-05-13 16:47:55.207,47.89833822091887,27.8,61.0,96.78,7.0,9.0,12.0,25.0
cmp4ami7700e16hyeik3hwrx2,cmmx6howt0000bi1zgfsisou2,2026-05-13 16:47:59.350,47.89833822091887,27.8,61.0,96.75,7.0,9.0,12.0,25.0
cmp4amle000e36hyestbiz73g,cmmx6howt0000bi1zgfsisou2,2026-05-13 16:48:03.500,47.99608993157381,27.8,61.0,97.01,7.0,9.0,12.0,25.0
cmp4amojz00e56hyepor1iz1c,cmmx6howt0000bi1zgfsisou2,2026-05-13 16:48:07.605,47.89833822091887,27.8,61.0,96.78,7.0,9.0,12.0,25.0
cmp4amrpg00e76hyeb2n6skq6,cmmx6howt0000bi1zgfsisou2,2026-05-13 16:48:11.697,47.99608993157381,27.8,61.0,96.71,7.0,9.0,12.0,25.0
cmp4amuwg00e96hye6ep5ays4,cmmx6howt0000bi1zgfsisou2,2026-05-13 16:48:15.825,47.89833822091887,27.8,61.0,96.75,7.0,9.0,12.0,25.0
cmp4amy3w00eb6hyei83h7xcz,cmmx6howt0000bi1zgfsisou2,2026-05-13 16:48:19.976,47.99608993157381,27.8,61.0,96.94,7.0,9.0,12.0,25.0
cmp4an1b100ed6hyet236juuc,cmmx6howt0000bi1zgfsisou2,2026-05-13 16:48:24.124,47.89833822091887,27.8,61.0,96.75,7.0,9.0,12.0,25.0
cmp4an4ie00ef6hyelilfptwc,cmmx6howt0000bi1zgfsisou2,2026-05-13 16:48:28.275,47.99608993157381,27.8,61.0,96.75,7.0,9.0,12.0,25.0
cmp4an7pb00eh6hyewusrxh61,cmmx6howt0000bi1zgfsisou2,2026-05-13 16:48:32.415,47.89833822091887,27.8,61.0,96.78,7.0,9.0,12.0,25.0
cmp4anaw400ej6hyebb441mz0,cmmx6howt0000bi1zgfsisou2,2026-05-13 16:48:36.539,47.89833822091887,27.7,61.0,97.01,7.0,9.0,12.0,25.0
cmp4ane2p00el6hyep1hlkx9a,cmmx6howt0000bi1zgfsisou2,2026-05-13 16:48:40.675,47.89833822091887,27.8,61.0,96.78,7.0,9.0,12.0,25.0
cmp4anha400en6hyeotsmsoho,cmmx6howt0000bi1zgfsisou2,2026-05-13 16:48:44.806,47.80058651026393,27.8,61.0,96.75,7.0,9.0,12.0,25.0
cmp4ankhw00ep6hyeo83gaero,cmmx6howt0000bi1zgfsisou2,2026-05-13 16:48:48.988,47.89833822091887,27.8,61.0,97.01,7.0,9.0,12.0,25.0
cmp4annp600er6hyesng0ufjm,cmmx6howt0000bi1zgfsisou2,2026-05-13 16:48:53.145,47.80058651026393,27.7,61.0,96.71,7.0,9.0,12.0,25.0
cmp4anqw800et6hyekwumaxsh,cmmx6howt0000bi1zgfsisou2,2026-05-13 16:48:57.273,47.89833822091887,27.7,61.0,96.75,7.0,9.0,12.0,25.0
cmp4anu4100ev6hye8gqyu5fb,cmmx6howt0000bi1zgfsisou2,2026-05-13 16:49:01.458,47.80058651026393,27.7,61.0,96.75,7.0,9.0,12.0,25.0
cmp4anxby00ex6hyei3vbn6ic,cmmx6howt0000bi1zgfsisou2,2026-05-13 16:49:05.625,47.70283479960899,27.7,61.0,96.71,7.0,8.0,11.0,21.0
cmp4ao0it00ez6hyeoohb1r9a,cmmx6howt0000bi1zgfsisou2,2026-05-13 16:49:09.767,47.80058651026393,27.7,61.0,96.78,7.0,5.0,7.0,13.0
cmp4ao3r000f16hyeioxlegmq,cmmx6howt0000bi1zgfsisou2,2026-05-13 16:49:13.924,47.89833822091887,27.8,61.0,96.71,7.0,1.0,2.0,3.0
cmp4ao6xn00f36hyea5u8unta,cmmx6howt0000bi1zgfsisou2,2026-05-13 16:49:18.076,47.89833822091887,27.7,61.0,96.98,7.0,0.0,0.0,0.0
cmp4aoa5o00f56hye7c7qpqgr,cmmx6howt0000bi1zgfsisou2,2026-05-13 16:49:22.244,47.99608993157381,27.8,62.0,96.78,7.0,0.0,0.0,0.0
cmp4aodde00f76hyes5imr8ts,cmmx6howt0000bi1zgfsisou2,2026-05-13 16:49:26.421,47.99608993157381,27.7,62.0,96.78,7.0,1.0,2.0,4.0
cmp4aogkt00f96hyehkj9buz8,cmmx6howt0000bi1zgfsisou2,2026-05-13 16:49:30.562,47.99608993157381,27.7,62.0,96.52,7.0,2.0,3.0,7.0
cmp4aojuu00fb6hyehq6rl8m3,cmmx6howt0000bi1zgfsisou2,2026-05-13 16:49:34.715,47.99608993157381,27.8,62.0,96.56,7.0,3.0,4.0,9.0
cmp4aon2u00fd6hyedn6sdt3r,cmmx6howt0000bi1zgfsisou2,2026-05-13 16:49:38.993,48.09384164222874,27.8,62.0,96.75,7.0,3.0,5.0,10.0
cmp4aqptv0001jkjrieolix7y,cmmx6howt0000bi1zgfsisou2,2026-05-13 16:51:15.849,72.23851417399804,27.6,63.0,42.93,7.0,9.0,12.0,25.0
cmp4aqt110003jkjrupp13o2x,cmmx6howt0000bi1zgfsisou2,2026-05-13 16:51:20.019,72.23851417399804,27.6,63.0,42.93,7.0,9.0,12.0,25.0
cmp4aqw8g0005jkjr4so6p5z3,cmmx6howt0000bi1zgfsisou2,2026-05-13 16:51:24.177,72.33626588465299,27.6,63.0,42.71,7.0,9.0,12.0,25.0
cmp4aqzft0007jkjrnyr2tjsr,cmmx6howt0000bi1zgfsisou2,2026-05-13 16:51:28.314,72.33626588465299,27.6,63.0,42.71,7.0,9.0,12.0,25.0
cmp4ar2mj0009jkjr4toobm3h,cmmx6howt0000bi1zgfsisou2,2026-05-13 16:51:32.450,72.23851417399804,27.7,63.0,42.93,7.0,9.0,12.0,25.0
cmp4ar5tb000bjkjrz91qfu0b,cmmx6howt0000bi1zgfsisou2,2026-05-13 16:51:36.579,72.33626588465299,27.7,63.0,42.93,7.0,9.0,12.0,25.0
cmp4ar912000djkjrmeegth5g,cmmx6howt0000bi1zgfsisou2,2026-05-13 16:51:40.741,72.23851417399804,27.7,63.0,42.67,7.0,9.0,12.0,25.0
cmp4arc9t000fjkjrhqrfm1mn,cmmx6howt0000bi1zgfsisou2,2026-05-13 16:51:44.952,72.14076246334311,27.7,63.0,42.67,7.0,9.0,12.0,25.0
cmp4arfh8000hjkjrqujudk2w,cmmx6howt0000bi1zgfsisou2,2026-05-13 16:51:49.104,71.65200391006843,27.7,62.0,42.71,7.0,9.0,12.0,25.0
cmp4aripu000jjkjrdlapl2s2,cmmx6howt0000bi1zgfsisou2,2026-05-13 16:51:53.300,70.67448680351906,27.7,63.0,31.5,7.0,9.0,12.0,12.0
cmp4arlws000ljkjrmppw6qg9,cmmx6howt0000bi1zgfsisou2,2026-05-13 16:51:57.452,71.5542521994135,27.7,62.0,93.13,7.0,12.0,12.0,12.0
cmp4arp4m000njkjrprnwp50d,cmmx6howt0000bi1zgfsisou2,2026-05-13 16:52:01.603,70.96774193548387,27.7,62.0,93.09,7.0,1.0,1.0,6.0
cmp4arsbc000pjkjrb37vqeon,cmmx6howt0000bi1zgfsisou2,2026-05-13 16:52:05.758,71.94525904203324,27.7,62.0,93.32,7.0,6.0,9.0,19.0
cmp4as1rc000rjkjru76a7gc4,cmmx6howt0000bi1zgfsisou2,2026-05-13 16:52:09.930,71.74975562072336,27.7,62.0,93.09,7.0,7.0,11.0,22.0
cmp4as4zw000tjkjr3u2lgblh,cmmx6howt0000bi1zgfsisou2,2026-05-13 16:52:22.141,71.94525904203324,27.7,62.0,93.16,7.0,8.0,12.0,25.0
cmp4as887000vjkjrjdokz465,cmmx6howt0000bi1zgfsisou2,2026-05-13 16:52:26.357,71.8475073313783,27.7,62.0,93.13,7.0,9.0,12.0,12.0
cmp4asbgq000xjkjrwhw55hd0,cmmx6howt0000bi1zgfsisou2,2026-05-13 16:52:30.545,60.11730205278592,27.7,62.0,93.16,7.0,12.0,12.0,12.0
cmp4aseoy000zjkjr6hx5bycs,cmmx6howt0000bi1zgfsisou2,2026-05-13 16:52:34.739,52.29716520039101,27.7,61.0,93.16,7.0,12.0,12.0,12.0
cmp4ashwq0011jkjrwhbf0wjw,cmmx6howt0000bi1zgfsisou2,2026-05-13 16:52:38.905,50.24437927663734,27.7,61.0,92.9,7.0,12.0,12.0,12.0
cmp4asl400013jkjro16safs8,cmmx6howt0000bi1zgfsisou2,2026-05-13 16:52:43.055,50.9286412512219,27.6,61.0,93.16,7.0,12.0,12.0,12.0
cmp4asod10015jkjri8qz7pxn,cmmx6howt0000bi1zgfsisou2,2026-05-13 16:52:47.269,50.73313782991202,27.6,61.0,93.16,7.0,12.0,12.0,12.0
cmp4asrkv0017jkjrsej59yxm,cmmx6howt0000bi1zgfsisou2,2026-05-13 16:52:51.446,50.9286412512219,27.6,61.0,93.16,7.0,12.0,12.0,12.0
cmp4asurk0019jkjrb6z85fu6,cmmx6howt0000bi1zgfsisou2,2026-05-13 16:52:55.570,51.12414467253177,27.6,61.0,92.94,7.0,12.0,12.0,12.0
cmp4asy0u001bjkjrlya7jzec,cmmx6howt0000bi1zgfsisou2,2026-05-13 16:52:59.785,51.02639296187683,27.6,61.0,93.16,7.0,12.0,12.0,12.0
cmp4at187001djkjrzhg21gre,cmmx6howt0000bi1zgfsisou2,2026-05-13 16:53:03.957,50.73313782991202,27.6,61.0,92.94,7.0,12.0,12.0,12.0
cmp4at4gb001fjkjrysaakrcj,cmmx6howt0000bi1zgfsisou2,2026-05-13 16:53:08.125,50.73313782991202,27.6,61.0,93.09,7.0,12.0,12.0,12.0
cmp4at7no001hjkjrymg37q6j,cmmx6howt0000bi1zgfsisou2,2026-05-13 16:53:12.278,50.83088954056696,27.6,61.0,93.13,7.0,12.0,12.0,12.0
cmp4atavt001jjkjrwu4moh0h,cmmx6howt0000bi1zgfsisou2,2026-05-13 16:53:16.457,52.00391006842619,27.6,61.0,69.5,7.0,12.0,12.0,208.0
cmp4ate3t001ljkjr3r6mtisi,cmmx6howt0000bi1zgfsisou2,2026-05-13 16:53:20.610,52.39491691104594,27.6,61.0,31.27,7.0,6.0,9.0,18.0
cmp4athat001njkjrrdoecs73,cmmx6howt0000bi1zgfsisou2,2026-05-13 16:53:24.775,52.29716520039101,27.6,61.0,31.5,7.0,7.0,10.0,22.0
cmp4atki6001pjkjr6uh4gugm,cmmx6howt0000bi1zgfsisou2,2026-05-13 16:53:28.928,52.19941348973607,27.6,61.0,31.27,7.0,8.0,12.0,24.0
cmp4atnpb001rjkjruexqfhgr,cmmx6howt0000bi1zgfsisou2,2026-05-13 16:53:33.093,52.19941348973607,27.6,61.0,15.57,7.0,9.0,12.0,25.0
cmp4atqvy001tjkjrkf1mpfva,cmmx6howt0000bi1zgfsisou2,2026-05-13 16:53:37.205,52.19941348973607,27.6,61.0,8.63,7.0,9.0,12.0,25.0
cmp4atu3z001vjkjrqlxmtf3f,cmmx6howt0000bi1zgfsisou2,2026-05-13 16:53:41.383,59.33528836754643,27.6,62.0,27.69,7.0,9.0,12.0,25.0
cmp4atxab001xjkjr5pc8kxea,cmmx6howt0000bi1zgfsisou2,2026-05-13 16:53:45.521,52.10166177908113,27.6,62.0,27.69,7.0,9.0,12.0,25.0
cmp4au0g9001zjkjrsz76uvam,cmmx6howt0000bi1zgfsisou2,2026-05-13 16:53:49.622,52.10166177908113,27.6,62.0,27.69,7.0,9.0,12.0,25.0
cmp4au3lw0021jkjrdxh6aor7,cmmx6howt0000bi1zgfsisou2,2026-05-13 16:53:53.715,52.10166177908113,27.6,62.0,0.0,7.0,9.0,12.0,25.0
cmp4au6s20023jkjr21zaed5u,cmmx6howt0000bi1zgfsisou2,2026-05-13 16:53:57.811,59.33528836754643,27.6,62.0,0.0,7.0,9.0,12.0,25.0
cmp4aua0s0025jkjrp694mn14,cmmx6howt0000bi1zgfsisou2,2026-05-13 16:54:01.967,59.33528836754643,27.6,62.0,0.0,7.0,9.0,12.0,25.0
cmp4aud840027jkjrs0xddhfj,cmmx6howt0000bi1zgfsisou2,2026-05-13 16:54:06.154,59.33528836754643,27.6,62.0,0.0,7.0,9.0,12.0,25.0
cmp4augfm0029jkjrgpz08rp2,cmmx6howt0000bi1zgfsisou2,2026-05-13 16:54:10.320,59.33528836754643,27.6,62.0,0.0,7.0,9.0,12.0,25.0
cmp4aujm2002bjkjrsna1prj2,cmmx6howt0000bi1zgfsisou2,2026-05-13 16:54:14.429,59.33528836754643,27.6,62.0,0.0,7.0,9.0,12.0,25.0
cmp4aumss002djkjrx1fohkdo,cmmx6howt0000bi1zgfsisou2,2026-05-13 16:54:18.588,59.33528836754643,27.6,62.0,0.0,7.0,9.0,12.0,25.0
cmp4aupza002fjkjr5hpmjqnp,cmmx6howt0000bi1zgfsisou2,2026-05-13 16:54:22.688,59.33528836754643,27.6,62.0,0.0,7.0,9.0,12.0,25.0
cmp4aut4s002hjkjr2241eesa,cmmx6howt0000bi1zgfsisou2,2026-05-13 16:54:26.797,59.23753665689149,27.6,62.0,0.0,7.0,9.0,12.0,25.0
cmp4auwb0002jjkjrufy8ptfx,cmmx6howt0000bi1zgfsisou2,2026-05-13 16:54:30.905,59.23753665689149,27.6,62.0,0.0,7.0,9.0,12.0,25.0
cmp4auzgc002ljkjrit7lab0x,cmmx6howt0000bi1zgfsisou2,2026-05-13 16:54:34.985,59.23753665689149,27.6,62.0,0.0,7.0,9.0,12.0,25.0
cmp4av2m6002njkjrivusefno,cmmx6howt0000bi1zgfsisou2,2026-05-13 16:54:39.078,59.04203323558161,27.6,62.0,0.0,7.0,9.0,12.0,25.0
cmp4av5t2002pjkjrux3t9z39,cmmx6howt0000bi1zgfsisou2,2026-05-13 16:54:43.188,59.04203323558161,27.6,62.0,0.0,7.0,9.0,12.0,25.0
cmp4av92j002rjkjr2qa4lcfv,cmmx6howt0000bi1zgfsisou2,2026-05-13 16:54:47.432,59.04203323558161,27.6,62.0,0.0,7.0,9.0,12.0,25.0
cmp4avcbw002tjkjrad03ply5,cmmx6howt0000bi1zgfsisou2,2026-05-13 16:54:51.650,59.13978494623655,27.6,62.0,0.0,7.0,9.0,12.0,25.0
cmp4avfha002vjkjrgdhjx5fd,cmmx6howt0000bi1zgfsisou2,2026-05-13 16:54:55.756,59.13978494623655,27.6,62.0,0.0,7.0,9.0,12.0,25.0
cmp4avinr002xjkjrmpmq2ui2,cmmx6howt0000bi1zgfsisou2,2026-05-13 16:54:59.844,59.13978494623655,27.6,62.0,0.0,7.0,9.0,12.0,25.0
cmp4avlu0002zjkjr7yn4ufrz,cmmx6howt0000bi1zgfsisou2,2026-05-13 16:55:03.980,59.04203323558161,27.6,62.0,0.0,7.0,9.0,12.0,25.0
cmp4avp330031jkjr2c8hjzku,cmmx6howt0000bi1zgfsisou2,2026-05-13 16:55:08.191,59.04203323558161,27.6,62.0,0.0,7.0,9.0,12.0,25.0
cmp4avscd0033jkjrdm0o44lf,cmmx6howt0000bi1zgfsisou2,2026-05-13 16:55:12.356,59.13978494623655,27.6,62.0,0.0,7.0,9.0,12.0,25.0
cmp4avvjm0035jkjrjqee4571,cmmx6howt0000bi1zgfsisou2,2026-05-13 16:55:16.562,59.13978494623655,27.6,62.0,0.0,7.0,9.0,12.0,25.0
cmp4avyqj0037jkjruc0qkfip,cmmx6howt0000bi1zgfsisou2,2026-05-13 16:55:20.698,59.13978494623655,27.6,62.0,0.0,7.0,9.0,12.0,25.0
cmp4aw1z30039jkjrqmct0ahk,cmmx6howt0000bi1zgfsisou2,2026-05-13 16:55:24.866,59.13978494623655,27.6,62.0,0.0,7.0,9.0,12.0,25.0
cmp4aw56m003bjkjroo2daz9d,cmmx6howt0000bi1zgfsisou2,2026-05-13 16:55:29.049,59.13978494623655,27.6,62.0,0.0,7.0,9.0,12.0,25.0
cmp4aw8em003djkjrgtkwb9it,cmmx6howt0000bi1zgfsisou2,2026-05-13 16:55:33.228,59.13978494623655,27.6,62.0,0.0,7.0,9.0,12.0,25.0
cmp4awbm6003fjkjrf85xokgs,cmmx6howt0000bi1zgfsisou2,2026-05-13 16:55:37.391,59.13978494623655,27.6,62.0,0.0,7.0,9.0,12.0,25.0
cmp4awesx003hjkjrrwbjx896,cmmx6howt0000bi1zgfsisou2,2026-05-13 16:55:41.517,59.13978494623655,27.6,62.0,0.0,7.0,9.0,12.0,25.0
cmp4awi1u003jjkjrbrh2iw4t,cmmx6howt0000bi1zgfsisou2,2026-05-13 16:55:45.690,59.13978494623655,27.6,62.0,0.0,7.0,9.0,12.0,25.0
cmp4awl9e003ljkjr54n0jt3e,cmmx6howt0000bi1zgfsisou2,2026-05-13 16:55:49.890,59.13978494623655,27.6,62.0,0.0,7.0,9.0,12.0,25.0
cmp4awog6003njkjr8farwrrf,cmmx6howt0000bi1zgfsisou2,2026-05-13 16:55:54.019,59.23753665689149,27.6,62.0,0.0,7.0,9.0,12.0,25.0
cmp4awrnn003pjkjr5bcq1p10,cmmx6howt0000bi1zgfsisou2,2026-05-13 16:55:58.180,59.13978494623655,27.6,62.0,0.0,7.0,9.0,12.0,25.0
cmp4awuuw003rjkjrdusorkle,cmmx6howt0000bi1zgfsisou2,2026-05-13 16:56:02.330,59.13978494623655,27.6,62.0,0.0,7.0,9.0,12.0,25.0
cmp4awy1o003tjkjrnf6witei,cmmx6howt0000bi1zgfsisou2,2026-05-13 16:56:06.454,59.13978494623655,27.6,62.0,0.0,7.0,9.0,13.0,26.0
cmp4ax19h003vjkjrjk5fzr3z,cmmx6howt0000bi1zgfsisou2,2026-05-13 16:56:10.628,59.13978494623655,27.6,62.0,0.0,7.0,9.0,13.0,26.0
cmp4ax4gx003xjkjro99x9xue,cmmx6howt0000bi1zgfsisou2,2026-05-13 16:56:14.786,59.13978494623655,27.6,62.0,0.0,7.0,9.0,13.0,26.0
cmp4ax7p7003zjkjrckiuhqua,cmmx6howt0000bi1zgfsisou2,2026-05-13 16:56:18.973,59.13978494623655,27.6,62.0,0.0,7.0,9.0,13.0,26.0
cmp4axawk0041jkjru4m4vdby,cmmx6howt0000bi1zgfsisou2,2026-05-13 16:56:23.121,59.13978494623655,27.6,62.0,0.0,7.0,9.0,12.0,25.0
cmp4axe4y0043jkjr2918klxv,cmmx6howt0000bi1zgfsisou2,2026-05-13 16:56:27.313,59.13978494623655,27.6,62.0,0.0,7.0,9.0,12.0,25.0
cmp4axhcw0045jkjrrj6x07bp,cmmx6howt0000bi1zgfsisou2,2026-05-13 16:56:31.480,59.13978494623655,27.6,62.0,0.0,7.0,9.0,12.0,25.0
cmp4axkkt0047jkjrx902asdu,cmmx6howt0000bi1zgfsisou2,2026-05-13 16:56:35.661,59.13978494623655,27.6,62.0,0.0,7.0,9.0,12.0,25.0
cmp4axnrq0049jkjrnga1o0ir,cmmx6howt0000bi1zgfsisou2,2026-05-13 16:56:39.795,59.04203323558161,27.6,62.0,0.0,7.0,9.0,12.0,25.0
cmp4axqz9004bjkjro390hk1q,cmmx6howt0000bi1zgfsisou2,2026-05-13 16:56:43.960,59.13978494623655,27.6,62.0,0.0,7.0,9.0,12.0,25.0
cmp4axu6w004djkjrt2ll9idz,cmmx6howt0000bi1zgfsisou2,2026-05-13 16:56:48.115,59.13978494623655,27.6,62.0,0.0,7.0,9.0,13.0,26.0
cmp4axxeq004fjkjrch5vfs0g,cmmx6howt0000bi1zgfsisou2,2026-05-13 16:56:52.283,59.04203323558161,27.6,62.0,0.0,7.0,9.0,13.0,26.0
cmp4ay0mf004hjkjr6irp038d,cmmx6howt0000bi1zgfsisou2,2026-05-13 16:56:56.437,59.04203323558161,27.6,62.0,0.0,7.0,9.0,13.0,26.0
cmp4ay3tl004jjkjr8c1r19l0,cmmx6howt0000bi1zgfsisou2,2026-05-13 16:57:00.607,59.04203323558161,27.6,62.0,0.0,7.0,9.0,12.0,25.0
cmp4ay6zz004ljkjrt3aez2r1,cmmx6howt0000bi1zgfsisou2,2026-05-13 16:57:04.721,59.04203323558161,27.6,62.0,0.0,7.0,9.0,13.0,26.0
cmp4aya77004njkjrctoefnpd,cmmx6howt0000bi1zgfsisou2,2026-05-13 16:57:08.860,59.23753665689149,27.6,62.0,100.0,7.0,9.0,13.0,26.0
cmp4aydec004pjkjrwoe3ztk4,cmmx6howt0000bi1zgfsisou2,2026-05-13 16:57:12.999,53.17693059628543,27.5,62.0,71.63,7.0,9.0,13.0,26.0
cmp4ayglo004rjkjrsmf13ee6,cmmx6howt0000bi1zgfsisou2,2026-05-13 16:57:17.157,53.27468230694037,27.5,61.0,71.67,7.0,26.0,26.0,26.0
cmp4ayjt4004tjkjr9meupzt1,cmmx6howt0000bi1zgfsisou2,2026-05-13 16:57:21.314,53.17693059628543,27.5,61.0,71.44,7.0,26.0,26.0,26.0
cmp4aymzs004vjkjrf9y2tikw,cmmx6howt0000bi1zgfsisou2,2026-05-13 16:57:25.446,53.17693059628543,27.5,61.0,71.44,7.0,26.0,26.0,26.0
cmp4ayq6w004xjkjrhwsfu73f,cmmx6howt0000bi1zgfsisou2,2026-05-13 16:57:29.597,53.17693059628543,27.5,61.0,71.67,7.0,1.0,3.0,7.0
cmp4aytel004zjkjr9kxwgxkm,cmmx6howt0000bi1zgfsisou2,2026-05-13 16:57:33.736,53.27468230694037,27.5,62.0,71.67,7.0,6.0,10.0,20.0
cmp4aywl20051jkjre0ny1pxo,cmmx6howt0000bi1zgfsisou2,2026-05-13 16:57:37.885,53.0791788856305,27.5,62.0,71.44,7.0,8.0,11.0,22.0
cmp4ayzr60053jkjro6mgpkej,cmmx6howt0000bi1zgfsisou2,2026-05-13 16:57:41.992,52.98142717497556,27.5,62.0,71.67,7.0,8.0,12.0,25.0
cmp4az2z40055jkjr85knmue2,cmmx6howt0000bi1zgfsisou2,2026-05-13 16:57:46.148,52.98142717497556,27.5,62.0,71.44,7.0,9.0,13.0,26.0
cmp4az6630057jkjrwxrb3ftp,cmmx6howt0000bi1zgfsisou2,2026-05-13 16:57:50.281,53.0791788856305,27.5,62.0,71.67,7.0,9.0,13.0,26.0
cmp4az9d90059jkjr6f25rq23,cmmx6howt0000bi1zgfsisou2,2026-05-13 16:57:54.452,52.98142717497556,27.5,62.0,71.44,7.0,9.0,13.0,26.0
cmp4azckg005bjkjrwbx1o1g1,cmmx6howt0000bi1zgfsisou2,2026-05-13 16:57:58.601,52.98142717497556,27.5,62.0,71.67,7.0,9.0,13.0,26.0
cmp4azfrr005djkjrhg1upqay,cmmx6howt0000bi1zgfsisou2,2026-05-13 16:58:02.736,52.98142717497556,27.5,62.0,71.4,7.0,9.0,13.0,26.0
cmp4aziyt005fjkjr0f6b2bvp,cmmx6howt0000bi1zgfsisou2,2026-05-13 16:58:06.863,52.68817204301075,27.5,62.0,0.0,7.0,9.0,13.0,26.0
cmp4azm6l005hjkjriuzzigq0,cmmx6howt0000bi1zgfsisou2,2026-05-13 16:58:11.041,59.23753665689149,27.5,63.0,0.0,7.0,9.0,13.0,26.0
cmp4azpdh005jjkjrdftu16q5,cmmx6howt0000bi1zgfsisou2,2026-05-13 16:58:15.167,59.23753665689149,27.5,63.0,0.0,7.0,9.0,13.0,26.0
cmp4azslx005ljkjr8524cjcz,cmmx6howt0000bi1zgfsisou2,2026-05-13 16:58:19.366,59.23753665689149,27.5,63.0,0.0,7.0,9.0,13.0,26.0
cmp4azvt2005njkjrgpvcrvqy,cmmx6howt0000bi1zgfsisou2,2026-05-13 16:58:23.516,59.23753665689149,27.5,63.0,0.0,7.0,9.0,13.0,26.0
cmp4azyz4005pjkjrix2paqq6,cmmx6howt0000bi1zgfsisou2,2026-05-13 16:58:27.647,59.23753665689149,27.5,63.0,0.0,7.0,9.0,13.0,26.0
cmp4b0268005rjkjrh3cmc0d4,cmmx6howt0000bi1zgfsisou2,2026-05-13 16:58:31.780,59.13978494623655,27.5,63.0,0.0,7.0,9.0,13.0,26.0
cmp4b05di005tjkjr7op3sg8h,cmmx6howt0000bi1zgfsisou2,2026-05-13 16:58:35.916,59.13978494623655,27.5,63.0,0.0,7.0,9.0,13.0,26.0
cmp4b08ku005vjkjr7mj3fwuf,cmmx6howt0000bi1zgfsisou2,2026-05-13 16:58:40.068,59.13978494623655,27.6,63.0,0.0,7.0,9.0,13.0,26.0
cmp4b0bqp005xjkjrqguvy669,cmmx6howt0000bi1zgfsisou2,2026-05-13 16:58:44.184,59.13978494623655,27.5,63.0,0.0,7.0,9.0,13.0,26.0
cmp4b0eyf005zjkjr049fawq2,cmmx6howt0000bi1zgfsisou2,2026-05-13 16:58:48.332,59.13978494623655,27.5,63.0,0.0,7.0,9.0,13.0,26.0
cmp4b0i5r0061jkjra6e7s42e,cmmx6howt0000bi1zgfsisou2,2026-05-13 16:58:52.491,59.13978494623655,27.5,63.0,0.0,7.0,9.0,13.0,26.0
cmp4b0ldo0063jkjr6t5et0ls,cmmx6howt0000bi1zgfsisou2,2026-05-13 16:58:56.672,59.13978494623655,27.5,63.0,0.0,7.0,9.0,13.0,26.0
cmp4b0oli0065jkjr4b6v2kcj,cmmx6howt0000bi1zgfsisou2,2026-05-13 16:59:00.821,59.13978494623655,27.5,63.0,0.0,7.0,9.0,13.0,26.0
cmp4b0rsn0067jkjrrxtsydz7,cmmx6howt0000bi1zgfsisou2,2026-05-13 16:59:04.990,59.13978494623655,27.5,63.0,0.0,7.0,9.0,13.0,26.0
cmp4b0v0b0069jkjr2uveoh1s,cmmx6howt0000bi1zgfsisou2,2026-05-13 16:59:09.138,59.04203323558161,27.5,63.0,0.0,7.0,9.0,13.0,26.0
cmp4b0y6u006bjkjrdxzguina,cmmx6howt0000bi1zgfsisou2,2026-05-13 16:59:13.263,59.13978494623655,27.5,63.0,0.0,7.0,9.0,13.0,26.0
cmp4b11dr006djkjrtnfnyk47,cmmx6howt0000bi1zgfsisou2,2026-05-13 16:59:17.391,59.04203323558161,27.6,63.0,0.0,7.0,9.0,13.0,26.0
cmp4b14js006fjkjrjrdpvavx,cmmx6howt0000bi1zgfsisou2,2026-05-13 16:59:21.496,59.04203323558161,27.6,63.0,0.0,7.0,9.0,13.0,26.0
cmp4b17s5006hjkjrubalwelf,cmmx6howt0000bi1zgfsisou2,2026-05-13 16:59:25.672,59.04203323558161,27.6,63.0,0.0,7.0,9.0,13.0,26.0
cmp4b1ayr006jjkjri6454p13,cmmx6howt0000bi1zgfsisou2,2026-05-13 16:59:29.831,59.04203323558161,27.6,63.0,0.0,7.0,9.0,13.0,26.0
cmp4b1e6q006ljkjrcy8ff164,cmmx6howt0000bi1zgfsisou2,2026-05-13 16:59:33.975,59.04203323558161,27.6,63.0,0.0,7.0,9.0,13.0,26.0
cmp4b1hey006njkjrd7b4riyr,cmmx6howt0000bi1zgfsisou2,2026-05-13 16:59:38.177,59.04203323558161,27.5,63.0,0.0,7.0,9.0,13.0,26.0
cmp4b1kme006pjkjr2l3auios,cmmx6howt0000bi1zgfsisou2,2026-05-13 16:59:42.345,59.04203323558161,27.5,63.0,0.0,7.0,9.0,13.0,26.0
cmp4b1nue006rjkjrbatpviky,cmmx6howt0000bi1zgfsisou2,2026-05-13 16:59:46.523,59.33528836754643,27.6,63.0,0.0,7.0,9.0,13.0,26.0
cmp4b1r0v006tjkjrg4smuyui,cmmx6howt0000bi1zgfsisou2,2026-05-13 16:59:50.616,59.23753665689149,27.6,63.0,0.0,7.0,9.0,13.0,26.0
cmp4b1u70006vjkjr6of4oqlc,cmmx6howt0000bi1zgfsisou2,2026-05-13 16:59:54.738,59.33528836754643,27.6,62.0,0.0,7.0,9.0,13.0,26.0
cmp4b1xec006xjkjr2fpd03ru,cmmx6howt0000bi1zgfsisou2,2026-05-13 16:59:58.889,59.43304007820137,27.6,63.0,0.0,7.0,9.0,13.0,26.0
cmp4b20kq006zjkjr7tk6ed4c,cmmx6howt0000bi1zgfsisou2,2026-05-13 17:00:03.029,59.43304007820137,27.6,63.0,0.0,7.0,9.0,13.0,26.0
cmp4b23tb0071jkjrfah65e8l,cmmx6howt0000bi1zgfsisou2,2026-05-13 17:00:07.217,59.43304007820137,27.6,62.0,0.0,7.0,9.0,13.0,26.0
cmp4b270s0073jkjrjf047a34,cmmx6howt0000bi1zgfsisou2,2026-05-13 17:00:11.355,59.43304007820137,27.6,62.0,0.0,7.0,9.0,13.0,26.0
cmp4b2a8b0075jkjrepu1gqkd,cmmx6howt0000bi1zgfsisou2,2026-05-13 17:00:15.538,59.43304007820137,27.6,63.0,0.0,7.0,9.0,13.0,26.0
cmp4b2dg60077jkjr47o766p9,cmmx6howt0000bi1zgfsisou2,2026-05-13 17:00:19.690,59.43304007820137,27.6,63.0,0.0,7.0,9.0,13.0,26.0
cmp4b2gn40079jkjr7hfkvynt,cmmx6howt0000bi1zgfsisou2,2026-05-13 17:00:23.829,59.43304007820137,27.6,63.0,0.0,7.0,9.0,13.0,26.0
cmp4b2ju5007bjkjr9p49czl4,cmmx6howt0000bi1zgfsisou2,2026-05-13 17:00:27.965,59.53079178885631,27.6,63.0,0.0,7.0,9.0,13.0,26.0
cmp4b2n1w007djkjr1o3l8g6m,cmmx6howt0000bi1zgfsisou2,2026-05-13 17:00:32.152,59.62854349951125,27.6,63.0,0.0,7.0,9.0,13.0,26.0
cmp4b2q9h007fjkjr6rn0fubk,cmmx6howt0000bi1zgfsisou2,2026-05-13 17:00:36.312,59.53079178885631,27.6,63.0,0.0,7.0,9.0,13.0,26.0
cmp4b2tgu007hjkjryy4hi9p1,cmmx6howt0000bi1zgfsisou2,2026-05-13 17:00:40.462,59.53079178885631,27.6,63.0,0.0,7.0,9.0,13.0,26.0
cmp4b2wn5007jjkjr6io6243c,cmmx6howt0000bi1zgfsisou2,2026-05-13 17:00:44.588,59.62854349951125,27.6,63.0,0.0,7.0,9.0,13.0,26.0
cmp4b2zvh007ljkjr9cigqp2y,cmmx6howt0000bi1zgfsisou2,2026-05-13 17:00:48.750,59.53079178885631,27.6,63.0,0.0,7.0,9.0,13.0,26.0
cmp4b332i007njkjr8xh5xbgy,cmmx6howt0000bi1zgfsisou2,2026-05-13 17:00:52.912,59.53079178885631,27.6,63.0,0.0,7.0,9.0,13.0,26.0
cmp4b368v007pjkjr8ennerd4,cmmx6howt0000bi1zgfsisou2,2026-05-13 17:00:57.019,59.53079178885631,27.6,63.0,0.0,7.0,9.0,13.0,26.0
cmp4b39ga007rjkjrcn6pdkrt,cmmx6howt0000bi1zgfsisou2,2026-05-13 17:01:01.184,59.53079178885631,27.6,63.0,0.0,7.0,9.0,13.0,26.0
cmp4b3cnq007tjkjraglldh37,cmmx6howt0000bi1zgfsisou2,2026-05-13 17:01:05.321,59.53079178885631,27.6,63.0,0.0,7.0,9.0,13.0,26.0
cmp4b3fvy007vjkjr1b5ol97w,cmmx6howt0000bi1zgfsisou2,2026-05-13 17:01:09.499,59.53079178885631,27.6,63.0,0.0,7.0,9.0,13.0,26.0
cmp4b3j4a007xjkjruu4pvx64,cmmx6howt0000bi1zgfsisou2,2026-05-13 17:01:13.696,59.53079178885631,27.6,63.0,0.0,7.0,9.0,13.0,26.0
cmp4b3mc1007zjkjrncqi1r7y,cmmx6howt0000bi1zgfsisou2,2026-05-13 17:01:17.863,59.43304007820137,27.6,63.0,0.0,7.0,9.0,13.0,26.0
cmp4b3pkb0081jkjrntl46r04,cmmx6howt0000bi1zgfsisou2,2026-05-13 17:01:22.046,59.53079178885631,27.6,63.0,0.0,7.0,9.0,13.0,26.0
cmp4b3srk0083jkjrvml48y0q,cmmx6howt0000bi1zgfsisou2,2026-05-13 17:01:26.197,59.53079178885631,27.6,63.0,0.0,7.0,9.0,13.0,26.0
cmp4b3w030085jkjrhoymcg3b,cmmx6howt0000bi1zgfsisou2,2026-05-13 17:01:30.391,59.43304007820137,27.6,63.0,0.0,7.0,9.0,13.0,26.0
cmp4b3z8f0087jkjrob7y7cqm,cmmx6howt0000bi1zgfsisou2,2026-05-13 17:01:34.580,59.43304007820137,27.6,63.0,0.0,7.0,9.0,13.0,26.0
cmp4b42fr0089jkjro36xua7h,cmmx6howt0000bi1zgfsisou2,2026-05-13 17:01:38.730,59.43304007820137,27.6,63.0,0.0,7.0,9.0,13.0,26.0
cmp4b45n0008bjkjrcy7aghp6,cmmx6howt0000bi1zgfsisou2,2026-05-13 17:01:42.890,59.43304007820137,27.6,63.0,0.0,7.0,9.0,13.0,26.0
cmp4b48ug008djkjrz6m1i7l6,cmmx6howt0000bi1zgfsisou2,2026-05-13 17:01:47.025,59.43304007820137,27.6,63.0,0.0,7.0,9.0,13.0,26.0
cmp4b4c2v008fjkjrxhin5rwi,cmmx6howt0000bi1zgfsisou2,2026-05-13 17:01:51.221,59.43304007820137,27.6,63.0,0.0,7.0,9.0,13.0,26.0
cmp4b4faw008hjkjrk51lnz9m,cmmx6howt0000bi1zgfsisou2,2026-05-13 17:01:55.402,59.43304007820137,27.6,63.0,0.0,7.0,9.0,13.0,26.0
cmp4b4ij7008jjkjrhq3vszgk,cmmx6howt0000bi1zgfsisou2,2026-05-13 17:01:59.589,59.43304007820137,27.6,63.0,0.0,7.0,9.0,13.0,26.0
cmp4b4lrn008ljkjrluyouxtf,cmmx6howt0000bi1zgfsisou2,2026-05-13 17:02:03.763,59.43304007820137,27.6,63.0,0.0,7.0,9.0,13.0,26.0
cmp4b4oxh008njkjr91m41s5t,cmmx6howt0000bi1zgfsisou2,2026-05-13 17:02:07.881,59.43304007820137,27.6,63.0,0.0,7.0,9.0,13.0,26.0
cmp4b4s4r008pjkjrqlnytzd0,cmmx6howt0000bi1zgfsisou2,2026-05-13 17:02:12.031,59.43304007820137,27.6,63.0,0.0,7.0,9.0,13.0,26.0
cmp4b4vcp008rjkjr44y9q5ko,cmmx6howt0000bi1zgfsisou2,2026-05-13 17:02:16.184,59.43304007820137,27.6,63.0,0.0,7.0,9.0,13.0,26.0
cmp4b4ykv008tjkjr0oyy9gvz,cmmx6howt0000bi1zgfsisou2,2026-05-13 17:02:20.380,59.43304007820137,27.6,63.0,0.0,7.0,9.0,13.0,26.0
cmp4b51td008vjkjrk1f3qw13,cmmx6howt0000bi1zgfsisou2,2026-05-13 17:02:24.578,59.33528836754643,27.6,63.0,0.0,7.0,9.0,13.0,26.0
cmp4b550w008xjkjra87czimh,cmmx6howt0000bi1zgfsisou2,2026-05-13 17:02:28.737,59.33528836754643,27.6,63.0,0.0,7.0,9.0,13.0,26.0
cmp4b588v008zjkjrtzsg53k8,cmmx6howt0000bi1zgfsisou2,2026-05-13 17:02:32.911,59.33528836754643,27.6,63.0,0.0,7.0,9.0,13.0,26.0
cmp4b5bgs0091jkjrfdp68ny0,cmmx6howt0000bi1zgfsisou2,2026-05-13 17:02:37.088,59.43304007820137,27.6,63.0,0.0,7.0,9.0,13.0,26.0
cmp4b5eot0093jkjr8gix0br5,cmmx6howt0000bi1zgfsisou2,2026-05-13 17:02:41.279,59.43304007820137,27.6,63.0,0.0,7.0,9.0,13.0,26.0
cmp4b5hw60095jkjr7h4hk4cm,cmmx6howt0000bi1zgfsisou2,2026-05-13 17:02:45.417,59.43304007820137,27.6,63.0,0.0,7.0,9.0,13.0,26.0
cmp4b5l3p0097jkjr1ko718tt,cmmx6howt0000bi1zgfsisou2,2026-05-13 17:02:49.602,59.43304007820137,27.6,63.0,0.0,7.0,9.0,13.0,26.0
cmp4b5oah0099jkjrk6dudxtv,cmmx6howt0000bi1zgfsisou2,2026-05-13 17:02:53.726,59.33528836754643,27.6,63.0,0.0,7.0,9.0,13.0,26.0
cmp4b5rij009bjkjr60m36qym,cmmx6howt0000bi1zgfsisou2,2026-05-13 17:02:57.888,59.33528836754643,27.6,63.0,0.0,7.0,9.0,13.0,26.0
cmp4b5uqc009djkjr94a3rlp8,cmmx6howt0000bi1zgfsisou2,2026-05-13 17:03:02.056,59.33528836754643,27.6,63.0,0.0,7.0,9.0,13.0,26.0
cmp4b5xyy009fjkjrms5ozv5d,cmmx6howt0000bi1zgfsisou2,2026-05-13 17:03:06.253,59.33528836754643,27.6,63.0,0.0,7.0,9.0,13.0,26.0
cmp4b6161009hjkjr8xyqn7oe,cmmx6howt0000bi1zgfsisou2,2026-05-13 17:03:10.418,59.33528836754643,27.6,63.0,0.0,7.0,9.0,13.0,26.0
cmp4b64dw009jjkjrri1tqdim,cmmx6howt0000bi1zgfsisou2,2026-05-13 17:03:14.576,59.43304007820137,27.6,62.0,0.0,7.0,9.0,13.0,26.0
cmp4b67lz009ljkjr7cnizavc,cmmx6howt0000bi1zgfsisou2,2026-05-13 17:03:18.745,59.33528836754643,27.6,62.0,0.0,7.0,9.0,13.0,26.0
cmp4b6asc009njkjr4mb06y9i,cmmx6howt0000bi1zgfsisou2,2026-05-13 17:03:22.869,59.33528836754643,27.6,62.0,0.0,7.0,9.0,13.0,26.0
cmp4b6dzj009pjkjr3wlpc8ge,cmmx6howt0000bi1zgfsisou2,2026-05-13 17:03:27.026,59.33528836754643,27.6,62.0,0.0,7.0,9.0,13.0,26.0
cmp4b6h5w009rjkjruf7e0j9t,cmmx6howt0000bi1zgfsisou2,2026-05-13 17:03:31.149,59.33528836754643,27.6,62.0,100.0,7.0,9.0,13.0,26.0
cmp4b6kdz009tjkjrpvdgho1z,cmmx6howt0000bi1zgfsisou2,2026-05-13 17:03:35.301,51.80840664711632,27.6,62.0,100.0,7.0,9.0,13.0,26.0
cmp4b6nkx009vjkjrwhagr3in,cmmx6howt0000bi1zgfsisou2,2026-05-13 17:03:39.448,51.71065493646139,27.6,62.0,100.0,7.0,9.0,13.0,26.0
cmp4b6qsl009xjkjrvjti1f6a,cmmx6howt0000bi1zgfsisou2,2026-05-13 17:03:43.599,51.80840664711632,27.6,62.0,100.0,7.0,9.0,9.0,9.0
cmp4b6tzf009zjkjr4bkglqx7,cmmx6howt0000bi1zgfsisou2,2026-05-13 17:03:47.763,51.71065493646139,27.6,62.0,100.0,7.0,4.0,7.0,15.0
cmp4b6x5z00a1jkjrlsgueww3,cmmx6howt0000bi1zgfsisou2,2026-05-13 17:03:51.886,51.80840664711632,27.6,62.0,100.0,7.0,7.0,11.0,22.0
cmp4b70e600a3jkjrijxlsish,cmmx6howt0000bi1zgfsisou2,2026-05-13 17:03:56.053,51.80840664711632,27.6,62.0,100.0,7.0,8.0,12.0,24.0
cmp4b73kw00a5jkjrv2p5kc8o,cmmx6howt0000bi1zgfsisou2,2026-05-13 17:04:00.199,51.71065493646139,27.6,62.0,100.0,7.0,9.0,13.0,27.0
cmp4b76sp00a7jkjr719bgm2a,cmmx6howt0000bi1zgfsisou2,2026-05-13 17:04:04.334,51.61290322580645,27.6,62.0,100.0,7.0,9.0,13.0,27.0
cmp4b7a0800a9jkjrcj7ib2um,cmmx6howt0000bi1zgfsisou2,2026-05-13 17:04:08.521,51.71065493646139,27.6,62.0,100.0,7.0,9.0,13.0,27.0
cmp4b7d8i00abjkjra5z0ozmb,cmmx6howt0000bi1zgfsisou2,2026-05-13 17:04:12.686,51.71065493646139,27.6,62.0,100.0,7.0,9.0,13.0,27.0
cmp4b7ggu00adjkjrw1zqja44,cmmx6howt0000bi1zgfsisou2,2026-05-13 17:04:16.874,51.71065493646139,27.6,62.0,100.0,7.0,9.0,13.0,27.0
cmp4b7jou00afjkjrrgtcu3sy,cmmx6howt0000bi1zgfsisou2,2026-05-13 17:04:21.046,51.61290322580645,27.6,62.0,100.0,7.0,9.0,13.0,27.0
cmp4b7mwg00ahjkjrk6zl8h9p,cmmx6howt0000bi1zgfsisou2,2026-05-13 17:04:25.223,51.61290322580645,27.6,61.0,100.0,7.0,9.0,13.0,27.0
cmp4b7q3w00ajjkjrgzqav2j0,cmmx6howt0000bi1zgfsisou2,2026-05-13 17:04:29.376,51.71065493646139,27.6,61.0,100.0,7.0,9.0,13.0,27.0
cmp4b7tct00aljkjrp7vnjomt,cmmx6howt0000bi1zgfsisou2,2026-05-13 17:04:33.585,51.71065493646139,27.6,61.0,100.0,7.0,9.0,13.0,27.0
cmp4b7wkc00anjkjru8sqhmb9,cmmx6howt0000bi1zgfsisou2,2026-05-13 17:04:37.755,51.71065493646139,27.6,61.0,100.0,7.0,9.0,13.0,27.0
cmp4b7zrg00apjkjr8524td35,cmmx6howt0000bi1zgfsisou2,2026-05-13 17:04:41.908,51.61290322580645,27.6,61.0,100.0,7.0,9.0,13.0,27.0
cmp4b82yn00arjkjrdb8z9may,cmmx6howt0000bi1zgfsisou2,2026-05-13 17:04:46.035,51.71065493646139,27.6,61.0,100.0,7.0,9.0,13.0,27.0
cmp4b865k00atjkjrcfutghel,cmmx6howt0000bi1zgfsisou2,2026-05-13 17:04:50.197,51.71065493646139,27.6,61.0,100.0,7.0,9.0,13.0,27.0
cmp4b89e700avjkjrmus7pira,cmmx6howt0000bi1zgfsisou2,2026-05-13 17:04:54.369,51.61290322580645,27.6,61.0,100.0,7.0,9.0,13.0,27.0
cmp4b8cmn00axjkjrbdjjci1m,cmmx6howt0000bi1zgfsisou2,2026-05-13 17:04:58.560,51.71065493646139,27.6,61.0,100.0,7.0,9.0,13.0,27.0
cmp4b8fuj00azjkjrxc2tu33e,cmmx6howt0000bi1zgfsisou2,2026-05-13 17:05:02.728,51.61290322580645,27.6,61.0,100.0,7.0,9.0,13.0,27.0
cmp4b8j3300b1jkjrpd83ubuy,cmmx6howt0000bi1zgfsisou2,2026-05-13 17:05:06.955,51.61290322580645,27.6,61.0,100.0,7.0,9.0,13.0,27.0
cmp4b8mag00b3jkjr61nwf48k,cmmx6howt0000bi1zgfsisou2,2026-05-13 17:05:11.082,51.61290322580645,27.6,61.0,100.0,7.0,9.0,13.0,27.0
cmp4b8pi300b5jkjrs8obrjsj,cmmx6howt0000bi1zgfsisou2,2026-05-13 17:05:15.243,51.61290322580645,27.6,61.0,100.0,7.0,9.0,13.0,27.0
cmp4b8sqd00b7jkjrqqpzs5xh,cmmx6howt0000bi1zgfsisou2,2026-05-13 17:05:19.416,51.71065493646139,27.6,61.0,100.0,7.0,9.0,13.0,27.0
cmp4b8vxn00b9jkjryqn0bjxk,cmmx6howt0000bi1zgfsisou2,2026-05-13 17:05:23.583,51.61290322580645,27.6,61.0,100.0,7.0,9.0,13.0,27.0
cmp4b8z4v00bbjkjrldmppwvj,cmmx6howt0000bi1zgfsisou2,2026-05-13 17:05:27.733,51.61290322580645,27.5,61.0,100.0,7.0,9.0,13.0,27.0
cmp4b92cq00bdjkjrhokkc7d7,cmmx6howt0000bi1zgfsisou2,2026-05-13 17:05:31.902,51.51515151515152,27.6,61.0,100.0,7.0,9.0,13.0,27.0
cmp4b95kt00bfjkjr0rggvye4,cmmx6howt0000bi1zgfsisou2,2026-05-13 17:05:36.078,51.51515151515152,27.6,61.0,100.0,7.0,9.0,13.0,27.0
cmp4b98rw00bhjkjrjgy6x7dr,cmmx6howt0000bi1zgfsisou2,2026-05-13 17:05:40.220,51.51515151515152,27.6,61.0,100.0,7.0,9.0,13.0,27.0
cmp4b9c0700bjjkjrc5bdtm95,cmmx6howt0000bi1zgfsisou2,2026-05-13 17:05:44.402,51.71065493646139,27.6,61.0,100.0,7.0,9.0,13.0,27.0
cmp4b9f7f00bljkjryc25bjln,cmmx6howt0000bi1zgfsisou2,2026-05-13 17:05:48.560,51.61290322580645,27.6,61.0,100.0,7.0,9.0,13.0,27.0
cmp4b9iej00bnjkjrnb5vrdse,cmmx6howt0000bi1zgfsisou2,2026-05-13 17:05:52.722,51.71065493646139,27.6,61.0,100.0,7.0,9.0,13.0,27.0
cmp4b9llt00bpjkjrotgorwjm,cmmx6howt0000bi1zgfsisou2,2026-05-13 17:05:56.833,51.71065493646139,27.6,61.0,100.0,7.0,9.0,13.0,27.0
cmp4b9osr00brjkjrxcxg22c3,cmmx6howt0000bi1zgfsisou2,2026-05-13 17:06:00.994,51.80840664711632,27.6,61.0,100.0,7.0,9.0,13.0,27.0
cmp4b9rzh00btjkjrxx6hoq2s,cmmx6howt0000bi1zgfsisou2,2026-05-13 17:06:05.121,51.80840664711632,27.6,62.0,100.0,7.0,9.0,13.0,27.0
cmp4b9v7l00bvjkjrsfabsslj,cmmx6howt0000bi1zgfsisou2,2026-05-13 17:06:09.270,51.80840664711632,27.6,62.0,100.0,7.0,9.0,13.0,27.0
cmp4b9yh200bxjkjrqxt54ohn,cmmx6howt0000bi1zgfsisou2,2026-05-13 17:06:13.524,51.80840664711632,27.6,62.0,100.0,7.0,9.0,13.0,27.0
cmp4ba1ok00bzjkjr000nmsy6,cmmx6howt0000bi1zgfsisou2,2026-05-13 17:06:17.687,51.80840664711632,27.6,62.0,100.0,7.0,9.0,13.0,27.0
cmp4ba4vw00c1jkjrx8a8ivoy,cmmx6howt0000bi1zgfsisou2,2026-05-13 17:06:21.834,51.80840664711632,27.6,62.0,100.0,7.0,9.0,13.0,27.0
cmp4ba83k00c3jkjrdh2hwn5s,cmmx6howt0000bi1zgfsisou2,2026-05-13 17:06:26.005,51.80840664711632,27.6,62.0,100.0,7.0,9.0,13.0,27.0
cmp4babba00c5jkjr8ehgu0by,cmmx6howt0000bi1zgfsisou2,2026-05-13 17:06:30.170,51.71065493646139,27.6,62.0,100.0,7.0,9.0,13.0,27.0
cmp4baem600c7jkjrrteeievs,cmmx6howt0000bi1zgfsisou2,2026-05-13 17:06:34.334,51.80840664711632,27.6,62.0,100.0,7.0,9.0,13.0,27.0
cmp4bahve00c9jkjr42afvebz,cmmx6howt0000bi1zgfsisou2,2026-05-13 17:06:38.668,51.71065493646139,27.6,62.0,100.0,7.0,9.0,13.0,27.0
cmp4bal4000cbjkjrm8y53i71,cmmx6howt0000bi1zgfsisou2,2026-05-13 17:06:42.868,51.71065493646139,27.6,62.0,100.0,7.0,9.0,13.0,27.0
cmp4baobq00cdjkjrnrjdnqp0,cmmx6howt0000bi1zgfsisou2,2026-05-13 17:06:47.042,51.71065493646139,27.6,62.0,100.0,7.0,9.0,13.0,27.0
cmp4basau00cfjkjr309ornru,cmmx6howt0000bi1zgfsisou2,2026-05-13 17:06:51.161,51.71065493646139,27.6,62.0,100.0,7.0,9.0,13.0,27.0
cmp4bavif00chjkjrn3nydioh,cmmx6howt0000bi1zgfsisou2,2026-05-13 17:06:56.347,51.61290322580645,27.6,62.0,100.0,7.0,9.0,13.0,27.0
cmp4bazjc00cjjkjrcyirhw0t,cmmx6howt0000bi1zgfsisou2,2026-05-13 17:07:00.518,51.61290322580645,27.6,62.0,100.0,7.0,9.0,13.0,27.0
cmp4bb2s200cljkjrxh7duvn1,cmmx6howt0000bi1zgfsisou2,2026-05-13 17:07:05.774,51.61290322580645,27.6,62.0,100.0,7.0,9.0,13.0,27.0
cmp4bb6h900cnjkjr9s1wazer,cmmx6howt0000bi1zgfsisou2,2026-05-13 17:07:09.959,51.61290322580645,27.6,62.0,100.0,7.0,9.0,13.0,27.0
cmp4bb9oi00cpjkjruq8ocg02,cmmx6howt0000bi1zgfsisou2,2026-05-13 17:07:14.729,51.61290322580645,27.6,62.0,100.0,7.0,9.0,13.0,27.0
cmp4bbda000crjkjr4m2akijh,cmmx6howt0000bi1zgfsisou2,2026-05-13 17:07:18.885,51.61290322580645,27.6,62.0,100.0,7.0,9.0,13.0,27.0
cmp4bbgiq00ctjkjrs10pm83b,cmmx6howt0000bi1zgfsisou2,2026-05-13 17:07:23.569,51.61290322580645,27.6,62.0,100.0,7.0,9.0,13.0,27.0
cmp4bbjpq00cvjkjr6hxysaws,cmmx6howt0000bi1zgfsisou2,2026-05-13 17:07:27.717,51.61290322580645,27.6,62.0,100.0,7.0,9.0,13.0,27.0
cmp4bbmwd00cxjkjruc0m4koa,cmmx6howt0000bi1zgfsisou2,2026-05-13 17:07:31.861,51.41739980449658,27.6,62.0,100.0,7.0,9.0,13.0,27.0
cmp4bbq3r00czjkjrkpey8tbo,cmmx6howt0000bi1zgfsisou2,2026-05-13 17:07:35.995,51.41739980449658,27.6,62.0,100.0,7.0,9.0,13.0,27.0
cmp4bbtcd00d1jkjrh6wfeuea,cmmx6howt0000bi1zgfsisou2,2026-05-13 17:07:40.176,51.51515151515152,27.6,63.0,89.51,7.0,9.0,13.0,27.0
cmp4bbwjf00d3jkjrracerluv,cmmx6howt0000bi1zgfsisou2,2026-05-13 17:07:44.353,51.41739980449658,27.6,63.0,95.45,7.0,9.0,13.0,27.0
cmp4bbzrp00d5jkjrqgkhm63f,cmmx6howt0000bi1zgfsisou2,2026-05-13 17:07:48.515,51.41739980449658,27.6,63.0,89.28,7.0,9.0,13.0,27.0
cmp4bc2yd00d7jkjr7me3pnwx,cmmx6howt0000bi1zgfsisou2,2026-05-13 17:07:52.668,51.41739980449658,27.6,63.0,89.77,7.0,9.0,13.0,27.0
cmp4bc64w00d9jkjrql5g9vjq,cmmx6howt0000bi1zgfsisou2,2026-05-13 17:07:56.795,51.41739980449658,27.6,63.0,100.0,7.0,9.0,13.0,27.0
cmp4bc9bh00dbjkjrdhutk444,cmmx6howt0000bi1zgfsisou2,2026-05-13 17:08:00.920,51.41739980449658,27.6,62.0,100.0,7.0,9.0,13.0,27.0
cmp4bcci800ddjkjr6677lv8z,cmmx6howt0000bi1zgfsisou2,2026-05-13 17:08:05.019,51.41739980449658,27.6,62.0,100.0,7.0,9.0,13.0,27.0
cmp4bcfpj00dfjkjrlxszddkz,cmmx6howt0000bi1zgfsisou2,2026-05-13 17:08:09.178,51.41739980449658,27.6,62.0,100.0,7.0,9.0,13.0,27.0
cmp4bciyb00dhjkjr7w6jh7oq,cmmx6howt0000bi1zgfsisou2,2026-05-13 17:08:13.377,51.41739980449658,27.6,62.0,89.47,7.0,9.0,13.0,27.0
cmp4bcm5500djjkjr5kwjbwm0,cmmx6howt0000bi1zgfsisou2,2026-05-13 17:08:17.514,51.41739980449658,27.6,62.0,92.36,7.0,9.0,13.0,27.0
cmp4bcpaz00dljkjr5jg0jlbj,cmmx6howt0000bi1zgfsisou2,2026-05-13 17:08:21.612,51.51515151515152,27.6,62.0,89.54,7.0,9.0,13.0,27.0
cmp4bcsjn00dnjkjr12a6ev2j,cmmx6howt0000bi1zgfsisou2,2026-05-13 17:08:25.798,51.41739980449658,27.6,62.0,89.28,7.0,9.0,13.0,27.0
cmp4bcvqs00dpjkjrgnrji8x5,cmmx6howt0000bi1zgfsisou2,2026-05-13 17:08:29.982,51.41739980449658,27.6,62.0,89.7,7.0,9.0,13.0,27.0
cmp4bcyy000drjkjrjqpe6rt9,cmmx6howt0000bi1zgfsisou2,2026-05-13 17:08:34.115,51.51515151515152,27.6,62.0,89.28,7.0,9.0,13.0,27.0
cmp4bd25c00dtjkjrekf4ipmo,cmmx6howt0000bi1zgfsisou2,2026-05-13 17:08:38.260,51.41739980449658,27.6,62.0,89.54,7.0,9.0,13.0,27.0
cmp4bd5dc00dvjkjrl0rtc8xk,cmmx6howt0000bi1zgfsisou2,2026-05-13 17:08:42.431,51.41739980449658,27.6,62.0,89.77,7.0,9.0,13.0,27.0
cmp4bd8kj00dxjkjr1aleoy85,cmmx6howt0000bi1zgfsisou2,2026-05-13 17:08:46.600,51.41739980449658,27.6,62.0,89.31,7.0,9.0,13.0,27.0
cmp4bdbrs00dzjkjrs5etb54p,cmmx6howt0000bi1zgfsisou2,2026-05-13 17:08:50.733,51.41739980449658,27.6,62.0,42.74,7.0,9.0,13.0,27.0
cmp4bdeyk00e1jkjrubwyo5zu,cmmx6howt0000bi1zgfsisou2,2026-05-13 17:08:54.878,51.31964809384164,27.6,62.0,42.71,7.0,9.0,13.0,27.0
cmp4bdi6200e3jkjrp6zh29d1,cmmx6howt0000bi1zgfsisou2,2026-05-13 17:08:59.022,51.41739980449658,27.6,62.0,42.93,7.0,9.0,13.0,27.0
cmp4bdlcr00e5jkjrjmxu6x1l,cmmx6howt0000bi1zgfsisou2,2026-05-13 17:09:03.172,51.41739980449658,27.6,62.0,42.93,7.0,9.0,13.0,27.0
cmp4bdok200e7jkjr10slxzvj,cmmx6howt0000bi1zgfsisou2,2026-05-13 17:09:07.301,51.41739980449658,27.6,62.0,45.83,7.0,9.0,13.0,27.0
cmp4bdrs500e9jkjry38qlbt8,cmmx6howt0000bi1zgfsisou2,2026-05-13 17:09:11.483,51.41739980449658,27.6,62.0,42.71,7.0,9.0,13.0,27.0
cmp4bduz000ebjkjrhhtiz7fd,cmmx6howt0000bi1zgfsisou2,2026-05-13 17:09:15.636,51.41739980449658,27.6,62.0,42.71,7.0,9.0,13.0,27.0
cmp4bdy7f00edjkjrkp4tniok,cmmx6howt0000bi1zgfsisou2,2026-05-13 17:09:19.807,51.41739980449658,27.6,62.0,42.71,7.0,9.0,13.0,27.0
cmp4be28z00efjkjrm789q2kw,cmmx6howt0000bi1zgfsisou2,2026-05-13 17:09:23.962,51.41739980449658,27.6,62.0,42.71,7.0,9.0,13.0,27.0
cmp4be5fo00ehjkjr1vaemry4,cmmx6howt0000bi1zgfsisou2,2026-05-13 17:09:29.180,51.41739980449658,27.6,62.0,42.93,7.0,9.0,13.0,27.0
cmp4be8nl00ejjkjruqbmzpr3,cmmx6howt0000bi1zgfsisou2,2026-05-13 17:09:33.328,51.41739980449658,27.6,62.0,48.73,7.0,9.0,13.0,27.0
cmp4bebvm00eljkjrrfh13oyd,cmmx6howt0000bi1zgfsisou2,2026-05-13 17:09:37.524,51.41739980449658,27.6,62.0,48.5,7.0,9.0,13.0,27.0
cmp4bef2u00enjkjr2cmvc27v,cmmx6howt0000bi1zgfsisou2,2026-05-13 17:09:41.667,51.41739980449658,27.6,62.0,45.6,7.0,9.0,13.0,27.0
cmp4bei9w00epjkjrybrzy8zd,cmmx6howt0000bi1zgfsisou2,2026-05-13 17:09:45.823,51.41739980449658,27.6,62.0,42.71,7.0,9.0,13.0,27.0
cmp4belh300erjkjrvwoxary2,cmmx6howt0000bi1zgfsisou2,2026-05-13 17:09:49.951,51.41739980449658,27.6,62.0,42.93,7.0,9.0,13.0,27.0
cmp4beoo800etjkjrkqwmr9hd,cmmx6howt0000bi1zgfsisou2,2026-05-13 17:09:54.100,51.41739980449658,27.6,62.0,42.93,7.0,9.0,13.0,27.0
cmp4berx600evjkjr85p4mr7j,cmmx6howt0000bi1zgfsisou2,2026-05-13 17:09:58.290,51.41739980449658,27.6,62.0,42.71,7.0,9.0,13.0,27.0
cmp4bev5100exjkjr9z8fw9g0,cmmx6howt0000bi1zgfsisou2,2026-05-13 17:10:02.492,51.31964809384164,27.6,62.0,42.71,7.0,9.0,13.0,27.0
cmp4beycz00ezjkjrfo9nd17i,cmmx6howt0000bi1zgfsisou2,2026-05-13 17:10:06.647,51.31964809384164,27.6,62.0,42.71,7.0,9.0,13.0,27.0
cmp4bf1m300f1jkjr56nb5hqz,cmmx6howt0000bi1zgfsisou2,2026-05-13 17:10:10.872,51.31964809384164,27.6,62.0,42.71,7.0,9.0,13.0,27.0
cmp4bf4v300f3jkjruq36bpmc,cmmx6howt0000bi1zgfsisou2,2026-05-13 17:10:15.072,51.41739980449658,27.6,62.0,45.37,7.0,9.0,13.0,27.0
cmp4bf84200f5jkjr6v3rk3zp,cmmx6howt0000bi1zgfsisou2,2026-05-13 17:10:19.283,51.31964809384164,27.6,62.0,42.93,7.0,9.0,13.0,27.0
cmp4bfbbz00f7jkjrd5k27owg,cmmx6howt0000bi1zgfsisou2,2026-05-13 17:10:23.475,51.41739980449658,27.6,62.0,42.93,7.0,9.0,13.0,27.0
cmp4bfek200f9jkjrf84cco65,cmmx6howt0000bi1zgfsisou2,2026-05-13 17:10:27.656,51.31964809384164,27.6,62.0,45.37,7.0,9.0,13.0,27.0
cmp4bfht400fbjkjr1g32odlp,cmmx6howt0000bi1zgfsisou2,2026-05-13 17:10:31.847,51.41739980449658,27.6,62.0,42.71,7.0,9.0,13.0,27.0
cmp4bfl1300fdjkjre1t0r1iq,cmmx6howt0000bi1zgfsisou2,2026-05-13 17:10:36.035,51.41739980449658,27.6,62.0,48.5,7.0,9.0,13.0,27.0
cmp4bfo8k00ffjkjr8pkizsk9,cmmx6howt0000bi1zgfsisou2,2026-05-13 17:10:40.201,51.41739980449658,27.6,62.0,42.71,7.0,9.0,13.0,27.0
cmp4bfrew00fhjkjr4lrj6141,cmmx6howt0000bi1zgfsisou2,2026-05-13 17:10:44.329,51.31964809384164,27.6,62.0,45.83,7.0,9.0,13.0,27.0
cmp4bfums00fjjkjr3yw4t7ka,cmmx6howt0000bi1zgfsisou2,2026-05-13 17:10:48.501,51.2218963831867,27.6,62.0,42.93,7.0,9.0,13.0,27.0
cmp4bfxuu00fljkjrtjz8xpd3,cmmx6howt0000bi1zgfsisou2,2026-05-13 17:10:52.664,51.2218963831867,27.6,62.0,42.71,7.0,9.0,13.0,27.0
cmp4bg12y00fnjkjrngijhcdh,cmmx6howt0000bi1zgfsisou2,2026-05-13 17:10:56.819,51.2218963831867,27.6,62.0,42.71,7.0,9.0,13.0,27.0
cmp4bg4bo00fpjkjrjkfh2ep8,cmmx6howt0000bi1zgfsisou2,2026-05-13 17:11:01.036,51.2218963831867,27.6,62.0,42.71,7.0,9.0,13.0,27.0
cmp4bg7jn00frjkjrj4ws10jh,cmmx6howt0000bi1zgfsisou2,2026-05-13 17:11:05.215,51.2218963831867,27.6,62.0,48.27,7.0,9.0,13.0,27.0
cmp4bgar300ftjkjrpnewwr6n,cmmx6howt0000bi1zgfsisou2,2026-05-13 17:11:09.378,51.31964809384164,27.6,62.0,48.73,7.0,9.0,13.0,27.0
cmp4bgdzx00fvjkjr48cocxoj,cmmx6howt0000bi1zgfsisou2,2026-05-13 17:11:13.586,51.2218963831867,27.6,62.0,48.04,7.0,9.0,13.0,27.0
cmp4bgh7o00fxjkjr05tlrvt9,cmmx6howt0000bi1zgfsisou2,2026-05-13 17:11:17.745,51.31964809384164,27.6,62.0,45.6,7.0,9.0,13.0,27.0
cmp4bgkg500fzjkjrnqhsfjpa,cmmx6howt0000bi1zgfsisou2,2026-05-13 17:11:21.912,51.2218963831867,27.6,62.0,42.71,7.0,9.0,13.0,27.0
cmp4bgnok00g1jkjrnymf8wv3,cmmx6howt0000bi1zgfsisou2,2026-05-13 17:11:26.113,51.2218963831867,27.6,62.0,42.71,7.0,9.0,13.0,27.0
cmp4bgqwi00g3jkjr1ql3xeq5,cmmx6howt0000bi1zgfsisou2,2026-05-13 17:11:30.290,51.2218963831867,27.6,62.0,42.93,7.0,9.0,13.0,27.0
cmp4bgu3w00g5jkjr0bb5crsp,cmmx6howt0000bi1zgfsisou2,2026-05-13 17:11:34.465,51.2218963831867,27.6,62.0,48.57,7.0,9.0,13.0,27.0
cmp4bgxc200g7jkjrnen8euh5,cmmx6howt0000bi1zgfsisou2,2026-05-13 17:11:38.666,51.2218963831867,27.6,62.0,42.71,7.0,9.0,13.0,27.0
cmp4bh0jg00g9jkjrsh3lsxxu,cmmx6howt0000bi1zgfsisou2,2026-05-13 17:11:42.800,51.2218963831867,27.6,62.0,45.6,7.0,9.0,13.0,27.0
cmp4bh3rp00gbjkjr0nyvvwj3,cmmx6howt0000bi1zgfsisou2,2026-05-13 17:11:46.979,51.2218963831867,27.6,62.0,42.71,7.0,9.0,13.0,27.0
cmp4bh6ys00gdjkjrca8i7h3o,cmmx6howt0000bi1zgfsisou2,2026-05-13 17:11:51.131,51.2218963831867,27.6,62.0,42.93,7.0,9.0,13.0,27.0
cmp4bha5k00gfjkjrpthudt8m,cmmx6howt0000bi1zgfsisou2,2026-05-13 17:11:55.269,51.2218963831867,27.6,62.0,48.73,7.0,9.0,13.0,27.0
cmp4bhdc500ghjkjr82vtj2if,cmmx6howt0000bi1zgfsisou2,2026-05-13 17:11:59.393,51.2218963831867,27.6,62.0,42.71,7.0,9.0,13.0,27.0
cmp4bhgkb00gjjkjr48a6elsm,cmmx6howt0000bi1zgfsisou2,2026-05-13 17:12:03.582,51.2218963831867,27.6,62.0,42.71,7.0,9.0,13.0,27.0
cmp4bhjs500gljkjri0jksppa,cmmx6howt0000bi1zgfsisou2,2026-05-13 17:12:07.749,51.2218963831867,27.6,62.0,48.5,7.0,9.0,13.0,27.0
cmp4bhmz000gnjkjrnto5js7i,cmmx6howt0000bi1zgfsisou2,2026-05-13 17:12:11.872,51.2218963831867,27.6,62.0,42.71,7.0,9.0,13.0,27.0
cmp4bhq6r00gpjkjrjg3bxmpj,cmmx6howt0000bi1zgfsisou2,2026-05-13 17:12:16.050,51.12414467253177,27.6,62.0,42.93,7.0,9.0,13.0,27.0
cmp4bhtgs00grjkjrmueo3c3q,cmmx6howt0000bi1zgfsisou2,2026-05-13 17:12:20.198,51.12414467253177,27.6,62.0,51.47,7.0,9.0,13.0,27.0
cmp4bhwpj00gtjkjrdr4g2ls3,cmmx6howt0000bi1zgfsisou2,2026-05-13 17:12:24.489,51.12414467253177,27.6,62.0,54.29,7.0,9.0,13.0,27.0
cmp4bhzy900gvjkjrgtuf9spp,cmmx6howt0000bi1zgfsisou2,2026-05-13 17:12:28.686,51.12414467253177,27.6,62.0,57.42,7.0,9.0,13.0,27.0
cmp4bi36300gxjkjraij8qxrq,cmmx6howt0000bi1zgfsisou2,2026-05-13 17:12:32.858,51.12414467253177,27.6,62.0,48.5,7.0,9.0,13.0,27.0
cmp4bi6tu00gzjkjrevdqyt07,cmmx6howt0000bi1zgfsisou2,2026-05-13 17:12:37.558,51.2218963831867,27.6,62.0,57.07,7.0,9.0,13.0,27.0
cmp4bia1t00h1jkjrzipgy3mg,cmmx6howt0000bi1zgfsisou2,2026-05-13 17:12:41.777,51.12414467253177,27.6,62.0,45.83,7.0,9.0,13.0,27.0
cmp4bid9q00h3jkjrd5vhza9w,cmmx6howt0000bi1zgfsisou2,2026-05-13 17:12:45.952,51.12414467253177,27.6,63.0,45.6,7.0,9.0,13.0,27.0
cmp4bight00h5jkjrprxb2luf,cmmx6howt0000bi1zgfsisou2,2026-05-13 17:12:50.127,51.12414467253177,27.6,62.0,51.39,7.0,9.0,13.0,27.0
cmp4bijqk00h7jkjrog9g0hvh,cmmx6howt0000bi1zgfsisou2,2026-05-13 17:12:54.314,51.12414467253177,27.6,62.0,54.52,7.0,9.0,13.0,27.0
cmp4bimyt00h9jkjriwvfxs48,cmmx6howt0000bi1zgfsisou2,2026-05-13 17:12:58.523,51.12414467253177,27.6,62.0,57.19,7.0,9.0,13.0,27.0
cmp4biq6600hbjkjrt478x53y,cmmx6howt0000bi1zgfsisou2,2026-05-13 17:13:02.669,51.12414467253177,27.6,62.0,57.42,7.0,9.0,13.0,27.0
cmp4bitdt00hdjkjrvpdvx4tz,cmmx6howt0000bi1zgfsisou2,2026-05-13 17:13:06.824,51.12414467253177,27.6,62.0,57.19,7.0,9.0,13.0,27.0
cmp4biwl300hfjkjrm51o0n7o,cmmx6howt0000bi1zgfsisou2,2026-05-13 17:13:10.984,51.12414467253177,27.6,62.0,57.42,7.0,9.0,13.0,27.0
cmp4bizst00hhjkjr65bk15vf,cmmx6howt0000bi1zgfsisou2,2026-05-13 17:13:15.141,51.02639296187683,27.6,63.0,57.19,7.0,9.0,13.0,27.0
cmp4bj30t00hjjkjr6kkvnq72,cmmx6howt0000bi1zgfsisou2,2026-05-13 17:13:19.325,51.02639296187683,27.6,62.0,63.7,7.0,9.0,13.0,27.0
cmp4bj67v00hljkjrnxw7z0gv,cmmx6howt0000bi1zgfsisou2,2026-05-13 17:13:23.497,51.02639296187683,27.6,63.0,57.11,7.0,9.0,13.0,27.0
cmp4bj9dx00hnjkjrajnxbnvm,cmmx6howt0000bi1zgfsisou2,2026-05-13 17:13:27.584,51.02639296187683,27.6,62.0,57.19,7.0,9.0,13.0,27.0
cmp4bjcm800hpjkjrzyunv8gt,cmmx6howt0000bi1zgfsisou2,2026-05-13 17:13:31.757,51.02639296187683,27.6,63.0,63.7,7.0,9.0,13.0,27.0
cmp4bjftu00hrjkjrcyx5mnj5,cmmx6howt0000bi1zgfsisou2,2026-05-13 17:13:35.928,50.9286412512219,27.6,62.0,56.96,7.0,9.0,13.0,27.0
cmp4bjj2h00htjkjrq2fi8nj8,cmmx6howt0000bi1zgfsisou2,2026-05-13 17:13:40.101,50.9286412512219,27.6,62.0,56.96,7.0,9.0,13.0,27.0
cmp4bjmaa00hvjkjrmwk79yu9,cmmx6howt0000bi1zgfsisou2,2026-05-13 17:13:44.312,50.9286412512219,27.6,63.0,56.96,7.0,9.0,13.0,27.0
cmp4bjpib00hxjkjrrdhth6hi,cmmx6howt0000bi1zgfsisou2,2026-05-13 17:13:48.465,50.9286412512219,27.6,63.0,57.19,7.0,9.0,13.0,27.0
cmp4bjsqt00hzjkjr6gv5xtrp,cmmx6howt0000bi1zgfsisou2,2026-05-13 17:13:52.660,50.9286412512219,27.6,62.0,57.42,7.0,9.0,13.0,27.0
cmp4bjvws00i1jkjrnxtpoz7l,cmmx6howt0000bi1zgfsisou2,2026-05-13 17:13:56.791,50.9286412512219,27.6,62.0,57.19,7.0,9.0,13.0,27.0
cmp4bjz3a00i3jkjrqrt1r0jj,cmmx6howt0000bi1zgfsisou2,2026-05-13 17:14:00.908,50.9286412512219,27.6,62.0,57.42,7.0,9.0,13.0,27.0
cmp4bk29j00i5jkjr1xmz5kli,cmmx6howt0000bi1zgfsisou2,2026-05-13 17:14:05.027,50.9286412512219,27.6,62.0,57.19,7.0,9.0,13.0,27.0
cmp4bk5gb00i7jkjrysz7ohit,cmmx6howt0000bi1zgfsisou2,2026-05-13 17:14:09.162,50.83088954056696,27.6,62.0,57.42,7.0,9.0,13.0,27.0
cmp4bk8mk00i9jkjr35h9lj02,cmmx6howt0000bi1zgfsisou2,2026-05-13 17:14:13.247,50.83088954056696,27.6,62.0,57.19,7.0,9.0,13.0,27.0
cmp4bkbso00ibjkjrwnoiipkm,cmmx6howt0000bi1zgfsisou2,2026-05-13 17:14:17.384,50.83088954056696,27.6,62.0,89.73,7.0,9.0,13.0,27.0
cmp4bkeyd00idjkjrszaw525y,cmmx6howt0000bi1zgfsisou2,2026-05-13 17:14:21.462,50.9286412512219,27.6,62.0,70.18,7.0,9.0,13.0,27.0
cmp4bki4i00ifjkjrlq5exrm5,cmmx6howt0000bi1zgfsisou2,2026-05-13 17:14:25.579,50.9286412512219,27.6,62.0,83.26,7.0,9.0,13.0,27.0
cmp4bklb100ihjkjrxp812ak4,cmmx6howt0000bi1zgfsisou2,2026-05-13 17:14:29.702,50.9286412512219,27.6,62.0,76.74,7.0,9.0,13.0,27.0
cmp4bkohc00ijjkjrwxr2qd0t,cmmx6howt0000bi1zgfsisou2,2026-05-13 17:14:33.797,50.9286412512219,27.6,62.0,83.26,7.0,9.0,13.0,27.0
cmp4bkrnc00iljkjrojz771yp,cmmx6howt0000bi1zgfsisou2,2026-05-13 17:14:37.920,50.83088954056696,27.6,62.0,63.7,7.0,9.0,13.0,27.0
cmp4bkute00injkjrno9xwowq,cmmx6howt0000bi1zgfsisou2,2026-05-13 17:14:42.023,50.83088954056696,27.6,62.0,69.99,7.0,9.0,13.0,27.0
cmp4bky0i00ipjkjr2dr7cezo,cmmx6howt0000bi1zgfsisou2,2026-05-13 17:14:46.167,50.83088954056696,27.6,62.0,63.89,7.0,9.0,13.0,27.0
cmp4bl16j00irjkjrz0g2e2xq,cmmx6howt0000bi1zgfsisou2,2026-05-13 17:14:50.277,50.83088954056696,27.6,62.0,76.51,7.0,9.0,13.0,27.0
cmp4bl4ch00itjkjr1q1plgcy,cmmx6howt0000bi1zgfsisou2,2026-05-13 17:14:54.359,50.83088954056696,27.6,62.0,89.51,7.0,9.0,13.0,27.0
cmp4bl7jh00ivjkjrfaz22q3y,cmmx6howt0000bi1zgfsisou2,2026-05-13 17:14:58.519,50.83088954056696,27.6,62.0,85.85,7.0,9.0,13.0,27.0
cmp4blapl00ixjkjr42c1kpc1,cmmx6howt0000bi1zgfsisou2,2026-05-13 17:15:02.630,50.83088954056696,27.6,62.0,82.99,7.0,9.0,13.0,27.0
cmp4bldwr00izjkjriipu4e54,cmmx6howt0000bi1zgfsisou2,2026-05-13 17:15:06.754,50.73313782991202,27.6,62.0,89.51,7.0,9.0,13.0,27.0
cmp4blh4j00j1jkjrvttrqe9n,cmmx6howt0000bi1zgfsisou2,2026-05-13 17:15:10.898,50.83088954056696,27.6,62.0,89.28,7.0,9.0,13.0,27.0
cmp4blkbz00j3jkjrjxv8d38r,cmmx6howt0000bi1zgfsisou2,2026-05-13 17:15:15.093,50.83088954056696,27.6,62.0,89.77,7.0,9.0,13.0,27.0
cmp4blniv00j5jkjrhd7zvc4q,cmmx6howt0000bi1zgfsisou2,2026-05-13 17:15:19.232,50.83088954056696,27.6,62.0,89.51,7.0,9.0,13.0,27.0
cmp4blqqk00j7jkjrnhuexdp7,cmmx6howt0000bi1zgfsisou2,2026-05-13 17:15:23.376,50.83088954056696,27.6,62.0,89.28,7.0,9.0,13.0,27.0
cmp4bltyv00j9jkjra93cfeuu,cmmx6howt0000bi1zgfsisou2,2026-05-13 17:15:27.554,50.9286412512219,27.6,62.0,70.22,7.0,9.0,13.0,27.0
cmp4blx6g00jbjkjrtluy0vxg,cmmx6howt0000bi1zgfsisou2,2026-05-13 17:15:31.724,50.9286412512219,27.6,62.0,76.7,7.0,9.0,13.0,27.0
cmp4bm0e200jdjkjrji5jzlce,cmmx6howt0000bi1zgfsisou2,2026-05-13 17:15:35.901,50.9286412512219,27.6,62.0,83.22,7.0,9.0,13.0,27.0
cmp4bm3kb00jfjkjrjrukep7n,cmmx6howt0000bi1zgfsisou2,2026-05-13 17:15:40.022,50.83088954056696,27.6,62.0,89.54,7.0,9.0,13.0,27.0
cmp4bm6qa00jhjkjrb3gc1jc5,cmmx6howt0000bi1zgfsisou2,2026-05-13 17:15:44.114,50.9286412512219,27.6,62.0,63.7,7.0,10.0,14.0,28.0
cmp4bm9xf00jjjkjrxmq6q94u,cmmx6howt0000bi1zgfsisou2,2026-05-13 17:15:48.235,50.83088954056696,27.6,62.0,89.54,7.0,10.0,14.0,28.0
cmp4bmd5b00jljkjrhcbam4pf,cmmx6howt0000bi1zgfsisou2,2026-05-13 17:15:52.438,50.83088954056696,27.6,62.0,89.31,7.0,10.0,14.0,28.0
cmp4bmgce00jnjkjr9f881vv5,cmmx6howt0000bi1zgfsisou2,2026-05-13 17:15:56.554,50.9286412512219,27.6,62.0,69.95,7.0,10.0,14.0,28.0
cmp4bmjk100jpjkjrj8sbpb7t,cmmx6howt0000bi1zgfsisou2,2026-05-13 17:16:00.742,50.83088954056696,27.6,62.0,89.54,7.0,10.0,14.0,28.0
cmp4bmmr300jrjkjrcd9xla9t,cmmx6howt0000bi1zgfsisou2,2026-05-13 17:16:04.879,50.83088954056696,27.6,62.0,63.7,7.0,10.0,14.0,28.0
cmp4bmq0300jtjkjrilp3ec3c,cmmx6howt0000bi1zgfsisou2,2026-05-13 17:16:09.073,50.73313782991202,27.6,62.0,85.92,7.0,10.0,14.0,28.0
cmp4bmt6u00jvjkjr7ldo5ynm,cmmx6howt0000bi1zgfsisou2,2026-05-13 17:16:13.224,48.87585532746823,27.6,62.0,89.28,7.0,10.0,14.0,28.0
cmp4bmweb00jxjkjro57pmfto,cmmx6howt0000bi1zgfsisou2,2026-05-13 17:16:17.390,53.76344086021505,27.6,62.0,100.0,7.0,10.0,14.0,28.0
cmp4bmzki00jzjkjrdtwrjxrn,cmmx6howt0000bi1zgfsisou2,2026-05-13 17:16:21.505,52.00391006842619,27.6,62.0,89.54,7.0,10.0,14.0,28.0
cmp4bn2rl00k1jkjr6hkvauw8,cmmx6howt0000bi1zgfsisou2,2026-05-13 17:16:25.620,65.49364613880742,27.6,62.0,57.26,7.0,10.0,14.0,28.0
cmp4bn5yz00k3jkjrcgt44f4i,cmmx6howt0000bi1zgfsisou2,2026-05-13 17:16:29.786,65.98240469208211,27.6,62.0,89.51,7.0,10.0,14.0,28.0
cmp4bn96x00k5jkjr3h7zeb6m,cmmx6howt0000bi1zgfsisou2,2026-05-13 17:16:33.951,66.177908113392,27.6,62.0,89.77,7.0,10.0,14.0,28.0
cmp4bncef00k7jkjrezgfbw49,cmmx6howt0000bi1zgfsisou2,2026-05-13 17:16:38.101,66.177908113392,27.6,62.0,89.73,7.0,10.0,14.0,28.0
cmp4bnfm600k9jkjragokyou2,cmmx6howt0000bi1zgfsisou2,2026-05-13 17:16:42.270,65.98240469208211,27.6,62.0,89.54,7.0,10.0,14.0,28.0
cmp4bnisk00kbjkjrxexyoyjz,cmmx6howt0000bi1zgfsisou2,2026-05-13 17:16:46.418,65.88465298142718,27.6,62.0,89.77,7.0,10.0,14.0,28.0
cmp4bnm0400kdjkjr8mhm4cgs,cmmx6howt0000bi1zgfsisou2,2026-05-13 17:16:50.552,65.78690127077225,27.6,62.0,89.73,7.0,10.0,14.0,28.0
cmp4bnp8o00kfjkjrq5wl86bv,cmmx6howt0000bi1zgfsisou2,2026-05-13 17:16:54.765,65.88465298142718,27.6,63.0,89.51,7.0,10.0,14.0,28.0
cmp4bnsg900khjkjrfrgbp82o,cmmx6howt0000bi1zgfsisou2,2026-05-13 17:16:58.916,60.80156402737048,27.6,63.0,89.77,7.0,10.0,14.0,28.0
cmp4bnvoe00kjjkjrk4s1gxuo,cmmx6howt0000bi1zgfsisou2,2026-05-13 17:17:03.088,60.70381231671554,27.6,62.0,89.51,7.0,10.0,14.0,28.0
cmp4bnyw900kljkjrhupoth1q,cmmx6howt0000bi1zgfsisou2,2026-05-13 17:17:07.261,60.60606060606061,27.6,62.0,89.77,7.0,10.0,14.0,28.0
cmp4bo23200knjkjrv0gxq8oi,cmmx6howt0000bi1zgfsisou2,2026-05-13 17:17:11.403,60.41055718475074,27.6,62.0,89.7,7.0,10.0,14.0,28.0
cmp4bo5b900kpjkjr0avfhklg,cmmx6howt0000bi1zgfsisou2,2026-05-13 17:17:15.577,60.41055718475074,27.6,62.0,89.54,7.0,10.0,14.0,28.0
cmp4bo8ig00krjkjrujuhq9x0,cmmx6howt0000bi1zgfsisou2,2026-05-13 17:17:19.704,60.3128054740958,27.6,62.0,89.7,7.0,10.0,14.0,28.0
cmp4bobrd00ktjkjrp6o8499b,cmmx6howt0000bi1zgfsisou2,2026-05-13 17:17:23.907,60.21505376344086,27.6,62.0,89.73,7.0,10.0,14.0,28.0
cmp4bof0100kvjkjrf7vq83oy,cmmx6howt0000bi1zgfsisou2,2026-05-13 17:17:28.125,60.21505376344086,27.6,62.0,89.47,7.0,10.0,14.0,28.0
cmp4boi8l00kxjkjr09c3tovl,cmmx6howt0000bi1zgfsisou2,2026-05-13 17:17:32.292,60.11730205278592,27.6,62.0,89.66,7.0,10.0,14.0,28.0
cmp4bolhh00kzjkjrg942kjbi,cmmx6howt0000bi1zgfsisou2,2026-05-13 17:17:36.509,60.01955034213099,27.6,62.0,89.7,7.0,10.0,14.0,28.0
cmp4boopy00l1jkjrhuay12uy,cmmx6howt0000bi1zgfsisou2,2026-05-13 17:17:40.711,60.01955034213099,27.6,62.0,89.51,7.0,10.0,14.0,28.0
cmp4boryg00l3jkjr5epiu5c6,cmmx6howt0000bi1zgfsisou2,2026-05-13 17:17:44.920,59.92179863147605,27.6,62.0,89.54,7.0,10.0,14.0,28.0
cmp4bov7l00l5jkjrxpgdj0md,cmmx6howt0000bi1zgfsisou2,2026-05-13 17:17:49.098,59.92179863147605,27.6,62.0,89.73,7.0,10.0,14.0,28.0
cmp4boyh100l7jkjrtmc14fpl,cmmx6howt0000bi1zgfsisou2,2026-05-13 17:17:53.331,59.82404692082112,27.6,62.0,89.47,7.0,10.0,14.0,28.0
cmp4bp1q400l9jkjrx8z5he6y,cmmx6howt0000bi1zgfsisou2,2026-05-13 17:17:57.543,59.82404692082112,27.6,62.0,89.51,7.0,10.0,14.0,28.0
cmp4bp4xm00lbjkjredrse4qu,cmmx6howt0000bi1zgfsisou2,2026-05-13 17:18:01.736,59.82404692082112,27.6,62.0,89.73,7.0,10.0,14.0,28.0
cmp4bp84v00ldjkjrug3ijbsw,cmmx6howt0000bi1zgfsisou2,2026-05-13 17:18:05.895,59.82404692082112,27.6,62.0,89.47,7.0,10.0,14.0,28.0
cmp4bpbck00lfjkjrsj5o77e8,cmmx6howt0000bi1zgfsisou2,2026-05-13 17:18:10.057,59.82404692082112,27.6,62.0,89.47,7.0,10.0,14.0,28.0
cmp4bpelc00lhjkjr5fo2ht03,cmmx6howt0000bi1zgfsisou2,2026-05-13 17:18:14.260,59.72629521016618,27.6,62.0,89.73,7.0,10.0,14.0,28.0
cmp4bpht600ljjkjrbxy5rw0a,cmmx6howt0000bi1zgfsisou2,2026-05-13 17:18:18.412,59.72629521016618,27.6,62.0,89.54,7.0,10.0,14.0,28.0
cmp4bpl2b00lljkjri30rlpa2,cmmx6howt0000bi1zgfsisou2,2026-05-13 17:18:22.596,59.72629521016618,27.6,62.0,89.51,7.0,10.0,14.0,28.0
cmp4bpo9x00lnjkjr62wz87ud,cmmx6howt0000bi1zgfsisou2,2026-05-13 17:18:26.769,59.72629521016618,27.6,62.0,89.66,7.0,10.0,14.0,28.0
cmp4bprh500lpjkjr49skbxdn,cmmx6howt0000bi1zgfsisou2,2026-05-13 17:18:30.959,59.72629521016618,27.6,62.0,89.54,7.0,10.0,14.0,28.0
cmp4bpupj00lrjkjrpghtf5hg,cmmx6howt0000bi1zgfsisou2,2026-05-13 17:18:35.129,59.72629521016618,27.6,62.0,89.54,7.0,10.0,14.0,28.0
cmp4bpxx600ltjkjr9iovocgp,cmmx6howt0000bi1zgfsisou2,2026-05-13 17:18:39.288,59.72629521016618,27.6,62.0,89.47,7.0,10.0,14.0,28.0
cmp4bq15400lvjkjrb1p66lnz,cmmx6howt0000bi1zgfsisou2,2026-05-13 17:18:43.466,59.62854349951125,27.6,62.0,57.19,7.0,10.0,14.0,28.0
cmp4bq4dp00lxjkjr5kx5tai7,cmmx6howt0000bi1zgfsisou2,2026-05-13 17:18:47.676,59.72629521016618,27.6,62.0,57.42,7.0,10.0,14.0,28.0
cmp4bq7mh00lzjkjr8wxxyrn0,cmmx6howt0000bi1zgfsisou2,2026-05-13 17:18:51.859,59.62854349951125,27.6,62.0,57.19,7.0,10.0,14.0,28.0
cmp4bqaux00m1jkjrjudklcff,cmmx6howt0000bi1zgfsisou2,2026-05-13 17:18:56.073,59.62854349951125,27.6,62.0,57.38,7.0,10.0,14.0,28.0
cmp4bqe3m00m3jkjr6pyey6we,cmmx6howt0000bi1zgfsisou2,2026-05-13 17:19:00.276,59.62854349951125,27.6,62.0,38.93,7.0,10.0,14.0,28.0
cmp4bqhgd00m5jkjrqrb498pk,cmmx6howt0000bi1zgfsisou2,2026-05-13 17:19:04.463,59.62854349951125,27.6,62.0,53.38,7.0,10.0,14.0,28.0
cmp4bqkoa00m7jkjrzkukhk5m,cmmx6howt0000bi1zgfsisou2,2026-05-13 17:19:08.795,59.62854349951125,27.6,62.0,60.62,7.0,10.0,14.0,28.0
cmp4bqnvt00m9jkjriqfly7mk,cmmx6howt0000bi1zgfsisou2,2026-05-13 17:19:12.956,59.62854349951125,27.6,62.0,60.66,7.0,10.0,14.0,28.0
cmp4bqr6200mbjkjrempivy46,cmmx6howt0000bi1zgfsisou2,2026-05-13 17:19:17.185,59.53079178885631,27.6,62.0,46.17,7.0,10.0,14.0,28.0
cmp4bqudc00mdjkjr39tewd0w,cmmx6howt0000bi1zgfsisou2,2026-05-13 17:19:21.358,59.53079178885631,27.6,62.0,38.74,7.0,10.0,14.0,28.0
cmp4bqxkx00mfjkjrxpxld3bu,cmmx6howt0000bi1zgfsisou2,2026-05-13 17:19:25.523,59.53079178885631,27.6,62.0,23.65,7.0,10.0,14.0,28.0
cmp4br0ub00mhjkjrwbjhfxu5,cmmx6howt0000bi1zgfsisou2,2026-05-13 17:19:29.714,59.53079178885631,27.6,62.0,31.31,7.0,10.0,14.0,28.0
cmp4br42000mjjkjrskr9zn6n,cmmx6howt0000bi1zgfsisou2,2026-05-13 17:19:33.893,59.53079178885631,27.6,62.0,38.78,7.0,10.0,14.0,28.0
cmp4br79900mljkjr63c5rfgq,cmmx6howt0000bi1zgfsisou2,2026-05-13 17:19:38.062,59.53079178885631,27.6,62.0,38.51,7.0,10.0,14.0,28.0
cmp4brahv00mnjkjr01ujlqka,cmmx6howt0000bi1zgfsisou2,2026-05-13 17:19:42.244,59.53079178885631,27.6,62.0,45.94,7.0,10.0,14.0,28.0
cmp4brdpo00mpjkjrxrw6p5nl,cmmx6howt0000bi1zgfsisou2,2026-05-13 17:19:46.404,59.62854349951125,27.6,62.0,31.31,7.0,10.0,14.0,28.0
cmp4brgzi00mrjkjrn0rgr5ul,cmmx6howt0000bi1zgfsisou2,2026-05-13 17:19:50.640,59.62854349951125,27.6,62.0,23.88,7.0,10.0,14.0,28.0
cmp4brk6f00mtjkjrjk0m3853,cmmx6howt0000bi1zgfsisou2,2026-05-13 17:19:54.809,59.62854349951125,27.6,62.0,31.08,7.0,10.0,14.0,28.0
cmp4brnf700mvjkjrhe4mb0w6,cmmx6howt0000bi1zgfsisou2,2026-05-13 17:19:59.012,59.53079178885631,27.6,62.0,53.57,7.0,10.0,14.0,28.0
cmp4brqnr00mxjkjrdwnd7vr8,cmmx6howt0000bi1zgfsisou2,2026-05-13 17:20:03.210,59.53079178885631,27.6,62.0,60.81,7.0,10.0,14.0,28.0
cmp4brtv700mzjkjrwmszrq86,cmmx6howt0000bi1zgfsisou2,2026-05-13 17:20:07.363,59.62854349951125,27.6,62.0,38.63,7.0,10.0,14.0,28.0
cmp4brx4400n1jkjr1xfjlf9n,cmmx6howt0000bi1zgfsisou2,2026-05-13 17:20:11.546,59.62854349951125,27.6,62.0,61.04,7.0,10.0,14.0,28.0
cmp4bs0g100n3jkjrnet40hk7,cmmx6howt0000bi1zgfsisou2,2026-05-13 17:20:15.806,59.72629521016618,27.6,62.0,38.51,7.0,10.0,14.0,28.0
cmp4bs3qo00n5jkjrw2zt22vj,cmmx6howt0000bi1zgfsisou2,2026-05-13 17:20:20.058,59.72629521016618,27.6,62.0,53.38,7.0,10.0,14.0,28.0
cmp4bs6zb00n7jkjr1dx2ol6k,cmmx6howt0000bi1zgfsisou2,2026-05-13 17:20:24.339,59.72629521016618,27.6,62.0,38.51,7.0,10.0,14.0,28.0
cmp4bsa6b00n9jkjrwo8rcb16,cmmx6howt0000bi1zgfsisou2,2026-05-13 17:20:28.506,59.72629521016618,27.6,62.0,45.91,7.0,10.0,14.0,28.0
cmp4bsdfc00nbjkjrdppu9xrz,cmmx6howt0000bi1zgfsisou2,2026-05-13 17:20:32.694,59.72629521016618,27.6,62.0,60.81,7.0,10.0,14.0,28.0
cmp4bsgng00ndjkjr165wegrj,cmmx6howt0000bi1zgfsisou2,2026-05-13 17:20:36.899,59.72629521016618,27.6,61.0,60.81,7.0,10.0,14.0,28.0
cmp4bsjv600nfjkjrp36oqzdu,cmmx6howt0000bi1zgfsisou2,2026-05-13 17:20:41.057,59.72629521016618,27.6,61.0,60.58,7.0,10.0,14.0,28.0
cmp4bsn2z00nhjkjreda0y6ha,cmmx6howt0000bi1zgfsisou2,2026-05-13 17:20:45.223,59.72629521016618,27.6,61.0,100.0,7.0,10.0,14.0,28.0
cmp4bsqc900njjkjrciebjzku,cmmx6howt0000bi1zgfsisou2,2026-05-13 17:20:49.425,59.72629521016618,27.6,61.0,100.0,7.0,10.0,14.0,28.0
cmp4bstjr00nljkjr8pyvvajz,cmmx6howt0000bi1zgfsisou2,2026-05-13 17:20:53.604,59.82404692082112,27.6,61.0,100.0,7.0,10.0,14.0,28.0
cmp4bswra00nnjkjrq44awn1i,cmmx6howt0000bi1zgfsisou2,2026-05-13 17:20:57.759,59.72629521016618,27.6,61.0,100.0,7.0,10.0,14.0,28.0
cmp4bszzk00npjkjrnrjjww68,cmmx6howt0000bi1zgfsisou2,2026-05-13 17:21:01.935,59.82404692082112,27.6,62.0,42.71,7.0,10.0,14.0,28.0
cmp4bt36x00nrjkjrfudekqml,cmmx6howt0000bi1zgfsisou2,2026-05-13 17:21:06.099,59.82404692082112,27.6,62.0,42.93,7.0,10.0,14.0,28.0
cmp4bt6ez00ntjkjryrhnke44,cmmx6howt0000bi1zgfsisou2,2026-05-13 17:21:10.278,59.82404692082112,27.6,62.0,42.93,7.0,10.0,14.0,28.0
cmp4bt9n400nvjkjr3nt2ojyg,cmmx6howt0000bi1zgfsisou2,2026-05-13 17:21:14.453,59.82404692082112,27.6,62.0,42.93,7.0,10.0,14.0,29.0
cmp4btcvc00nxjkjr6imxbmf2,cmmx6howt0000bi1zgfsisou2,2026-05-13 17:21:18.649,59.82404692082112,27.6,62.0,42.93,7.0,10.0,14.0,29.0
cmp4btg3300nzjkjrn4ele4cv,cmmx6howt0000bi1zgfsisou2,2026-05-13 17:21:22.822,59.82404692082112,27.6,62.0,42.71,7.0,10.0,14.0,29.0
cmp4btjaf00o1jkjr5acwz1bp,cmmx6howt0000bi1zgfsisou2,2026-05-13 17:21:26.965,59.82404692082112,27.6,62.0,42.71,7.0,10.0,14.0,29.0
cmp4btmj100o3jkjrx8m0lqgg,cmmx6howt0000bi1zgfsisou2,2026-05-13 17:21:31.153,59.82404692082112,27.6,62.0,42.71,7.0,10.0,14.0,28.0
cmp4btpqe00o5jkjrawzsc0oc,cmmx6howt0000bi1zgfsisou2,2026-05-13 17:21:35.308,59.82404692082112,27.6,62.0,42.71,7.0,10.0,14.0,29.0
cmp4btsx500o7jkjrogpwgfgx,cmmx6howt0000bi1zgfsisou2,2026-05-13 17:21:39.455,59.82404692082112,27.6,62.0,42.71,7.0,10.0,14.0,29.0
cmp4btw5t00o9jkjrd1e44ynj,cmmx6howt0000bi1zgfsisou2,2026-05-13 17:21:43.653,59.82404692082112,27.6,61.0,42.93,7.0,10.0,14.0,29.0
cmp4btze000objkjrm930i8g5,cmmx6howt0000bi1zgfsisou2,2026-05-13 17:21:47.832,59.82404692082112,27.6,61.0,42.93,7.0,10.0,14.0,29.0
cmp4bu2lt00odjkjr3kgs21j4,cmmx6howt0000bi1zgfsisou2,2026-05-13 17:21:51.996,59.82404692082112,27.6,61.0,42.71,7.0,10.0,14.0,29.0
cmp4bu5v700ofjkjr13qqgcqh,cmmx6howt0000bi1zgfsisou2,2026-05-13 17:21:56.221,59.82404692082112,27.6,61.0,42.71,7.0,10.0,14.0,29.0
cmp4bu92g00ohjkjr1xlu39a8,cmmx6howt0000bi1zgfsisou2,2026-05-13 17:22:00.377,59.82404692082112,27.6,61.0,42.71,7.0,10.0,14.0,29.0
cmp4bucag00ojjkjrnped8ady,cmmx6howt0000bi1zgfsisou2,2026-05-13 17:22:04.544,59.82404692082112,27.6,61.0,42.71,7.0,10.0,14.0,29.0
cmp4bufh400oljkjr57pzqwtn,cmmx6howt0000bi1zgfsisou2,2026-05-13 17:22:08.694,59.82404692082112,27.6,61.0,42.93,7.0,10.0,14.0,29.0
cmp4buiou00onjkjrgyp8r69j,cmmx6howt0000bi1zgfsisou2,2026-05-13 17:22:12.845,59.82404692082112,27.6,62.0,42.93,7.0,10.0,14.0,29.0
cmp4bulvz00opjkjr19v90l3j,cmmx6howt0000bi1zgfsisou2,2026-05-13 17:22:16.988,59.92179863147605,27.6,62.0,42.93,7.0,10.0,14.0,29.0
cmp4bup3l00orjkjr8addrmbj,cmmx6howt0000bi1zgfsisou2,2026-05-13 17:22:21.148,60.01955034213099,27.6,62.0,42.71,7.0,10.0,14.0,29.0
cmp4busbx00otjkjr4cgf6esl,cmmx6howt0000bi1zgfsisou2,2026-05-13 17:22:25.312,60.21505376344086,27.6,62.0,42.71,7.0,10.0,14.0,29.0
cmp4buvj500ovjkjrohw040mb,cmmx6howt0000bi1zgfsisou2,2026-05-13 17:22:29.493,60.21505376344086,27.6,62.0,42.71,7.0,10.0,14.0,29.0
cmp4buyq400oxjkjry0cm6v55,cmmx6howt0000bi1zgfsisou2,2026-05-13 17:22:33.632,60.60606060606061,27.6,62.0,42.71,7.0,10.0,14.0,29.0
cmp4bv1xn00ozjkjr4yb8d59w,cmmx6howt0000bi1zgfsisou2,2026-05-13 17:22:37.784,60.50830889540567,27.6,61.0,42.71,7.0,10.0,14.0,29.0
cmp4bv55k00p1jkjr339n6oev,cmmx6howt0000bi1zgfsisou2,2026-05-13 17:22:41.963,60.60606060606061,27.6,61.0,42.93,7.0,10.0,14.0,29.0
cmp4bv8df00p3jkjrhwgxd24g,cmmx6howt0000bi1zgfsisou2,2026-05-13 17:22:46.133,60.50830889540567,27.6,61.0,42.93,7.0,10.0,14.0,29.0
cmp4bvbla00p5jkjrarzso6yg,cmmx6howt0000bi1zgfsisou2,2026-05-13 17:22:50.311,60.50830889540567,27.6,61.0,42.93,7.0,10.0,14.0,29.0
cmp4bvet900p7jkjrpcq4cmhk,cmmx6howt0000bi1zgfsisou2,2026-05-13 17:22:54.476,60.60606060606061,27.6,61.0,42.71,7.0,10.0,14.0,29.0
cmp4bvi1900p9jkjr3s2e0zvw,cmmx6howt0000bi1zgfsisou2,2026-05-13 17:22:58.655,60.60606060606061,27.6,62.0,42.71,7.0,10.0,14.0,29.0
cmp4bvl9f00pbjkjrdkfnjc39,cmmx6howt0000bi1zgfsisou2,2026-05-13 17:23:02.835,60.50830889540567,27.6,62.0,42.71,7.0,10.0,14.0,29.0
cmp4bvohs00pdjkjrhkxxzkes,cmmx6howt0000bi1zgfsisou2,2026-05-13 17:23:07.006,60.50830889540567,27.6,62.0,42.59,7.0,10.0,14.0,29.0
cmp4bvrr100pfjkjrw5l86dmy,cmmx6howt0000bi1zgfsisou2,2026-05-13 17:23:11.236,60.50830889540567,27.6,62.0,42.93,7.0,10.0,14.0,29.0
cmp4bvuzx00phjkjr8bbs08cb,cmmx6howt0000bi1zgfsisou2,2026-05-13 17:23:15.461,60.50830889540567,27.6,62.0,42.97,7.0,10.0,14.0,29.0
cmp4bvy7400pjjkjrjabemhze,cmmx6howt0000bi1zgfsisou2,2026-05-13 17:23:19.607,60.60606060606061,27.6,62.0,42.93,7.0,10.0,14.0,29.0
cmp4bw1f000pljkjrs7mphu0l,cmmx6howt0000bi1zgfsisou2,2026-05-13 17:23:23.772,60.60606060606061,27.6,62.0,42.71,7.0,10.0,14.0,29.0
cmp4bw4mz00pnjkjrmjxfc146,cmmx6howt0000bi1zgfsisou2,2026-05-13 17:23:27.945,60.60606060606061,27.6,62.0,42.71,7.0,10.0,14.0,29.0
cmp4bw7tr00ppjkjr6eh8dtqi,cmmx6howt0000bi1zgfsisou2,2026-05-13 17:23:32.101,60.60606060606061,27.6,62.0,42.71,7.0,10.0,14.0,29.0
cmp4bwb1q00prjkjrwmij4k62,cmmx6howt0000bi1zgfsisou2,2026-05-13 17:23:36.234,60.60606060606061,27.6,62.0,42.71,7.0,10.0,14.0,29.0
cmp4bwe7p00ptjkjr29ut5sy6,cmmx6howt0000bi1zgfsisou2,2026-05-13 17:23:40.362,60.60606060606061,27.6,61.0,42.71,7.0,10.0,14.0,29.0
cmp4bwhet00pvjkjrot3fm6mr,cmmx6howt0000bi1zgfsisou2,2026-05-13 17:23:44.508,60.60606060606061,27.6,61.0,42.93,7.0,10.0,14.0,29.0
cmp4bwkls00pxjkjrzs2edtdo,cmmx6howt0000bi1zgfsisou2,2026-05-13 17:23:48.643,60.60606060606061,27.6,61.0,42.93,7.0,10.0,14.0,29.0
cmp4bwns600pzjkjr4jguk02s,cmmx6howt0000bi1zgfsisou2,2026-05-13 17:23:52.774,60.60606060606061,27.6,62.0,42.93,7.0,10.0,14.0,29.0
cmp4bwqzn00q1jkjr3hzsbwsy,cmmx6howt0000bi1zgfsisou2,2026-05-13 17:23:56.908,60.60606060606061,27.6,62.0,42.67,7.0,10.0,14.0,29.0
cmp4bwu7c00q3jkjr1d1rop3d,cmmx6howt0000bi1zgfsisou2,2026-05-13 17:24:01.073,60.60606060606061,27.6,62.0,42.71,7.0,10.0,14.0,29.0
cmp4bwxed00q5jkjr3vigwh6f,cmmx6howt0000bi1zgfsisou2,2026-05-13 17:24:05.218,60.60606060606061,27.6,62.0,42.71,7.0,10.0,14.0,29.0
cmp4bx0lj00q7jkjrgnxjl4kt,cmmx6howt0000bi1zgfsisou2,2026-05-13 17:24:09.338,60.60606060606061,27.6,62.0,42.71,7.0,10.0,14.0,29.0
cmp4bx3t200q9jkjrgqetq2d6,cmmx6howt0000bi1zgfsisou2,2026-05-13 17:24:13.522,60.60606060606061,27.6,62.0,42.71,7.0,10.0,14.0,29.0
cmp4bx74f00qbjkjrdfis5z5b,cmmx6howt0000bi1zgfsisou2,2026-05-13 17:24:17.668,60.60606060606061,27.6,62.0,61.53,7.0,10.0,14.0,29.0
cmp4bxabr00qdjkjrw1cklr4n,cmmx6howt0000bi1zgfsisou2,2026-05-13 17:24:21.974,60.60606060606061,27.6,62.0,51.89,7.0,10.0,14.0,29.0
cmp4bxdjg00qfjkjrle1bi7hm,cmmx6howt0000bi1zgfsisou2,2026-05-13 17:24:26.143,60.60606060606061,27.6,62.0,42.71,7.0,10.0,14.0,29.0
cmp4bxgr900qhjkjr6xvvprqq,cmmx6howt0000bi1zgfsisou2,2026-05-13 17:24:30.310,60.60606060606061,27.6,62.0,42.93,7.0,10.0,14.0,29.0
cmp4bxk0a00qjjkjrtmrn72ra,cmmx6howt0000bi1zgfsisou2,2026-05-13 17:24:34.524,60.60606060606061,27.6,62.0,42.93,7.0,10.0,14.0,29.0
cmp4bxn7u00qljkjrw8nbyara,cmmx6howt0000bi1zgfsisou2,2026-05-13 17:24:38.686,60.60606060606061,27.6,62.0,42.93,7.0,10.0,14.0,29.0
cmp4bxqf400qnjkjrw5qwjybm,cmmx6howt0000bi1zgfsisou2,2026-05-13 17:24:42.826,60.60606060606061,27.6,62.0,42.71,7.0,10.0,14.0,29.0
cmp4bxtm800qpjkjrtfqisffp,cmmx6howt0000bi1zgfsisou2,2026-05-13 17:24:46.965,60.60606060606061,27.6,62.0,42.71,7.0,10.0,14.0,29.0
cmp4bxwyt00qrjkjrwsdkqhyk,cmmx6howt0000bi1zgfsisou2,2026-05-13 17:24:51.198,60.60606060606061,27.6,62.0,52.12,7.0,10.0,14.0,29.0
cmp4by06e00qtjkjrxinjszsq,cmmx6howt0000bi1zgfsisou2,2026-05-13 17:24:55.473,60.60606060606061,27.6,62.0,48.5,7.0,10.0,14.0,29.0
cmp4by3kg00qvjkjrhjmh1rk6,cmmx6howt0000bi1zgfsisou2,2026-05-13 17:24:59.641,60.50830889540567,27.6,62.0,52.12,7.0,10.0,14.0,29.0
cmp4by6sb00qxjkjrjx8g5cox,cmmx6howt0000bi1zgfsisou2,2026-05-13 17:25:04.027,60.60606060606061,27.6,61.0,61.3,7.0,10.0,14.0,29.0
cmp4by9zs00qzjkjrc4ekr8j0,cmmx6howt0000bi1zgfsisou2,2026-05-13 17:25:08.199,60.60606060606061,27.6,61.0,42.93,7.0,10.0,14.0,29.0
cmp4byd7c00r1jkjrtj7cnfg5,cmmx6howt0000bi1zgfsisou2,2026-05-13 17:25:12.362,60.60606060606061,27.6,61.0,61.3,7.0,10.0,14.0,29.0
cmp4byggh00r3jkjr7jsggme5,cmmx6howt0000bi1zgfsisou2,2026-05-13 17:25:16.491,60.60606060606061,27.6,61.0,42.93,7.0,10.0,14.0,29.0
cmp4byjn800r5jkjrvlxydb4g,cmmx6howt0000bi1zgfsisou2,2026-05-13 17:25:20.696,60.60606060606061,27.6,61.0,52.12,7.0,10.0,14.0,29.0
cmp4bymv300r7jkjryt5cppet,cmmx6howt0000bi1zgfsisou2,2026-05-13 17:25:24.869,60.60606060606061,27.6,61.0,52.12,7.0,10.0,14.0,29.0
cmp4byq2400r9jkjr4ple2zsw,cmmx6howt0000bi1zgfsisou2,2026-05-13 17:25:29.004,60.70381231671554,27.6,61.0,52.35,7.0,10.0,14.0,29.0
cmp4byt9100rbjkjrhai7nv34,cmmx6howt0000bi1zgfsisou2,2026-05-13 17:25:33.164,60.60606060606061,27.6,61.0,51.89,7.0,10.0,14.0,29.0
cmp4bywga00rdjkjrd4o8wzn6,cmmx6howt0000bi1zgfsisou2,2026-05-13 17:25:37.303,60.70381231671554,27.6,61.0,52.12,7.0,10.0,14.0,29.0
cmp4byzoo00rfjkjrhbioizfh,cmmx6howt0000bi1zgfsisou2,2026-05-13 17:25:41.500,60.70381231671554,27.6,61.0,80.13,7.0,10.0,14.0,29.0
cmp4bz2vr00rhjkjrr09aosel,cmmx6howt0000bi1zgfsisou2,2026-05-13 17:25:45.643,60.70381231671554,27.6,61.0,51.89,7.0,10.0,14.0,29.0
cmp4bz62u00rjjkjreduoxccy,cmmx6howt0000bi1zgfsisou2,2026-05-13 17:25:49.773,60.60606060606061,27.6,61.0,42.71,7.0,10.0,14.0,29.0
cmp4bz9am00rljkjr62mlt08m,cmmx6howt0000bi1zgfsisou2,2026-05-13 17:25:53.950,60.60606060606061,27.6,61.0,42.71,7.0,10.0,14.0,29.0
cmp4bzcj600rnjkjr4aw7u43t,cmmx6howt0000bi1zgfsisou2,2026-05-13 17:25:58.148,60.60606060606061,27.6,61.0,52.31,7.0,10.0,14.0,29.0
cmp4bzgc600rpjkjrspk9oqmf,cmmx6howt0000bi1zgfsisou2,2026-05-13 17:26:02.461,60.70381231671554,27.6,61.0,23.65,7.0,10.0,14.0,29.0
cmp4bzkhl00rrjkjra059e6zg,cmmx6howt0000bi1zgfsisou2,2026-05-13 17:26:07.495,60.60606060606061,27.6,61.0,23.88,7.0,10.0,14.0,29.0
cmp4bzpe100rtjkjr1pi18gd1,cmmx6howt0000bi1zgfsisou2,2026-05-13 17:26:12.897,52.19941348973607,27.6,61.0,89.54,7.0,10.0,14.0,29.0
cmp4bzss200rvjkjrpae89f2r,cmmx6howt0000bi1zgfsisou2,2026-05-13 17:26:19.179,66.08015640273706,27.6,61.0,89.77,7.0,10.0,14.0,28.0
cmp4bzw0a00rxjkjrtmwjcyp6,cmmx6howt0000bi1zgfsisou2,2026-05-13 17:26:23.355,68.6217008797654,27.6,64.0,100.0,7.0,1.0,3.0,7.0
cmp4bzz8g00rzjkjrbp9g90ja,cmmx6howt0000bi1zgfsisou2,2026-05-13 17:26:27.543,70.28347996089931,27.7,69.0,100.0,7.0,7.0,11.0,22.0
cmp4c02hb00s1jkjrffqn5gwp,cmmx6howt0000bi1zgfsisou2,2026-05-13 17:26:31.734,69.6969696969697,28.0,75.0,34.32,7.0,9.0,12.0,25.0
cmp4c05xz00s3jkjrisrtdwd2,cmmx6howt0000bi1zgfsisou2,2026-05-13 17:26:35.961,69.6969696969697,28.4,78.0,0.0,7.0,10.0,14.0,28.0
cmp4c095s00s5jkjr8mt3azxg,cmmx6howt0000bi1zgfsisou2,2026-05-13 17:26:40.430,75.75757575757575,29.0,82.0,0.0,7.0,10.0,14.0,29.0
cmp4c0cdd00s7jkjr4lfiovcn,cmmx6howt0000bi1zgfsisou2,2026-05-13 17:26:44.595,74.68230694037146,29.5,83.0,0.0,7.0,10.0,14.0,29.0
cmp4c0fl600s9jkjr2jzh4p4h,cmmx6howt0000bi1zgfsisou2,2026-05-13 17:26:48.754,74.87781036168133,30.0,83.0,0.0,7.0,10.0,14.0,29.0
cmp4c0is700sbjkjr1ht9qycq,cmmx6howt0000bi1zgfsisou2,2026-05-13 17:26:52.901,75.26881720430107,30.5,85.0,0.0,7.0,10.0,14.0,29.0
cmp4c0lzw00sdjkjrgolb487x,cmmx6howt0000bi1zgfsisou2,2026-05-13 17:26:57.085,75.26881720430107,31.1,85.0,0.0,7.0,10.0,14.0,29.0
cmp4c0p5p00sfjkjrf8f4vu91,cmmx6howt0000bi1zgfsisou2,2026-05-13 17:27:01.173,74.19354838709677,31.6,84.0,0.0,7.0,10.0,14.0,29.0
cmp4c0sbp00shjkjrtf0z6mnz,cmmx6howt0000bi1zgfsisou2,2026-05-13 17:27:05.256,63.34310850439883,32.0,83.0,0.0,7.0,10.0,14.0,29.0
cmp4c0vii00sjjkjr75rbl34y,cmmx6howt0000bi1zgfsisou2,2026-05-13 17:27:09.392,60.01955034213099,32.4,83.0,0.0,7.0,10.0,14.0,29.0
cmp4c0ypx00sljkjr9ekrbb6l,cmmx6howt0000bi1zgfsisou2,2026-05-13 17:27:13.572,60.3128054740958,32.8,83.0,0.0,7.0,10.0,14.0,29.0
cmp4c11xb00snjkjruoc3p4tl,cmmx6howt0000bi1zgfsisou2,2026-05-13 17:27:17.709,60.41055718475074,33.2,79.0,0.0,7.0,10.0,14.0,29.0
cmp4c154000spjkjrl7evf0lo,cmmx6howt0000bi1zgfsisou2,2026-05-13 17:27:21.854,59.72629521016618,33.5,75.0,0.0,7.0,10.0,14.0,29.0
cmp4c18aw00srjkjrazr11a22,cmmx6howt0000bi1zgfsisou2,2026-05-13 17:27:25.970,59.53079178885631,33.7,73.0,0.0,7.0,10.0,14.0,29.0
cmp4c1bh300stjkjrj2wfn6d3,cmmx6howt0000bi1zgfsisou2,2026-05-13 17:27:30.097,73.9980449657869,33.8,76.0,0.0,7.0,10.0,14.0,29.0
cmp4c1eo800svjkjrmr6r1hyt,cmmx6howt0000bi1zgfsisou2,2026-05-13 17:27:34.248,68.03519061583579,34.0,75.0,0.0,7.0,10.0,14.0,29.0
cmp4c1hvs00sxjkjrfdhn2hi1,cmmx6howt0000bi1zgfsisou2,2026-05-13 17:27:38.389,59.82404692082112,34.2,77.0,0.0,7.0,10.0,14.0,29.0
cmp4c1l2b00szjkjrau53or7x,cmmx6howt0000bi1zgfsisou2,2026-05-13 17:27:42.529,59.23753665689149,34.4,77.0,0.0,7.0,10.0,14.0,29.0
cmp4c1o9800t1jkjrio0hc112,cmmx6howt0000bi1zgfsisou2,2026-05-13 17:27:46.645,59.82404692082112,34.4,79.0,0.0,7.0,10.0,14.0,29.0
cmp4c1rfq00t3jkjre7v9tbph,cmmx6howt0000bi1zgfsisou2,2026-05-13 17:27:50.771,60.3128054740958,34.5,70.0,0.0,7.0,10.0,14.0,29.0
cmp4c1un600t5jkjrcbpag17e,cmmx6howt0000bi1zgfsisou2,2026-05-13 17:27:54.922,60.21505376344086,34.5,63.0,0.0,7.0,10.0,14.0,29.0
cmp4c1xva00t7jkjrn3zujyp2,cmmx6howt0000bi1zgfsisou2,2026-05-13 17:27:59.109,57.18475073313783,34.5,59.0,0.0,7.0,10.0,14.0,29.0
cmp4c212z00t9jkjr0dx3q5ip,cmmx6howt0000bi1zgfsisou2,2026-05-13 17:28:03.281,59.13978494623655,34.6,55.0,0.0,7.0,10.0,13.0,27.0
cmp4c249f00tbjkjrq7b4iqiq,cmmx6howt0000bi1zgfsisou2,2026-05-13 17:28:07.405,59.23753665689149,34.4,53.0,0.0,7.0,7.0,9.0,19.0
cmp4c27gg00tdjkjr8t2avi0i,cmmx6howt0000bi1zgfsisou2,2026-05-13 17:28:11.532,59.33528836754643,34.3,52.0,0.0,7.0,4.0,5.0,10.0
cmp4c2aov00tfjkjrwi1guc03,cmmx6howt0000bi1zgfsisou2,2026-05-13 17:28:15.713,59.33528836754643,34.2,50.0,0.0,7.0,2.0,4.0,8.0
cmp4c2dwg00thjkjrntjlrozv,cmmx6howt0000bi1zgfsisou2,2026-05-13 17:28:19.895,59.33528836754643,34.2,50.0,0.0,7.0,3.0,5.0,11.0
cmp4c2h3p00tjjkjrn4ve9h3o,cmmx6howt0000bi1zgfsisou2,2026-05-13 17:28:24.046,59.23753665689149,34.1,49.0,0.0,7.0,4.0,6.0,12.0
cmp4c2kax00tljkjrpxwf494r,cmmx6howt0000bi1zgfsisou2,2026-05-13 17:28:28.198,59.23753665689149,34.0,49.0,0.0,7.0,4.0,6.0,12.0
cmp4c2njd00tnjkjrtp35hi9b,cmmx6howt0000bi1zgfsisou2,2026-05-13 17:28:32.358,59.23753665689149,33.8,49.0,0.0,7.0,4.0,6.0,12.0
cmp4c2qqp00tpjkjrfq9ey1r1,cmmx6howt0000bi1zgfsisou2,2026-05-13 17:28:36.535,72.33626588465299,33.7,49.0,0.0,7.0,4.0,6.0,14.0
cmp4c2tyq00trjkjr3pj6w89j,cmmx6howt0000bi1zgfsisou2,2026-05-13 17:28:40.710,73.11827956989248,33.5,49.0,49.95,7.0,6.0,9.0,18.0
cmp4c2x5q00ttjkjrxng90mkt,cmmx6howt0000bi1zgfsisou2,2026-05-13 17:28:44.842,75.75757575757575,33.5,49.0,50.17,7.0,9.0,15.0,30.0
cmp4c30cx00tvjkjrxqpeqwhd,cmmx6howt0000bi1zgfsisou2,2026-05-13 17:28:49.013,66.95992179863148,33.3,49.0,0.0,7.0,14.0,19.0,38.0
cmp4c33kg00txjkjrchrwhhk6,cmmx6howt0000bi1zgfsisou2,2026-05-13 17:28:53.161,75.95307917888563,33.2,50.0,0.0,7.0,13.0,18.0,37.0
cmp4c36rv00tzjkjrglwcdof5,cmmx6howt0000bi1zgfsisou2,2026-05-13 17:28:57.315,62.17008797653959,33.2,58.0,0.0,7.0,11.0,15.0,30.0
cmp4c39ya00u1jkjrh8uw5i5e,cmmx6howt0000bi1zgfsisou2,2026-05-13 17:29:01.441,76.63734115347019,33.2,68.0,0.0,7.0,10.0,15.0,33.0
cmp4c3d5500u3jkjrrcygceo7,cmmx6howt0000bi1zgfsisou2,2026-05-13 17:29:05.565,77.02834799608993,33.2,74.0,62.26,7.0,13.0,19.0,39.0
cmp4c3gbo00u5jkjravypjqfu,cmmx6howt0000bi1zgfsisou2,2026-05-13 17:29:09.706,76.34408602150538,33.4,78.0,44.65,7.0,14.0,20.0,41.0
cmp4c3jil00u7jkjrluxf5kh6,cmmx6howt0000bi1zgfsisou2,2026-05-13 17:29:13.843,76.93059628543499,33.6,80.0,30.55,7.0,12.0,18.0,35.0
cmp4c3mpa00u9jkjr3wijxzb1,cmmx6howt0000bi1zgfsisou2,2026-05-13 17:29:17.951,76.83284457478005,33.7,82.0,0.0,7.0,10.0,14.0,26.0
cmp4c3px200ubjkjrxlilkvdg,cmmx6howt0000bi1zgfsisou2,2026-05-13 17:29:22.119,76.34408602150538,34.0,83.0,95.79,7.0,5.0,8.0,17.0
cmp4c3t4900udjkjr11p3fx8v,cmmx6howt0000bi1zgfsisou2,2026-05-13 17:29:26.263,76.24633431085044,34.1,78.0,0.0,7.0,9.0,14.0,28.0
cmp4c3wcp00ufjkjrpprol1ze,cmmx6howt0000bi1zgfsisou2,2026-05-13 17:29:30.454,75.46432062561095,34.2,73.0,0.0,7.0,14.0,20.0,41.0
cmp4c3zjh00uhjkjr9654c5wq,cmmx6howt0000bi1zgfsisou2,2026-05-13 17:29:34.609,76.44183773216031,34.2,66.0,0.0,7.0,18.0,25.0,51.0
cmp4c42r700ujjkjrufx98eai,cmmx6howt0000bi1zgfsisou2,2026-05-13 17:29:38.735,76.53958944281524,34.3,60.0,0.0,7.0,17.0,25.0,50.0
cmp4c45z600uljkjrhf4zrwex,cmmx6howt0000bi1zgfsisou2,2026-05-13 17:29:42.932,76.53958944281524,34.3,57.0,0.0,7.0,18.0,25.0,52.0
cmp4c496t00unjkjr4571ohzs,cmmx6howt0000bi1zgfsisou2,2026-05-13 17:29:47.092,77.2238514173998,34.2,54.0,0.0,7.0,19.0,26.0,54.0
cmp4c4cex00upjkjriu5dz1l3,cmmx6howt0000bi1zgfsisou2,2026-05-13 17:29:51.279,76.1485826001955,34.2,52.0,0.0,7.0,20.0,28.0,57.0
cmp4c4fmk00urjkjr5fqxj49h,cmmx6howt0000bi1zgfsisou2,2026-05-13 17:29:55.431,77.2238514173998,34.1,51.0,0.0,7.0,20.0,28.0,57.0
cmp4c4iuf00utjkjrdykuw1ts,cmmx6howt0000bi1zgfsisou2,2026-05-13 17:29:59.611,77.41935483870968,34.0,50.0,0.0,7.0,20.0,28.0,57.0
cmp4c4m2d00uvjkjrzqyo3gg3,cmmx6howt0000bi1zgfsisou2,2026-05-13 17:30:03.782,77.32160312805473,34.0,50.0,0.0,7.0,20.0,28.0,57.0
cmp4c4p9u00uxjkjrn6j5yhi7,cmmx6howt0000bi1zgfsisou2,2026-05-13 17:30:07.961,77.32160312805473,33.8,50.0,0.0,7.0,20.0,28.0,57.0
cmp4c4shm00uzjkjr0zyc2oya,cmmx6howt0000bi1zgfsisou2,2026-05-13 17:30:12.104,77.32160312805473,33.7,49.0,0.0,7.0,20.0,28.0,57.0
cmp4c4vns00v1jkjr3lrt9hu1,cmmx6howt0000bi1zgfsisou2,2026-05-13 17:30:16.234,77.32160312805473,33.6,49.0,0.0,7.0,20.0,28.0,57.0
cmp4c4yuv00v3jkjrtafmbdnm,cmmx6howt0000bi1zgfsisou2,2026-05-13 17:30:20.371,77.2238514173998,33.4,49.0,0.0,7.0,20.0,28.0,57.0
cmp4c523a00v5jkjresr8m17p,cmmx6howt0000bi1zgfsisou2,2026-05-13 17:30:24.568,77.2238514173998,33.3,49.0,0.0,7.0,20.0,28.0,57.0
cmp4c55b300v7jkjr106ktfna,cmmx6howt0000bi1zgfsisou2,2026-05-13 17:30:28.715,77.12609970674487,33.2,49.0,0.0,7.0,20.0,28.0,57.0
cmp4c58iy00v9jkjrqljpzvpf,cmmx6howt0000bi1zgfsisou2,2026-05-13 17:30:32.882,77.2238514173998,33.1,50.0,0.0,7.0,20.0,28.0,57.0
cmp4c5bq300vbjkjrid472mu2,cmmx6howt0000bi1zgfsisou2,2026-05-13 17:30:37.058,75.75757575757575,33.0,50.0,0.0,7.0,20.0,28.0,57.0
cmp4c5eyb00vdjkjr4knugxbq,cmmx6howt0000bi1zgfsisou2,2026-05-13 17:30:41.218,77.12609970674487,32.9,49.0,0.0,7.0,20.0,28.0,57.0
cmp4c5i6700vfjkjr29odkgiy,cmmx6howt0000bi1zgfsisou2,2026-05-13 17:30:45.386,77.2238514173998,32.7,49.0,0.0,7.0,20.0,28.0,57.0
cmp4c5ldt00vhjkjrl8eushaq,cmmx6howt0000bi1zgfsisou2,2026-05-13 17:30:49.556,77.2238514173998,32.6,50.0,0.0,7.0,20.0,28.0,57.0
cmp4c5ol000vjjkjrgh63chua,cmmx6howt0000bi1zgfsisou2,2026-05-13 17:30:53.718,77.2238514173998,32.5,50.0,0.0,7.0,20.0,28.0,57.0
cmp4c5rrr00vljkjr1ywnwoaa,cmmx6howt0000bi1zgfsisou2,2026-05-13 17:30:57.850,77.2238514173998,32.4,50.0,0.0,7.0,20.0,28.0,57.0
cmp4c5uz900vnjkjrol0de67e,cmmx6howt0000bi1zgfsisou2,2026-05-13 17:31:01.992,77.2238514173998,32.2,50.0,0.0,7.0,20.0,28.0,57.0
cmp4c5y6i00vpjkjr2qckm2v7,cmmx6howt0000bi1zgfsisou2,2026-05-13 17:31:06.140,77.2238514173998,32.2,50.0,0.0,7.0,20.0,28.0,57.0
cmp4c61cq00vrjkjrqldyrk7x,cmmx6howt0000bi1zgfsisou2,2026-05-13 17:31:10.276,77.2238514173998,32.0,51.0,0.0,7.0,20.0,28.0,57.0
cmp4c64ks00vtjkjrrutmk7v2,cmmx6howt0000bi1zgfsisou2,2026-05-13 17:31:14.430,75.65982404692082,32.0,51.0,0.0,7.0,20.0,28.0,57.0
cmp4c67ru00vvjkjrcnfkkk9p,cmmx6howt0000bi1zgfsisou2,2026-05-13 17:31:18.586,77.12609970674487,31.8,51.0,0.0,7.0,20.0,28.0,57.0
cmp4c6b0200vxjkjrgzgnlljr,cmmx6howt0000bi1zgfsisou2,2026-05-13 17:31:22.757,77.2238514173998,31.8,51.0,0.0,7.0,20.0,28.0,57.0
cmp4c6e8200vzjkjrwaqrmmwc,cmmx6howt0000bi1zgfsisou2,2026-05-13 17:31:26.953,77.12609970674487,31.7,51.0,0.0,7.0,20.0,28.0,57.0
cmp4c6hfp00w1jkjry8iyz6ng,cmmx6howt0000bi1zgfsisou2,2026-05-13 17:31:31.113,77.2238514173998,31.6,52.0,0.0,7.0,20.0,28.0,57.0
cmp4c6kmk00w3jkjrir845k97,cmmx6howt0000bi1zgfsisou2,2026-05-13 17:31:35.254,77.2238514173998,31.5,52.0,0.0,7.0,20.0,28.0,57.0
cmp4c6nv600w5jkjrnwprkpwu,cmmx6howt0000bi1zgfsisou2,2026-05-13 17:31:39.422,77.12609970674487,31.4,52.0,0.0,7.0,20.0,28.0,57.0
cmp4c6r3200w7jkjrzb7npy2q,cmmx6howt0000bi1zgfsisou2,2026-05-13 17:31:43.601,77.12609970674487,31.3,52.0,0.0,7.0,20.0,28.0,57.0
cmp4c6uan00w9jkjr68m15cry,cmmx6howt0000bi1zgfsisou2,2026-05-13 17:31:47.767,77.12609970674487,31.2,53.0,0.0,7.0,20.0,28.0,57.0
cmp4c6xj400wbjkjrvqycg3l1,cmmx6howt0000bi1zgfsisou2,2026-05-13 17:31:51.951,77.2238514173998,31.1,53.0,0.0,7.0,20.0,28.0,57.0
cmp4c70q400wdjkjr8oeaefjg,cmmx6howt0000bi1zgfsisou2,2026-05-13 17:31:56.114,77.2238514173998,31.0,53.0,0.0,7.0,20.0,28.0,57.0
cmp4c73wi00wfjkjre9spzx23,cmmx6howt0000bi1zgfsisou2,2026-05-13 17:32:00.209,77.12609970674487,30.9,52.0,0.0,7.0,20.0,28.0,57.0
cmp4c775000whjkjr9klfz1cf,cmmx6howt0000bi1zgfsisou2,2026-05-13 17:32:04.403,77.12609970674487,30.9,53.0,0.0,7.0,20.0,28.0,57.0
cmp4c7ace00wjjkjrg5kl93if,cmmx6howt0000bi1zgfsisou2,2026-05-13 17:32:08.562,77.02834799608993,30.7,53.0,0.0,7.0,20.0,28.0,57.0
cmp4c7dk900wljkjruxeb6jf6,cmmx6howt0000bi1zgfsisou2,2026-05-13 17:32:12.726,75.366568914956,30.7,53.0,0.0,7.0,20.0,28.0,57.0
cmp4c7grb00wnjkjrem0487j4,cmmx6howt0000bi1zgfsisou2,2026-05-13 17:32:16.876,76.34408602150538,30.5,53.0,55.51,7.0,20.0,28.0,57.0
cmp4c7jzq00wpjkjresfkt8xu,cmmx6howt0000bi1zgfsisou2,2026-05-13 17:32:21.028,76.53958944281524,30.5,54.0,61.04,7.0,20.0,28.0,57.0
cmp4c7n7100wrjkjrgfnc9aqn,cmmx6howt0000bi1zgfsisou2,2026-05-13 17:32:25.213,76.53958944281524,30.4,54.0,57.91,7.0,20.0,28.0,57.0
cmp4c7qeo00wtjkjrjxn9fuu5,cmmx6howt0000bi1zgfsisou2,2026-05-13 17:32:29.379,76.53958944281524,30.3,54.0,57.19,7.0,20.0,28.0,57.0
cmp4c7tlk00wvjkjrrzwzzw92,cmmx6howt0000bi1zgfsisou2,2026-05-13 17:32:33.534,76.53958944281524,30.3,54.0,41.98,7.0,20.0,28.0,57.0
cmp4c7wsl00wxjkjr9qi3euq4,cmmx6howt0000bi1zgfsisou2,2026-05-13 17:32:37.653,76.34408602150538,30.2,54.0,36.84,7.0,20.0,28.0,57.0
cmp4c7zzs00wzjkjrrp5kvij0,cmmx6howt0000bi1zgfsisou2,2026-05-13 17:32:41.807,76.34408602150538,30.1,55.0,40.53,7.0,20.0,28.0,57.0
cmp4c837500x1jkjrx2ebo9rr,cmmx6howt0000bi1zgfsisou2,2026-05-13 17:32:45.975,76.34408602150538,30.0,55.0,40.53,7.0,20.0,28.0,57.0
cmp4c86en00x3jkjrn98iudm1,cmmx6howt0000bi1zgfsisou2,2026-05-13 17:32:50.129,76.34408602150538,30.0,55.0,34.28,7.0,20.0,28.0,57.0
cmp4c89nu00x5jkjr8ilexstt,cmmx6howt0000bi1zgfsisou2,2026-05-13 17:32:54.320,76.44183773216031,30.0,55.0,40.3,7.0,20.0,28.0,57.0
cmp4c8cuq00x7jkjr8zrgvxcj,cmmx6howt0000bi1zgfsisou2,2026-05-13 17:32:58.488,75.0733137829912,29.8,55.0,34.51,7.0,20.0,28.0,57.0
cmp4c8g3700x9jkjr36bs7jva,cmmx6howt0000bi1zgfsisou2,2026-05-13 17:33:02.658,75.26881720430107,29.9,55.0,46.33,7.0,20.0,28.0,57.0
cmp4c8jam00xbjkjrgspwsohv,cmmx6howt0000bi1zgfsisou2,2026-05-13 17:33:06.810,75.75757575757575,29.8,56.0,37.29,7.0,20.0,28.0,57.0
cmp4c8mh000xdjkjr8efm0tgu,cmmx6howt0000bi1zgfsisou2,2026-05-13 17:33:10.958,75.8553274682307,29.7,56.0,46.55,7.0,20.0,28.0,57.0
cmp4c8po300xfjkjrnsyd7tiu,cmmx6howt0000bi1zgfsisou2,2026-05-13 17:33:15.078,75.8553274682307,29.7,56.0,46.33,7.0,20.0,28.0,57.0
cmp4c8swd00xhjkjrgqc7ek39,cmmx6howt0000bi1zgfsisou2,2026-05-13 17:33:19.249,75.8553274682307,29.7,56.0,43.54,7.0,20.0,28.0,57.0
cmp4c8w2y00xjjkjrtqzndkyr,cmmx6howt0000bi1zgfsisou2,2026-05-13 17:33:23.397,75.8553274682307,29.6,56.0,46.55,7.0,20.0,29.0,58.0
cmp4c8zbn00xljkjr7ce3jffx,cmmx6howt0000bi1zgfsisou2,2026-05-13 17:33:27.586,75.8553274682307,29.6,56.0,0.0,7.0,20.0,29.0,58.0
cmp4c92hx00xnjkjr9qsmb736,cmmx6howt0000bi1zgfsisou2,2026-05-13 17:33:31.719,75.8553274682307,29.5,57.0,43.01,7.0,20.0,29.0,58.0
cmp4c95pa00xpjkjr43jdtu3s,cmmx6howt0000bi1zgfsisou2,2026-05-13 17:33:35.862,71.74975562072336,29.5,57.0,100.0,7.0,20.0,28.0,54.0
cmp4c98wv00xrjkjrjn80dp76,cmmx6howt0000bi1zgfsisou2,2026-05-13 17:33:40.020,60.70381231671554,29.5,57.0,100.0,7.0,15.0,20.0,39.0
cmp4c9c3900xtjkjruxfmouc3,cmmx6howt0000bi1zgfsisou2,2026-05-13 17:33:44.154,65.49364613880742,29.4,56.0,100.0,7.0,8.0,12.0,22.0
cmp4c9fb500xvjkjryloba826,cmmx6howt0000bi1zgfsisou2,2026-05-13 17:33:48.313,68.6217008797654,29.4,56.0,100.0,7.0,22.0,2.0,4.0
cmp4c9iil00xxjkjrk7j2fnda,cmmx6howt0000bi1zgfsisou2,2026-05-13 17:33:52.457,68.42619745845553,29.3,57.0,100.0,7.0,10.0,15.0,30.0
cmp4c9lqi00xzjkjrgl6ycagw,cmmx6howt0000bi1zgfsisou2,2026-05-13 17:33:56.635,68.52394916911047,29.2,57.0,100.0,7.0,12.0,18.0,36.0
cmp4c9oxq00y1jkjrkjw38dln,cmmx6howt0000bi1zgfsisou2,2026-05-13 17:34:00.782,68.42619745845553,29.2,57.0,100.0,7.0,14.0,20.0,40.0
cmp4c9s6e00y3jkjrbzmt4n70,cmmx6howt0000bi1zgfsisou2,2026-05-13 17:34:04.976,68.42619745845553,29.2,57.0,100.0,7.0,14.0,20.0,41.0
cmp4c9ve300y5jkjr3ev7tgcz,cmmx6howt0000bi1zgfsisou2,2026-05-13 17:34:09.144,68.32844574780059,29.2,57.0,100.0,7.0,14.0,20.0,41.0
cmp4c9ykz00y7jkjrrdvn5frz,cmmx6howt0000bi1zgfsisou2,2026-05-13 17:34:13.290,68.32844574780059,29.2,57.0,100.0,7.0,14.0,20.0,41.0
cmp4ca1sh00y9jkjr8l2i7pqu,cmmx6howt0000bi1zgfsisou2,2026-05-13 17:34:17.441,68.23069403714565,29.1,58.0,100.0,7.0,15.0,21.0,42.0
cmp4ca4zi00ybjkjrh2664oiy,cmmx6howt0000bi1zgfsisou2,2026-05-13 17:34:21.602,67.35092864125123,29.1,59.0,100.0,7.0,15.0,21.0,42.0
cmp4ca85v00ydjkjrdxva6cbt,cmmx6howt0000bi1zgfsisou2,2026-05-13 17:34:25.717,68.42619745845553,29.0,59.0,100.0,7.0,15.0,21.0,42.0
cmp4cabcz00yfjkjr5dxz1652,cmmx6howt0000bi1zgfsisou2,2026-05-13 17:34:29.860,67.64418377321604,29.0,59.0,100.0,7.0,15.0,21.0,42.0
cmp4cael300yhjkjrl7cl46sq,cmmx6howt0000bi1zgfsisou2,2026-05-13 17:34:34.027,67.83968719452591,29.0,59.0,100.0,7.0,15.0,21.0,42.0
cmp4cahry00yjjkjrotaiot2j,cmmx6howt0000bi1zgfsisou2,2026-05-13 17:34:38.171,68.03519061583579,29.0,59.0,100.0,7.0,15.0,21.0,42.0
cmp4cakz000yljkjrq43n681v,cmmx6howt0000bi1zgfsisou2,2026-05-13 17:34:42.323,67.93743890518084,29.0,59.0,100.0,7.0,15.0,21.0,42.0
cmp4cao5k00ynjkjr913dhfvq,cmmx6howt0000bi1zgfsisou2,2026-05-13 17:34:46.416,67.83968719452591,28.9,59.0,100.0,7.0,15.0,21.0,42.0
cmp4card100ypjkjr300vtp4t,cmmx6howt0000bi1zgfsisou2,2026-05-13 17:34:50.576,67.64418377321604,28.9,59.0,100.0,7.0,15.0,21.0,42.0
cmp4cauke00yrjkjrgjburfz4,cmmx6howt0000bi1zgfsisou2,2026-05-13 17:34:54.732,67.74193548387098,28.9,59.0,100.0,7.0,15.0,21.0,42.0
cmp4caxs000ytjkjrh2ac4i1d,cmmx6howt0000bi1zgfsisou2,2026-05-13 17:34:58.895,67.64418377321604,28.8,59.0,100.0,7.0,15.0,21.0,42.0
cmp4cb10200yvjkjr5e9ej3ln,cmmx6howt0000bi1zgfsisou2,2026-05-13 17:35:03.078,67.5464320625611,28.8,59.0,100.0,7.0,15.0,21.0,42.0
cmp4cb47h00yxjkjr1gwk4w9n,cmmx6howt0000bi1zgfsisou2,2026-05-13 17:35:07.229,67.35092864125123,28.8,59.0,100.0,7.0,15.0,21.0,42.0
cmp4cb7f500yzjkjrmoibmrip,cmmx6howt0000bi1zgfsisou2,2026-05-13 17:35:11.400,66.7644183773216,28.8,59.0,100.0,7.0,15.0,21.0,42.0
cmp4cbanq00z1jkjrtebkpxay,cmmx6howt0000bi1zgfsisou2,2026-05-13 17:35:15.593,67.35092864125123,28.7,59.0,100.0,7.0,15.0,21.0,43.0
cmp4cbdwc00z3jkjrn396flm9,cmmx6howt0000bi1zgfsisou2,2026-05-13 17:35:19.792,67.44868035190616,28.7,59.0,100.0,7.0,15.0,21.0,43.0
cmp4cbh4f00z5jkjr0qzrz2nl,cmmx6howt0000bi1zgfsisou2,2026-05-13 17:35:23.988,66.56891495601174,28.7,59.0,1.62,7.0,15.0,21.0,43.0
cmp4cbkbi00z7jkjrqwqx4sn8,cmmx6howt0000bi1zgfsisou2,2026-05-13 17:35:28.125,74.29130009775172,28.7,60.0,91.49,7.0,15.0,21.0,43.0
cmp4cbnj400z9jkjrwym6ymzr,cmmx6howt0000bi1zgfsisou2,2026-05-13 17:35:32.298,74.68230694037146,28.7,60.0,91.68,7.0,15.0,21.0,43.0
cmp4cbqr400zbjkjrc89zxqpn,cmmx6howt0000bi1zgfsisou2,2026-05-13 17:35:36.461,74.68230694037146,28.6,60.0,95.76,7.0,15.0,21.0,43.0
cmp4cbtyb00zdjkjr2el2ah26,cmmx6howt0000bi1zgfsisou2,2026-05-13 17:35:40.615,74.68230694037146,28.5,60.0,95.98,7.0,15.0,21.0,43.0
cmp4cbx5t00zfjkjr4ghazzyq,cmmx6howt0000bi1zgfsisou2,2026-05-13 17:35:44.750,74.68230694037146,28.6,60.0,93.89,7.0,15.0,21.0,43.0
cmp4cc0eq00zhjkjr963662ny,cmmx6howt0000bi1zgfsisou2,2026-05-13 17:35:48.939,74.87781036168133,28.5,60.0,93.85,7.0,15.0,21.0,43.0
cmp4cc3or00zjjkjrpq4uj7pt,cmmx6howt0000bi1zgfsisou2,2026-05-13 17:35:53.211,74.7800586510264,28.5,60.0,93.85,7.0,15.0,21.0,43.0
cmp4cc6wx00zljkjrdbb6vbxr,cmmx6howt0000bi1zgfsisou2,2026-05-13 17:35:57.380,74.68230694037146,28.5,60.0,93.85,7.0,15.0,21.0,43.0
cmp4cca4g00znjkjrufjtt7bp,cmmx6howt0000bi1zgfsisou2,2026-05-13 17:36:01.558,74.09579667644184,28.5,60.0,96.25,7.0,15.0,21.0,43.0
cmp4ccdf200zpjkjrdvck2dl2,cmmx6howt0000bi1zgfsisou2,2026-05-13 17:36:05.718,74.68230694037146,28.4,60.0,93.58,7.0,15.0,21.0,43.0
cmp4ccgng00zrjkjrbdw4gnth,cmmx6howt0000bi1zgfsisou2,2026-05-13 17:36:10.016,74.68230694037146,28.5,60.0,97.97,7.0,15.0,21.0,43.0
cmp4ccjv400ztjkjrf2uti425,cmmx6howt0000bi1zgfsisou2,2026-05-13 17:36:14.169,74.68230694037146,28.4,60.0,96.29,7.0,15.0,21.0,43.0
cmp4ccn2i00zvjkjry2xqxfzq,cmmx6howt0000bi1zgfsisou2,2026-05-13 17:36:18.333,74.68230694037146,28.4,60.0,96.06,7.0,15.0,21.0,43.0
cmp4ccqah00zxjkjrnp5qpwmf,cmmx6howt0000bi1zgfsisou2,2026-05-13 17:36:22.494,74.7800586510264,28.4,60.0,95.79,7.0,15.0,21.0,43.0
cmp4cctid00zzjkjroftmo4cd,cmmx6howt0000bi1zgfsisou2,2026-05-13 17:36:26.652,74.68230694037146,28.4,60.0,95.98,7.0,15.0,21.0,43.0
cmp4ccwpr0101jkjrjk2yezfv,cmmx6howt0000bi1zgfsisou2,2026-05-13 17:36:30.827,74.7800586510264,28.4,60.0,93.85,7.0,15.0,21.0,43.0
cmp4cczyw0103jkjr8xh78ewm,cmmx6howt0000bi1zgfsisou2,2026-05-13 17:36:35.049,74.7800586510264,28.4,60.0,98.19,7.0,15.0,21.0,43.0
cmp4cd36d0105jkjrf3dmm230,cmmx6howt0000bi1zgfsisou2,2026-05-13 17:36:39.200,74.68230694037146,28.4,60.0,96.02,7.0,15.0,21.0,43.0
cmp4cd6e90107jkjr8mwwtbvj,cmmx6howt0000bi1zgfsisou2,2026-05-13 17:36:43.371,74.7800586510264,28.3,60.0,96.18,7.0,15.0,21.0,43.0
cmp4cd9na0109jkjrh1cshhtb,cmmx6howt0000bi1zgfsisou2,2026-05-13 17:36:47.570,74.19354838709677,28.3,60.0,95.95,7.0,15.0,21.0,43.0
cmp4cdcuy010bjkjr6srndzua,cmmx6howt0000bi1zgfsisou2,2026-05-13 17:36:51.762,74.48680351906158,28.2,60.0,94.08,7.0,15.0,21.0,43.0
cmp4cdg2w010djkjrz4j1m85n,cmmx6howt0000bi1zgfsisou2,2026-05-13 17:36:55.909,74.7800586510264,28.2,60.0,96.02,7.0,15.0,21.0,43.0
cmp4cdjai010fjkjr3x68sucj,cmmx6howt0000bi1zgfsisou2,2026-05-13 17:37:00.087,74.68230694037146,28.2,60.0,96.02,7.0,15.0,21.0,43.0
cmp4cdmix010hjkjrp7cl0cer,cmmx6howt0000bi1zgfsisou2,2026-05-13 17:37:04.279,74.7800586510264,28.2,60.0,96.06,7.0,15.0,21.0,43.0
cmp4cdppq010jjkjrxy6crj3o,cmmx6howt0000bi1zgfsisou2,2026-05-13 17:37:08.419,74.58455522971651,28.2,60.0,91.14,7.0,15.0,21.0,43.0
cmp4cdsxi010ljkjrmsh9kyld,cmmx6howt0000bi1zgfsisou2,2026-05-13 17:37:12.579,74.87781036168133,28.2,60.0,96.02,7.0,15.0,21.0,43.0
cmp4cdw5m010njkjr0625zt5r,cmmx6howt0000bi1zgfsisou2,2026-05-13 17:37:16.764,74.87781036168133,28.2,60.0,93.81,7.0,15.0,21.0,43.0
cmp4cdzdl010pjkjrmihgyhk9,cmmx6howt0000bi1zgfsisou2,2026-05-13 17:37:20.952,74.58455522971651,28.2,60.0,98.23,7.0,15.0,21.0,43.0
cmp4ce2jw010rjkjrehvh72pa,cmmx6howt0000bi1zgfsisou2,2026-05-13 17:37:25.059,74.68230694037146,28.2,60.0,98.19,7.0,15.0,21.0,43.0
cmp4ce5qg010tjkjrp43sdm9d,cmmx6howt0000bi1zgfsisou2,2026-05-13 17:37:29.192,74.58455522971651,28.1,60.0,96.02,7.0,15.0,21.0,43.0
cmp4ce8xt010vjkjrzk02n21q,cmmx6howt0000bi1zgfsisou2,2026-05-13 17:37:33.344,74.58455522971651,28.1,60.0,90.92,7.0,15.0,21.0,43.0
cmp4cec4f010xjkjr7z3dfbjn,cmmx6howt0000bi1zgfsisou2,2026-05-13 17:37:37.470,73.9980449657869,28.1,60.0,93.89,7.0,15.0,21.0,43.0
cmp4cefbo010zjkjrhuhi2wba,cmmx6howt0000bi1zgfsisou2,2026-05-13 17:37:41.629,74.48680351906158,28.1,60.0,96.02,7.0,15.0,21.0,43.0
cmp4ceijt0111jkjrkk8g4fg6,cmmx6howt0000bi1zgfsisou2,2026-05-13 17:37:45.787,74.58455522971651,28.1,60.0,93.85,7.0,15.0,21.0,43.0
cmp4cels00113jkjr2071ijpy,cmmx6howt0000bi1zgfsisou2,2026-05-13 17:37:49.968,74.58455522971651,28.1,61.0,97.97,7.0,15.0,21.0,43.0
cmp4ceoyk0115jkjremmi3r6v,cmmx6howt0000bi1zgfsisou2,2026-05-13 17:37:54.098,74.58455522971651,28.1,61.0,93.85,7.0,15.0,21.0,43.0
cmp4ces740117jkjr1akl2x0g,cmmx6howt0000bi1zgfsisou2,2026-05-13 17:37:58.294,74.68230694037146,28.1,61.0,93.89,7.0,15.0,21.0,43.0
cmp4ceveh0119jkjrv5eslfrf,cmmx6howt0000bi1zgfsisou2,2026-05-13 17:38:02.440,74.48680351906158,28.1,61.0,95.91,7.0,15.0,21.0,43.0
cmp4ceymy011bjkjrwmkm3fp6,cmmx6howt0000bi1zgfsisou2,2026-05-13 17:38:06.626,74.48680351906158,28.1,61.0,95.87,7.0,15.0,21.0,43.0
cmp4cf1va011djkjr6mg1e6ci,cmmx6howt0000bi1zgfsisou2,2026-05-13 17:38:10.820,74.48680351906158,28.0,61.0,96.06,7.0,15.0,21.0,43.0
cmp4cf520011fjkjrxdb1wc0t,cmmx6howt0000bi1zgfsisou2,2026-05-13 17:38:14.956,74.48680351906158,28.0,61.0,93.85,7.0,15.0,21.0,43.0
cmp4cf89q011hjkjr76tjjt5f,cmmx6howt0000bi1zgfsisou2,2026-05-13 17:38:19.114,74.48680351906158,28.0,61.0,95.76,7.0,15.0,21.0,43.0
cmp4cfbh8011jjkjrrtw31blt,cmmx6howt0000bi1zgfsisou2,2026-05-13 17:38:23.300,74.58455522971651,28.0,61.0,100.0,7.0,15.0,21.0,43.0
cmp4cfene011ljkjre6dh29uo,cmmx6howt0000bi1zgfsisou2,2026-05-13 17:38:27.410,73.9980449657869,28.0,61.0,93.66,7.0,15.0,21.0,43.0
cmp4cfhug011njkjrj8v4jz5d,cmmx6howt0000bi1zgfsisou2,2026-05-13 17:38:31.532,74.48680351906158,28.0,61.0,98.12,7.0,15.0,21.0,43.0
cmp4cfl17011pjkjrjtqvu82s,cmmx6howt0000bi1zgfsisou2,2026-05-13 17:38:35.664,74.48680351906158,28.0,61.0,96.02,7.0,15.0,21.0,43.0
cmp4cfo7w011rjkjry538qtvv,cmmx6howt0000bi1zgfsisou2,2026-05-13 17:38:39.810,74.58455522971651,28.0,61.0,96.02,7.0,15.0,21.0,43.0
cmp4cfreo011tjkjraybzt93f,cmmx6howt0000bi1zgfsisou2,2026-05-13 17:38:43.945,74.48680351906158,28.0,61.0,96.02,7.0,15.0,21.0,43.0
cmp4cfum5011vjkjrsmjbxqs8,cmmx6howt0000bi1zgfsisou2,2026-05-13 17:38:48.077,74.68230694037146,28.0,61.0,95.98,7.0,15.0,21.0,43.0
cmp4cfxt8011xjkjrdl4i5aj5,cmmx6howt0000bi1zgfsisou2,2026-05-13 17:38:52.241,74.87781036168133,28.0,61.0,98.42,7.0,15.0,21.0,43.0
cmp4cg10n011zjkjrgtt84y0j,cmmx6howt0000bi1zgfsisou2,2026-05-13 17:38:56.369,74.97556207233626,28.0,61.0,100.0,7.0,15.0,21.0,43.0
cmp4cg47u0121jkjrwhp6vmx4,cmmx6howt0000bi1zgfsisou2,2026-05-13 17:39:00.548,74.87781036168133,28.0,61.0,100.0,7.0,15.0,21.0,43.0
cmp4cg7g40123jkjrx7h1441e,cmmx6howt0000bi1zgfsisou2,2026-05-13 17:39:04.698,74.97556207233626,27.9,60.0,98.19,7.0,15.0,21.0,43.0
cmp4cganb0125jkjrnzatypw2,cmmx6howt0000bi1zgfsisou2,2026-05-13 17:39:08.865,74.97556207233626,27.9,60.0,100.0,7.0,15.0,21.0,43.0
cmp4cgdvf0127jkjrsl3od8vy,cmmx6howt0000bi1zgfsisou2,2026-05-13 17:39:13.012,74.38905180840665,27.9,60.0,97.89,7.0,15.0,21.0,43.0
cmp4cgh2y0129jkjr6uy03w29,cmmx6howt0000bi1zgfsisou2,2026-05-13 17:39:17.192,74.97556207233626,28.0,61.0,100.0,7.0,15.0,21.0,43.0
cmp4cgkap012bjkjrksjb1h2j,cmmx6howt0000bi1zgfsisou2,2026-05-13 17:39:21.376,74.97556207233626,27.9,60.0,100.0,7.0,15.0,21.0,43.0
cmp4cgnj6012djkjrkoli38on,cmmx6howt0000bi1zgfsisou2,2026-05-13 17:39:25.556,74.97556207233626,27.9,60.0,100.0,7.0,15.0,21.0,43.0
cmp4cgqqi012fjkjrshpxz9l4,cmmx6howt0000bi1zgfsisou2,2026-05-13 17:39:29.707,74.97556207233626,27.8,60.0,100.0,7.0,15.0,21.0,43.0
cmp4cgtx6012hjkjr7xaco889,cmmx6howt0000bi1zgfsisou2,2026-05-13 17:39:33.854,74.97556207233626,27.9,60.0,98.19,7.0,15.0,21.0,43.0
cmp4cgx54012jjkjr40h2clfp,cmmx6howt0000bi1zgfsisou2,2026-05-13 17:39:38.014,74.97556207233626,27.8,60.0,100.0,7.0,15.0,21.0,43.0
cmp4ch0cx012ljkjrtrl0ivgc,cmmx6howt0000bi1zgfsisou2,2026-05-13 17:39:42.181,75.0733137829912,27.8,60.0,93.85,7.0,15.0,21.0,43.0
cmp4ch3li012njkjr7ixij052,cmmx6howt0000bi1zgfsisou2,2026-05-13 17:39:46.352,74.97556207233626,27.8,60.0,96.02,7.0,15.0,21.0,43.0
cmp4ch6sj012pjkjrvy99txvn,cmmx6howt0000bi1zgfsisou2,2026-05-13 17:39:50.532,74.97556207233626,27.8,60.0,100.0,7.0,15.0,21.0,43.0
cmp4cha08012rjkjr2cpqzkj8,cmmx6howt0000bi1zgfsisou2,2026-05-13 17:39:54.681,74.97556207233626,27.8,60.0,93.85,7.0,15.0,21.0,43.0
cmp4chd7z012tjkjrb6vfzirc,cmmx6howt0000bi1zgfsisou2,2026-05-13 17:39:58.841,75.0733137829912,27.8,60.0,93.81,7.0,15.0,21.0,43.0
cmp4chggb012vjkjrhxn7oubm,cmmx6howt0000bi1zgfsisou2,2026-05-13 17:40:03.027,74.48680351906158,27.8,60.0,90.27,7.0,15.0,21.0,43.0
cmp4chjn2012xjkjr2sr7wc1h,cmmx6howt0000bi1zgfsisou2,2026-05-13 17:40:07.186,74.97556207233626,27.8,61.0,96.06,7.0,15.0,21.0,43.0
cmp4chmu9012zjkjrxpor6eje,cmmx6howt0000bi1zgfsisou2,2026-05-13 17:40:11.331,74.97556207233626,27.8,61.0,96.25,7.0,15.0,21.0,43.0
cmp4chq2t0131jkjr9xvg0ju2,cmmx6howt0000bi1zgfsisou2,2026-05-13 17:40:15.504,75.0733137829912,27.8,61.0,95.76,7.0,15.0,21.0,43.0
cmp4chtak0133jkjr30pvfjqc,cmmx6howt0000bi1zgfsisou2,2026-05-13 17:40:19.676,74.97556207233626,27.8,61.0,91.72,7.0,15.0,21.0,43.0
cmp4chwia0135jkjr0bdxm2d9,cmmx6howt0000bi1zgfsisou2,2026-05-13 17:40:23.844,75.0733137829912,27.8,61.0,96.18,7.0,15.0,21.0,43.0
cmp4chzq20137jkjr44cbov8m,cmmx6howt0000bi1zgfsisou2,2026-05-13 17:40:28.004,74.97556207233626,27.8,61.0,95.72,7.0,15.0,21.0,43.0
cmp4ci2yr0139jkjrydsqknyp,cmmx6howt0000bi1zgfsisou2,2026-05-13 17:40:32.204,75.0733137829912,27.8,61.0,93.85,7.0,15.0,21.0,43.0
cmp4ci682013bjkjr7qrr437f,cmmx6howt0000bi1zgfsisou2,2026-05-13 17:40:36.418,75.0733137829912,27.8,61.0,98.42,7.0,15.0,21.0,43.0
cmp4ci9ge013djkjre1n7vngc,cmmx6howt0000bi1zgfsisou2,2026-05-13 17:40:40.609,75.17106549364614,27.8,61.0,95.98,7.0,15.0,21.0,43.0
cmp4cicpi013fjkjrcl8zxgtq,cmmx6howt0000bi1zgfsisou2,2026-05-13 17:40:44.811,75.0733137829912,27.8,61.0,96.02,7.0,15.0,21.0,43.0
cmp4cifz1013hjkjromi0ktax,cmmx6howt0000bi1zgfsisou2,2026-05-13 17:40:49.053,74.68230694037146,27.8,61.0,98.16,7.0,15.0,21.0,43.0
cmp4cij6a013jjkjrxsgalxs3,cmmx6howt0000bi1zgfsisou2,2026-05-13 17:40:53.219,74.97556207233626,27.8,61.0,93.81,7.0,15.0,21.0,43.0
cmp4cimdg013ljkjr5d6scpfk,cmmx6howt0000bi1zgfsisou2,2026-05-13 17:40:57.379,74.87781036168133,27.8,61.0,96.02,7.0,15.0,22.0,44.0
cmp4cipl1013njkjr3jqs1rli,cmmx6howt0000bi1zgfsisou2,2026-05-13 17:41:01.524,74.97556207233626,27.8,61.0,95.98,7.0,15.0,22.0,44.0
cmp4cistd013pjkjr8upqxi91,cmmx6howt0000bi1zgfsisou2,2026-05-13 17:41:05.711,74.97556207233626,27.8,61.0,96.25,7.0,15.0,21.0,43.0
cmp4ciw0y013rjkjr5i9mqok2,cmmx6howt0000bi1zgfsisou2,2026-05-13 17:41:09.874,74.38905180840665,27.8,61.0,95.07,7.0,15.0,21.0,43.0
cmp4ciz8m013tjkjr4btma4qa,cmmx6howt0000bi1zgfsisou2,2026-05-13 17:41:14.037,74.48680351906158,27.8,61.0,95.76,7.0,15.0,21.0,43.0
cmp4cj2gq013vjkjr085c6snu,cmmx6howt0000bi1zgfsisou2,2026-05-13 17:41:18.210,74.48680351906158,27.8,61.0,96.18,7.0,15.0,21.0,43.0
cmp4cj5o9013xjkjrxqauq9id,cmmx6howt0000bi1zgfsisou2,2026-05-13 17:41:22.391,74.48680351906158,27.8,61.0,95.98,7.0,15.0,21.0,43.0
cmp4cj8ux013zjkjrpddnkv1l,cmmx6howt0000bi1zgfsisou2,2026-05-13 17:41:26.506,74.58455522971651,27.8,61.0,96.02,7.0,15.0,21.0,43.0
cmp4cjc2f0141jkjr3v9smzrq,cmmx6howt0000bi1zgfsisou2,2026-05-13 17:41:30.665,74.58455522971651,27.8,61.0,95.72,7.0,15.0,21.0,43.0
cmp4cjfb30143jkjrol64cxyk,cmmx6howt0000bi1zgfsisou2,2026-05-13 17:41:34.879,74.58455522971651,27.8,61.0,93.81,7.0,15.0,22.0,44.0
cmp4cjiio0145jkjrm1w4d7tp,cmmx6howt0000bi1zgfsisou2,2026-05-13 17:41:39.020,74.09579667644184,27.8,61.0,98.19,7.0,15.0,22.0,44.0
cmp4cjlqf0147jkjrrd8qmyw3,cmmx6howt0000bi1zgfsisou2,2026-05-13 17:41:43.190,74.58455522971651,27.8,61.0,100.0,7.0,15.0,22.0,44.0
cmp4cjoyg0149jkjr0i8wlroi,cmmx6howt0000bi1zgfsisou2,2026-05-13 17:41:47.370,74.58455522971651,27.8,61.0,98.19,7.0,15.0,22.0,44.0
cmp4cjs60014bjkjrrb5uvgmz,cmmx6howt0000bi1zgfsisou2,2026-05-13 17:41:51.523,74.58455522971651,27.8,61.0,93.77,7.0,15.0,22.0,44.0
cmp4cjvdg014djkjr0w7lorkm,cmmx6howt0000bi1zgfsisou2,2026-05-13 17:41:55.676,74.58455522971651,27.8,61.0,95.91,7.0,15.0,22.0,44.0
cmp4cjypu014fjkjr37cvx3ld,cmmx6howt0000bi1zgfsisou2,2026-05-13 17:42:00.026,74.58455522971651,27.8,61.0,98.16,7.0,15.0,22.0,44.0
cmp4ck1xu014hjkjr5pf4yo11,cmmx6howt0000bi1zgfsisou2,2026-05-13 17:42:04.193,74.58455522971651,27.8,61.0,95.98,7.0,15.0,22.0,44.0
cmp4ck551014jjkjreuyehm14,cmmx6howt0000bi1zgfsisou2,2026-05-13 17:42:08.355,74.58455522971651,27.8,61.0,97.97,7.0,15.0,22.0,44.0
cmp4ck8d3014ljkjrzzso7gft,cmmx6howt0000bi1zgfsisou2,2026-05-13 17:42:12.541,74.58455522971651,27.8,61.0,98.16,7.0,15.0,22.0,44.0
cmp4ckbkb014njkjrpzrbn8uy,cmmx6howt0000bi1zgfsisou2,2026-05-13 17:42:16.659,74.58455522971651,27.8,61.0,98.23,7.0,15.0,22.0,44.0
cmp4ckerl014pjkjrd9pbjd91,cmmx6howt0000bi1zgfsisou2,2026-05-13 17:42:20.830,74.48680351906158,27.8,61.0,94.12,7.0,15.0,22.0,44.0
cmp4ckhz5014rjkjr2iocd1wu,cmmx6howt0000bi1zgfsisou2,2026-05-13 17:42:24.968,74.19354838709677,27.8,61.0,96.06,7.0,15.0,22.0,44.0
cmp4ckl5w014tjkjrpafbfbx9,cmmx6howt0000bi1zgfsisou2,2026-05-13 17:42:29.124,74.29130009775172,27.8,61.0,93.81,7.0,15.0,22.0,44.0
cmp4ckoec014vjkjriyqezuyn,cmmx6howt0000bi1zgfsisou2,2026-05-13 17:42:33.289,74.58455522971651,27.8,61.0,93.81,7.0,15.0,22.0,44.0
cmp4ckrlc014xjkjricduerv5,cmmx6howt0000bi1zgfsisou2,2026-05-13 17:42:37.440,74.58455522971651,27.8,61.0,93.89,7.0,15.0,22.0,44.0
cmp4ckuso014zjkjrjlfedqp0,cmmx6howt0000bi1zgfsisou2,2026-05-13 17:42:41.607,74.58455522971651,27.8,61.0,93.62,7.0,15.0,22.0,44.0
cmp4ckxzs0151jkjreyqz69z8,cmmx6howt0000bi1zgfsisou2,2026-05-13 17:42:45.751,74.58455522971651,27.8,61.0,96.06,7.0,15.0,22.0,44.0
cmp4cl17f0153jkjr2yt7n9vo,cmmx6howt0000bi1zgfsisou2,2026-05-13 17:42:49.893,74.58455522971651,27.8,61.0,100.0,7.0,15.0,22.0,44.0
cmp4cl4fa0155jkjrh17o8zs9,cmmx6howt0000bi1zgfsisou2,2026-05-13 17:42:54.083,74.58455522971651,27.8,61.0,96.06,7.0,15.0,22.0,44.0
cmp4cl7mo0157jkjrbfecpr2v,cmmx6howt0000bi1zgfsisou2,2026-05-13 17:42:58.223,74.58455522971651,27.8,61.0,98.42,7.0,15.0,22.0,44.0
cmp4clat50159jkjrgnxpznde,cmmx6howt0000bi1zgfsisou2,2026-05-13 17:43:02.348,74.58455522971651,27.8,61.0,95.91,7.0,15.0,22.0,44.0
cmp4cle0m015bjkjrvv9siv9o,cmmx6howt0000bi1zgfsisou2,2026-05-13 17:43:06.507,74.48680351906158,27.8,61.0,95.98,7.0,15.0,22.0,44.0
cmp4clh7z015djkjr8r8aeeqh,cmmx6howt0000bi1zgfsisou2,2026-05-13 17:43:10.674,74.58455522971651,27.8,61.0,98.16,7.0,15.0,22.0,44.0
cmp4clkfe015fjkjrudw6cmun,cmmx6howt0000bi1zgfsisou2,2026-05-13 17:43:14.808,73.9980449657869,27.8,61.0,96.21,7.0,15.0,22.0,44.0
cmp4clnmn015hjkjrvr7abdlw,cmmx6howt0000bi1zgfsisou2,2026-05-13 17:43:18.959,74.38905180840665,27.8,61.0,95.79,7.0,15.0,22.0,44.0
cmp4clqt4015jjkjrh7akbqfx,cmmx6howt0000bi1zgfsisou2,2026-05-13 17:43:23.100,74.48680351906158,27.8,61.0,100.0,7.0,15.0,22.0,44.0
cmp4clu0s015ljkjrkdfndjsj,cmmx6howt0000bi1zgfsisou2,2026-05-13 17:43:27.262,74.48680351906158,27.8,61.0,96.14,7.0,15.0,22.0,44.0
cmp4clx82015njkjrk9b7k8ga,cmmx6howt0000bi1zgfsisou2,2026-05-13 17:43:31.399,74.48680351906158,27.8,61.0,96.02,7.0,15.0,22.0,44.0
cmp4cm0ex015pjkjrcd1v5hdd,cmmx6howt0000bi1zgfsisou2,2026-05-13 17:43:35.545,74.48680351906158,27.8,61.0,97.97,7.0,15.0,22.0,44.0
cmp4cm3mi015rjkjrhzs1hpnb,cmmx6howt0000bi1zgfsisou2,2026-05-13 17:43:39.700,74.48680351906158,27.8,61.0,96.02,7.0,15.0,22.0,44.0
cmp4cm6u7015tjkjrlqp17sjc,cmmx6howt0000bi1zgfsisou2,2026-05-13 17:43:43.845,74.29130009775172,27.8,61.0,100.0,7.0,15.0,22.0,44.0
cmp4cma18015vjkjrq5tlxyzq,cmmx6howt0000bi1zgfsisou2,2026-05-13 17:43:48.000,74.29130009775172,27.8,61.0,93.13,7.0,15.0,22.0,44.0
cmp4cmd7y015xjkjr1y73492h,cmmx6howt0000bi1zgfsisou2,2026-05-13 17:43:52.129,74.29130009775172,27.8,61.0,95.95,7.0,15.0,22.0,44.0
cmp4cmgez015zjkjrniv3zni3,cmmx6howt0000bi1zgfsisou2,2026-05-13 17:43:56.264,74.29130009775172,27.8,61.0,93.35,7.0,15.0,22.0,44.0
cmp4cmjkt0161jkjrbuo4wx7u,cmmx6howt0000bi1zgfsisou2,2026-05-13 17:44:00.388,74.29130009775172,27.8,61.0,95.95,7.0,15.0,22.0,44.0
cmp4cmms30163jkjroduq3yxe,cmmx6howt0000bi1zgfsisou2,2026-05-13 17:44:04.521,73.80254154447702,27.8,61.0,93.89,7.0,15.0,22.0,44.0
cmp4cmpzk0165jkjrtfimfo05,cmmx6howt0000bi1zgfsisou2,2026-05-13 17:44:08.676,74.19354838709677,27.8,61.0,96.18,7.0,15.0,22.0,44.0
cmp4cmt7f0167jkjrcihyqnys,cmmx6howt0000bi1zgfsisou2,2026-05-13 17:44:12.841,74.19354838709677,27.8,61.0,95.95,7.0,15.0,22.0,44.0
cmp4cmwfv0169jkjrv081dscy,cmmx6howt0000bi1zgfsisou2,2026-05-13 17:44:17.018,74.19354838709677,27.8,61.0,96.06,7.0,15.0,22.0,44.0
cmp4cmznl016bjkjrogsl7pve,cmmx6howt0000bi1zgfsisou2,2026-05-13 17:44:21.204,74.09579667644184,27.8,61.0,95.79,7.0,15.0,22.0,44.0
cmp4cn2uh016djkjrpbv37pry,cmmx6howt0000bi1zgfsisou2,2026-05-13 17:44:25.337,74.09579667644184,27.8,61.0,97.93,7.0,15.0,22.0,44.0
cmp4cn628016fjkjr2tjt5syk,cmmx6howt0000bi1zgfsisou2,2026-05-13 17:44:29.482,73.9980449657869,27.8,61.0,96.02,7.0,15.0,22.0,44.0
cmp4cn9ag016hjkjrevjz28rb,cmmx6howt0000bi1zgfsisou2,2026-05-13 17:44:33.670,73.9980449657869,27.8,61.0,95.95,7.0,15.0,22.0,44.0
cmp4cnci1016jjkjrbrciiws5,cmmx6howt0000bi1zgfsisou2,2026-05-13 17:44:37.854,73.9980449657869,27.8,61.0,96.21,7.0,15.0,22.0,44.0
cmp4cnfp4016ljkjrkbrpc907,cmmx6howt0000bi1zgfsisou2,2026-05-13 17:44:41.992,73.90029325513197,27.8,61.0,98.23,7.0,15.0,22.0,44.0
cmp4cnivm016njkjrpiwm6emu,cmmx6howt0000bi1zgfsisou2,2026-05-13 17:44:46.113,73.90029325513197,27.8,61.0,96.02,7.0,15.0,22.0,44.0
cmp4cnm4e016pjkjrwl63gcxp,cmmx6howt0000bi1zgfsisou2,2026-05-13 17:44:50.298,73.50928641251222,27.8,61.0,95.95,7.0,15.0,22.0,44.0
cmp4cnpb8016rjkjr8ah9324c,cmmx6howt0000bi1zgfsisou2,2026-05-13 17:44:54.459,73.50928641251222,27.8,60.0,95.91,7.0,15.0,22.0,44.0
cmp4cnsiz016tjkjrpol1wilx,cmmx6howt0000bi1zgfsisou2,2026-05-13 17:44:58.624,73.70478983382209,27.7,60.0,98.16,7.0,15.0,22.0,44.0
cmp4cnvq8016vjkjrdljuonre,cmmx6howt0000bi1zgfsisou2,2026-05-13 17:45:02.749,73.70478983382209,27.7,60.0,96.02,7.0,15.0,22.0,44.0
cmp4cnyxk016xjkjrnq16pr2o,cmmx6howt0000bi1zgfsisou2,2026-05-13 17:45:06.917,73.60703812316716,27.7,60.0,97.93,7.0,16.0,22.0,44.0
cmp4co25w016zjkjr3mr6estu,cmmx6howt0000bi1zgfsisou2,2026-05-13 17:45:11.087,73.60703812316716,27.7,61.0,98.12,7.0,16.0,22.0,44.0
cmp4co5ee0171jkjr3a4mdjrl,cmmx6howt0000bi1zgfsisou2,2026-05-13 17:45:15.257,73.41153470185728,27.7,60.0,100.0,7.0,16.0,22.0,44.0
cmp4co8m50173jkjrjdw9k8em,cmmx6howt0000bi1zgfsisou2,2026-05-13 17:45:19.479,73.50928641251222,27.7,61.0,100.0,7.0,16.0,22.0,44.0
cmp4cobu50175jkjrv15ujx3s,cmmx6howt0000bi1zgfsisou2,2026-05-13 17:45:23.639,73.41153470185728,27.7,61.0,100.0,7.0,16.0,22.0,44.0
cmp4cof120177jkjrwgtxg9ak,cmmx6howt0000bi1zgfsisou2,2026-05-13 17:45:27.782,73.41153470185728,27.7,61.0,95.83,7.0,16.0,22.0,44.0
cmp4coi870179jkjrc7hvm5mi,cmmx6howt0000bi1zgfsisou2,2026-05-13 17:45:31.933,73.31378299120234,27.7,61.0,96.02,7.0,16.0,22.0,44.0
cmp4colfe017bjkjrj6km8nh9,cmmx6howt0000bi1zgfsisou2,2026-05-13 17:45:36.093,73.31378299120234,27.7,61.0,95.98,7.0,16.0,22.0,44.0
cmp4coomv017djkjrg1h0hhr4,cmmx6howt0000bi1zgfsisou2,2026-05-13 17:45:40.229,72.82502443792767,27.7,61.0,97.93,7.0,16.0,22.0,44.0
cmp4cortz017fjkjrndfk71bi,cmmx6howt0000bi1zgfsisou2,2026-05-13 17:45:44.365,73.11827956989248,27.7,61.0,95.72,7.0,16.0,22.0,44.0
cmp4cov1e017hjkjrguf2274x,cmmx6howt0000bi1zgfsisou2,2026-05-13 17:45:48.525,73.02052785923753,27.7,61.0,96.06,7.0,16.0,22.0,44.0
cmp4coy8o017jjkjrjprwm7ii,cmmx6howt0000bi1zgfsisou2,2026-05-13 17:45:52.677,73.02052785923753,27.7,61.0,96.18,7.0,16.0,22.0,44.0
cmp4cp1gh017ljkjrezo8yr7w,cmmx6howt0000bi1zgfsisou2,2026-05-13 17:45:56.862,73.02052785923753,27.7,61.0,100.0,7.0,16.0,22.0,44.0
cmp4cp4od017njkjrbv48o0bu,cmmx6howt0000bi1zgfsisou2,2026-05-13 17:46:01.028,72.82502443792767,27.7,61.0,95.53,7.0,16.0,22.0,44.0
cmp4cp7w0017pjkjreb5jgkld,cmmx6howt0000bi1zgfsisou2,2026-05-13 17:46:05.186,72.72727272727273,27.7,61.0,96.06,7.0,16.0,22.0,44.0
cmp4cpb3k017rjkjrhqpszvc1,cmmx6howt0000bi1zgfsisou2,2026-05-13 17:46:09.341,72.62952101661779,27.7,61.0,95.76,7.0,16.0,22.0,44.0
cmp4cpeb6017tjkjrb43claqn,cmmx6howt0000bi1zgfsisou2,2026-05-13 17:46:13.507,72.53176930596285,27.7,61.0,100.0,7.0,16.0,22.0,44.0
cmp4cphi8017vjkjrbpxg63uv,cmmx6howt0000bi1zgfsisou2,2026-05-13 17:46:17.648,72.53176930596285,27.7,61.0,93.81,7.0,16.0,22.0,44.0
cmp4cpkp4017xjkjra6djdl91,cmmx6howt0000bi1zgfsisou2,2026-05-13 17:46:21.789,72.43401759530792,27.7,61.0,93.16,7.0,16.0,22.0,44.0
cmp4cpnwt017zjkjrw9w909yf,cmmx6howt0000bi1zgfsisou2,2026-05-13 17:46:25.946,72.04301075268818,27.7,61.0,100.0,7.0,16.0,22.0,44.0
cmp4cpr3x0181jkjr19isb629,cmmx6howt0000bi1zgfsisou2,2026-05-13 17:46:30.094,72.04301075268818,27.7,61.0,94.12,7.0,16.0,22.0,44.0
cmp4cpuaf0183jkjr5m460zav,cmmx6howt0000bi1zgfsisou2,2026-05-13 17:46:34.225,72.14076246334311,27.7,61.0,93.89,7.0,16.0,22.0,44.0
cmp4cpxj00185jkjrwdc7j61g,cmmx6howt0000bi1zgfsisou2,2026-05-13 17:46:38.414,72.14076246334311,27.7,61.0,96.02,7.0,16.0,22.0,44.0
cmp4cq0qb0187jkjrdksz8jzx,cmmx6howt0000bi1zgfsisou2,2026-05-13 17:46:42.570,72.04301075268818,27.7,61.0,93.55,7.0,16.0,22.0,44.0
cmp4cq3yl0189jkjrn8g5b7wf,cmmx6howt0000bi1zgfsisou2,2026-05-13 17:46:46.748,71.8475073313783,27.7,61.0,95.95,7.0,16.0,22.0,44.0
cmp4cq75w018bjkjr0pk9jwd0,cmmx6howt0000bi1zgfsisou2,2026-05-13 17:46:50.889,71.74975562072336,27.7,61.0,96.18,7.0,16.0,22.0,44.0
cmp4cqad6018djkjr0uei2p6q,cmmx6howt0000bi1zgfsisou2,2026-05-13 17:46:55.050,71.65200391006843,27.7,61.0,95.95,7.0,16.0,22.0,44.0
cmp4cqdll018fjkjrvjl5lmuo,cmmx6howt0000bi1zgfsisou2,2026-05-13 17:46:59.229,71.65200391006843,27.7,61.0,95.83,7.0,16.0,22.0,44.0
cmp4cqgte018hjkjrnr9bdic1,cmmx6howt0000bi1zgfsisou2,2026-05-13 17:47:03.406,71.5542521994135,27.7,61.0,95.95,7.0,16.0,22.0,44.0
cmp4cqk1j018jjkjrkiq66h00,cmmx6howt0000bi1zgfsisou2,2026-05-13 17:47:07.594,71.35874877810362,27.7,61.0,96.06,7.0,16.0,22.0,44.0
cmp4cqn88018ljkjre0z3guem,cmmx6howt0000bi1zgfsisou2,2026-05-13 17:47:11.721,71.26099706744868,27.7,61.0,98.16,7.0,16.0,22.0,44.0
cmp4cqqf1018njkjro1u55z9x,cmmx6howt0000bi1zgfsisou2,2026-05-13 17:47:15.855,70.96774193548387,27.7,61.0,95.98,7.0,16.0,22.0,44.0
cmp4cqto0018pjkjrm9pb0lvd,cmmx6howt0000bi1zgfsisou2,2026-05-13 17:47:20.064,72.14076246334311,27.7,61.0,93.89,7.0,16.0,22.0,45.0
cmp4cqwvh018rjkjrb42z2xt3,cmmx6howt0000bi1zgfsisou2,2026-05-13 17:47:24.216,72.23851417399804,27.7,61.0,95.98,7.0,16.0,22.0,45.0
cmp4cr039018tjkjr92zuq73j,cmmx6howt0000bi1zgfsisou2,2026-05-13 17:47:28.389,72.23851417399804,27.7,62.0,95.79,7.0,16.0,22.0,45.0
cmp4cr39s018vjkjrfrqrqa7v,cmmx6howt0000bi1zgfsisou2,2026-05-13 17:47:32.529,72.23851417399804,27.7,62.0,96.02,7.0,16.0,22.0,45.0
cmp4cr6ib018xjkjrxp7jobv8,cmmx6howt0000bi1zgfsisou2,2026-05-13 17:47:36.716,72.23851417399804,27.7,62.0,98.16,7.0,16.0,22.0,45.0
cmp4cr9qh018zjkjrov4pum8d,cmmx6howt0000bi1zgfsisou2,2026-05-13 17:47:40.893,72.23851417399804,27.7,62.0,96.06,7.0,16.0,22.0,44.0
cmp4crcys0191jkjr9tvi4zij,cmmx6howt0000bi1zgfsisou2,2026-05-13 17:47:45.069,72.23851417399804,27.7,62.0,93.62,7.0,16.0,22.0,44.0
cmp4crg640193jkjremtj8qae,cmmx6howt0000bi1zgfsisou2,2026-05-13 17:47:49.228,72.14076246334311,27.7,62.0,98.39,7.0,16.0,22.0,45.0
cmp4crje10195jkjr5oglg1do,cmmx6howt0000bi1zgfsisou2,2026-05-13 17:47:53.407,72.04301075268818,27.7,62.0,95.91,7.0,16.0,22.0,45.0
cmp4crmm10197jkjrt243edb5,cmmx6howt0000bi1zgfsisou2,2026-05-13 17:47:57.581,71.94525904203324,27.7,62.0,96.02,7.0,16.0,22.0,45.0
cmp4crpsv0199jkjr9qip1664,cmmx6howt0000bi1zgfsisou2,2026-05-13 17:48:01.734,71.74975562072336,27.7,62.0,90.92,7.0,16.0,22.0,45.0
cmp4crt06019bjkjrttn724hw,cmmx6howt0000bi1zgfsisou2,2026-05-13 17:48:05.864,71.5542521994135,27.7,62.0,94.5,7.0,16.0,22.0,45.0
cmp4crw7u019djkjrcj4n49ve,cmmx6howt0000bi1zgfsisou2,2026-05-13 17:48:10.031,71.5542521994135,27.7,62.0,97.97,7.0,16.0,22.0,45.0
cmp4crze3019fjkjr1g87sdk2,cmmx6howt0000bi1zgfsisou2,2026-05-13 17:48:14.147,71.5542521994135,27.7,62.0,96.02,7.0,16.0,22.0,45.0
cmp4cs2le019hjkjrli19hlpl,cmmx6howt0000bi1zgfsisou2,2026-05-13 17:48:18.293,71.35874877810362,27.7,62.0,95.79,7.0,16.0,22.0,45.0
cmp4cs5s1019jjkjrsj7cg465,cmmx6howt0000bi1zgfsisou2,2026-05-13 17:48:22.420,71.26099706744868,27.7,62.0,93.77,7.0,16.0,22.0,45.0
cmp4cs8ye019ljkjrl7rap17f,cmmx6howt0000bi1zgfsisou2,2026-05-13 17:48:26.564,71.26099706744868,27.7,62.0,98.19,7.0,16.0,22.0,44.0
cmp4csc47019njkjrao22cask,cmmx6howt0000bi1zgfsisou2,2026-05-13 17:48:30.668,70.86999022482894,27.7,62.0,96.21,7.0,16.0,22.0,44.0
cmp4csfa6019pjkjr7ymqqupy,cmmx6howt0000bi1zgfsisou2,2026-05-13 17:48:34.755,70.67448680351906,27.7,62.0,95.98,7.0,16.0,22.0,45.0
cmp4csifm019rjkjratu62wa1,cmmx6howt0000bi1zgfsisou2,2026-05-13 17:48:38.826,70.57673509286413,27.7,62.0,98.19,7.0,16.0,22.0,45.0
cmp4csllp019tjkjranphfutb,cmmx6howt0000bi1zgfsisou2,2026-05-13 17:48:42.945,59.92179863147605,27.7,60.0,94.16,7.0,16.0,22.0,45.0
cmp4csor6019vjkjrdom35av0,cmmx6howt0000bi1zgfsisou2,2026-05-13 17:48:47.035,60.01955034213099,27.6,60.0,93.7,7.0,16.0,22.0,45.0
cmp4csrwl019xjkjrcbm54o6q,cmmx6howt0000bi1zgfsisou2,2026-05-13 17:48:51.115,60.41055718475074,27.7,60.0,89.73,7.0,16.0,22.0,45.0
cmp4csv2g019zjkjrzxvxls33,cmmx6howt0000bi1zgfsisou2,2026-05-13 17:48:55.218,60.01955034213099,27.6,60.0,93.55,7.0,16.0,22.0,45.0
cmp4csya401a1jkjr5balfx4l,cmmx6howt0000bi1zgfsisou2,2026-05-13 17:48:59.359,59.92179863147605,27.7,60.0,92.82,7.0,16.0,22.0,45.0
cmp4ct1fx01a3jkjr842susyk,cmmx6howt0000bi1zgfsisou2,2026-05-13 17:49:03.485,59.62854349951125,27.6,60.0,93.85,7.0,16.0,22.0,45.0
cmp4ct4mm01a5jkjror3wfz7k,cmmx6howt0000bi1zgfsisou2,2026-05-13 17:49:07.599,59.53079178885631,27.6,60.0,93.7,7.0,16.0,22.0,45.0
cmp4ct7sr01a7jkjrgtjqy5zi,cmmx6howt0000bi1zgfsisou2,2026-05-13 17:49:11.701,59.53079178885631,27.6,61.0,92.82,7.0,16.0,22.0,45.0
cmp4ctays01a9jkjrslnmyfbp,cmmx6howt0000bi1zgfsisou2,2026-05-13 17:49:15.808,59.13978494623655,27.6,61.0,94.0,7.0,16.0,22.0,45.0
cmp4cte6n01abjkjrhjblaz4f,cmmx6howt0000bi1zgfsisou2,2026-05-13 17:49:19.983,58.94428152492668,27.6,61.0,94.61,7.0,16.0,22.0,44.0
cmp4cthf601adjkjrf357i7hy,cmmx6howt0000bi1zgfsisou2,2026-05-13 17:49:24.159,62.75659824046921,27.6,61.0,95.98,7.0,16.0,22.0,44.0
cmp4ctkn701afjkjr30fivlc0,cmmx6howt0000bi1zgfsisou2,2026-05-13 17:49:28.341,62.75659824046921,27.7,62.0,95.95,7.0,16.0,22.0,44.0
cmp4ctnuo01ahjkjr95cznjro,cmmx6howt0000bi1zgfsisou2,2026-05-13 17:49:32.501,62.56109481915934,27.7,62.0,97.97,7.0,16.0,22.0,44.0
cmp4ctr1z01ajjkjrhz92dlgz,cmmx6howt0000bi1zgfsisou2,2026-05-13 17:49:36.654,62.56109481915934,27.7,62.0,96.02,7.0,16.0,22.0,44.0
cmp4ctua301aljkjrzrpkj6z4,cmmx6howt0000bi1zgfsisou2,2026-05-13 17:49:40.834,62.4633431085044,27.7,61.0,96.06,7.0,16.0,22.0,44.0
cmp4ctxhn01anjkjrdiz23j2f,cmmx6howt0000bi1zgfsisou2,2026-05-13 17:49:44.992,62.4633431085044,27.7,61.0,98.23,7.0,16.0,22.0,44.0
cmp4cu0pn01apjkjrzfqesyz9,cmmx6howt0000bi1zgfsisou2,2026-05-13 17:49:49.163,62.26783968719452,27.7,61.0,95.83,7.0,16.0,22.0,44.0
cmp4cu3vx01arjkjrg960mt92,cmmx6howt0000bi1zgfsisou2,2026-05-13 17:49:53.293,63.04985337243401,27.7,61.0,95.98,7.0,16.0,22.0,44.0
cmp4cu74s01atjkjrqi3c61e0,cmmx6howt0000bi1zgfsisou2,2026-05-13 17:49:57.473,63.24535679374389,27.7,61.0,100.0,7.0,16.0,22.0,44.0
cmp4cuace01avjkjrscdwzs8x,cmmx6howt0000bi1zgfsisou2,2026-05-13 17:50:01.658,63.14760508308895,27.7,61.0,100.0,7.0,16.0,22.0,44.0
cmp4cudk301axjkjr02ovkph6,cmmx6howt0000bi1zgfsisou2,2026-05-13 17:50:05.814,63.24535679374389,27.7,61.0,100.0,7.0,16.0,22.0,44.0
cmp4cugsc01azjkjrgtv8eycl,cmmx6howt0000bi1zgfsisou2,2026-05-13 17:50:10.001,63.24535679374389,27.7,61.0,100.0,7.0,16.0,22.0,44.0
cmp4cujzz01b1jkjr7zpcvlw2,cmmx6howt0000bi1zgfsisou2,2026-05-13 17:50:14.181,63.34310850439883,27.7,61.0,98.19,7.0,16.0,22.0,44.0
cmp4cun7i01b3jkjrchrxm2ev,cmmx6howt0000bi1zgfsisou2,2026-05-13 17:50:18.330,65.78690127077225,27.7,61.0,93.81,7.0,16.0,22.0,45.0
cmp4cuqep01b5jkjrm99tbh4w,cmmx6howt0000bi1zgfsisou2,2026-05-13 17:50:22.480,65.68914956011731,27.7,61.0,95.76,7.0,16.0,22.0,44.0
cmp4cutmg01b7jkjrm7b6iea1,cmmx6howt0000bi1zgfsisou2,2026-05-13 17:50:26.643,65.49364613880742,27.6,61.0,96.29,7.0,16.0,22.0,44.0
cmp4cuwuw01b9jkjrm7nm8cny,cmmx6howt0000bi1zgfsisou2,2026-05-13 17:50:30.821,65.29814271749756,27.7,61.0,98.16,7.0,16.0,22.0,44.0
cmp4cv01l01bbjkjrlt93pmdh,cmmx6howt0000bi1zgfsisou2,2026-05-13 17:50:34.962,65.29814271749756,27.7,61.0,100.0,7.0,16.0,22.0,45.0
cmp4cv38901bdjkjrmn0zjc2j,cmmx6howt0000bi1zgfsisou2,2026-05-13 17:50:39.099,65.29814271749756,27.7,61.0,98.16,7.0,16.0,22.0,44.0
cmp4cv6ff01bfjkjr8fngs0t8,cmmx6howt0000bi1zgfsisou2,2026-05-13 17:50:43.247,65.20039100684262,27.7,61.0,98.12,7.0,16.0,22.0,45.0
cmp4cv9m501bhjkjrulslotbd,cmmx6howt0000bi1zgfsisou2,2026-05-13 17:50:47.365,65.20039100684262,27.7,61.0,100.0,7.0,16.0,22.0,44.0
cmp4cvcst01bjjkjru1btgqh5,cmmx6howt0000bi1zgfsisou2,2026-05-13 17:50:51.490,67.15542521994135,27.7,61.0,98.19,7.0,16.0,22.0,44.0
cmp4cvg0h01bljkjrvtqyyoxy,cmmx6howt0000bi1zgfsisou2,2026-05-13 17:50:55.651,67.05767350928642,27.7,61.0,100.0,7.0,16.0,22.0,44.0
cmp4cvj7a01bnjkjrbxqi9vgs,cmmx6howt0000bi1zgfsisou2,2026-05-13 17:50:59.803,66.95992179863148,27.7,61.0,100.0,7.0,16.0,22.0,45.0
cmp4cvmeh01bpjkjrg7k7ctij,cmmx6howt0000bi1zgfsisou2,2026-05-13 17:51:03.955,66.86217008797655,27.7,61.0,100.0,7.0,16.0,22.0,45.0
cmp4cvpm801brjkjrrhhngwn6,cmmx6howt0000bi1zgfsisou2,2026-05-13 17:51:08.099,66.7644183773216,27.7,61.0,95.76,7.0,16.0,22.0,45.0
cmp4cvsty01btjkjraawgebge,cmmx6howt0000bi1zgfsisou2,2026-05-13 17:51:12.267,66.7644183773216,27.7,61.0,97.89,7.0,16.0,22.0,45.0
cmp4cvw1c01bvjkjrfpl6xd2l,cmmx6howt0000bi1zgfsisou2,2026-05-13 17:51:16.422,67.05767350928642,27.7,61.0,98.16,7.0,16.0,22.0,45.0
cmp4cvz8i01bxjkjrrhp0aira,cmmx6howt0000bi1zgfsisou2,2026-05-13 17:51:20.568,66.66666666666667,27.7,61.0,96.02,7.0,16.0,22.0,45.0
cmp4cw2eb01bzjkjrvoibx65q,cmmx6howt0000bi1zgfsisou2,2026-05-13 17:51:24.673,65.68914956011731,27.7,61.0,96.02,7.0,16.0,22.0,45.0
cmp4cw5kp01c1jkjrm7wlz1km,cmmx6howt0000bi1zgfsisou2,2026-05-13 17:51:28.779,65.68914956011731,27.7,61.0,96.06,7.0,16.0,22.0,44.0
cmp4cw8rq01c3jkjrguaedppi,cmmx6howt0000bi1zgfsisou2,2026-05-13 17:51:32.916,65.49364613880742,27.7,61.0,93.89,7.0,16.0,22.0,44.0
cmp4cwbyx01c5jkjrzqihlnya,cmmx6howt0000bi1zgfsisou2,2026-05-13 17:51:37.061,65.78690127077225,27.7,61.0,96.02,7.0,16.0,22.0,44.0
cmp4cwf6y01c7jkjrihg4m4m4,cmmx6howt0000bi1zgfsisou2,2026-05-13 17:51:41.244,65.49364613880742,27.7,61.0,96.21,7.0,16.0,22.0,44.0
cmp4cwieo01c9jkjrcwpz0ne2,cmmx6howt0000bi1zgfsisou2,2026-05-13 17:51:45.394,65.49364613880742,27.7,61.0,96.78,7.0,6.0,11.0,26.0
cmp4cwlmy01cbjkjrt9r6licn,cmmx6howt0000bi1zgfsisou2,2026-05-13 17:51:49.589,65.29814271749756,27.7,61.0,95.98,7.0,13.0,18.0,37.0
cmp4cwou401cdjkjr0ep8tdzl,cmmx6howt0000bi1zgfsisou2,2026-05-13 17:51:53.741,65.10263929618768,27.7,61.0,96.67,7.0,14.0,20.0,40.0
cmp4cws1n01cfjkjry56ymgv2,cmmx6howt0000bi1zgfsisou2,2026-05-13 17:51:57.903,66.4711632453568,27.7,61.0,93.85,7.0,40.0,40.0,40.0
cmp4cwv8o01chjkjrx4kc725r,cmmx6howt0000bi1zgfsisou2,2026-05-13 17:52:02.046,65.78690127077225,27.7,61.0,90.5,7.0,8.0,13.0,26.0
cmp4cwyfe01cjjkjrvumpcefs,cmmx6howt0000bi1zgfsisou2,2026-05-13 17:52:06.175,65.39589442815249,27.7,61.0,90.99,7.0,13.0,18.0,37.0
cmp4cx1nk01cljkjr7e4umi5v,cmmx6howt0000bi1zgfsisou2,2026-05-13 17:52:10.356,65.10263929618768,27.7,61.0,91.68,7.0,14.0,20.0,40.0
cmp4cx4uv01cnjkjrrnx7pphj,cmmx6howt0000bi1zgfsisou2,2026-05-13 17:52:14.527,65.10263929618768,27.7,61.0,91.94,7.0,16.0,22.0,44.0
cmp4cx81g01cpjkjryf6yfgyl,cmmx6howt0000bi1zgfsisou2,2026-05-13 17:52:18.635,64.71163245356793,27.7,61.0,91.68,7.0,16.0,22.0,44.0
cmp4cxb7o01crjkjr4iuf0ry7,cmmx6howt0000bi1zgfsisou2,2026-05-13 17:52:22.743,64.71163245356793,27.7,61.0,82.99,7.0,16.0,22.0,44.0
cmp4cxefr01ctjkjryu4bh4ya,cmmx6howt0000bi1zgfsisou2,2026-05-13 17:52:26.932,64.613880742913,27.7,61.0,94.84,7.0,44.0,44.0,44.0
cmp4cxhm401cvjkjr8bj6dxkk,cmmx6howt0000bi1zgfsisou2,2026-05-13 17:52:31.037,65.10263929618768,27.7,61.0,94.57,7.0,44.0,44.0,44.0
cmp4cxktd01cxjkjrsynn1o78,cmmx6howt0000bi1zgfsisou2,2026-05-13 17:52:35.188,65.20039100684262,27.7,61.0,94.8,7.0,44.0,44.0,44.0
cmp4cxo0001czjkjrnarktx7e,cmmx6howt0000bi1zgfsisou2,2026-05-13 17:52:39.308,65.20039100684262,27.7,62.0,96.71,7.0,10.0,16.0,32.0
cmp4cxr7n01d1jkjrxmc8rry6,cmmx6howt0000bi1zgfsisou2,2026-05-13 17:52:43.479,65.20039100684262,27.7,62.0,89.54,7.0,13.0,19.0,39.0
cmp4cxueu01d3jkjrovia8yw0,cmmx6howt0000bi1zgfsisou2,2026-05-13 17:52:47.625,65.29814271749756,27.7,62.0,89.31,7.0,14.0,21.0,43.0
cmp4cxxn401d5jkjrl831ggmp,cmmx6howt0000bi1zgfsisou2,2026-05-13 17:52:51.813,65.20039100684262,27.7,62.0,89.77,7.0,16.0,22.0,45.0
cmp4cy0ui01d7jkjrf6ansu8v,cmmx6howt0000bi1zgfsisou2,2026-05-13 17:52:55.965,65.29814271749756,27.7,62.0,89.51,7.0,16.0,23.0,46.0
cmp4cy42701d9jkjrhgwg7u03,cmmx6howt0000bi1zgfsisou2,2026-05-13 17:53:00.132,65.29814271749756,27.7,62.0,91.64,7.0,16.0,23.0,46.0
cmp4cy78g01dbjkjr3q8obiau,cmmx6howt0000bi1zgfsisou2,2026-05-13 17:53:04.255,65.29814271749756,27.7,62.0,89.54,7.0,16.0,23.0,46.0
cmp4cyagc01ddjkjrrzuzia1j,cmmx6howt0000bi1zgfsisou2,2026-05-13 17:53:08.417,65.29814271749756,27.7,62.0,89.51,7.0,16.0,23.0,46.0
cmp4cydou01dfjkjrqsggdbcm,cmmx6howt0000bi1zgfsisou2,2026-05-13 17:53:12.600,65.39589442815249,27.7,62.0,91.56,7.0,16.0,23.0,46.0
cmp4cygvj01dhjkjro4f22t1o,cmmx6howt0000bi1zgfsisou2,2026-05-13 17:53:16.740,65.49364613880742,27.7,62.0,97.39,7.0,16.0,23.0,46.0
cmp4cyk3501djjkjrefiy5ll5,cmmx6howt0000bi1zgfsisou2,2026-05-13 17:53:20.903,65.39589442815249,27.7,62.0,88.78,7.0,16.0,23.0,46.0
cmp4cyn9r01dljkjrjnooz1if,cmmx6howt0000bi1zgfsisou2,2026-05-13 17:53:25.055,65.39589442815249,27.7,62.0,94.57,7.0,16.0,23.0,46.0
cmp4cyqhw01dnjkjrsaue5nvb,cmmx6howt0000bi1zgfsisou2,2026-05-13 17:53:29.207,65.39589442815249,27.7,62.0,89.51,7.0,16.0,23.0,46.0
cmp4cyto501dpjkjruzlriiik,cmmx6howt0000bi1zgfsisou2,2026-05-13 17:53:33.318,65.39589442815249,27.7,62.0,89.66,7.0,16.0,22.0,45.0
cmp4cywwd01drjkjrnwx8ytyt,cmmx6howt0000bi1zgfsisou2,2026-05-13 17:53:37.503,65.29814271749756,27.7,62.0,89.28,7.0,16.0,22.0,45.0
cmp4cz02v01dtjkjrp3sl993g,cmmx6howt0000bi1zgfsisou2,2026-05-13 17:53:41.626,65.39589442815249,27.7,61.0,89.47,7.0,16.0,22.0,45.0
cmp4cz3a701dvjkjr3iqa5qn4,cmmx6howt0000bi1zgfsisou2,2026-05-13 17:53:45.774,65.49364613880742,27.7,61.0,89.47,7.0,16.0,23.0,46.0
cmp4cz6gh01dxjkjrzd7efgza,cmmx6howt0000bi1zgfsisou2,2026-05-13 17:53:49.894,65.39589442815249,27.7,61.0,91.56,7.0,16.0,23.0,46.0
cmp4cz9mt01dzjkjrbobmzdr2,cmmx6howt0000bi1zgfsisou2,2026-05-13 17:53:54.031,65.39589442815249,27.7,61.0,96.75,7.0,16.0,22.0,45.0
cmp4czctd01e1jkjrhic5mnvr,cmmx6howt0000bi1zgfsisou2,2026-05-13 17:53:58.161,65.39589442815249,27.7,60.0,89.77,7.0,16.0,22.0,45.0
cmp4czfzy01e3jkjr9hlwh1ka,cmmx6howt0000bi1zgfsisou2,2026-05-13 17:54:02.286,65.39589442815249,27.7,61.0,89.51,7.0,16.0,23.0,46.0
cmp4czj7801e5jkjrfua0oxtm,cmmx6howt0000bi1zgfsisou2,2026-05-13 17:54:06.431,65.39589442815249,27.7,61.0,89.51,7.0,16.0,23.0,46.0
cmp4czmd201e7jkjrybnbn273,cmmx6howt0000bi1zgfsisou2,2026-05-13 17:54:10.538,65.39589442815249,27.7,61.0,91.68,7.0,16.0,23.0,46.0
cmp4czpke01e9jkjrgkxj0bwb,cmmx6howt0000bi1zgfsisou2,2026-05-13 17:54:14.660,65.39589442815249,27.7,61.0,88.82,7.0,16.0,22.0,45.0
cmp4czsrc01ebjkjr26g3c4e7,cmmx6howt0000bi1zgfsisou2,2026-05-13 17:54:18.793,65.49364613880742,27.7,61.0,92.4,7.0,16.0,23.0,46.0
cmp4czvx201edjkjr0uqlgkcy,cmmx6howt0000bi1zgfsisou2,2026-05-13 17:54:22.911,65.49364613880742,27.7,61.0,98.69,7.0,16.0,23.0,46.0
cmp4czz4s01efjkjrcv51zj2r,cmmx6howt0000bi1zgfsisou2,2026-05-13 17:54:27.053,65.39589442815249,27.7,61.0,91.72,7.0,16.0,23.0,46.0
cmp4d02bw01ehjkjrvl116789,cmmx6howt0000bi1zgfsisou2,2026-05-13 17:54:31.224,65.39589442815249,27.7,61.0,89.62,7.0,16.0,23.0,46.0
cmp4d05jc01ejjkjr2s4ns8qi,cmmx6howt0000bi1zgfsisou2,2026-05-13 17:54:35.363,65.29814271749756,27.7,61.0,89.73,7.0,16.0,23.0,46.0
cmp4d08qh01eljkjr221qtt1y,cmmx6howt0000bi1zgfsisou2,2026-05-13 17:54:39.520,65.29814271749756,27.7,61.0,89.54,7.0,16.0,23.0,46.0
cmp4d0bxt01enjkjrzh96f2x5,cmmx6howt0000bi1zgfsisou2,2026-05-13 17:54:43.650,65.20039100684262,27.7,61.0,90.19,7.0,46.0,46.0,46.0
cmp4d0f5301epjkjrylwg8vfv,cmmx6howt0000bi1zgfsisou2,2026-05-13 17:54:47.818,65.29814271749756,27.8,61.0,89.47,7.0,46.0,46.0,46.0
cmp4d0ibo01erjkjrsk1zdhix,cmmx6howt0000bi1zgfsisou2,2026-05-13 17:54:51.936,65.39589442815249,27.8,61.0,89.43,7.0,46.0,46.0,46.0
cmp4d0lip01etjkjrfhns8pw4,cmmx6howt0000bi1zgfsisou2,2026-05-13 17:54:56.066,65.20039100684262,27.8,61.0,89.54,7.0,46.0,2.0,5.0
cmp4d0opr01evjkjrhca4k6di,cmmx6howt0000bi1zgfsisou2,2026-05-13 17:55:00.229,65.20039100684262,27.8,61.0,89.47,7.0,5.0,5.0,5.0
cmp4d0rww01exjkjro0g119k0,cmmx6howt0000bi1zgfsisou2,2026-05-13 17:55:04.357,65.20039100684262,27.8,61.0,89.51,7.0,5.0,5.0,5.0
cmp4d0v4n01ezjkjremnx0k7u,cmmx6howt0000bi1zgfsisou2,2026-05-13 17:55:08.523,65.68914956011731,27.8,61.0,89.47,7.0,5.0,5.0,5.0
cmp4d0ybl01f1jkjrdw5jqd9b,cmmx6howt0000bi1zgfsisou2,2026-05-13 17:55:12.658,65.68914956011731,27.8,61.0,89.73,7.0,5.0,5.0,5.0
cmp4d11in01f3jkjr9e5zf1p4,cmmx6howt0000bi1zgfsisou2,2026-05-13 17:55:16.805,61.58357771260997,27.8,61.0,90.92,7.0,5.0,5.0,5.0
cmp4d14ql01f5jkjr4rr6mslh,cmmx6howt0000bi1zgfsisou2,2026-05-13 17:55:20.973,60.99706744868035,27.8,61.0,89.47,7.0,5.0,5.0,5.0
cmp4d17yb01f7jkjr3o9944jd,cmmx6howt0000bi1zgfsisou2,2026-05-13 17:55:25.147,60.99706744868035,27.8,61.0,90.46,7.0,5.0,5.0,208.0
cmp4d1b4e01f9jkjrpy26ozbj,cmmx6howt0000bi1zgfsisou2,2026-05-13 17:55:29.259,62.26783968719452,27.8,61.0,90.15,7.0,10.0,16.0,34.0
cmp4d1eb701fbjkjrgabs1nl8,cmmx6howt0000bi1zgfsisou2,2026-05-13 17:55:33.381,62.26783968719452,27.8,61.0,90.38,7.0,13.0,19.0,39.0
cmp4d1hhp01fdjkjri1fygm1m,cmmx6howt0000bi1zgfsisou2,2026-05-13 17:55:37.508,62.4633431085044,27.8,61.0,90.27,7.0,14.0,21.0,44.0
cmp4d1kp801ffjkjrir4j11gn,cmmx6howt0000bi1zgfsisou2,2026-05-13 17:55:41.665,62.65884652981427,27.8,61.0,89.77,7.0,16.0,22.0,45.0
cmp4d1nw701fhjkjruska917y,cmmx6howt0000bi1zgfsisou2,2026-05-13 17:55:45.802,64.41837732160313,27.8,61.0,89.54,7.0,16.0,22.0,45.0
cmp4d1r3b01fjjkjrcbuqjall,cmmx6howt0000bi1zgfsisou2,2026-05-13 17:55:49.972,64.51612903225806,27.8,61.0,89.54,7.0,16.0,22.0,45.0
cmp4d1ua901fljkjre1xjhbnh,cmmx6howt0000bi1zgfsisou2,2026-05-13 17:55:54.081,64.02737047898339,27.8,61.0,89.51,7.0,16.0,22.0,45.0
cmp4d1xi301fnjkjraxd1lu2m,cmmx6howt0000bi1zgfsisou2,2026-05-13 17:55:58.250,64.02737047898339,27.8,61.0,89.28,7.0,16.0,22.0,45.0
cmp4d20pr01fpjkjrx4ffjc9n,cmmx6howt0000bi1zgfsisou2,2026-05-13 17:56:02.416,64.32062561094818,27.8,61.0,90.23,7.0,16.0,22.0,45.0
cmp4d23x901frjkjrwzvnj9ol,cmmx6howt0000bi1zgfsisou2,2026-05-13 17:56:06.574,64.22287390029325,27.8,61.0,89.47,7.0,16.0,22.0,45.0
cmp4d273v01ftjkjrjl4feiyo,cmmx6howt0000bi1zgfsisou2,2026-05-13 17:56:10.719,64.613880742913,27.8,60.0,91.14,7.0,16.0,22.0,45.0
cmp4d2ac101fvjkjr7rvbzea3,cmmx6howt0000bi1zgfsisou2,2026-05-13 17:56:14.883,64.71163245356793,27.8,60.0,95.3,7.0,16.0,22.0,45.0
cmp4d2djc01fxjkjr43zfaq70,cmmx6howt0000bi1zgfsisou2,2026-05-13 17:56:19.029,64.80938416422288,27.8,60.0,89.73,7.0,16.0,22.0,45.0
cmp4d2gq501fzjkjr8z61tfyw,cmmx6howt0000bi1zgfsisou2,2026-05-13 17:56:23.194,65.00488758553274,27.8,60.0,90.19,7.0,16.0,22.0,45.0
cmp4d2jy901g1jkjrbx2lzorv,cmmx6howt0000bi1zgfsisou2,2026-05-13 17:56:27.354,65.00488758553274,27.8,60.0,95.57,7.0,16.0,22.0,45.0
cmp4d2n5w01g3jkjr7tv7qz05,cmmx6howt0000bi1zgfsisou2,2026-05-13 17:56:31.520,64.71163245356793,27.8,61.0,93.85,7.0,16.0,22.0,45.0
cmp4d2qd401g5jkjrnsec4swh,cmmx6howt0000bi1zgfsisou2,2026-05-13 17:56:35.666,65.10263929618768,27.8,61.0,91.18,7.0,45.0,45.0,45.0
cmp4d2tkr01g7jkjreo90cxzt,cmmx6howt0000bi1zgfsisou2,2026-05-13 17:56:39.835,65.29814271749756,27.8,61.0,95.3,7.0,45.0,45.0,45.0
cmp4d2wrv01g9jkjr389l0925,cmmx6howt0000bi1zgfsisou2,2026-05-13 17:56:43.965,65.10263929618768,27.8,61.0,89.47,7.0,45.0,2.0,5.0
cmp4d2zzb01gbjkjrp831vsi0,cmmx6howt0000bi1zgfsisou2,2026-05-13 17:56:48.124,65.59139784946237,27.8,61.0,89.54,7.0,8.0,11.0,27.0
cmp4d336m01gdjkjrr4sh810j,cmmx6howt0000bi1zgfsisou2,2026-05-13 17:56:52.273,65.68914956011731,27.8,61.0,89.24,7.0,13.0,19.0,38.0
cmp4d36e601gfjkjrz3hl5371,cmmx6howt0000bi1zgfsisou2,2026-05-13 17:56:56.452,65.78690127077225,27.8,61.0,89.73,7.0,14.0,20.0,41.0
cmp4d39ll01ghjkjrjpv0ye4z,cmmx6howt0000bi1zgfsisou2,2026-05-13 17:57:00.599,65.78690127077225,27.8,61.0,89.43,7.0,16.0,22.0,45.0
cmp4d3cta01gjjkjrd2p98dw7,cmmx6howt0000bi1zgfsisou2,2026-05-13 17:57:04.762,65.78690127077225,27.8,61.0,95.07,7.0,16.0,22.0,45.0
cmp4d3g0k01gljkjrdu67g9bu,cmmx6howt0000bi1zgfsisou2,2026-05-13 17:57:08.899,65.78690127077225,27.8,61.0,90.5,7.0,16.0,22.0,45.0
cmp4d3j8c01gnjkjr1t2e97r2,cmmx6howt0000bi1zgfsisou2,2026-05-13 17:57:13.086,65.78690127077225,27.8,61.0,90.19,7.0,16.0,22.0,45.0
cmp4d3mf501gpjkjr3mqdzj9h,cmmx6howt0000bi1zgfsisou2,2026-05-13 17:57:17.206,65.78690127077225,27.8,61.0,93.32,7.0,16.0,22.0,45.0
cmp4d3plz01grjkjre3uotfzb,cmmx6howt0000bi1zgfsisou2,2026-05-13 17:57:21.345,65.78690127077225,27.8,61.0,89.51,7.0,16.0,22.0,45.0
cmp4d3srq01gtjkjrt5pfi9oz,cmmx6howt0000bi1zgfsisou2,2026-05-13 17:57:25.454,65.78690127077225,27.8,61.0,92.44,7.0,16.0,22.0,45.0
cmp4d3w0801gvjkjrnqq0eefm,cmmx6howt0000bi1zgfsisou2,2026-05-13 17:57:29.609,65.68914956011731,27.8,61.0,90.19,7.0,16.0,22.0,45.0
cmp4d3z7x01gxjkjrdfo6h8f2,cmmx6howt0000bi1zgfsisou2,2026-05-13 17:57:33.794,65.78690127077225,27.8,61.0,89.43,7.0,16.0,22.0,45.0
cmp4d42fu01gzjkjrpcxod12a,cmmx6howt0000bi1zgfsisou2,2026-05-13 17:57:37.967,65.68914956011731,27.8,61.0,89.58,7.0,16.0,22.0,45.0
cmp4d45mi01h1jkjrrdznl2tn,cmmx6howt0000bi1zgfsisou2,2026-05-13 17:57:42.104,65.68914956011731,27.8,61.0,89.51,7.0,16.0,22.0,45.0
cmp4d48sc01h3jkjre8lg4yw1,cmmx6howt0000bi1zgfsisou2,2026-05-13 17:57:46.220,65.68914956011731,27.8,61.0,100.0,7.0,16.0,22.0,45.0
cmp4d4c0b01h5jkjrhmejz22v,cmmx6howt0000bi1zgfsisou2,2026-05-13 17:57:50.363,65.68914956011731,27.8,61.0,100.0,7.0,16.0,22.0,45.0
cmp4d4f7p01h7jkjrzjtbod5g,cmmx6howt0000bi1zgfsisou2,2026-05-13 17:57:54.520,65.68914956011731,27.8,61.0,100.0,7.0,16.0,22.0,45.0
cmp4d4ie301h9jkjrfjvzdls2,cmmx6howt0000bi1zgfsisou2,2026-05-13 17:57:58.660,65.68914956011731,27.8,61.0,100.0,7.0,16.0,22.0,45.0
cmp4d4llc01hbjkjr6uibmnzc,cmmx6howt0000bi1zgfsisou2,2026-05-13 17:58:02.788,65.68914956011731,27.8,61.0,100.0,7.0,16.0,22.0,45.0
cmp4d4os501hdjkjr6o4bc6qm,cmmx6howt0000bi1zgfsisou2,2026-05-13 17:58:06.927,65.68914956011731,27.8,61.0,100.0,7.0,16.0,22.0,45.0
cmp4d4rzt01hfjkjrq5ehp9ln,cmmx6howt0000bi1zgfsisou2,2026-05-13 17:58:11.086,65.68914956011731,27.8,61.0,100.0,7.0,16.0,22.0,45.0
cmp4d4v5o01hhjkjry62iza1x,cmmx6howt0000bi1zgfsisou2,2026-05-13 17:58:15.210,65.59139784946237,27.8,61.0,100.0,7.0,16.0,22.0,45.0
cmp4d4yd101hjjkjr22nbub7a,cmmx6howt0000bi1zgfsisou2,2026-05-13 17:58:19.337,65.49364613880742,27.8,61.0,100.0,7.0,16.0,22.0,45.0
cmp4d51jo01hljkjr03aetvnz,cmmx6howt0000bi1zgfsisou2,2026-05-13 17:58:23.471,65.49364613880742,27.8,61.0,100.0,7.0,16.0,22.0,45.0
cmp4d54qc01hnjkjrw9ut2ma0,cmmx6howt0000bi1zgfsisou2,2026-05-13 17:58:27.590,65.59139784946237,27.8,61.0,100.0,7.0,16.0,22.0,45.0
cmp4d57wn01hpjkjr7zmld0sy,cmmx6howt0000bi1zgfsisou2,2026-05-13 17:58:31.720,65.68914956011731,27.8,61.0,99.03,7.0,16.0,22.0,45.0
cmp4d5b3h01hrjkjraq3lihj0,cmmx6howt0000bi1zgfsisou2,2026-05-13 17:58:35.839,65.68914956011731,27.8,61.0,100.0,7.0,16.0,22.0,45.0
cmp4d5e9a01htjkjrq16lo0oa,cmmx6howt0000bi1zgfsisou2,2026-05-13 17:58:39.965,65.68914956011731,27.8,61.0,100.0,7.0,16.0,22.0,45.0
cmp4d5hfk01hvjkjrbo9aeyfh,cmmx6howt0000bi1zgfsisou2,2026-05-13 17:58:44.047,65.68914956011731,27.8,61.0,100.0,7.0,16.0,22.0,45.0
cmp4d5kn801hxjkjrdxh7u9ti,cmmx6howt0000bi1zgfsisou2,2026-05-13 17:58:48.231,65.78690127077225,27.8,61.0,100.0,7.0,16.0,22.0,45.0
cmp4d5nv301hzjkjrtc6rlkan,cmmx6howt0000bi1zgfsisou2,2026-05-13 17:58:52.389,65.78690127077225,27.8,61.0,100.0,7.0,16.0,22.0,45.0
cmp4d5r4f01i1jkjru8n5ci5n,cmmx6howt0000bi1zgfsisou2,2026-05-13 17:58:56.574,65.78690127077225,27.8,61.0,100.0,7.0,16.0,22.0,45.0
cmp4d5ude01i3jkjrpsme4qqe,cmmx6howt0000bi1zgfsisou2,2026-05-13 17:59:00.801,65.78690127077225,27.8,61.0,100.0,7.0,16.0,22.0,45.0
cmp4d5xlj01i5jkjreefiua94,cmmx6howt0000bi1zgfsisou2,2026-05-13 17:59:04.984,65.88465298142718,27.8,60.0,100.0,7.0,16.0,22.0,45.0
cmp4d60sp01i7jkjrqy4vgvld,cmmx6howt0000bi1zgfsisou2,2026-05-13 17:59:09.144,65.78690127077225,27.8,60.0,100.0,7.0,16.0,22.0,45.0
cmp4d63zh01i9jkjrm6feu0of,cmmx6howt0000bi1zgfsisou2,2026-05-13 17:59:13.273,65.78690127077225,27.8,60.0,100.0,7.0,16.0,22.0,45.0
cmp4d677s01ibjkjrd4vgn7ah,cmmx6howt0000bi1zgfsisou2,2026-05-13 17:59:17.450,65.78690127077225,27.8,60.0,100.0,7.0,16.0,22.0,45.0
cmp4d6ae801idjkjrjn1x90ep,cmmx6howt0000bi1zgfsisou2,2026-05-13 17:59:21.605,65.78690127077225,27.8,60.0,100.0,7.0,16.0,22.0,45.0
cmp4d6dkm01ifjkjrvz1fhm13,cmmx6howt0000bi1zgfsisou2,2026-05-13 17:59:25.723,65.78690127077225,27.8,60.0,100.0,7.0,16.0,22.0,45.0
cmp4d6gsi01ihjkjryej3zj3o,cmmx6howt0000bi1zgfsisou2,2026-05-13 17:59:29.859,65.78690127077225,27.8,60.0,100.0,7.0,16.0,22.0,45.0
cmp4d6k0s01ijjkjr08el53c9,cmmx6howt0000bi1zgfsisou2,2026-05-13 17:59:34.054,65.68914956011731,27.8,60.0,100.0,7.0,16.0,22.0,45.0
cmp4d6n9d01iljkjrpwqyvzkz,cmmx6howt0000bi1zgfsisou2,2026-05-13 17:59:38.242,65.59139784946237,27.8,60.0,100.0,7.0,16.0,22.0,45.0
cmp4d6qhz01injkjr2s1xcxud,cmmx6howt0000bi1zgfsisou2,2026-05-13 17:59:42.441,66.08015640273706,27.8,60.0,100.0,7.0,1.0,5.0,17.0
cmp4d6tqi01ipjkjr6d6c9ax4,cmmx6howt0000bi1zgfsisou2,2026-05-13 17:59:46.633,65.98240469208211,27.8,60.0,100.0,7.0,12.0,17.0,36.0
cmp4d6x0001irjkjr1nc26s5s,cmmx6howt0000bi1zgfsisou2,2026-05-13 17:59:50.809,65.88465298142718,27.8,60.0,100.0,7.0,14.0,20.0,40.0
cmp4d708d01itjkjr083hrtsw,cmmx6howt0000bi1zgfsisou2,2026-05-13 17:59:55.070,65.88465298142718,27.8,60.0,100.0,7.0,16.0,22.0,45.0
cmp4d73h901ivjkjrolnpdodu,cmmx6howt0000bi1zgfsisou2,2026-05-13 17:59:59.268,65.59139784946237,27.8,60.0,100.0,7.0,16.0,22.0,45.0
cmp4d76pa01ixjkjrg1bt3d5d,cmmx6howt0000bi1zgfsisou2,2026-05-13 18:00:03.459,65.68914956011731,27.8,60.0,100.0,7.0,16.0,22.0,45.0
cmp4d79wb01izjkjrw9zhbj5t,cmmx6howt0000bi1zgfsisou2,2026-05-13 18:00:07.601,65.59139784946237,27.8,60.0,100.0,7.0,16.0,22.0,45.0
cmp4d7d3l01j1jkjr1tlw9tzy,cmmx6howt0000bi1zgfsisou2,2026-05-13 18:00:11.748,65.59139784946237,27.8,60.0,100.0,7.0,16.0,22.0,45.0
cmp4d7g9e01j3jkjr2uxryci7,cmmx6howt0000bi1zgfsisou2,2026-05-13 18:00:15.870,65.68914956011731,27.8,60.0,100.0,7.0,16.0,22.0,45.0
cmp4d7jgn01j5jkjrjg4o1m1f,cmmx6howt0000bi1zgfsisou2,2026-05-13 18:00:19.987,65.59139784946237,27.8,60.0,100.0,7.0,16.0,22.0,45.0
cmp4d7mnu01j7jkjrv5ltodiy,cmmx6howt0000bi1zgfsisou2,2026-05-13 18:00:24.144,65.59139784946237,27.8,60.0,100.0,7.0,16.0,22.0,45.0
cmp4d7pw601j9jkjr987qll7p,cmmx6howt0000bi1zgfsisou2,2026-05-13 18:00:28.300,65.59139784946237,27.8,60.0,100.0,7.0,16.0,22.0,45.0
cmp4d7t4t01jbjkjr6ss0c9b0,cmmx6howt0000bi1zgfsisou2,2026-05-13 18:00:32.536,65.49364613880742,27.8,60.0,100.0,7.0,16.0,22.0,45.0
cmp4d7wcb01jdjkjryb0t6k0o,cmmx6howt0000bi1zgfsisou2,2026-05-13 18:00:36.690,65.49364613880742,27.8,60.0,100.0,7.0,16.0,22.0,45.0
cmp4d7zjt01jfjkjr5pa69bmn,cmmx6howt0000bi1zgfsisou2,2026-05-13 18:00:40.868,65.49364613880742,27.8,60.0,100.0,7.0,16.0,22.0,45.0
cmp4d82r201jhjkjrp92on7bd,cmmx6howt0000bi1zgfsisou2,2026-05-13 18:00:44.997,65.39589442815249,27.8,61.0,100.0,7.0,16.0,22.0,45.0
cmp4d85y901jjjkjrh0unaxsj,cmmx6howt0000bi1zgfsisou2,2026-05-13 18:00:49.158,65.20039100684262,27.8,61.0,100.0,7.0,16.0,22.0,45.0
cmp4d895t01jljkjrpn16fftm,cmmx6howt0000bi1zgfsisou2,2026-05-13 18:00:53.302,65.29814271749756,27.8,61.0,100.0,7.0,16.0,22.0,45.0
cmp4d8cd001jnjkjr3wg4fqup,cmmx6howt0000bi1zgfsisou2,2026-05-13 18:00:57.441,65.29814271749756,27.8,61.0,100.0,7.0,16.0,22.0,45.0
cmp4d8fll01jpjkjrx7ztrmb5,cmmx6howt0000bi1zgfsisou2,2026-05-13 18:01:01.627,65.29814271749756,27.8,61.0,100.0,7.0,16.0,22.0,45.0
cmp4d8irq01jrjkjr9dhcepzx,cmmx6howt0000bi1zgfsisou2,2026-05-13 18:01:05.755,65.29814271749756,27.8,61.0,100.0,7.0,16.0,22.0,45.0
cmp4d8m0201jtjkjrmv1v9q9b,cmmx6howt0000bi1zgfsisou2,2026-05-13 18:01:09.930,65.29814271749756,27.8,61.0,100.0,7.0,16.0,22.0,45.0
cmp4d8p7b01jvjkjruao7amjb,cmmx6howt0000bi1zgfsisou2,2026-05-13 18:01:14.092,65.29814271749756,27.8,61.0,100.0,7.0,16.0,22.0,45.0
cmp4d8sen01jxjkjrilp4oj2m,cmmx6howt0000bi1zgfsisou2,2026-05-13 18:01:18.245,65.20039100684262,27.8,61.0,100.0,7.0,16.0,22.0,45.0
cmp4d8vlj01jzjkjr3vt2k8xh,cmmx6howt0000bi1zgfsisou2,2026-05-13 18:01:22.405,65.20039100684262,27.8,61.0,100.0,7.0,16.0,22.0,45.0
cmp4d8ys401k1jkjrkmlte1ng,cmmx6howt0000bi1zgfsisou2,2026-05-13 18:01:26.504,65.10263929618768,27.8,61.0,100.0,7.0,16.0,22.0,45.0
cmp4d91z501k3jkjrep87m937,cmmx6howt0000bi1zgfsisou2,2026-05-13 18:01:30.646,65.00488758553274,27.8,61.0,100.0,7.0,16.0,22.0,45.0
cmp4d956r01k5jkjrsofc8jr6,cmmx6howt0000bi1zgfsisou2,2026-05-13 18:01:34.805,65.00488758553274,27.8,61.0,100.0,7.0,16.0,22.0,45.0
cmp4d98fd01k7jkjru0i8wd6i,cmmx6howt0000bi1zgfsisou2,2026-05-13 18:01:38.978,65.00488758553274,27.8,61.0,100.0,7.0,16.0,22.0,45.0
cmp4d9bmf01k9jkjr2zot1uqm,cmmx6howt0000bi1zgfsisou2,2026-05-13 18:01:43.146,64.90713587487781,27.8,61.0,100.0,7.0,16.0,22.0,45.0
cmp4d9eu501kbjkjr27tbrdku,cmmx6howt0000bi1zgfsisou2,2026-05-13 18:01:47.322,64.80938416422288,27.8,60.0,100.0,7.0,16.0,22.0,45.0
cmp4d9i1c01kdjkjr2hdxbx24,cmmx6howt0000bi1zgfsisou2,2026-05-13 18:01:51.457,65.20039100684262,27.8,61.0,100.0,7.0,16.0,22.0,45.0
cmp4d9l7k01kfjkjr468u5865,cmmx6howt0000bi1zgfsisou2,2026-05-13 18:01:55.576,64.22287390029325,27.8,60.0,100.0,7.0,16.0,22.0,45.0
cmp4d9odu01khjkjr365nj5dj,cmmx6howt0000bi1zgfsisou2,2026-05-13 18:01:59.705,64.12512218963832,27.9,60.0,100.0,7.0,16.0,22.0,45.0
cmp4d9rlo01kjjkjronvdkjzu,cmmx6howt0000bi1zgfsisou2,2026-05-13 18:02:03.857,60.80156402737048,27.9,60.0,100.0,7.0,16.0,22.0,45.0
cmp4d9ut701kljkjrod0ocwh5,cmmx6howt0000bi1zgfsisou2,2026-05-13 18:02:08.004,61.68132942326491,27.8,60.0,100.0,7.0,16.0,22.0,45.0
cmp4d9xzt01knjkjr6witrdrn,cmmx6howt0000bi1zgfsisou2,2026-05-13 18:02:12.164,61.77908113391985,27.9,60.0,100.0,7.0,16.0,22.0,45.0
cmp4da16z01kpjkjrdvklwbpw,cmmx6howt0000bi1zgfsisou2,2026-05-13 18:02:16.290,61.68132942326491,27.8,60.0,100.0,7.0,16.0,22.0,45.0
cmp4da4dp01krjkjrd1gtkx29,cmmx6howt0000bi1zgfsisou2,2026-05-13 18:02:20.443,61.68132942326491,27.9,60.0,100.0,7.0,16.0,22.0,45.0
cmp4da7lg01ktjkjrex29gix8,cmmx6howt0000bi1zgfsisou2,2026-05-13 18:02:24.586,61.58357771260997,27.9,60.0,100.0,7.0,16.0,22.0,45.0
cmp4daas601kvjkjrhtpgop2f,cmmx6howt0000bi1zgfsisou2,2026-05-13 18:02:28.722,61.48582600195503,27.9,60.0,100.0,7.0,16.0,22.0,45.0
cmp4dae0a01kxjkjr3xsogjwu,cmmx6howt0000bi1zgfsisou2,2026-05-13 18:02:32.888,61.48582600195503,27.9,60.0,100.0,7.0,16.0,22.0,45.0
cmp4dah8101kzjkjravun3etb,cmmx6howt0000bi1zgfsisou2,2026-05-13 18:02:37.063,61.3880742913001,27.9,60.0,100.0,7.0,16.0,22.0,45.0
cmp4daked01l1jkjrt6ef89oc,cmmx6howt0000bi1zgfsisou2,2026-05-13 18:02:41.194,61.29032258064516,27.9,60.0,100.0,7.0,16.0,22.0,45.0
cmp4danlf01l3jkjrhq5jo0ff,cmmx6howt0000bi1zgfsisou2,2026-05-13 18:02:45.319,61.19257086999023,27.9,60.0,100.0,7.0,16.0,22.0,45.0
cmp4daqq701l5jkjrm43eqi7n,cmmx6howt0000bi1zgfsisou2,2026-05-13 18:02:49.410,61.09481915933529,27.9,60.0,100.0,7.0,16.0,22.0,45.0
cmp4datwp01l7jkjr5q6k7tmj,cmmx6howt0000bi1zgfsisou2,2026-05-13 18:02:53.513,61.09481915933529,27.9,60.0,100.0,7.0,16.0,22.0,45.0
cmp4dax3601l9jkjrj5z9hwso,cmmx6howt0000bi1zgfsisou2,2026-05-13 18:02:57.622,60.89931573802541,27.9,60.0,100.0,7.0,16.0,22.0,45.0
cmp4db09s01lbjkjrw02zu50m,cmmx6howt0000bi1zgfsisou2,2026-05-13 18:03:01.743,60.80156402737048,27.9,60.0,100.0,7.0,16.0,22.0,45.0
cmp4db3fx01ldjkjruly9t5ba,cmmx6howt0000bi1zgfsisou2,2026-05-13 18:03:05.868,60.60606060606061,27.9,60.0,100.0,7.0,16.0,22.0,45.0
cmp4db6nn01lfjkjr4hp493aa,cmmx6howt0000bi1zgfsisou2,2026-05-13 18:03:10.017,60.3128054740958,27.9,61.0,100.0,7.0,16.0,22.0,45.0
cmp4db9vd01lhjkjr46vn6zib,cmmx6howt0000bi1zgfsisou2,2026-05-13 18:03:14.189,59.92179863147605,27.9,61.0,100.0,7.0,16.0,22.0,45.0
cmp4dbd3e01ljjkjryj9pi203,cmmx6howt0000bi1zgfsisou2,2026-05-13 18:03:18.358,59.62854349951125,28.0,62.0,100.0,7.0,16.0,22.0,45.0
cmp4dbg8x01lljkjrmdfljwy8,cmmx6howt0000bi1zgfsisou2,2026-05-13 18:03:22.479,59.43304007820137,28.0,61.0,98.0,7.0,16.0,22.0,45.0
cmp4dbjh301lnjkjr5mz2fown,cmmx6howt0000bi1zgfsisou2,2026-05-13 18:03:26.621,59.13978494623655,27.9,60.0,100.0,7.0,16.0,22.0,45.0
cmp4dbmpu01lpjkjrt9azdksv,cmmx6howt0000bi1zgfsisou2,2026-05-13 18:03:30.838,59.04203323558161,28.0,61.0,100.0,7.0,16.0,22.0,45.0
cmp4dbpwo01lrjkjrmzqaw7i6,cmmx6howt0000bi1zgfsisou2,2026-05-13 18:03:34.970,59.33528836754643,28.0,61.0,100.0,7.0,16.0,22.0,45.0
cmp4dbt4i01ltjkjrrox8cntq,cmmx6howt0000bi1zgfsisou2,2026-05-13 18:03:39.137,59.62854349951125,28.0,61.0,100.0,7.0,16.0,22.0,45.0
cmp4dbwbd01lvjkjrkgb5otpn,cmmx6howt0000bi1zgfsisou2,2026-05-13 18:03:43.274,58.94428152492668,27.9,60.0,100.0,7.0,16.0,22.0,45.0
cmp4dbzi401lxjkjrx5kusl13,cmmx6howt0000bi1zgfsisou2,2026-05-13 18:03:47.435,59.62854349951125,28.0,61.0,100.0,7.0,16.0,22.0,45.0
cmp4dc2ok01lzjkjr96q9zkp7,cmmx6howt0000bi1zgfsisou2,2026-05-13 18:03:51.530,59.62854349951125,28.0,61.0,97.28,7.0,16.0,22.0,45.0
cmp4dc5uf01m1jkjr4py3ni8l,cmmx6howt0000bi1zgfsisou2,2026-05-13 18:03:55.627,59.53079178885631,28.0,61.0,97.97,7.0,16.0,22.0,45.0
cmp4dc91c01m3jkjrtadj6wz3,cmmx6howt0000bi1zgfsisou2,2026-05-13 18:03:59.766,59.53079178885631,28.0,61.0,100.0,7.0,16.0,22.0,45.0
cmp4dcc8h01m5jkjr7ppy56nz,cmmx6howt0000bi1zgfsisou2,2026-05-13 18:04:03.914,59.13978494623655,28.0,61.0,100.0,7.0,16.0,22.0,45.0
cmp4dcfg101m7jkjr98spq25p,cmmx6howt0000bi1zgfsisou2,2026-05-13 18:04:08.066,59.72629521016618,28.0,61.0,100.0,7.0,16.0,22.0,45.0
cmp4dcin601m9jkjrdyimb255,cmmx6howt0000bi1zgfsisou2,2026-05-13 18:04:12.215,58.84652981427174,28.0,61.0,100.0,7.0,16.0,22.0,45.0
cmp4dcluc01mbjkjr4yaf08ql,cmmx6howt0000bi1zgfsisou2,2026-05-13 18:04:16.360,58.94428152492668,28.0,61.0,100.0,7.0,16.0,22.0,45.0
cmp4dcp2601mdjkjr3l3gba3x,cmmx6howt0000bi1zgfsisou2,2026-05-13 18:04:20.529,59.13978494623655,28.0,61.0,100.0,7.0,16.0,22.0,45.0
cmp4dcs8x01mfjkjr307xq1od,cmmx6howt0000bi1zgfsisou2,2026-05-13 18:04:24.660,59.33528836754643,28.0,61.0,100.0,7.0,16.0,22.0,45.0
cmp4dcveo01mhjkjr9odtfq7k,cmmx6howt0000bi1zgfsisou2,2026-05-13 18:04:28.766,59.43304007820137,28.0,61.0,100.0,7.0,16.0,22.0,45.0
cmp4dcymf01mjjkjrof1zfqkg,cmmx6howt0000bi1zgfsisou2,2026-05-13 18:04:32.918,59.43304007820137,28.0,61.0,100.0,7.0,16.0,22.0,45.0
cmp4dd1st01mljkjr0txaahy7,cmmx6howt0000bi1zgfsisou2,2026-05-13 18:04:37.039,59.62854349951125,28.0,61.0,98.19,7.0,16.0,22.0,45.0
cmp4dd50f01mnjkjrzxl8uqs2,cmmx6howt0000bi1zgfsisou2,2026-05-13 18:04:41.218,59.43304007820137,28.0,61.0,100.0,7.0,16.0,22.0,45.0
cmp4dd88d01mpjkjringfeif1,cmmx6howt0000bi1zgfsisou2,2026-05-13 18:04:45.370,59.33528836754643,28.0,61.0,99.64,7.0,16.0,22.0,45.0
cmp4ddbf601mrjkjrk48ksrc8,cmmx6howt0000bi1zgfsisou2,2026-05-13 18:04:49.517,59.33528836754643,28.0,62.0,100.0,7.0,16.0,22.0,45.0
cmp4ddemf01mtjkjrb83lh6ro,cmmx6howt0000bi1zgfsisou2,2026-05-13 18:04:53.653,59.43304007820137,28.0,63.0,100.0,7.0,16.0,22.0,45.0
cmp4ddhtt01mvjkjrk96rix6h,cmmx6howt0000bi1zgfsisou2,2026-05-13 18:04:57.810,59.33528836754643,28.0,64.0,100.0,7.0,16.0,22.0,45.0
cmp4ddl1m01mxjkjrc784rj4s,cmmx6howt0000bi1zgfsisou2,2026-05-13 18:05:01.978,59.43304007820137,28.1,64.0,100.0,7.0,16.0,22.0,45.0
cmp4ddo8k01mzjkjras0e15f0,cmmx6howt0000bi1zgfsisou2,2026-05-13 18:05:06.128,59.43304007820137,28.0,64.0,100.0,7.0,16.0,22.0,45.0
cmp4ddrgl01n1jkjrokuk27vs,cmmx6howt0000bi1zgfsisou2,2026-05-13 18:05:10.280,59.43304007820137,28.0,63.0,98.19,7.0,16.0,22.0,45.0
cmp4dduo901n3jkjr0tynfa30,cmmx6howt0000bi1zgfsisou2,2026-05-13 18:05:14.453,59.43304007820137,28.0,63.0,98.8,7.0,16.0,22.0,45.0
cmp4ddxwi01n5jkjrivxst0q5,cmmx6howt0000bi1zgfsisou2,2026-05-13 18:05:18.656,59.43304007820137,28.0,63.0,100.0,7.0,16.0,22.0,45.0
cmp4de14x01n7jkjric43g9zs,cmmx6howt0000bi1zgfsisou2,2026-05-13 18:05:22.826,59.43304007820137,28.1,63.0,98.0,7.0,16.0,22.0,45.0
cmp4de4dh01n9jkjrfju6ux2e,cmmx6howt0000bi1zgfsisou2,2026-05-13 18:05:26.951,59.43304007820137,28.0,62.0,100.0,7.0,16.0,22.0,45.0
cmp4de7l201nbjkjrpt2cnezt,cmmx6howt0000bi1zgfsisou2,2026-05-13 18:05:31.179,59.43304007820137,28.0,62.0,100.0,7.0,16.0,22.0,45.0
cmp4deatb01ndjkjrtjnlh4gt,cmmx6howt0000bi1zgfsisou2,2026-05-13 18:05:35.375,59.43304007820137,28.0,62.0,100.0,7.0,16.0,22.0,45.0
cmp4dee0401nfjkjrfzn08zdm,cmmx6howt0000bi1zgfsisou2,2026-05-13 18:05:39.504,59.33528836754643,28.0,62.0,100.0,7.0,16.0,22.0,45.0
cmp4deh8101nhjkjr24akxg8q,cmmx6howt0000bi1zgfsisou2,2026-05-13 18:05:43.679,59.43304007820137,28.0,61.0,98.19,7.0,16.0,22.0,45.0
cmp4dekg201njjkjrvgcbma8o,cmmx6howt0000bi1zgfsisou2,2026-05-13 18:05:47.857,59.43304007820137,28.0,61.0,100.0,7.0,16.0,22.0,45.0
cmp4denoe01nljkjr30f7gs0i,cmmx6howt0000bi1zgfsisou2,2026-05-13 18:05:52.044,59.33528836754643,28.0,61.0,100.0,7.0,16.0,22.0,45.0
cmp4dequk01nnjkjr3mgr1mqd,cmmx6howt0000bi1zgfsisou2,2026-05-13 18:05:56.156,59.33528836754643,28.0,61.0,100.0,7.0,16.0,22.0,45.0
cmp4deu3101npjkjrdk67hga1,cmmx6howt0000bi1zgfsisou2,2026-05-13 18:06:00.344,59.33528836754643,28.0,61.0,100.0,7.0,16.0,22.0,45.0
cmp4dexaq01nrjkjr0kgji5zi,cmmx6howt0000bi1zgfsisou2,2026-05-13 18:06:04.514,59.23753665689149,28.0,61.0,100.0,7.0,16.0,22.0,45.0
cmp4df0iy01ntjkjrldmdsby6,cmmx6howt0000bi1zgfsisou2,2026-05-13 18:06:08.702,59.23753665689149,28.0,61.0,100.0,7.0,16.0,22.0,45.0
cmp4df3qd01nvjkjr2do3buyv,cmmx6howt0000bi1zgfsisou2,2026-05-13 18:06:12.855,59.23753665689149,28.0,61.0,98.16,7.0,16.0,22.0,45.0
cmp4df6wd01nxjkjrx4pobxop,cmmx6howt0000bi1zgfsisou2,2026-05-13 18:06:16.972,59.13978494623655,28.0,61.0,100.0,7.0,16.0,22.0,45.0
cmp4dfa5f01nzjkjrbb8871cr,cmmx6howt0000bi1zgfsisou2,2026-05-13 18:06:21.168,59.13978494623655,28.0,61.0,100.0,7.0,16.0,22.0,45.0
cmp4dfdcd01o1jkjr8ywpj84q,cmmx6howt0000bi1zgfsisou2,2026-05-13 18:06:25.327,59.13978494623655,28.0,61.0,100.0,7.0,16.0,22.0,45.0
cmp4dfgjk01o3jkjrukubtzk1,cmmx6howt0000bi1zgfsisou2,2026-05-13 18:06:29.479,59.23753665689149,28.0,61.0,100.0,7.0,16.0,22.0,45.0
cmp4dfjqx01o5jkjr74etmybz,cmmx6howt0000bi1zgfsisou2,2026-05-13 18:06:33.633,59.13978494623655,28.0,61.0,100.0,7.0,16.0,22.0,45.0
cmp4dfmy901o7jkjrw49fx3qq,cmmx6howt0000bi1zgfsisou2,2026-05-13 18:06:37.764,59.23753665689149,28.0,61.0,100.0,7.0,16.0,22.0,45.0
cmp4dfq6701o9jkjrgyhmxihl,cmmx6howt0000bi1zgfsisou2,2026-05-13 18:06:41.939,59.23753665689149,28.0,61.0,100.0,7.0,16.0,22.0,45.0
cmp4dfte101objkjr84g22mh4,cmmx6howt0000bi1zgfsisou2,2026-05-13 18:06:46.103,59.23753665689149,28.0,61.0,100.0,7.0,16.0,22.0,45.0
cmp4dfwli01odjkjrenkr36lg,cmmx6howt0000bi1zgfsisou2,2026-05-13 18:06:50.285,59.23753665689149,28.0,61.0,100.0,7.0,16.0,22.0,45.0
cmp4dfzsi01ofjkjrgs9rsg58,cmmx6howt0000bi1zgfsisou2,2026-05-13 18:06:54.424,59.13978494623655,28.1,61.0,100.0,7.0,16.0,22.0,45.0
cmp4dg2zr01ohjkjrfdueip5c,cmmx6howt0000bi1zgfsisou2,2026-05-13 18:06:58.575,59.23753665689149,28.0,61.0,100.0,7.0,16.0,22.0,45.0
cmp4dg66f01ojjkjrkamnl42p,cmmx6howt0000bi1zgfsisou2,2026-05-13 18:07:02.702,59.13978494623655,28.0,61.0,100.0,7.0,16.0,22.0,45.0
cmp4dg9dl01oljkjr6lmt4slf,cmmx6howt0000bi1zgfsisou2,2026-05-13 18:07:06.830,59.13978494623655,28.0,61.0,100.0,7.0,16.0,22.0,45.0
cmp4dgcl701onjkjrc0cg5ntm,cmmx6howt0000bi1zgfsisou2,2026-05-13 18:07:10.983,59.13978494623655,28.0,61.0,99.64,7.0,16.0,22.0,45.0
cmp4dgfse01opjkjr8b2pnhtp,cmmx6howt0000bi1zgfsisou2,2026-05-13 18:07:15.129,59.04203323558161,28.1,61.0,96.56,7.0,16.0,22.0,45.0
cmp4dgj0401orjkjr0qkskizp,cmmx6howt0000bi1zgfsisou2,2026-05-13 18:07:19.299,59.13978494623655,28.0,61.0,98.88,7.0,16.0,22.0,45.0
cmp4dgm5501otjkjrs9gz5v57,cmmx6howt0000bi1zgfsisou2,2026-05-13 18:07:23.387,59.04203323558161,28.0,61.0,100.0,7.0,16.0,22.0,45.0
cmp4dgpbr01ovjkjrumtdct05,cmmx6howt0000bi1zgfsisou2,2026-05-13 18:07:27.501,59.04203323558161,28.0,61.0,91.72,7.0,16.0,22.0,45.0
cmp4dgshg01oxjkjrj7r5hvfy,cmmx6howt0000bi1zgfsisou2,2026-05-13 18:07:31.586,59.04203323558161,28.0,61.0,96.52,7.0,16.0,22.0,45.0
cmp4dgvpc01ozjkjrlp0inzes,cmmx6howt0000bi1zgfsisou2,2026-05-13 18:07:35.763,59.04203323558161,28.0,61.0,100.0,7.0,16.0,22.0,45.0
cmp4dgywq01p1jkjr7z0wqfbk,cmmx6howt0000bi1zgfsisou2,2026-05-13 18:07:39.920,58.94428152492668,28.1,61.0,95.3,7.0,16.0,22.0,45.0
cmp4dh22m01p3jkjrd3i5034a,cmmx6howt0000bi1zgfsisou2,2026-05-13 18:07:44.039,58.94428152492668,28.0,61.0,100.0,7.0,16.0,22.0,45.0
cmp4dh59101p5jkjrlq4ce72s,cmmx6howt0000bi1zgfsisou2,2026-05-13 18:07:48.119,58.94428152492668,28.0,61.0,100.0,7.0,16.0,22.0,45.0
cmp4dh8fr01p7jkjrlgdoqbl6,cmmx6howt0000bi1zgfsisou2,2026-05-13 18:07:52.287,58.84652981427174,28.0,61.0,100.0,7.0,16.0,22.0,45.0
cmp4dhbmb01p9jkjr749dxq5w,cmmx6howt0000bi1zgfsisou2,2026-05-13 18:07:56.406,58.94428152492668,28.0,61.0,100.0,7.0,16.0,22.0,45.0
cmp4dheut01pbjkjr8vbu00nu,cmmx6howt0000bi1zgfsisou2,2026-05-13 18:08:00.584,59.04203323558161,28.0,61.0,100.0,7.0,16.0,22.0,45.0
cmp4dhi3f01pdjkjr9e9xxscc,cmmx6howt0000bi1zgfsisou2,2026-05-13 18:08:04.767,58.94428152492668,28.0,61.0,100.0,7.0,16.0,22.0,45.0
cmp4dhlau01pfjkjrixebtwm8,cmmx6howt0000bi1zgfsisou2,2026-05-13 18:08:08.935,59.04203323558161,28.0,61.0,100.0,7.0,16.0,22.0,45.0
cmp4dhoio01phjkjrk3dw5lwy,cmmx6howt0000bi1zgfsisou2,2026-05-13 18:08:13.115,58.94428152492668,28.0,61.0,100.0,7.0,16.0,22.0,45.0
cmp4dhrqx01pjjkjr6g7tmqoa,cmmx6howt0000bi1zgfsisou2,2026-05-13 18:08:17.299,58.84652981427174,28.1,61.0,100.0,7.0,16.0,22.0,45.0
cmp4dhuyp01pljkjr0i3ig7hc,cmmx6howt0000bi1zgfsisou2,2026-05-13 18:08:21.447,58.94428152492668,28.0,61.0,100.0,7.0,16.0,22.0,45.0
cmp4dhyg701pnjkjrxr7nx2br,cmmx6howt0000bi1zgfsisou2,2026-05-13 18:08:25.619,58.84652981427174,28.0,61.0,100.0,7.0,16.0,22.0,45.0
cmp4di1wi01ppjkjr98vqrq2e,cmmx6howt0000bi1zgfsisou2,2026-05-13 18:08:30.325,58.94428152492668,28.0,61.0,100.0,7.0,16.0,22.0,45.0
cmp4di54s01prjkjr7owghjvi,cmmx6howt0000bi1zgfsisou2,2026-05-13 18:08:34.639,58.94428152492668,28.0,61.0,100.0,7.0,16.0,22.0,45.0
cmp4di8cb01ptjkjrre41ehnz,cmmx6howt0000bi1zgfsisou2,2026-05-13 18:08:38.801,58.84652981427174,28.1,61.0,100.0,7.0,16.0,22.0,45.0
cmp4dibja01pvjkjrpsxpt0ts,cmmx6howt0000bi1zgfsisou2,2026-05-13 18:08:42.937,59.04203323558161,28.0,61.0,100.0,7.0,16.0,22.0,45.0
cmp4dieqq01pxjkjrn2ysat2h,cmmx6howt0000bi1zgfsisou2,2026-05-13 18:08:47.093,58.94428152492668,28.0,61.0,100.0,7.0,16.0,22.0,45.0
cmp4dii1m01pzjkjrstk4lid9,cmmx6howt0000bi1zgfsisou2,2026-05-13 18:08:51.252,58.84652981427174,28.0,61.0,100.0,7.0,16.0,22.0,45.0
cmp4dil8a01q1jkjr6lm88qrd,cmmx6howt0000bi1zgfsisou2,2026-05-13 18:08:55.513,58.94428152492668,28.1,61.0,100.0,7.0,16.0,22.0,45.0
cmp4diog101q3jkjrck911jdv,cmmx6howt0000bi1zgfsisou2,2026-05-13 18:08:59.672,59.04203323558161,28.0,61.0,100.0,7.0,16.0,22.0,45.0
cmp4dirmu01q5jkjr93239ojf,cmmx6howt0000bi1zgfsisou2,2026-05-13 18:09:03.809,59.04203323558161,28.1,61.0,100.0,7.0,16.0,22.0,45.0
cmp4diuuz01q7jkjr5br5vcay,cmmx6howt0000bi1zgfsisou2,2026-05-13 18:09:07.987,59.04203323558161,28.1,61.0,100.0,7.0,16.0,22.0,45.0
cmp4diy3301q9jkjrpuhw8jjc,cmmx6howt0000bi1zgfsisou2,2026-05-13 18:09:12.138,58.84652981427174,28.1,61.0,100.0,7.0,16.0,22.0,45.0
cmp4dj1ah01qbjkjr67qy8dtk,cmmx6howt0000bi1zgfsisou2,2026-05-13 18:09:16.321,58.55327468230693,28.1,61.0,100.0,7.0,16.0,22.0,45.0
cmp4dj4i901qdjkjr35u20ti6,cmmx6howt0000bi1zgfsisou2,2026-05-13 18:09:20.488,59.23753665689149,28.1,61.0,100.0,7.0,16.0,22.0,45.0
cmp4dj7p901qfjkjrqh4529ld,cmmx6howt0000bi1zgfsisou2,2026-05-13 18:09:24.647,59.13978494623655,28.1,61.0,99.57,7.0,16.0,22.0,45.0
cmp4djawx01qhjkjrawa91m7d,cmmx6howt0000bi1zgfsisou2,2026-05-13 18:09:28.799,59.23753665689149,28.1,61.0,84.44,7.0,16.0,22.0,45.0
cmp4dje2o01qjjkjr4ictv0jo,cmmx6howt0000bi1zgfsisou2,2026-05-13 18:09:32.902,59.04203323558161,28.1,61.0,100.0,7.0,16.0,22.0,45.0
cmp4djh9k01qljkjr21ml940d,cmmx6howt0000bi1zgfsisou2,2026-05-13 18:09:37.021,59.13978494623655,28.1,61.0,100.0,7.0,16.0,22.0,45.0
cmp4djkhe01qnjkjr7uo7lfgb,cmmx6howt0000bi1zgfsisou2,2026-05-13 18:09:41.182,59.23753665689149,28.1,61.0,100.0,7.0,16.0,22.0,45.0
cmp4djnpc01qpjkjrs73x7az2,cmmx6howt0000bi1zgfsisou2,2026-05-13 18:09:45.356,59.23753665689149,28.1,61.0,100.0,7.0,16.0,22.0,45.0
cmp4djqvz01qrjkjri6qzvvjc,cmmx6howt0000bi1zgfsisou2,2026-05-13 18:09:49.492,59.23753665689149,28.1,61.0,100.0,7.0,16.0,22.0,45.0
cmp4dju2x01qtjkjrbjimv45n,cmmx6howt0000bi1zgfsisou2,2026-05-13 18:09:53.653,59.23753665689149,28.1,61.0,100.0,7.0,16.0,22.0,45.0
cmp4djx8t01qvjkjrj98u4ngd,cmmx6howt0000bi1zgfsisou2,2026-05-13 18:09:57.752,59.23753665689149,28.1,61.0,100.0,7.0,16.0,22.0,45.0
cmp4dk0gm01qxjkjrju6zx06m,cmmx6howt0000bi1zgfsisou2,2026-05-13 18:10:01.899,59.23753665689149,28.1,61.0,100.0,7.0,16.0,22.0,45.0
cmp4dk3nv01qzjkjr6y88php6,cmmx6howt0000bi1zgfsisou2,2026-05-13 18:10:06.039,59.33528836754643,28.1,61.0,100.0,7.0,16.0,22.0,45.0
cmp4dk6un01r1jkjr9e7pwenc,cmmx6howt0000bi1zgfsisou2,2026-05-13 18:10:10.185,59.23753665689149,28.1,61.0,100.0,7.0,16.0,22.0,45.0
cmp4dka1x01r3jkjrj91rdcs5,cmmx6howt0000bi1zgfsisou2,2026-05-13 18:10:14.327,59.13978494623655,28.1,61.0,100.0,7.0,16.0,22.0,45.0
cmp4dkd8t01r5jkjr0vqcj9zg,cmmx6howt0000bi1zgfsisou2,2026-05-13 18:10:18.470,59.04203323558161,28.1,61.0,100.0,7.0,16.0,22.0,45.0
cmp4dkgg401r7jkjrhcjsf78v,cmmx6howt0000bi1zgfsisou2,2026-05-13 18:10:22.636,59.13978494623655,28.1,61.0,100.0,7.0,16.0,22.0,45.0
cmp4dkjmr01r9jkjri412bb6w,cmmx6howt0000bi1zgfsisou2,2026-05-13 18:10:26.769,59.04203323558161,28.1,61.0,100.0,7.0,16.0,22.0,45.0
cmp4dkmsw01rbjkjrzyzpastj,cmmx6howt0000bi1zgfsisou2,2026-05-13 18:10:30.872,58.45552297165199,28.1,61.0,100.0,7.0,16.0,22.0,45.0
cmp4dkpy901rdjkjre39b6iut,cmmx6howt0000bi1zgfsisou2,2026-05-13 18:10:34.958,59.04203323558161,28.1,62.0,100.0,7.0,16.0,22.0,45.0
cmp4dkt4o01rfjkjrzi4tfi3m,cmmx6howt0000bi1zgfsisou2,2026-05-13 18:10:39.059,59.23753665689149,28.1,62.0,100.0,7.0,16.0,22.0,45.0
cmp4dkwbf01rhjkjrwk4b5jgu,cmmx6howt0000bi1zgfsisou2,2026-05-13 18:10:43.181,59.33528836754643,28.1,62.0,100.0,7.0,16.0,22.0,45.0
cmp4dkzi701rjjkjr1xiam3cw,cmmx6howt0000bi1zgfsisou2,2026-05-13 18:10:47.318,59.43304007820137,28.1,61.0,98.0,7.0,16.0,22.0,45.0
cmp4dl2pf01rljkjrj4a39xic,cmmx6howt0000bi1zgfsisou2,2026-05-13 18:10:51.468,59.33528836754643,28.1,61.0,98.73,7.0,16.0,22.0,45.0
cmp4dl5ws01rnjkjrd3bmqr2k,cmmx6howt0000bi1zgfsisou2,2026-05-13 18:10:55.619,59.43304007820137,28.1,61.0,98.16,7.0,16.0,22.0,45.0
cmp4dl93i01rpjkjr0of20v48,cmmx6howt0000bi1zgfsisou2,2026-05-13 18:10:59.752,59.53079178885631,28.1,61.0,100.0,7.0,16.0,22.0,45.0
cmp4dlcal01rrjkjr5wvlbrht,cmmx6howt0000bi1zgfsisou2,2026-05-13 18:11:03.891,59.53079178885631,28.2,61.0,100.0,7.0,16.0,22.0,45.0
cmp4dlfhk01rtjkjr1981eflq,cmmx6howt0000bi1zgfsisou2,2026-05-13 18:11:08.014,59.62854349951125,28.1,62.0,98.84,7.0,16.0,22.0,45.0
cmp4dlinx01rvjkjruwfr510i,cmmx6howt0000bi1zgfsisou2,2026-05-13 18:11:12.162,59.62854349951125,28.1,62.0,100.0,7.0,16.0,22.0,45.0
cmp4dllwc01rxjkjrn31jriol,cmmx6howt0000bi1zgfsisou2,2026-05-13 18:11:16.344,59.53079178885631,28.2,62.0,100.0,7.0,16.0,22.0,45.0
cmp4dlp3x01rzjkjr6wk78oz3,cmmx6howt0000bi1zgfsisou2,2026-05-13 18:11:20.506,59.53079178885631,28.2,61.0,98.19,7.0,16.0,22.0,45.0
cmp4dlsbj01s1jkjrjus8isd3,cmmx6howt0000bi1zgfsisou2,2026-05-13 18:11:24.668,59.53079178885631,28.2,61.0,100.0,7.0,16.0,22.0,45.0
cmp4dlvht01s3jkjrd09pgrdr,cmmx6howt0000bi1zgfsisou2,2026-05-13 18:11:28.771,59.43304007820137,28.2,61.0,100.0,7.0,16.0,22.0,45.0
cmp4dlyol01s5jkjrkf1i5nqv,cmmx6howt0000bi1zgfsisou2,2026-05-13 18:11:32.901,59.43304007820137,28.2,61.0,100.0,7.0,16.0,22.0,45.0
cmp4dm1wx01s7jkjry74qjkul,cmmx6howt0000bi1zgfsisou2,2026-05-13 18:11:37.063,59.53079178885631,28.2,61.0,100.0,7.0,16.0,22.0,45.0
cmp4dm53b01s9jkjrl7mzynl5,cmmx6howt0000bi1zgfsisou2,2026-05-13 18:11:41.235,59.43304007820137,28.2,61.0,100.0,7.0,16.0,22.0,45.0
cmp4dm8a801sbjkjraknojcln,cmmx6howt0000bi1zgfsisou2,2026-05-13 18:11:45.359,59.43304007820137,28.2,61.0,99.61,7.0,16.0,22.0,45.0
cmp4dmbhb01sdjkjrhq117dmn,cmmx6howt0000bi1zgfsisou2,2026-05-13 18:11:49.499,59.53079178885631,28.2,61.0,100.0,7.0,16.0,22.0,45.0
cmp4dmeoz01sfjkjrumxbyqld,cmmx6howt0000bi1zgfsisou2,2026-05-13 18:11:53.657,59.53079178885631,28.2,61.0,100.0,7.0,16.0,22.0,45.0
cmp4dmhut01shjkjrpgy4udlq,cmmx6howt0000bi1zgfsisou2,2026-05-13 18:11:57.769,59.53079178885631,28.2,61.0,100.0,7.0,16.0,22.0,45.0
cmp4dml1e01sjjkjrqa1qx3ot,cmmx6howt0000bi1zgfsisou2,2026-05-13 18:12:01.901,59.53079178885631,28.2,61.0,100.0,7.0,16.0,22.0,45.0
cmp4dmo8001sljkjrv9hu1ghy,cmmx6howt0000bi1zgfsisou2,2026-05-13 18:12:06.035,59.53079178885631,28.2,61.0,100.0,7.0,16.0,22.0,45.0
cmp4dmrey01snjkjr60rvi33d,cmmx6howt0000bi1zgfsisou2,2026-05-13 18:12:10.138,59.53079178885631,28.2,61.0,100.0,7.0,16.0,22.0,45.0
cmp4dmum801spjkjr75x8iucb,cmmx6howt0000bi1zgfsisou2,2026-05-13 18:12:14.292,59.53079178885631,28.2,61.0,100.0,7.0,16.0,22.0,45.0
cmp4dmxta01srjkjr0ede7d6y,cmmx6howt0000bi1zgfsisou2,2026-05-13 18:12:18.433,59.62854349951125,28.2,61.0,100.0,7.0,16.0,22.0,45.0
cmp4dn11e01stjkjri5ibuglh,cmmx6howt0000bi1zgfsisou2,2026-05-13 18:12:22.606,59.53079178885631,28.2,61.0,100.0,7.0,16.0,22.0,45.0
cmp4dn48v01svjkjrjj73tg4b,cmmx6howt0000bi1zgfsisou2,2026-05-13 18:12:26.793,59.53079178885631,28.2,61.0,100.0,7.0,16.0,22.0,45.0
cmp4dn7fv01sxjkjr6h1ctdrd,cmmx6howt0000bi1zgfsisou2,2026-05-13 18:12:30.916,59.62854349951125,28.2,61.0,100.0,7.0,16.0,22.0,45.0
cmp4dnamd01szjkjrf26qz5ue,cmmx6howt0000bi1zgfsisou2,2026-05-13 18:12:35.045,59.53079178885631,28.2,61.0,100.0,7.0,16.0,22.0,45.0
cmp4dndsu01t1jkjry0zhz6v6,cmmx6howt0000bi1zgfsisou2,2026-05-13 18:12:39.183,59.62854349951125,28.2,61.0,100.0,7.0,16.0,22.0,45.0
cmp4dnh0c01t3jkjrev6cp9fr,cmmx6howt0000bi1zgfsisou2,2026-05-13 18:12:43.308,59.62854349951125,28.2,61.0,100.0,7.0,16.0,22.0,45.0
cmp4dnk7n01t5jkjrgvj5arc6,cmmx6howt0000bi1zgfsisou2,2026-05-13 18:12:47.463,59.62854349951125,28.2,61.0,100.0,7.0,16.0,22.0,45.0
cmp4dnnfw01t7jkjrbbx8fa90,cmmx6howt0000bi1zgfsisou2,2026-05-13 18:12:51.647,59.62854349951125,28.2,61.0,100.0,7.0,0.0,0.0,0.0
cmp4dnqn801t9jkjr0lkzhhoe,cmmx6howt0000bi1zgfsisou2,2026-05-13 18:12:55.806,59.53079178885631,28.2,61.0,100.0,7.0,0.0,0.0,0.0
cmp4dntuj01tbjkjrdp71p0mo,cmmx6howt0000bi1zgfsisou2,2026-05-13 18:12:59.943,59.53079178885631,28.2,61.0,100.0,7.0,0.0,0.0,0.0
cmp4dnx1x01tdjkjry574l5ep,cmmx6howt0000bi1zgfsisou2,2026-05-13 18:13:04.126,59.62854349951125,28.2,61.0,100.0,7.0,0.0,0.0,0.0
cmp4do08m01tfjkjrtyjat7cz,cmmx6howt0000bi1zgfsisou2,2026-05-13 18:13:08.251,59.62854349951125,28.2,61.0,100.0,7.0,0.0,0.0,0.0
cmp4do3et01thjkjrcpst8f8m,cmmx6howt0000bi1zgfsisou2,2026-05-13 18:13:12.341,59.62854349951125,28.2,61.0,100.0,7.0,16.0,22.0,45.0
cmp4do6kq01tjjkjr5hhnuo8n,cmmx6howt0000bi1zgfsisou2,2026-05-13 18:13:16.473,59.62854349951125,28.2,61.0,100.0,7.0,0.0,0.0,0.0
cmp4do9rf01tljkjrqqyzh5hx,cmmx6howt0000bi1zgfsisou2,2026-05-13 18:13:20.595,59.62854349951125,28.2,61.0,100.0,7.0,0.0,0.0,0.0
cmp4docz501tnjkjreqxmc3gr,cmmx6howt0000bi1zgfsisou2,2026-05-13 18:13:24.718,59.62854349951125,28.2,61.0,100.0,7.0,0.0,0.0,0.0
cmp4dog7t01tpjkjr7jykvws2,cmmx6howt0000bi1zgfsisou2,2026-05-13 18:13:28.924,59.62854349951125,28.2,61.0,100.0,7.0,0.0,0.0,0.0
cmp4dojed01trjkjryr2ay3hm,cmmx6howt0000bi1zgfsisou2,2026-05-13 18:13:33.080,59.53079178885631,28.2,61.0,100.0,7.0,0.0,0.0,0.0
cmp4domnd01ttjkjrrz6pq5hs,cmmx6howt0000bi1zgfsisou2,2026-05-13 18:13:37.231,58.35777126099706,28.0,61.0,100.0,7.0,16.0,22.0,45.0
cmp4dopu001tvjkjr3ya3329z,cmmx6howt0000bi1zgfsisou2,2026-05-13 18:13:41.402,59.72629521016618,28.0,61.0,58.6,7.0,29.0,2.0,11.0
cmp4dot0e01txjkjrsnlapmcw,cmmx6howt0000bi1zgfsisou2,2026-05-13 18:13:45.535,59.92179863147605,28.0,61.0,100.0,7.0,12.0,16.0,35.0
cmp4dow8a01tzjkjr509e520o,cmmx6howt0000bi1zgfsisou2,2026-05-13 18:13:49.717,59.92179863147605,28.0,61.0,100.0,7.0,14.0,19.0,39.0
cmp4dozfq01u1jkjr66qsttjc,cmmx6howt0000bi1zgfsisou2,2026-05-13 18:13:53.851,59.72629521016618,28.0,61.0,98.42,7.0,15.0,21.0,44.0
cmp4dp2n801u3jkjrwcthpdhk,cmmx6howt0000bi1zgfsisou2,2026-05-13 18:13:58.017,59.82404692082112,28.0,61.0,96.75,7.0,16.0,22.0,45.0
cmp4dp5td01u5jkjrnjpb1k04,cmmx6howt0000bi1zgfsisou2,2026-05-13 18:14:02.132,59.92179863147605,28.0,61.0,96.67,7.0,16.0,22.0,45.0
cmp4dp90901u7jkjrissno3rt,cmmx6howt0000bi1zgfsisou2,2026-05-13 18:14:06.265,60.11730205278592,28.0,61.0,96.71,7.0,16.0,22.0,45.0
cmp4dpc8n01u9jkjrajqd2pue,cmmx6howt0000bi1zgfsisou2,2026-05-13 18:14:10.439,60.3128054740958,28.0,61.0,96.82,7.0,16.0,22.0,45.0
cmp4dpffp01ubjkjrmx3i4cy1,cmmx6howt0000bi1zgfsisou2,2026-05-13 18:14:14.610,60.50830889540567,27.9,60.0,96.63,7.0,16.0,22.0,45.0
cmp4dpimd01udjkjrl8ncuwn3,cmmx6howt0000bi1zgfsisou2,2026-05-13 18:14:18.736,60.60606060606061,28.0,61.0,96.78,7.0,16.0,22.0,45.0
cmp4dplte01ufjkjrh7lvpbmz,cmmx6howt0000bi1zgfsisou2,2026-05-13 18:14:22.844,60.60606060606061,27.9,60.0,96.78,7.0,16.0,22.0,45.0
cmp4dpp1j01uhjkjrlyrdj4ll,cmmx6howt0000bi1zgfsisou2,2026-05-13 18:14:27.022,60.70381231671554,28.0,61.0,96.98,7.0,16.0,22.0,45.0
cmp4dps9m01ujjkjrlaiz4sj0,cmmx6howt0000bi1zgfsisou2,2026-05-13 18:14:31.208,60.80156402737048,28.0,62.0,98.69,7.0,16.0,22.0,45.0
cmp4dpvgr01uljkjrqpor56et,cmmx6howt0000bi1zgfsisou2,2026-05-13 18:14:35.366,60.80156402737048,28.0,62.0,98.69,7.0,16.0,22.0,45.0
cmp4dpynv01unjkjrmf46szqm,cmmx6howt0000bi1zgfsisou2,2026-05-13 18:14:39.523,60.89931573802541,28.0,62.0,100.0,7.0,16.0,22.0,45.0
cmp4dq1wa01upjkjregjtzdq7,cmmx6howt0000bi1zgfsisou2,2026-05-13 18:14:43.697,61.09481915933529,28.0,62.0,100.0,7.0,16.0,22.0,45.0
cmp4dq53301urjkjrkowg2251,cmmx6howt0000bi1zgfsisou2,2026-05-13 18:14:47.832,60.99706744868035,28.0,62.0,100.0,7.0,16.0,22.0,45.0
cmp4dq8a801utjkjrhngkf3by,cmmx6howt0000bi1zgfsisou2,2026-05-13 18:14:51.985,60.99706744868035,27.9,61.0,100.0,7.0,16.0,22.0,45.0
cmp4dqbgi01uvjkjr24ngdjxw,cmmx6howt0000bi1zgfsisou2,2026-05-13 18:14:56.107,60.89931573802541,27.9,61.0,100.0,7.0,16.0,22.0,45.0
cmp4dqeoa01uxjkjrfunpq77t,cmmx6howt0000bi1zgfsisou2,2026-05-13 18:15:00.251,60.80156402737048,27.9,61.0,100.0,7.0,16.0,22.0,45.0
cmp4dqhvh01uzjkjr1tzirjqd,cmmx6howt0000bi1zgfsisou2,2026-05-13 18:15:04.402,60.89931573802541,28.0,62.0,100.0,7.0,16.0,22.0,45.0
cmp4dql2s01v1jkjr3cz99bw9,cmmx6howt0000bi1zgfsisou2,2026-05-13 18:15:08.555,60.80156402737048,28.0,61.0,100.0,7.0,16.0,22.0,45.0
cmp4dqo9n01v3jkjrmg4xbs4w,cmmx6howt0000bi1zgfsisou2,2026-05-13 18:15:12.690,60.80156402737048,28.0,61.0,100.0,7.0,16.0,22.0,45.0
cmp4dqri401v5jkjrwi6evu6n,cmmx6howt0000bi1zgfsisou2,2026-05-13 18:15:16.885,60.80156402737048,27.9,60.0,100.0,7.0,16.0,22.0,45.0
cmp4dqupw01v7jkjrbcm1368c,cmmx6howt0000bi1zgfsisou2,2026-05-13 18:15:21.055,60.80156402737048,28.0,61.0,100.0,7.0,16.0,22.0,45.0
cmp4dqxxb01v9jkjr1gk5nw03,cmmx6howt0000bi1zgfsisou2,2026-05-13 18:15:25.202,60.70381231671554,28.0,61.0,100.0,7.0,16.0,22.0,45.0
cmp4dr12p01vbjkjrnzh7422t,cmmx6howt0000bi1zgfsisou2,2026-05-13 18:15:29.306,60.80156402737048,28.0,61.0,100.0,7.0,16.0,22.0,45.0
cmp4dr48g01vdjkjrwebr05mz,cmmx6howt0000bi1zgfsisou2,2026-05-13 18:15:33.398,60.80156402737048,28.0,61.0,100.0,7.0,16.0,22.0,45.0
cmp4dr7fx01vfjkjr4y2uqyr7,cmmx6howt0000bi1zgfsisou2,2026-05-13 18:15:37.545,60.89931573802541,28.0,61.0,100.0,7.0,16.0,22.0,45.0
cmp4dramq01vhjkjryqrjrpj6,cmmx6howt0000bi1zgfsisou2,2026-05-13 18:15:41.686,60.99706744868035,27.9,60.0,100.0,7.0,16.0,22.0,45.0
cmp4drdtd01vjjkjr4lkh65ip,cmmx6howt0000bi1zgfsisou2,2026-05-13 18:15:45.814,60.89931573802541,27.8,60.0,100.0,7.0,16.0,22.0,45.0
cmp4drh0401vljkjrlmezpbd4,cmmx6howt0000bi1zgfsisou2,2026-05-13 18:15:49.927,60.99706744868035,27.9,60.0,100.0,7.0,16.0,22.0,45.0
cmp4drk5p01vnjkjrcfnvtv9n,cmmx6howt0000bi1zgfsisou2,2026-05-13 18:15:54.040,60.89931573802541,27.9,60.0,100.0,7.0,16.0,22.0,45.0
cmp4drnce01vpjkjrxidfewz9,cmmx6howt0000bi1zgfsisou2,2026-05-13 18:15:58.144,60.89931573802541,27.8,60.0,100.0,7.0,16.0,22.0,45.0
cmp4drqim01vrjkjr1whv7p4e,cmmx6howt0000bi1zgfsisou2,2026-05-13 18:16:02.257,60.89931573802541,27.8,60.0,100.0,7.0,16.0,22.0,45.0
cmp4drtpe01vtjkjr5czcsr50,cmmx6howt0000bi1zgfsisou2,2026-05-13 18:16:06.387,60.89931573802541,27.9,60.0,100.0,7.0,16.0,22.0,45.0
cmp4drww301vvjkjrxyfpdq6v,cmmx6howt0000bi1zgfsisou2,2026-05-13 18:16:10.545,60.89931573802541,27.8,60.0,100.0,7.0,16.0,22.0,45.0
cmp4ds04001vxjkjrg96ptl33,cmmx6howt0000bi1zgfsisou2,2026-05-13 18:16:14.685,60.89931573802541,27.9,60.0,100.0,7.0,16.0,22.0,45.0
cmp4ds3b801vzjkjr29k7ot3i,cmmx6howt0000bi1zgfsisou2,2026-05-13 18:16:18.833,60.99706744868035,27.9,60.0,100.0,7.0,16.0,22.0,45.0
cmp4ds6ji01w1jkjrrbk04mfc,cmmx6howt0000bi1zgfsisou2,2026-05-13 18:16:23.025,60.89931573802541,27.9,60.0,100.0,7.0,16.0,22.0,45.0
cmp4ds9qd01w3jkjrsvd2ugvk,cmmx6howt0000bi1zgfsisou2,2026-05-13 18:16:27.167,60.89931573802541,27.9,60.0,100.0,7.0,16.0,22.0,45.0
cmp4dsd0201w5jkjrmehqgsif,cmmx6howt0000bi1zgfsisou2,2026-05-13 18:16:31.306,60.89931573802541,27.9,60.0,100.0,7.0,16.0,22.0,45.0
cmp4dsg9201w7jkjr8p47egka,cmmx6howt0000bi1zgfsisou2,2026-05-13 18:16:35.597,60.99706744868035,27.8,60.0,100.0,7.0,16.0,22.0,45.0
cmp4dsjgi01w9jkjrj82wzj1u,cmmx6howt0000bi1zgfsisou2,2026-05-13 18:16:39.760,60.99706744868035,27.9,60.0,99.61,7.0,16.0,22.0,44.0
cmp4dsmo501wbjkjrzxsn1vd4,cmmx6howt0000bi1zgfsisou2,2026-05-13 18:16:43.933,60.99706744868035,27.9,60.0,100.0,7.0,16.0,22.0,44.0
cmp4dspwc01wdjkjr1h2mfxzz,cmmx6howt0000bi1zgfsisou2,2026-05-13 18:16:48.097,61.09481915933529,27.9,60.0,100.0,7.0,16.0,22.0,44.0
cmp4dst5101wfjkjr385hn4f0,cmmx6howt0000bi1zgfsisou2,2026-05-13 18:16:52.290,60.99706744868035,27.9,60.0,100.0,7.0,16.0,22.0,45.0
cmp4dswdu01whjkjr1wni6o6i,cmmx6howt0000bi1zgfsisou2,2026-05-13 18:16:56.510,60.99706744868035,27.9,60.0,100.0,7.0,16.0,22.0,45.0
cmp4dszl401wjjkjrrwe6j4g9,cmmx6howt0000bi1zgfsisou2,2026-05-13 18:17:00.676,60.99706744868035,27.9,60.0,100.0,7.0,16.0,22.0,45.0
cmp4dt2tu01wljkjrwke6844w,cmmx6howt0000bi1zgfsisou2,2026-05-13 18:17:04.840,60.99706744868035,27.9,60.0,100.0,7.0,16.0,22.0,45.0
cmp4dt61t01wnjkjr5wskkgtj,cmmx6howt0000bi1zgfsisou2,2026-05-13 18:17:09.029,61.09481915933529,27.9,61.0,100.0,7.0,16.0,22.0,45.0
cmp4dt9ab01wpjkjrjovm6atf,cmmx6howt0000bi1zgfsisou2,2026-05-13 18:17:13.226,60.99706744868035,27.8,61.0,100.0,7.0,16.0,22.0,45.0
cmp4dtchb01wrjkjrlrsghik4,cmmx6howt0000bi1zgfsisou2,2026-05-13 18:17:17.401,61.09481915933529,27.8,61.0,100.0,7.0,16.0,22.0,45.0
cmp4dtfp101wtjkjrchbgycog,cmmx6howt0000bi1zgfsisou2,2026-05-13 18:17:21.555,61.09481915933529,27.9,61.0,100.0,7.0,16.0,22.0,45.0
cmp4dtixf01wvjkjrgdeptc5e,cmmx6howt0000bi1zgfsisou2,2026-05-13 18:17:25.717,61.09481915933529,27.9,61.0,100.0,7.0,16.0,22.0,45.0
cmp4dtm5701wxjkjr9hiikbqx,cmmx6howt0000bi1zgfsisou2,2026-05-13 18:17:29.894,61.09481915933529,27.8,61.0,100.0,7.0,16.0,22.0,45.0
cmp4dtpd101wzjkjrhfzoqpf0,cmmx6howt0000bi1zgfsisou2,2026-05-13 18:17:34.074,61.09481915933529,27.8,61.0,100.0,7.0,16.0,22.0,45.0
cmp4dtslf01x1jkjruoof45ua,cmmx6howt0000bi1zgfsisou2,2026-05-13 18:17:38.254,61.09481915933529,27.9,61.0,100.0,7.0,16.0,22.0,45.0
cmp4dtvtc01x3jkjrm7c0j6wd,cmmx6howt0000bi1zgfsisou2,2026-05-13 18:17:42.458,60.99706744868035,27.8,61.0,100.0,7.0,16.0,22.0,45.0
cmp4dtyzi01x5jkjr7du2xn40,cmmx6howt0000bi1zgfsisou2,2026-05-13 18:17:46.550,61.09481915933529,27.8,61.0,100.0,7.0,16.0,22.0,45.0
cmp4du25t01x7jkjr5i2n2gmc,cmmx6howt0000bi1zgfsisou2,2026-05-13 18:17:50.679,61.09481915933529,27.8,61.0,100.0,7.0,16.0,22.0,45.0
cmp4du5cu01x9jkjric4hcsvi,cmmx6howt0000bi1zgfsisou2,2026-05-13 18:17:54.805,60.99706744868035,27.8,61.0,100.0,7.0,16.0,22.0,45.0
cmp4du8l101xbjkjr36nj1hdq,cmmx6howt0000bi1zgfsisou2,2026-05-13 18:17:58.959,60.99706744868035,27.8,62.0,100.0,7.0,16.0,22.0,45.0
cmp4dubri01xdjkjrqzyumr2e,cmmx6howt0000bi1zgfsisou2,2026-05-13 18:18:03.105,61.09481915933529,27.8,62.0,100.0,7.0,16.0,22.0,45.0
cmp4duexa01xfjkjr9vxneedv,cmmx6howt0000bi1zgfsisou2,2026-05-13 18:18:07.224,60.99706744868035,27.8,61.0,100.0,7.0,16.0,22.0,45.0
cmp4dui3p01xhjkjrym1cmu3s,cmmx6howt0000bi1zgfsisou2,2026-05-13 18:18:11.322,61.09481915933529,27.8,61.0,100.0,7.0,16.0,22.0,45.0
cmp4dulaj01xjjkjrt759pyo2,cmmx6howt0000bi1zgfsisou2,2026-05-13 18:18:15.461,62.26783968719452,27.8,61.0,98.69,7.0,16.0,22.0,45.0
cmp4duohq01xljkjrj9dy1qjr,cmmx6howt0000bi1zgfsisou2,2026-05-13 18:18:19.601,62.07233626588465,27.8,61.0,93.13,7.0,16.0,22.0,45.0
cmp4durog01xnjkjrk5pzfq4u,cmmx6howt0000bi1zgfsisou2,2026-05-13 18:18:23.732,62.07233626588465,27.8,61.0,98.88,7.0,16.0,22.0,45.0
cmp4duuvo01xpjkjrha2o7isf,cmmx6howt0000bi1zgfsisou2,2026-05-13 18:18:27.884,62.26783968719452,27.8,61.0,98.96,7.0,16.0,22.0,45.0
cmp4duy2m01xrjkjrf1oznbfk,cmmx6howt0000bi1zgfsisou2,2026-05-13 18:18:32.031,62.36559139784946,27.8,60.0,98.92,7.0,16.0,22.0,45.0
cmp4dv19l01xtjkjrxdmrgjxo,cmmx6howt0000bi1zgfsisou2,2026-05-13 18:18:36.156,62.07233626588465,27.8,60.0,98.92,7.0,16.0,22.0,45.0
cmp4dv4gj01xvjkjr2hwdxysi,cmmx6howt0000bi1zgfsisou2,2026-05-13 18:18:40.283,61.87683284457478,27.8,60.0,100.0,7.0,16.0,22.0,45.0
cmp4dv7na01xxjkjrpj6gemyd,cmmx6howt0000bi1zgfsisou2,2026-05-13 18:18:44.422,61.77908113391985,27.8,60.0,96.06,7.0,16.0,22.0,45.0
cmp4dvaus01xzjkjr0uahph9m,cmmx6howt0000bi1zgfsisou2,2026-05-13 18:18:48.609,61.97458455522972,27.8,60.0,93.13,7.0,16.0,22.0,45.0
cmp4dve2001y1jkjrxy43dlvc,cmmx6howt0000bi1zgfsisou2,2026-05-13 18:18:52.730,61.87683284457478,27.8,60.0,93.13,7.0,16.0,22.0,45.0
cmp4dvha201y3jkjrqhhb6akc,cmmx6howt0000bi1zgfsisou2,2026-05-13 18:18:56.908,61.97458455522972,27.8,60.0,93.09,7.0,16.0,22.0,45.0
cmp4dvkhc01y5jkjrwikh2z8l,cmmx6howt0000bi1zgfsisou2,2026-05-13 18:19:01.054,61.97458455522972,27.8,60.0,93.05,7.0,16.0,22.0,45.0
cmp4dvnoa01y7jkjrp4mas9ep,cmmx6howt0000bi1zgfsisou2,2026-05-13 18:19:05.212,61.97458455522972,27.8,60.0,93.13,7.0,16.0,22.0,45.0
cmp4dvqw001y9jkjrdci7i67n,cmmx6howt0000bi1zgfsisou2,2026-05-13 18:19:09.364,61.97458455522972,27.8,60.0,93.13,7.0,16.0,22.0,45.0
cmp4dvu2j01ybjkjrguttw9ub,cmmx6howt0000bi1zgfsisou2,2026-05-13 18:19:13.483,61.97458455522972,27.8,60.0,93.16,7.0,16.0,22.0,45.0
cmp4dvx9f01ydjkjrgr09u1ty,cmmx6howt0000bi1zgfsisou2,2026-05-13 18:19:17.642,62.17008797653959,27.8,60.0,93.09,7.0,16.0,22.0,45.0
cmp4dw0gs01yfjkjrb5nok1z1,cmmx6howt0000bi1zgfsisou2,2026-05-13 18:19:21.793,62.07233626588465,27.8,60.0,96.02,7.0,16.0,22.0,45.0
cmp4dw3ng01yhjkjrr1aaz5wk,cmmx6howt0000bi1zgfsisou2,2026-05-13 18:19:25.908,62.07233626588465,27.8,60.0,92.86,7.0,16.0,22.0,45.0
cmp4dw6uc01yjjkjra99lttu6,cmmx6howt0000bi1zgfsisou2,2026-05-13 18:19:30.048,62.36559139784946,27.8,60.0,100.0,7.0,16.0,22.0,45.0
cmp4dwa1201yljkjrsbnum9df,cmmx6howt0000bi1zgfsisou2,2026-05-13 18:19:34.195,62.36559139784946,27.8,60.0,100.0,7.0,16.0,22.0,45.0
cmp4dwd7j01ynjkjrouncdkig,cmmx6howt0000bi1zgfsisou2,2026-05-13 18:19:38.314,62.4633431085044,27.8,61.0,100.0,7.0,16.0,22.0,45.0
cmp4dwge701ypjkjr66476n1r,cmmx6howt0000bi1zgfsisou2,2026-05-13 18:19:42.423,62.36559139784946,27.8,61.0,95.95,7.0,16.0,22.0,45.0
cmp4dwjld01yrjkjrv7a6rztf,cmmx6howt0000bi1zgfsisou2,2026-05-13 18:19:46.586,62.36559139784946,27.8,61.0,97.24,7.0,16.0,22.0,45.0
cmp4dwmry01ytjkjrprtbc05s,cmmx6howt0000bi1zgfsisou2,2026-05-13 18:19:50.709,62.36559139784946,27.8,61.0,100.0,7.0,16.0,22.0,45.0
cmp4dwpyc01yvjkjrve26rp6b,cmmx6howt0000bi1zgfsisou2,2026-05-13 18:19:54.818,62.36559139784946,27.8,61.0,100.0,7.0,16.0,22.0,45.0
cmp4dwt4f01yxjkjrgby3rv11,cmmx6howt0000bi1zgfsisou2,2026-05-13 18:19:58.926,61.77908113391985,27.8,61.0,100.0,7.0,16.0,22.0,45.0
cmp4dwwad01yzjkjrzbb6r26a,cmmx6howt0000bi1zgfsisou2,2026-05-13 18:20:03.032,61.68132942326491,27.8,62.0,100.0,7.0,16.0,22.0,45.0
cmp4dwzfj01z1jkjrrvr0l87i,cmmx6howt0000bi1zgfsisou2,2026-05-13 18:20:07.109,61.97458455522972,27.8,63.0,100.0,7.0,16.0,22.0,45.0
cmp4dx2m001z3jkjru2kc8wau,cmmx6howt0000bi1zgfsisou2,2026-05-13 18:20:11.210,61.97458455522972,27.8,63.0,100.0,7.0,16.0,22.0,45.0
cmp4dx5si01z5jkjrjgx317cq,cmmx6howt0000bi1zgfsisou2,2026-05-13 18:20:15.362,61.87683284457478,27.8,63.0,100.0,7.0,16.0,22.0,45.0
cmp4dx8zu01z7jkjrxq556ejz,cmmx6howt0000bi1zgfsisou2,2026-05-13 18:20:19.489,61.97458455522972,27.8,63.0,100.0,7.0,16.0,22.0,45.0
cmp4dxc6k01z9jkjr5v7oxk5t,cmmx6howt0000bi1zgfsisou2,2026-05-13 18:20:23.630,61.97458455522972,27.8,62.0,100.0,7.0,16.0,22.0,45.0
cmp4dxfeg01zbjkjrllllp6i0,cmmx6howt0000bi1zgfsisou2,2026-05-13 18:20:27.796,61.97458455522972,27.8,62.0,100.0,7.0,16.0,22.0,45.0
cmp4dxilo01zdjkjrvh3rjesc,cmmx6howt0000bi1zgfsisou2,2026-05-13 18:20:31.947,61.87683284457478,27.8,61.0,100.0,7.0,16.0,22.0,45.0
cmp4dxlt401zfjkjrwfl2qftv,cmmx6howt0000bi1zgfsisou2,2026-05-13 18:20:36.100,61.97458455522972,27.8,61.0,100.0,7.0,16.0,22.0,45.0
cmp4dxoyq01zhjkjr2p9nwj2d,cmmx6howt0000bi1zgfsisou2,2026-05-13 18:20:40.201,61.77908113391985,27.8,61.0,100.0,7.0,16.0,22.0,45.0
cmp4dxs5t01zjjkjri7xadtya,cmmx6howt0000bi1zgfsisou2,2026-05-13 18:20:44.324,62.4633431085044,27.8,61.0,100.0,7.0,16.0,22.0,45.0
cmp4dxvc101zljkjrz66qp7sm,cmmx6howt0000bi1zgfsisou2,2026-05-13 18:20:48.439,62.56109481915934,27.8,61.0,100.0,7.0,16.0,22.0,45.0
cmp4dxyjc01znjkjr8vvbvkxi,cmmx6howt0000bi1zgfsisou2,2026-05-13 18:20:52.604,62.75659824046921,27.8,61.0,100.0,7.0,16.0,22.0,44.0
cmp4dy1qb01zpjkjr488qlb3h,cmmx6howt0000bi1zgfsisou2,2026-05-13 18:20:56.750,62.85434995112414,27.8,60.0,100.0,7.0,16.0,22.0,45.0
cmp4dy4wq01zrjkjr5m3blb3d,cmmx6howt0000bi1zgfsisou2,2026-05-13 18:21:00.849,62.85434995112414,27.8,60.0,100.0,7.0,16.0,22.0,45.0
cmp4dy83c01ztjkjr3q18mtr6,cmmx6howt0000bi1zgfsisou2,2026-05-13 18:21:04.999,62.85434995112414,27.8,60.0,100.0,7.0,16.0,22.0,45.0
cmp4dybah01zvjkjri6k5k6nn,cmmx6howt0000bi1zgfsisou2,2026-05-13 18:21:09.114,62.85434995112414,27.8,60.0,100.0,7.0,16.0,22.0,45.0
cmp4dyei001zxjkjrcbuye646,cmmx6howt0000bi1zgfsisou2,2026-05-13 18:21:13.280,62.85434995112414,27.8,60.0,100.0,7.0,16.0,22.0,44.0
cmp4dyhpa01zzjkjrkt3daf9y,cmmx6howt0000bi1zgfsisou2,2026-05-13 18:21:17.437,62.4633431085044,27.8,60.0,100.0,7.0,16.0,22.0,44.0
cmp4dykv10201jkjr023qawl6,cmmx6howt0000bi1zgfsisou2,2026-05-13 18:21:21.548,62.75659824046921,27.8,60.0,100.0,7.0,16.0,22.0,45.0
cmp4dyo1e0203jkjrxm24s3zo,cmmx6howt0000bi1zgfsisou2,2026-05-13 18:21:25.657,62.75659824046921,27.8,60.0,100.0,7.0,16.0,22.0,45.0
cmp4dyr7m0205jkjr39i9iagb,cmmx6howt0000bi1zgfsisou2,2026-05-13 18:21:29.767,62.75659824046921,27.8,60.0,100.0,7.0,16.0,22.0,45.0
cmp4dyud90207jkjrx9bel7u8,cmmx6howt0000bi1zgfsisou2,2026-05-13 18:21:33.861,62.4633431085044,27.8,60.0,100.0,7.0,16.0,22.0,45.0
cmp4dyxj60209jkjrl286fas2,cmmx6howt0000bi1zgfsisou2,2026-05-13 18:21:37.961,62.4633431085044,27.8,60.0,100.0,7.0,16.0,22.0,45.0
cmp4dz0wd020bjkjrupgpph95,cmmx6howt0000bi1zgfsisou2,2026-05-13 18:21:42.100,62.4633431085044,27.8,60.0,100.0,7.0,16.0,22.0,45.0
cmp4dz42b020djkjrrxdke8x1,cmmx6howt0000bi1zgfsisou2,2026-05-13 18:21:46.421,62.07233626588465,27.8,60.0,100.0,7.0,16.0,22.0,45.0
cmp4dz78f020fjkjrh4b1ncv7,cmmx6howt0000bi1zgfsisou2,2026-05-13 18:21:50.527,61.87683284457478,27.8,60.0,100.0,7.0,16.0,22.0,45.0
cmp4dzadt020hjkjrq0z97z1s,cmmx6howt0000bi1zgfsisou2,2026-05-13 18:21:54.621,61.87683284457478,27.8,60.0,100.0,7.0,16.0,22.0,45.0
cmp4dzdjg020jjkjrqwk74779,cmmx6howt0000bi1zgfsisou2,2026-05-13 18:21:58.718,61.97458455522972,27.8,60.0,100.0,7.0,16.0,22.0,45.0
cmp4dzgqe020ljkjr5ujfdfjm,cmmx6howt0000bi1zgfsisou2,2026-05-13 18:22:02.833,61.77908113391985,27.8,60.0,100.0,7.0,16.0,22.0,45.0
cmp4dzjwz020njkjrqcfvzp1l,cmmx6howt0000bi1zgfsisou2,2026-05-13 18:22:06.968,61.48582600195503,27.8,60.0,100.0,7.0,16.0,22.0,45.0
cmp4dzn44020pjkjrg87hne1f,cmmx6howt0000bi1zgfsisou2,2026-05-13 18:22:11.106,61.3880742913001,27.8,59.0,100.0,7.0,16.0,22.0,45.0
cmp4dzqax020rjkjrhn73d07t,cmmx6howt0000bi1zgfsisou2,2026-05-13 18:22:15.229,61.48582600195503,27.8,59.0,100.0,7.0,16.0,22.0,44.0
cmp4dztj3020tjkjrqyf98e7k,cmmx6howt0000bi1zgfsisou2,2026-05-13 18:22:19.404,61.3880742913001,27.8,60.0,100.0,7.0,16.0,22.0,45.0
cmp4dzwq2020vjkjr6kj2j5gn,cmmx6howt0000bi1zgfsisou2,2026-05-13 18:22:23.559,61.3880742913001,27.8,60.0,100.0,7.0,16.0,22.0,45.0
cmp4dzzzl020xjkjrlyuntn4m,cmmx6howt0000bi1zgfsisou2,2026-05-13 18:22:27.742,61.58357771260997,27.8,60.0,100.0,7.0,16.0,22.0,45.0
cmp4e0378020zjkjr35gt9zn2,cmmx6howt0000bi1zgfsisou2,2026-05-13 18:22:31.947,61.58357771260997,27.8,60.0,100.0,7.0,16.0,22.0,45.0
cmp4e06ek0211jkjrmcwevosd,cmmx6howt0000bi1zgfsisou2,2026-05-13 18:22:36.103,61.68132942326491,27.8,60.0,100.0,7.0,16.0,22.0,44.0
cmp4e09m20213jkjrl5duzfcw,cmmx6howt0000bi1zgfsisou2,2026-05-13 18:22:40.260,61.58357771260997,27.8,60.0,100.0,7.0,16.0,22.0,44.0
cmp4e0css0215jkjr8xi981ac,cmmx6howt0000bi1zgfsisou2,2026-05-13 18:22:44.399,61.3880742913001,27.8,60.0,100.0,7.0,16.0,22.0,45.0
cmp4e0fzi0217jkjrpezjdovo,cmmx6howt0000bi1zgfsisou2,2026-05-13 18:22:48.522,61.48582600195503,27.8,60.0,100.0,7.0,16.0,22.0,45.0
cmp4e0j5x0219jkjr293606lb,cmmx6howt0000bi1zgfsisou2,2026-05-13 18:22:52.647,61.48582600195503,27.8,60.0,100.0,7.0,16.0,22.0,45.0
cmp4e0mdg021bjkjrhwd6p8g8,cmmx6howt0000bi1zgfsisou2,2026-05-13 18:22:56.795,61.3880742913001,27.8,60.0,100.0,7.0,16.0,22.0,45.0
cmp4e0pkp021djkjr8ql7owhp,cmmx6howt0000bi1zgfsisou2,2026-05-13 18:23:00.935,61.48582600195503,27.8,60.0,100.0,7.0,16.0,22.0,45.0
cmp4e0sta021fjkjra6hdcyqh,cmmx6howt0000bi1zgfsisou2,2026-05-13 18:23:05.127,61.48582600195503,27.8,60.0,100.0,7.0,16.0,22.0,45.0
cmp4e0w03021hjkjrz1olub36,cmmx6howt0000bi1zgfsisou2,2026-05-13 18:23:09.290,61.58357771260997,27.8,60.0,100.0,7.0,16.0,22.0,45.0
cmp4e0z6h021jjkjr3zmkb2c5,cmmx6howt0000bi1zgfsisou2,2026-05-13 18:23:13.413,61.77908113391985,27.8,60.0,100.0,7.0,16.0,22.0,45.0
cmp4e12cj021ljkjrokrbmnf0,cmmx6howt0000bi1zgfsisou2,2026-05-13 18:23:17.525,61.77908113391985,27.8,60.0,100.0,7.0,16.0,22.0,45.0
cmp4e15jq021njkjrf64jyyf7,cmmx6howt0000bi1zgfsisou2,2026-05-13 18:23:21.623,61.77908113391985,27.8,60.0,100.0,7.0,16.0,22.0,45.0
cmp4e18r1021pjkjrc1b2h2nk,cmmx6howt0000bi1zgfsisou2,2026-05-13 18:23:25.787,61.87683284457478,27.8,59.0,100.0,7.0,16.0,22.0,45.0
cmp4e1byd021rjkjrr7n1y8yb,cmmx6howt0000bi1zgfsisou2,2026-05-13 18:23:29.942,61.87683284457478,27.8,59.0,100.0,7.0,16.0,22.0,45.0
cmp4e1f5u021tjkjr6tuuo53o,cmmx6howt0000bi1zgfsisou2,2026-05-13 18:23:34.103,61.97458455522972,27.8,59.0,100.0,7.0,16.0,22.0,45.0
cmp4e1ie7021vjkjr8jcbspbb,cmmx6howt0000bi1zgfsisou2,2026-05-13 18:23:38.280,62.07233626588465,27.8,59.0,100.0,7.0,16.0,22.0,45.0
cmp4e1lm3021xjkjrl73i8vcb,cmmx6howt0000bi1zgfsisou2,2026-05-13 18:23:42.462,62.07233626588465,27.8,59.0,100.0,7.0,16.0,22.0,45.0
cmp4e1ou5021zjkjroo02kpj7,cmmx6howt0000bi1zgfsisou2,2026-05-13 18:23:46.659,62.07233626588465,27.8,60.0,100.0,7.0,16.0,22.0,45.0
cmp4e1s4c0221jkjrv0hpbg1t,cmmx6howt0000bi1zgfsisou2,2026-05-13 18:23:50.827,62.36559139784946,27.8,60.0,100.0,7.0,16.0,22.0,44.0
cmp4e1vbz0223jkjr6pue90gm,cmmx6howt0000bi1zgfsisou2,2026-05-13 18:23:55.055,62.17008797653959,27.8,60.0,100.0,7.0,16.0,22.0,44.0
cmp4e1yig0225jkjrlenoezrk,cmmx6howt0000bi1zgfsisou2,2026-05-13 18:23:59.198,61.97458455522972,27.8,60.0,100.0,7.0,16.0,22.0,45.0
cmp4e21qh0227jkjrbn0iouhg,cmmx6howt0000bi1zgfsisou2,2026-05-13 18:24:03.357,62.07233626588465,27.8,60.0,100.0,7.0,16.0,22.0,45.0
cmp4e24yd0229jkjrmdv7okan,cmmx6howt0000bi1zgfsisou2,2026-05-13 18:24:07.537,62.07233626588465,27.8,60.0,100.0,7.0,16.0,22.0,45.0
cmp4e286k022bjkjrtzxzv3i7,cmmx6howt0000bi1zgfsisou2,2026-05-13 18:24:11.709,62.26783968719452,27.8,60.0,100.0,7.0,16.0,22.0,44.0
cmp4e2bds022djkjrcrkmkdkm,cmmx6howt0000bi1zgfsisou2,2026-05-13 18:24:15.864,62.56109481915934,27.8,60.0,100.0,7.0,16.0,22.0,45.0
cmp4e2eli022fjkjrwk54y6z4,cmmx6howt0000bi1zgfsisou2,2026-05-13 18:24:20.008,62.4633431085044,27.8,60.0,100.0,7.0,16.0,22.0,45.0
cmp4e2hsk022hjkjrrsmfwb8x,cmmx6howt0000bi1zgfsisou2,2026-05-13 18:24:24.176,62.36559139784946,27.8,60.0,100.0,7.0,16.0,22.0,45.0
cmp4e2kyy022jjkjrx6eoysnq,cmmx6howt0000bi1zgfsisou2,2026-05-13 18:24:28.286,62.17008797653959,27.8,60.0,100.0,7.0,16.0,22.0,45.0
cmp4e2o5s022ljkjroxdys6g7,cmmx6howt0000bi1zgfsisou2,2026-05-13 18:24:32.446,62.56109481915934,27.8,59.0,100.0,7.0,16.0,22.0,45.0
cmp4e2rcn022njkjrf9815sry,cmmx6howt0000bi1zgfsisou2,2026-05-13 18:24:36.558,62.56109481915934,27.8,59.0,100.0,7.0,16.0,22.0,45.0
cmp4e2ujx022pjkjr8sq8l4wg,cmmx6howt0000bi1zgfsisou2,2026-05-13 18:24:40.704,62.75659824046921,27.8,59.0,100.0,7.0,16.0,22.0,45.0
cmp4e2xqw022rjkjrskjmf1xk,cmmx6howt0000bi1zgfsisou2,2026-05-13 18:24:44.836,62.85434995112414,27.8,59.0,100.0,7.0,16.0,22.0,45.0
cmp4e30yj022tjkjrpdhq7a6n,cmmx6howt0000bi1zgfsisou2,2026-05-13 18:24:49.012,62.65884652981427,27.8,59.0,100.0,7.0,16.0,22.0,45.0
cmp4e345u022vjkjrbtqkhmeh,cmmx6howt0000bi1zgfsisou2,2026-05-13 18:24:53.176,62.65884652981427,27.8,59.0,100.0,7.0,16.0,22.0,44.0
cmp4e37cw022xjkjr41hqjds4,cmmx6howt0000bi1zgfsisou2,2026-05-13 18:24:57.303,62.75659824046921,27.8,59.0,100.0,7.0,16.0,22.0,45.0
cmp4e3ak6022zjkjrc3jblqdo,cmmx6howt0000bi1zgfsisou2,2026-05-13 18:25:01.448,62.65884652981427,27.8,59.0,100.0,7.0,16.0,22.0,45.0
cmp4e3dr80231jkjrkmz66q1k,cmmx6howt0000bi1zgfsisou2,2026-05-13 18:25:05.609,62.65884652981427,27.8,59.0,100.0,7.0,16.0,22.0,45.0
cmp4e3gyj0233jkjrv47qa7fr,cmmx6howt0000bi1zgfsisou2,2026-05-13 18:25:09.773,62.75659824046921,27.8,59.0,100.0,7.0,16.0,22.0,44.0
cmp4e3k5g0235jkjr30m4mjm4,cmmx6howt0000bi1zgfsisou2,2026-05-13 18:25:13.906,63.14760508308895,27.8,59.0,100.0,7.0,16.0,22.0,45.0
cmp4e3ncq0237jkjrqs2panvv,cmmx6howt0000bi1zgfsisou2,2026-05-13 18:25:18.056,62.85434995112414,27.8,60.0,100.0,7.0,16.0,22.0,45.0
cmp4e3qjc0239jkjr0w3jth21,cmmx6howt0000bi1zgfsisou2,2026-05-13 18:25:22.161,63.04985337243401,27.8,60.0,100.0,7.0,16.0,22.0,45.0
cmp4e3tq9023bjkjrpl2ltf4z,cmmx6howt0000bi1zgfsisou2,2026-05-13 18:25:26.284,63.04985337243401,27.8,60.0,100.0,7.0,16.0,22.0,44.0
cmp4e3wxf023djkjr45q4tehy,cmmx6howt0000bi1zgfsisou2,2026-05-13 18:25:30.437,63.44086021505376,27.8,60.0,100.0,7.0,16.0,22.0,44.0
cmp4e404x023fjkjryhgp64cj,cmmx6howt0000bi1zgfsisou2,2026-05-13 18:25:34.602,63.34310850439883,27.8,60.0,93.13,7.0,16.0,22.0,45.0
cmp4e43cy023hjkjr6fsfjcev,cmmx6howt0000bi1zgfsisou2,2026-05-13 18:25:38.771,63.44086021505376,27.8,60.0,100.0,7.0,16.0,22.0,45.0
cmp4e46k7023jjkjrg17t3rgu,cmmx6howt0000bi1zgfsisou2,2026-05-13 18:25:42.922,63.34310850439883,27.8,60.0,99.45,7.0,16.0,22.0,45.0
cmp4e49r2023ljkjribndd2tr,cmmx6howt0000bi1zgfsisou2,2026-05-13 18:25:47.062,63.44086021505376,27.8,60.0,98.23,7.0,16.0,22.0,45.0
cmp4e4cxt023njkjrmwwr6tm4,cmmx6howt0000bi1zgfsisou2,2026-05-13 18:25:51.199,63.34310850439883,27.8,60.0,100.0,7.0,16.0,22.0,45.0
cmp4e4g5u023pjkjri4irf09l,cmmx6howt0000bi1zgfsisou2,2026-05-13 18:25:55.375,63.34310850439883,27.8,61.0,100.0,7.0,16.0,22.0,45.0
cmp4e4jc4023rjkjrcnzuhtdf,cmmx6howt0000bi1zgfsisou2,2026-05-13 18:25:59.496,63.34310850439883,27.7,61.0,74.11,7.0,16.0,22.0,45.0
cmp4e4mjs023tjkjr7ob2jnhq,cmmx6howt0000bi1zgfsisou2,2026-05-13 18:26:03.646,63.44086021505376,27.8,61.0,91.11,7.0,16.0,22.0,44.0
cmp4e4pqz023vjkjrssbqwixd,cmmx6howt0000bi1zgfsisou2,2026-05-13 18:26:07.788,63.24535679374389,27.8,61.0,93.13,7.0,16.0,22.0,44.0
cmp4e4sy7023xjkjrogwis8g8,cmmx6howt0000bi1zgfsisou2,2026-05-13 18:26:11.940,63.24535679374389,27.7,61.0,93.16,7.0,16.0,22.0,44.0
cmp4e4w5t023zjkjrucdn5lp3,cmmx6howt0000bi1zgfsisou2,2026-05-13 18:26:16.099,63.44086021505376,27.8,61.0,93.09,7.0,16.0,16.0,16.0
cmp4e4ze10241jkjr1c2uy3hx,cmmx6howt0000bi1zgfsisou2,2026-05-13 18:26:20.280,62.36559139784946,27.8,61.0,94.57,7.0,16.0,16.0,16.0
cmp4e52lq0243jkjr4zf21mlc,cmmx6howt0000bi1zgfsisou2,2026-05-13 18:26:24.444,62.65884652981427,27.8,61.0,91.94,7.0,16.0,16.0,16.0
cmp4e55tv0245jkjr46j71t3p,cmmx6howt0000bi1zgfsisou2,2026-05-13 18:26:28.634,63.44086021505376,27.7,61.0,88.78,7.0,16.0,2.0,11.0
cmp4e590o0247jkjrsx56w18s,cmmx6howt0000bi1zgfsisou2,2026-05-13 18:26:32.768,62.75659824046921,27.8,61.0,88.97,7.0,11.0,11.0,11.0
cmp4e5c7h0249jkjrtaearddp,cmmx6howt0000bi1zgfsisou2,2026-05-13 18:26:36.921,62.85434995112414,27.8,61.0,86.61,7.0,11.0,11.0,11.0
cmp4e5fea024bjkjrjx1nvtrv,cmmx6howt0000bi1zgfsisou2,2026-05-13 18:26:41.033,62.95210166177908,27.8,61.0,92.55,7.0,11.0,11.0,11.0
cmp4e5iki024djkjrk0817vos,cmmx6howt0000bi1zgfsisou2,2026-05-13 18:26:45.165,63.24535679374389,27.8,61.0,90.88,7.0,11.0,11.0,11.0
cmp4e5ls1024fjkjr5qbliqu5,cmmx6howt0000bi1zgfsisou2,2026-05-13 18:26:49.329,63.24535679374389,27.8,61.0,88.71,7.0,11.0,11.0,11.0
cmp4e5oyq024hjkjrts46jssg,cmmx6howt0000bi1zgfsisou2,2026-05-13 18:26:53.449,63.44086021505376,27.8,60.0,89.01,7.0,11.0,11.0,11.0
cmp4e5s5g024jjkjrr4sy0pfv,cmmx6howt0000bi1zgfsisou2,2026-05-13 18:26:57.560,63.34310850439883,27.8,60.0,88.71,7.0,11.0,11.0,11.0
cmp4e5vca024ljkjru81ds6lo,cmmx6howt0000bi1zgfsisou2,2026-05-13 18:27:01.717,63.34310850439883,27.8,60.0,91.64,7.0,11.0,11.0,11.0
cmp4e5yjx024njkjrnm47p5ny,cmmx6howt0000bi1zgfsisou2,2026-05-13 18:27:05.865,63.5386119257087,27.8,60.0,88.93,7.0,11.0,11.0,11.0
cmp4e61rg024pjkjrlp1638ld,cmmx6howt0000bi1zgfsisou2,2026-05-13 18:27:10.014,63.5386119257087,27.8,60.0,84.13,7.0,11.0,11.0,11.0
cmp4e64xr024rjkjr43j9odqp,cmmx6howt0000bi1zgfsisou2,2026-05-13 18:27:14.158,63.5386119257087,27.8,60.0,88.82,7.0,11.0,11.0,11.0
cmp4e6848024tjkjrxp1og1wr,cmmx6howt0000bi1zgfsisou2,2026-05-13 18:27:18.277,63.5386119257087,27.8,60.0,88.78,7.0,11.0,11.0,11.0
cmp4e6bcp024vjkjrirod033w,cmmx6howt0000bi1zgfsisou2,2026-05-13 18:27:22.439,63.5386119257087,27.8,60.0,91.87,7.0,11.0,11.0,11.0
cmp4e6eiu024xjkjrcsfx6qoz,cmmx6howt0000bi1zgfsisou2,2026-05-13 18:27:26.579,63.63636363636363,27.8,60.0,89.51,7.0,11.0,11.0,11.0
cmp4e6hq0024zjkjrvheat439,cmmx6howt0000bi1zgfsisou2,2026-05-13 18:27:30.704,63.63636363636363,27.8,60.0,89.77,7.0,11.0,11.0,11.0
cmp4e6kvt0251jkjrvhhnr5ba,cmmx6howt0000bi1zgfsisou2,2026-05-13 18:27:34.799,63.63636363636363,27.8,60.0,89.31,7.0,11.0,11.0,11.0
cmp4e6o2h0253jkjrgjrifw4g,cmmx6howt0000bi1zgfsisou2,2026-05-13 18:27:38.934,63.63636363636363,27.8,60.0,86.61,7.0,11.0,11.0,11.0
cmp4e6ra10255jkjrvfjihgb8,cmmx6howt0000bi1zgfsisou2,2026-05-13 18:27:43.084,63.44086021505376,27.8,60.0,86.88,7.0,11.0,11.0,11.0
cmp4e6uhk0257jkjr3cnydujv,cmmx6howt0000bi1zgfsisou2,2026-05-13 18:27:47.246,63.5386119257087,27.8,60.0,91.45,7.0,11.0,11.0,11.0
cmp4e6xnz0259jkjrbhqx51j2,cmmx6howt0000bi1zgfsisou2,2026-05-13 18:27:51.391,63.5386119257087,27.8,60.0,92.44,7.0,11.0,11.0,11.0
cmp4e70vn025bjkjrovcnjrhd,cmmx6howt0000bi1zgfsisou2,2026-05-13 18:27:55.528,63.5386119257087,27.8,61.0,86.57,7.0,11.0,11.0,11.0
cmp4e742o025djkjrrzoqxqbf,cmmx6howt0000bi1zgfsisou2,2026-05-13 18:27:59.675,63.63636363636363,27.8,61.0,86.84,7.0,11.0,11.0,11.0
cmp4e77ad025fjkjr8r7wy5sx,cmmx6howt0000bi1zgfsisou2,2026-05-13 18:28:03.844,63.5386119257087,27.8,61.0,86.65,7.0,11.0,11.0,11.0
cmp4e7ahg025hjkjryh3oueqb,cmmx6howt0000bi1zgfsisou2,2026-05-13 18:28:07.973,63.34310850439883,27.8,61.0,86.84,7.0,11.0,11.0,11.0
cmp4e7dpj025jjkjrgyh8cpjc,cmmx6howt0000bi1zgfsisou2,2026-05-13 18:28:12.156,63.34310850439883,27.8,61.0,86.65,7.0,11.0,11.0,11.0
cmp4e7gwc025ljkjr943hugje,cmmx6howt0000bi1zgfsisou2,2026-05-13 18:28:16.309,63.44086021505376,27.8,61.0,86.8,7.0,11.0,11.0,11.0
cmp4e7k3b025njkjr4sie13vu,cmmx6howt0000bi1zgfsisou2,2026-05-13 18:28:20.415,63.5386119257087,27.8,61.0,84.36,7.0,11.0,11.0,11.0
cmp4e7nac025pjkjrm8p0rbq2,cmmx6howt0000bi1zgfsisou2,2026-05-13 18:28:24.567,63.63636363636363,27.8,61.0,84.63,7.0,11.0,11.0,11.0
cmp4e7qh5025rjkjr1ijm142s,cmmx6howt0000bi1zgfsisou2,2026-05-13 18:28:28.698,63.63636363636363,27.8,61.0,86.61,7.0,11.0,11.0,11.0
cmp4e7tp9025tjkjre6tps8wt,cmmx6howt0000bi1zgfsisou2,2026-05-13 18:28:32.914,63.83186705767351,27.8,61.0,86.88,7.0,11.0,11.0,11.0
cmp4e7wwl025vjkjrzfs5tfhe,cmmx6howt0000bi1zgfsisou2,2026-05-13 18:28:37.035,64.02737047898339,27.8,61.0,86.3,7.0,11.0,11.0,11.0
cmp4e804b025xjkjr71nglkih,cmmx6howt0000bi1zgfsisou2,2026-05-13 18:28:41.202,64.02737047898339,27.8,61.0,82.53,7.0,11.0,11.0,11.0
cmp4e83c8025zjkjrdr2xbrm1,cmmx6howt0000bi1zgfsisou2,2026-05-13 18:28:45.373,64.02737047898339,27.8,61.0,82.23,7.0,11.0,11.0,11.0
cmp4e86jb0261jkjroyrrh203,cmmx6howt0000bi1zgfsisou2,2026-05-13 18:28:49.513,63.92961876832845,27.8,61.0,82.26,7.0,11.0,11.0,11.0
cmp4e89pq0263jkjrooitrdbw,cmmx6howt0000bi1zgfsisou2,2026-05-13 18:28:53.649,64.02737047898339,27.8,61.0,82.04,7.0,11.0,11.0,11.0
cmp4e8cx70265jkjr8n5u8vp6,cmmx6howt0000bi1zgfsisou2,2026-05-13 18:28:57.781,64.02737047898339,27.8,61.0,84.63,7.0,11.0,11.0,11.0
cmp4e8g490267jkjrqa29elv7,cmmx6howt0000bi1zgfsisou2,2026-05-13 18:29:01.926,63.92961876832845,27.8,61.0,89.35,7.0,11.0,11.0,11.0
cmp4e8jcb0269jkjrs99zl4pc,cmmx6howt0000bi1zgfsisou2,2026-05-13 18:29:06.111,63.92961876832845,27.8,61.0,82.53,7.0,11.0,11.0,11.0
cmp4e8mk6026bjkjrrjay34nb,cmmx6howt0000bi1zgfsisou2,2026-05-13 18:29:10.287,63.92961876832845,27.8,60.0,86.53,7.0,11.0,11.0,11.0
cmp4e8psa026djkjrbg8vuuk1,cmmx6howt0000bi1zgfsisou2,2026-05-13 18:29:14.465,63.73411534701857,27.8,60.0,87.33,7.0,11.0,11.0,11.0
cmp4e8szo026fjkjrrd39279b,cmmx6howt0000bi1zgfsisou2,2026-05-13 18:29:18.620,63.83186705767351,27.8,60.0,89.73,7.0,11.0,11.0,11.0
cmp4e8w6j026hjkjrqaoh577c,cmmx6howt0000bi1zgfsisou2,2026-05-13 18:29:22.771,63.73411534701857,27.8,60.0,82.26,7.0,11.0,11.0,11.0
cmp4e8zdz026jjkjr21gxjtqp,cmmx6howt0000bi1zgfsisou2,2026-05-13 18:29:26.905,63.63636363636363,27.8,60.0,82.49,7.0,11.0,11.0,11.0
cmp4e92k5026ljkjri0h592ac,cmmx6howt0000bi1zgfsisou2,2026-05-13 18:29:31.014,63.73411534701857,27.8,60.0,92.4,7.0,11.0,11.0,11.0
cmp4e95qe026njkjr4hogjny7,cmmx6howt0000bi1zgfsisou2,2026-05-13 18:29:35.148,63.73411534701857,27.8,60.0,92.36,7.0,11.0,11.0,11.0
cmp4e98y2026pjkjrbav4u2rp,cmmx6howt0000bi1zgfsisou2,2026-05-13 18:29:39.288,63.63636363636363,27.7,61.0,84.63,7.0,11.0,11.0,11.0
cmp4e9c5v026rjkjr0qly7k5s,cmmx6howt0000bi1zgfsisou2,2026-05-13 18:29:43.460,63.63636363636363,27.8,61.0,90.27,7.0,11.0,11.0,11.0
cmp4e9fe8026tjkjr1omospgj,cmmx6howt0000bi1zgfsisou2,2026-05-13 18:29:47.651,63.63636363636363,27.8,61.0,87.6,7.0,11.0,11.0,11.0
cmp4e9ilf026vjkjrcz4anjlc,cmmx6howt0000bi1zgfsisou2,2026-05-13 18:29:51.817,63.5386119257087,27.8,61.0,89.2,7.0,11.0,11.0,11.0
cmp4e9lsn026xjkjruj47itnv,cmmx6howt0000bi1zgfsisou2,2026-05-13 18:29:55.933,63.44086021505376,27.8,61.0,84.67,7.0,11.0,11.0,11.0
cmp4e9oz2026zjkjrz0nm8zog,cmmx6howt0000bi1zgfsisou2,2026-05-13 18:30:00.096,63.24535679374389,27.8,61.0,82.07,7.0,11.0,11.0,11.0
cmp4e9s6h0271jkjrozctzp9d,cmmx6howt0000bi1zgfsisou2,2026-05-13 18:30:04.224,63.14760508308895,27.8,61.0,86.57,7.0,11.0,11.0,11.0
cmp4e9vdo0273jkjrugv0es3m,cmmx6howt0000bi1zgfsisou2,2026-05-13 18:30:08.371,63.14760508308895,27.8,61.0,89.28,7.0,11.0,11.0,11.0
cmp4e9yl00275jkjruxgsaoad,cmmx6howt0000bi1zgfsisou2,2026-05-13 18:30:12.535,63.14760508308895,27.8,61.0,92.17,7.0,11.0,11.0,11.0
cmp4ea1sb0277jkjrsbmw0fam,cmmx6howt0000bi1zgfsisou2,2026-05-13 18:30:16.682,63.14760508308895,27.8,61.0,84.67,7.0,11.0,11.0,11.0
cmp4ea4yz0279jkjrbzljp40y,cmmx6howt0000bi1zgfsisou2,2026-05-13 18:30:20.808,63.14760508308895,27.8,61.0,82.0,7.0,11.0,11.0,11.0
cmp4ea86k027bjkjr4trwsjt7,cmmx6howt0000bi1zgfsisou2,2026-05-13 18:30:24.950,63.04985337243401,27.8,61.0,82.38,7.0,11.0,11.0,11.0
cmp4eabdp027djkjrxsefbk0q,cmmx6howt0000bi1zgfsisou2,2026-05-13 18:30:29.121,63.04985337243401,27.8,61.0,85.31,7.0,11.0,11.0,11.0
cmp4eaekx027fjkjr1vxtej4o,cmmx6howt0000bi1zgfsisou2,2026-05-13 18:30:33.252,63.04985337243401,27.8,61.0,82.23,7.0,11.0,11.0,11.0
cmp4eahrx027hjkjra84eifo3,cmmx6howt0000bi1zgfsisou2,2026-05-13 18:30:37.398,63.04985337243401,27.8,61.0,82.07,7.0,11.0,11.0,11.0
cmp4eakyl027jjkjrcgihvnx0,cmmx6howt0000bi1zgfsisou2,2026-05-13 18:30:41.515,63.04985337243401,27.8,62.0,82.23,7.0,11.0,11.0,11.0
cmp4eao4u027ljkjrml8cv3jn,cmmx6howt0000bi1zgfsisou2,2026-05-13 18:30:45.653,63.04985337243401,27.8,62.0,82.53,7.0,11.0,11.0,11.0
cmp4earci027njkjrr0s93x3t,cmmx6howt0000bi1zgfsisou2,2026-05-13 18:30:49.800,63.04985337243401,27.8,62.0,82.53,7.0,11.0,11.0,11.0
cmp4eaukj027pjkjrjy5lpptu,cmmx6howt0000bi1zgfsisou2,2026-05-13 18:30:53.979,62.95210166177908,27.8,62.0,84.44,7.0,11.0,11.0,11.0
cmp4eaxrh027rjkjrgerxoyyp,cmmx6howt0000bi1zgfsisou2,2026-05-13 18:30:58.127,62.95210166177908,27.8,62.0,92.36,7.0,11.0,11.0,11.0
cmp4eb0z1027tjkjraa51mdw6,cmmx6howt0000bi1zgfsisou2,2026-05-13 18:31:02.275,62.95210166177908,27.8,61.0,89.54,7.0,11.0,11.0,11.0
cmp4eb469027vjkjrcrlrmuot,cmmx6howt0000bi1zgfsisou2,2026-05-13 18:31:06.422,62.85434995112414,27.8,61.0,84.63,7.0,11.0,11.0,11.0
cmp4eb7dj027xjkjrmgmnol4d,cmmx6howt0000bi1zgfsisou2,2026-05-13 18:31:10.591,62.75659824046921,27.8,61.0,82.07,7.0,11.0,11.0,11.0
cmp4ebak6027zjkjrpywm884g,cmmx6howt0000bi1zgfsisou2,2026-05-13 18:31:14.698,62.75659824046921,27.8,61.0,82.49,7.0,11.0,11.0,11.0
cmp4ebdra0281jkjrnt0m4n8h,cmmx6howt0000bi1zgfsisou2,2026-05-13 18:31:18.847,62.75659824046921,27.8,61.0,82.3,7.0,11.0,11.0,11.0
cmp4ebgyl0283jkjr5tu0wxn6,cmmx6howt0000bi1zgfsisou2,2026-05-13 18:31:22.992,62.75659824046921,27.8,61.0,85.16,7.0,11.0,11.0,11.0
cmp4ebk5h0285jkjreiedxrei,cmmx6howt0000bi1zgfsisou2,2026-05-13 18:31:27.140,62.75659824046921,27.8,61.0,82.26,7.0,11.0,11.0,11.0
cmp4ebnbg0287jkjr6ld6z81j,cmmx6howt0000bi1zgfsisou2,2026-05-13 18:31:31.253,62.65884652981427,27.8,61.0,90.23,7.0,11.0,11.0,11.0
cmp4ebqhm0289jkjrgkuc7xzz,cmmx6howt0000bi1zgfsisou2,2026-05-13 18:31:35.349,62.65884652981427,27.8,61.0,92.36,7.0,11.0,11.0,11.0
cmp4ebtoe028bjkjrfxlwxk65,cmmx6howt0000bi1zgfsisou2,2026-05-13 18:31:39.500,62.65884652981427,27.7,61.0,92.4,7.0,11.0,11.0,11.0
cmp4ebwvx028djkjr761cwp6z,cmmx6howt0000bi1zgfsisou2,2026-05-13 18:31:43.637,62.65884652981427,27.8,61.0,82.26,7.0,11.0,11.0,11.0
cmp4ec03u028fjkjr5clfnvnn,cmmx6howt0000bi1zgfsisou2,2026-05-13 18:31:47.804,62.65884652981427,27.7,61.0,82.45,7.0,11.0,11.0,11.0
cmp4ec3bo028hjkjr59a5acbq,cmmx6howt0000bi1zgfsisou2,2026-05-13 18:31:51.969,62.65884652981427,27.7,61.0,82.45,7.0,11.0,11.0,11.0
cmp4ec6ju028jjkjriwe3wki1,cmmx6howt0000bi1zgfsisou2,2026-05-13 18:31:56.144,62.65884652981427,27.8,61.0,85.31,7.0,11.0,11.0,11.0
cmp4ec9qm028ljkjrult8qj8a,cmmx6howt0000bi1zgfsisou2,2026-05-13 18:32:00.299,62.65884652981427,27.7,62.0,82.07,7.0,11.0,11.0,11.0
cmp4eccxb028njkjrekq1n7o1,cmmx6howt0000bi1zgfsisou2,2026-05-13 18:32:04.423,62.65884652981427,27.7,62.0,82.07,7.0,11.0,11.0,11.0
cmp4ecg4j028pjkjrtgyesovo,cmmx6howt0000bi1zgfsisou2,2026-05-13 18:32:08.575,62.65884652981427,27.7,62.0,82.07,7.0,11.0,11.0,11.0
cmp4ecjcg028rjkjrveuwd6d5,cmmx6howt0000bi1zgfsisou2,2026-05-13 18:32:12.734,62.65884652981427,27.7,62.0,84.25,7.0,11.0,11.0,11.0
cmp4ecmju028tjkjrt30eka0y,cmmx6howt0000bi1zgfsisou2,2026-05-13 18:32:16.900,62.65884652981427,27.7,62.0,82.04,7.0,11.0,11.0,11.0
cmp4ecprn028vjkjrhtiyxugo,cmmx6howt0000bi1zgfsisou2,2026-05-13 18:32:21.065,62.56109481915934,27.7,62.0,82.07,7.0,11.0,11.0,11.0
cmp4ect01028xjkjrtwiywime,cmmx6howt0000bi1zgfsisou2,2026-05-13 18:32:25.250,62.56109481915934,27.7,62.0,82.07,7.0,11.0,11.0,11.0
cmp4ecw7h028zjkjr80lzlfyi,cmmx6howt0000bi1zgfsisou2,2026-05-13 18:32:29.415,62.65884652981427,27.7,62.0,86.65,7.0,11.0,11.0,11.0
cmp4eczed0291jkjr5ddq3901,cmmx6howt0000bi1zgfsisou2,2026-05-13 18:32:33.553,62.65884652981427,27.7,62.0,84.47,7.0,11.0,11.0,11.0
cmp4ed2lt0293jkjrf1tx2uur,cmmx6howt0000bi1zgfsisou2,2026-05-13 18:32:37.701,62.65884652981427,27.7,61.0,82.49,7.0,11.0,11.0,11.0
cmp4ed5s50295jkjryhmlw7r2,cmmx6howt0000bi1zgfsisou2,2026-05-13 18:32:41.816,62.4633431085044,27.7,61.0,82.53,7.0,11.0,11.0,11.0
cmp4ed8zg0297jkjrjnkh5tbh,cmmx6howt0000bi1zgfsisou2,2026-05-13 18:32:45.993,62.65884652981427,27.7,61.0,84.36,7.0,11.0,11.0,11.0
cmp4edc7e0299jkjrayywwmt4,cmmx6howt0000bi1zgfsisou2,2026-05-13 18:32:50.137,62.65884652981427,27.7,61.0,82.49,7.0,11.0,11.0,11.0
cmp4edfew029bjkjrl82up76x,cmmx6howt0000bi1zgfsisou2,2026-05-13 18:32:54.301,62.65884652981427,27.7,61.0,84.44,7.0,11.0,11.0,11.0
cmp4edimw029djkjr931x66zy,cmmx6howt0000bi1zgfsisou2,2026-05-13 18:32:58.442,62.56109481915934,27.7,61.0,82.23,7.0,11.0,11.0,11.0
cmp4edlud029fjkjr445ys70u,cmmx6howt0000bi1zgfsisou2,2026-05-13 18:33:02.635,62.75659824046921,27.7,61.0,82.49,7.0,11.0,11.0,11.0
cmp4edp1p029hjkjrtxg6ge8l,cmmx6howt0000bi1zgfsisou2,2026-05-13 18:33:06.787,62.75659824046921,27.7,61.0,82.42,7.0,11.0,11.0,11.0
cmp4eds92029jjkjrol3gzf9q,cmmx6howt0000bi1zgfsisou2,2026-05-13 18:33:10.941,62.65884652981427,27.7,61.0,82.0,7.0,11.0,11.0,11.0
cmp4edvgj029ljkjr54uit9gg,cmmx6howt0000bi1zgfsisou2,2026-05-13 18:33:15.098,62.65884652981427,27.7,61.0,82.49,7.0,11.0,11.0,11.0
cmp4edyo4029njkjrku12rnp8,cmmx6howt0000bi1zgfsisou2,2026-05-13 18:33:19.254,62.65884652981427,27.7,61.0,84.36,7.0,11.0,11.0,11.0
cmp4ee1vf029pjkjrob80zidz,cmmx6howt0000bi1zgfsisou2,2026-05-13 18:33:23.410,62.75659824046921,27.7,61.0,89.54,7.0,11.0,11.0,11.0
cmp4ee51h029rjkjrbywhxc9i,cmmx6howt0000bi1zgfsisou2,2026-05-13 18:33:27.519,62.65884652981427,27.7,61.0,84.67,7.0,11.0,11.0,11.0
cmp4ee89g029tjkjrb42c5e68,cmmx6howt0000bi1zgfsisou2,2026-05-13 18:33:31.686,62.56109481915934,27.7,61.0,82.26,7.0,11.0,11.0,11.0
cmp4eebg7029vjkjr6mrexipg,cmmx6howt0000bi1zgfsisou2,2026-05-13 18:33:35.820,62.65884652981427,27.7,61.0,82.49,7.0,11.0,11.0,11.0
cmp4eeemx029xjkjr5ff3z2sg,cmmx6howt0000bi1zgfsisou2,2026-05-13 18:33:39.966,62.56109481915934,27.7,61.0,82.49,7.0,11.0,11.0,11.0
cmp4eehu5029zjkjrlx5ducvj,cmmx6howt0000bi1zgfsisou2,2026-05-13 18:33:44.097,62.75659824046921,27.7,61.0,89.51,7.0,11.0,11.0,11.0
cmp4eel1502a1jkjr21b7e191,cmmx6howt0000bi1zgfsisou2,2026-05-13 18:33:48.237,62.75659824046921,27.7,61.0,82.11,7.0,11.0,11.0,11.0
cmp4eeo8202a3jkjryk8bfyhm,cmmx6howt0000bi1zgfsisou2,2026-05-13 18:33:52.375,62.75659824046921,27.7,61.0,82.49,7.0,11.0,11.0,11.0
cmp4eerfs02a5jkjr0u5s2rwt,cmmx6howt0000bi1zgfsisou2,2026-05-13 18:33:56.560,62.75659824046921,27.7,61.0,82.04,7.0,11.0,11.0,11.0
cmp4eeun402a7jkjrid8fvbl0,cmmx6howt0000bi1zgfsisou2,2026-05-13 18:34:00.714,62.75659824046921,27.7,62.0,89.51,7.0,11.0,11.0,11.0
cmp4eexvp02a9jkjrtwhldxsl,cmmx6howt0000bi1zgfsisou2,2026-05-13 18:34:04.879,62.75659824046921,27.7,62.0,82.07,7.0,11.0,11.0,11.0
cmp4ef12t02abjkjrt4lmyaqh,cmmx6howt0000bi1zgfsisou2,2026-05-13 18:34:09.051,62.85434995112414,27.7,62.0,86.65,7.0,11.0,11.0,11.0
cmp4ef4a002adjkjr3l2xtadb,cmmx6howt0000bi1zgfsisou2,2026-05-13 18:34:13.185,62.85434995112414,27.7,62.0,95.34,7.0,11.0,11.0,11.0
cmp4ef7gf02afjkjrtdn51uq6,cmmx6howt0000bi1zgfsisou2,2026-05-13 18:34:17.297,62.75659824046921,27.7,62.0,92.36,7.0,11.0,11.0,11.0
cmp4efan002ahjkjrf207hnt4,cmmx6howt0000bi1zgfsisou2,2026-05-13 18:34:21.426,62.75659824046921,27.7,62.0,89.51,7.0,11.0,11.0,11.0
cmp4efdrw02ajjkjryu730ngv,cmmx6howt0000bi1zgfsisou2,2026-05-13 18:34:25.508,62.85434995112414,27.7,62.0,82.53,7.0,11.0,11.0,11.0
cmp4efgxq02aljkjrart7fehs,cmmx6howt0000bi1zgfsisou2,2026-05-13 18:34:29.608,62.85434995112414,27.7,62.0,82.26,7.0,11.0,11.0,11.0
cmp4efk4002anjkjramoz3wan,cmmx6howt0000bi1zgfsisou2,2026-05-13 18:34:33.703,62.75659824046921,27.6,62.0,90.23,7.0,11.0,11.0,11.0
cmp4efna802apjkjryxrek3d8,cmmx6howt0000bi1zgfsisou2,2026-05-13 18:34:37.816,62.75659824046921,27.7,61.0,82.45,7.0,11.0,11.0,11.0
cmp4efqhd02arjkjr1dx10ffe,cmmx6howt0000bi1zgfsisou2,2026-05-13 18:34:41.956,62.75659824046921,27.7,61.0,84.47,7.0,11.0,11.0,11.0
cmp4eftn502atjkjrphlvook5,cmmx6howt0000bi1zgfsisou2,2026-05-13 18:34:46.054,62.85434995112414,27.7,61.0,89.31,7.0,11.0,11.0,11.0
cmp4efwt902avjkjrilcdnf8z,cmmx6howt0000bi1zgfsisou2,2026-05-13 18:34:50.184,62.85434995112414,27.7,61.0,84.7,7.0,11.0,11.0,11.0
cmp4efzyk02axjkjr8vk9og91,cmmx6howt0000bi1zgfsisou2,2026-05-13 18:34:54.249,62.85434995112414,27.6,61.0,82.53,7.0,11.0,11.0,11.0
cmp4eg34x02azjkjr8kadit5y,cmmx6howt0000bi1zgfsisou2,2026-05-13 18:34:58.360,62.75659824046921,27.7,61.0,84.13,7.0,11.0,11.0,11.0
cmp4eg6ay02b1jkjr5tkfivuc,cmmx6howt0000bi1zgfsisou2,2026-05-13 18:35:02.489,62.75659824046921,27.6,61.0,91.68,7.0,11.0,11.0,11.0
cmp4eg9hr02b3jkjr114vtzsr,cmmx6howt0000bi1zgfsisou2,2026-05-13 18:35:06.594,62.85434995112414,27.6,61.0,92.36,7.0,11.0,11.0,11.0
cmp4egcof02b5jkjrmrlstzw8,cmmx6howt0000bi1zgfsisou2,2026-05-13 18:35:10.741,62.75659824046921,27.6,62.0,94.61,7.0,11.0,11.0,11.0
cmp4egec702b7jkjroifwi2zj,cmmx6howt0000bi1zgfsisou2,2026-05-13 18:35:12.898,62.85434995112414,27.6,62.0,82.53,7.0,11.0,11.0,11.0
cmp4egfyu02b9jkjrumh74i9t,cmmx6howt0000bi1zgfsisou2,2026-05-13 18:35:14.991,62.65884652981427,27.6,62.0,90.27,7.0,11.0,11.0,11.0
cmp4eghln02bbjkjrd5x929yk,cmmx6howt0000bi1zgfsisou2,2026-05-13 18:35:17.108,62.65884652981427,27.6,62.0,82.19,7.0,11.0,11.0,11.0
cmp4egj8302bdjkjrzs5t6lac,cmmx6howt0000bi1zgfsisou2,2026-05-13 18:35:19.230,62.65884652981427,27.6,62.0,89.73,7.0,11.0,11.0,11.0
cmp4egkuv02bfjkjri23vcjvj,cmmx6howt0000bi1zgfsisou2,2026-05-13 18:35:21.329,62.75659824046921,27.6,62.0,86.84,7.0,11.0,11.0,11.0
cmp4egmhx02bhjkjryndeql6b,cmmx6howt0000bi1zgfsisou2,2026-05-13 18:35:23.454,62.75659824046921,27.6,62.0,89.47,7.0,11.0,11.0,11.0
cmp4ego4y02bjjkjrgr82lol7,cmmx6howt0000bi1zgfsisou2,2026-05-13 18:35:25.600,62.65884652981427,27.6,61.0,86.88,7.0,11.0,11.0,11.0
cmp4egpsx02bljkjr650dhdta,cmmx6howt0000bi1zgfsisou2,2026-05-13 18:35:27.753,62.65884652981427,27.6,61.0,94.54,7.0,11.0,11.0,11.0
cmp4egrgd02bnjkjre86qlhsl,cmmx6howt0000bi1zgfsisou2,2026-05-13 18:35:29.886,62.56109481915934,27.6,61.0,92.4,7.0,11.0,11.0,11.0
cmp4egt5f02bpjkjrja9hzsor,cmmx6howt0000bi1zgfsisou2,2026-05-13 18:35:32.083,62.75659824046921,27.6,61.0,82.49,7.0,11.0,11.0,11.0
cmp4eguu602brjkjrrjuyf9h6,cmmx6howt0000bi1zgfsisou2,2026-05-13 18:35:34.272,62.65884652981427,27.6,61.0,89.54,7.0,11.0,11.0,11.0
cmp4egwi902btjkjrervwomcl,cmmx6howt0000bi1zgfsisou2,2026-05-13 18:35:36.433,62.65884652981427,27.6,61.0,94.8,7.0,11.0,11.0,11.0
cmp4egy6902bvjkjrps21gocf,cmmx6howt0000bi1zgfsisou2,2026-05-13 18:35:38.580,62.65884652981427,27.6,62.0,86.61,7.0,11.0,11.0,11.0
cmp4egztr02bxjkjrsdacrjn0,cmmx6howt0000bi1zgfsisou2,2026-05-13 18:35:40.733,62.65884652981427,27.6,62.0,86.61,7.0,11.0,11.0,11.0
cmp4eh1hl02bzjkjrqo740lkl,cmmx6howt0000bi1zgfsisou2,2026-05-13 18:35:42.891,62.75659824046921,27.6,62.0,86.84,7.0,11.0,11.0,11.0
cmp4eh35f02c1jkjrg5ilt2b9,cmmx6howt0000bi1zgfsisou2,2026-05-13 18:35:45.044,62.65884652981427,27.6,62.0,84.25,7.0,11.0,11.0,11.0
cmp4eh4ss02c3jkjrawaxr0da,cmmx6howt0000bi1zgfsisou2,2026-05-13 18:35:47.192,62.65884652981427,27.6,61.0,86.65,7.0,11.0,11.0,11.0
cmp4eh6gf02c5jkjrrovweuez,cmmx6howt0000bi1zgfsisou2,2026-05-13 18:35:49.332,62.75659824046921,27.6,61.0,86.76,7.0,11.0,11.0,11.0
cmp4eh85u02c7jkjrxumd3n4e,cmmx6howt0000bi1zgfsisou2,2026-05-13 18:35:51.549,62.75659824046921,27.6,62.0,92.33,7.0,11.0,11.0,11.0
cmp4eh9tk02c9jkjr6zcsry9a,cmmx6howt0000bi1zgfsisou2,2026-05-13 18:35:53.700,62.85434995112414,27.6,62.0,92.4,7.0,11.0,11.0,11.0
cmp4ehbis02cbjkjrkedfv2g0,cmmx6howt0000bi1zgfsisou2,2026-05-13 18:35:55.870,62.75659824046921,27.6,62.0,86.88,7.0,11.0,11.0,11.0
cmp4ehd6k02cdjkjrftwyu6nk,cmmx6howt0000bi1zgfsisou2,2026-05-13 18:35:58.027,62.85434995112414,27.6,62.0,82.19,7.0,11.0,11.0,11.0
cmp4ehevy02cfjkjrttftcct0,cmmx6howt0000bi1zgfsisou2,2026-05-13 18:36:00.246,62.85434995112414,27.6,62.0,82.26,7.0,11.0,11.0,11.0
cmp4ehglm02chjkjrkam4wi7a,cmmx6howt0000bi1zgfsisou2,2026-05-13 18:36:02.458,62.95210166177908,27.6,62.0,82.53,7.0,11.0,11.0,11.0
cmp4ehi9m02cjjkjrc8ssqkmn,cmmx6howt0000bi1zgfsisou2,2026-05-13 18:36:04.639,62.95210166177908,27.6,62.0,82.42,7.0,11.0,11.0,11.0
cmp4ehjzi02cljkjrfabpv86c,cmmx6howt0000bi1zgfsisou2,2026-05-13 18:36:06.843,62.85434995112414,27.6,62.0,82.53,7.0,11.0,11.0,11.0
cmp4ehlog02cnjkjrcdz0iwf7,cmmx6howt0000bi1zgfsisou2,2026-05-13 18:36:09.047,62.75659824046921,27.6,62.0,82.11,7.0,11.0,11.0,11.0
cmp4ehnd502cpjkjrbfitam4z,cmmx6howt0000bi1zgfsisou2,2026-05-13 18:36:11.222,62.75659824046921,27.6,62.0,86.57,7.0,11.0,11.0,11.0
cmp4ehp0w02crjkjrbodkq45o,cmmx6howt0000bi1zgfsisou2,2026-05-13 18:36:13.392,62.85434995112414,27.6,62.0,84.67,7.0,11.0,11.0,11.0
cmp4ehqo602ctjkjrsd6jxqiu,cmmx6howt0000bi1zgfsisou2,2026-05-13 18:36:15.532,62.85434995112414,27.6,62.0,82.07,7.0,11.0,11.0,11.0
cmp4ehscz02cvjkjrbodts9rs,cmmx6howt0000bi1zgfsisou2,2026-05-13 18:36:17.696,62.65884652981427,27.6,62.0,84.67,7.0,11.0,11.0,11.0
cmp4ehu3m02cxjkjr6bhoarpa,cmmx6howt0000bi1zgfsisou2,2026-05-13 18:36:19.925,62.4633431085044,27.6,62.0,86.61,7.0,11.0,11.0,11.0
cmp4ehvrb02czjkjrjggvmjnp,cmmx6howt0000bi1zgfsisou2,2026-05-13 18:36:22.120,62.07233626588465,27.6,62.0,86.84,7.0,11.0,11.0,11.0
cmp4ehxfr02d1jkjredi43o9d,cmmx6howt0000bi1zgfsisou2,2026-05-13 18:36:24.299,61.87683284457478,27.6,62.0,82.49,7.0,11.0,11.0,11.0
cmp4ehz3i02d3jkjr51g2npy1,cmmx6howt0000bi1zgfsisou2,2026-05-13 18:36:26.451,61.77908113391985,27.6,62.0,82.53,7.0,11.0,11.0,11.0
cmp4ei0rh02d5jkjrhkd1qhrk,cmmx6howt0000bi1zgfsisou2,2026-05-13 18:36:28.612,62.4633431085044,27.6,62.0,82.26,7.0,11.0,11.0,11.0
cmp4ei2fr02d7jkjrsg28wakt,cmmx6howt0000bi1zgfsisou2,2026-05-13 18:36:30.777,62.36559139784946,27.6,62.0,82.26,7.0,11.0,11.0,11.0
cmp4ei45702d9jkjrt3q20gka,cmmx6howt0000bi1zgfsisou2,2026-05-13 18:36:32.974,62.4633431085044,27.6,62.0,82.49,7.0,11.0,11.0,11.0
cmp4ei5u802dbjkjrxaslkyee,cmmx6howt0000bi1zgfsisou2,2026-05-13 18:36:35.170,62.36559139784946,27.6,62.0,84.44,7.0,11.0,11.0,11.0
cmp4ei7gk02ddjkjrc7yiob9g,cmmx6howt0000bi1zgfsisou2,2026-05-13 18:36:37.293,62.26783968719452,27.6,62.0,86.57,7.0,11.0,11.0,11.0
cmp4ei93p02dfjkjriyctxc0t,cmmx6howt0000bi1zgfsisou2,2026-05-13 18:36:39.413,62.36559139784946,27.6,62.0,84.47,7.0,11.0,11.0,11.0
cmp4eias402dhjkjrk5f6lb4z,cmmx6howt0000bi1zgfsisou2,2026-05-13 18:36:41.592,62.36559139784946,27.6,62.0,84.67,7.0,11.0,11.0,11.0
cmp4eicg602djjkjri6ozawce,cmmx6howt0000bi1zgfsisou2,2026-05-13 18:36:43.758,62.4633431085044,27.6,62.0,84.47,7.0,11.0,11.0,11.0
cmp4eie4h02dljkjr1ny9vwso,cmmx6howt0000bi1zgfsisou2,2026-05-13 18:36:45.907,62.4633431085044,27.6,62.0,82.45,7.0,11.0,11.0,11.0
cmp4eifsb02dnjkjrnhp2f0nx,cmmx6howt0000bi1zgfsisou2,2026-05-13 18:36:48.080,62.36559139784946,27.6,62.0,89.51,7.0,11.0,11.0,11.0
cmp4eihhe02dpjkjrljwd0tlk,cmmx6howt0000bi1zgfsisou2,2026-05-13 18:36:50.276,62.4633431085044,27.6,62.0,82.45,7.0,11.0,11.0,11.0
cmp4eij6002drjkjrdrcs8gh9,cmmx6howt0000bi1zgfsisou2,2026-05-13 18:36:52.452,62.4633431085044,27.6,62.0,87.56,7.0,11.0,11.0,11.0
cmp4eiksz02dtjkjrlk2bw6ql,cmmx6howt0000bi1zgfsisou2,2026-05-13 18:36:54.583,62.56109481915934,27.6,62.0,84.21,7.0,11.0,11.0,11.0
cmp4eimhh02dvjkjr3hb60dou,cmmx6howt0000bi1zgfsisou2,2026-05-13 18:36:56.760,62.65884652981427,27.6,62.0,82.3,7.0,11.0,11.0,11.0
cmp4eio4x02dxjkjr4e61oztz,cmmx6howt0000bi1zgfsisou2,2026-05-13 18:36:58.904,62.65884652981427,27.6,62.0,82.49,7.0,11.0,11.0,11.0
cmp4eipu702dzjkjr9qitaq1k,cmmx6howt0000bi1zgfsisou2,2026-05-13 18:37:01.096,62.56109481915934,27.6,62.0,84.67,7.0,11.0,11.0,11.0
cmp4eiril02e1jkjrj8pf7fwe,cmmx6howt0000bi1zgfsisou2,2026-05-13 18:37:03.280,62.56109481915934,27.6,63.0,86.88,7.0,11.0,11.0,11.0
cmp4eit7802e3jkjro17n0ifl,cmmx6howt0000bi1zgfsisou2,2026-05-13 18:37:05.460,62.75659824046921,27.6,62.0,92.44,7.0,11.0,11.0,11.0
cmp4eiuur02e5jkjrlmgl1bzd,cmmx6howt0000bi1zgfsisou2,2026-05-13 18:37:07.610,62.75659824046921,27.6,62.0,89.73,7.0,11.0,11.0,11.0
cmp4eiwhp02e7jkjrrg0ax09k,cmmx6howt0000bi1zgfsisou2,2026-05-13 18:37:09.738,62.75659824046921,27.6,62.0,84.44,7.0,11.0,11.0,11.0
cmp4eiyf502e9jkjrtpk4vxr0,cmmx6howt0000bi1zgfsisou2,2026-05-13 18:37:12.232,62.65884652981427,27.6,62.0,82.0,7.0,11.0,11.0,11.0
cmp4ej02j02ebjkjrouar9914,cmmx6howt0000bi1zgfsisou2,2026-05-13 18:37:14.372,62.56109481915934,27.6,62.0,82.53,7.0,11.0,11.0,11.0
cmp4ej1q602edjkjrss612eed,cmmx6howt0000bi1zgfsisou2,2026-05-13 18:37:16.514,62.56109481915934,27.6,62.0,82.19,7.0,11.0,11.0,11.0
cmp4ej3cl02efjkjr7v5fozfp,cmmx6howt0000bi1zgfsisou2,2026-05-13 18:37:18.623,62.65884652981427,27.6,62.0,84.7,7.0,11.0,11.0,11.0
cmp4ej4zv02ehjkjr9f14z46q,cmmx6howt0000bi1zgfsisou2,2026-05-13 18:37:20.731,62.56109481915934,27.6,62.0,82.26,7.0,11.0,11.0,11.0
cmp4ej6n502ejjkjr3kpwj0id,cmmx6howt0000bi1zgfsisou2,2026-05-13 18:37:22.891,62.75659824046921,27.6,62.0,82.0,7.0,11.0,11.0,11.0
cmp4ej8aw02eljkjrnzi0rrlo,cmmx6howt0000bi1zgfsisou2,2026-05-13 18:37:25.039,62.75659824046921,27.6,62.0,82.53,7.0,11.0,11.0,11.0
cmp4ej9yy02enjkjr8i6b43es,cmmx6howt0000bi1zgfsisou2,2026-05-13 18:37:27.198,62.75659824046921,27.6,62.0,82.0,7.0,11.0,11.0,11.0
cmp4ejbno02epjkjr7qj7ef1e,cmmx6howt0000bi1zgfsisou2,2026-05-13 18:37:29.359,62.75659824046921,27.6,62.0,82.53,7.0,11.0,11.0,11.0
cmp4ejdbl02erjkjr5n2oulrs,cmmx6howt0000bi1zgfsisou2,2026-05-13 18:37:31.543,62.75659824046921,27.6,62.0,82.3,7.0,11.0,11.0,11.0
cmp4ejf1z02etjkjrepfn5dnq,cmmx6howt0000bi1zgfsisou2,2026-05-13 18:37:33.740,62.85434995112414,27.6,62.0,84.17,7.0,11.0,11.0,11.0
cmp4ejgpz02evjkjroo9u9avz,cmmx6howt0000bi1zgfsisou2,2026-05-13 18:37:35.953,62.85434995112414,27.6,62.0,82.45,7.0,11.0,11.0,11.0
cmp4ejiek02exjkjrtq18q07v,cmmx6howt0000bi1zgfsisou2,2026-05-13 18:37:38.124,62.85434995112414,27.6,62.0,86.8,7.0,11.0,11.0,11.0
cmp4ejk3g02ezjkjrqyw8gjfj,cmmx6howt0000bi1zgfsisou2,2026-05-13 18:37:40.299,62.85434995112414,27.6,62.0,82.04,7.0,11.0,11.0,11.0
cmp4ejlq902f1jkjrq8fck13q,cmmx6howt0000bi1zgfsisou2,2026-05-13 18:37:42.444,62.95210166177908,27.6,62.0,85.2,7.0,11.0,11.0,11.0
cmp4ejndf02f3jkjr9zepk1gd,cmmx6howt0000bi1zgfsisou2,2026-05-13 18:37:44.573,62.85434995112414,27.6,62.0,82.49,7.0,11.0,11.0,11.0
cmp4ejp0p02f5jkjr44q2r820,cmmx6howt0000bi1zgfsisou2,2026-05-13 18:37:46.695,62.85434995112414,27.6,62.0,82.04,7.0,11.0,11.0,11.0
cmp4ejqnx02f7jkjrekhlo9xg,cmmx6howt0000bi1zgfsisou2,2026-05-13 18:37:48.837,62.85434995112414,27.6,62.0,85.39,7.0,11.0,11.0,11.0
cmp4ejscm02f9jkjro7adyuut,cmmx6howt0000bi1zgfsisou2,2026-05-13 18:37:51.009,64.12512218963832,27.6,62.0,84.47,7.0,11.0,11.0,11.0
cmp4eju0u02fbjkjr2b7sskoy,cmmx6howt0000bi1zgfsisou2,2026-05-13 18:37:53.182,64.02737047898339,27.6,62.0,82.04,7.0,11.0,11.0,11.0
cmp4ejvq902fdjkjrzdva0b3d,cmmx6howt0000bi1zgfsisou2,2026-05-13 18:37:55.398,64.12512218963832,27.6,62.0,84.67,7.0,11.0,11.0,11.0
cmp4ejxe802ffjkjr23i47puq,cmmx6howt0000bi1zgfsisou2,2026-05-13 18:37:57.543,64.02737047898339,27.6,62.0,85.35,7.0,11.0,11.0,11.0
cmp4ejz1j02fhjkjr9cqwo63k,cmmx6howt0000bi1zgfsisou2,2026-05-13 18:37:59.693,64.02737047898339,27.6,62.0,82.3,7.0,11.0,11.0,11.0
cmp4ek0ok02fjjkjrbzeq3wb0,cmmx6howt0000bi1zgfsisou2,2026-05-13 18:38:01.818,64.12512218963832,27.6,62.0,84.63,7.0,11.0,11.0,11.0
cmp4ek2b002fljkjrsj1ro9n6,cmmx6howt0000bi1zgfsisou2,2026-05-13 18:38:03.930,62.75659824046921,27.6,62.0,82.49,7.0,11.0,11.0,11.0
cmp4ek3z702fnjkjr3pehjowc,cmmx6howt0000bi1zgfsisou2,2026-05-13 18:38:06.073,67.83968719452591,27.6,62.0,87.3,7.0,11.0,2.0,5.0
cmp4ek5ng02fpjkjrbel56u98,cmmx6howt0000bi1zgfsisou2,2026-05-13 18:38:08.238,67.5464320625611,27.6,62.0,84.63,7.0,5.0,5.0,5.0
cmp4ek7c002frjkjrdsg0pill,cmmx6howt0000bi1zgfsisou2,2026-05-13 18:38:10.433,67.35092864125123,27.5,62.0,82.19,7.0,10.0,14.0,30.0
cmp4ek90e02ftjkjri76zhuuk,cmmx6howt0000bi1zgfsisou2,2026-05-13 18:38:12.607,67.44868035190616,27.6,62.0,0.0,7.0,10.0,16.0,32.0
cmp4ekaoj02fvjkjr4obywea5,cmmx6howt0000bi1zgfsisou2,2026-05-13 18:38:14.774,71.26099706744868,27.5,63.0,7.64,7.0,14.0,21.0,43.0
cmp4ekccr02fxjkjre0zqt8v3,cmmx6howt0000bi1zgfsisou2,2026-05-13 18:38:16.928,71.16324535679375,27.5,63.0,0.0,7.0,18.0,26.0,53.0
cmp4eke0g02fzjkjr0jzjtufj,cmmx6howt0000bi1zgfsisou2,2026-05-13 18:38:19.095,70.772238514174,27.5,63.0,83.22,7.0,21.0,29.0,59.0
cmp4ekfoq02g1jkjrdta5pwzn,cmmx6howt0000bi1zgfsisou2,2026-05-13 18:38:21.257,71.16324535679375,27.5,63.0,81.81,7.0,21.0,29.0,59.0
cmp4ekhd902g3jkjr4izy6ip0,cmmx6howt0000bi1zgfsisou2,2026-05-13 18:38:23.450,71.26099706744868,27.6,63.0,83.9,7.0,21.0,29.0,59.0
cmp4ekj1802g5jkjr03rbjpdm,cmmx6howt0000bi1zgfsisou2,2026-05-13 18:38:25.595,71.16324535679375,27.5,63.0,83.71,7.0,21.0,29.0,59.0
cmp4ekkqk02g7jkjrhgw8gc60,cmmx6howt0000bi1zgfsisou2,2026-05-13 18:38:27.755,71.0654936461388,27.6,63.0,85.81,7.0,21.0,30.0,60.0
cmp4ekmeh02g9jkjrk7p565xu,cmmx6howt0000bi1zgfsisou2,2026-05-13 18:38:29.968,70.86999022482894,27.6,63.0,85.88,7.0,21.0,30.0,60.0
cmp4eko3x02gbjkjrmqnzt0x7,cmmx6howt0000bi1zgfsisou2,2026-05-13 18:38:32.157,60.41055718475074,27.6,63.0,83.48,7.0,21.0,30.0,60.0
cmp4ekps002gdjkjrd8d47p4u,cmmx6howt0000bi1zgfsisou2,2026-05-13 18:38:34.342,53.66568914956012,27.6,62.0,85.92,7.0,21.0,30.0,60.0
cmp4ekrgn02gfjkjrh02y2npg,cmmx6howt0000bi1zgfsisou2,2026-05-13 18:38:36.523,53.3724340175953,27.6,62.0,83.98,7.0,21.0,30.0,61.0
cmp4ekt4p02ghjkjr4lgl262n,cmmx6howt0000bi1zgfsisou2,2026-05-13 18:38:38.685,53.3724340175953,27.6,62.0,86.15,7.0,22.0,30.0,61.0
cmp4ekuu202gjjkjroblqjnxz,cmmx6howt0000bi1zgfsisou2,2026-05-13 18:38:40.867,53.3724340175953,27.6,62.0,85.66,7.0,22.0,30.0,61.0
cmp4ekwin02gljkjrxyv2jl85,cmmx6howt0000bi1zgfsisou2,2026-05-13 18:38:43.057,53.17693059628543,27.6,62.0,85.92,7.0,22.0,30.0,61.0
cmp4eky7l02gnjkjrnzd4sagz,cmmx6howt0000bi1zgfsisou2,2026-05-13 18:38:45.261,53.0791788856305,27.5,62.0,83.9,7.0,22.0,30.0,61.0
cmp4ekzw902gpjkjr40myhyea,cmmx6howt0000bi1zgfsisou2,2026-05-13 18:38:47.451,64.80938416422288,27.6,62.0,93.16,7.0,22.0,30.0,61.0
cmp4el1js02grjkjrd0sdpp8r,cmmx6howt0000bi1zgfsisou2,2026-05-13 18:38:49.603,68.71945259042033,27.5,62.0,46.97,7.0,21.0,30.0,61.0
cmp4el39x02gtjkjrwozn4jrt,cmmx6howt0000bi1zgfsisou2,2026-05-13 18:38:51.796,69.6969696969697,27.5,62.0,49.83,7.0,21.0,30.0,61.0
cmp4el4yg02gvjkjrd2alme9x,cmmx6howt0000bi1zgfsisou2,2026-05-13 18:38:54.012,70.4789833822092,27.6,62.0,50.17,7.0,21.0,30.0,61.0
cmp4el6mv02gxjkjraom0q6a3,cmmx6howt0000bi1zgfsisou2,2026-05-13 18:38:56.168,70.18572825024438,27.6,62.0,49.95,7.0,21.0,30.0,61.0
cmp4el8cj02gzjkjrcdcu8ium,cmmx6howt0000bi1zgfsisou2,2026-05-13 18:38:58.384,70.08797653958945,27.5,62.0,49.95,7.0,21.0,30.0,61.0
cmp4ela1702h1jkjr4riqmq8g,cmmx6howt0000bi1zgfsisou2,2026-05-13 18:39:00.574,70.28347996089931,27.6,62.0,50.17,7.0,21.0,30.0,61.0
cmp4elboh02h3jkjrwo9cpaxu,cmmx6howt0000bi1zgfsisou2,2026-05-13 18:39:02.733,70.38123167155426,27.6,62.0,49.95,7.0,21.0,30.0,61.0
cmp4eldc602h5jkjrshvbl1d0,cmmx6howt0000bi1zgfsisou2,2026-05-13 18:39:04.875,70.57673509286413,27.6,62.0,42.63,7.0,21.0,30.0,61.0
cmp4elezp02h7jkjrr0x34cv3,cmmx6howt0000bi1zgfsisou2,2026-05-13 18:39:07.019,70.28347996089931,27.6,62.0,31.27,7.0,21.0,30.0,61.0
cmp4elgn202h9jkjrmnvgy8ad,cmmx6howt0000bi1zgfsisou2,2026-05-13 18:39:09.149,70.86999022482894,27.6,62.0,0.0,7.0,61.0,61.0,6.0
cmp4eliap02hbjkjres9t3j74,cmmx6howt0000bi1zgfsisou2,2026-05-13 18:39:11.302,75.8553274682307,27.5,63.0,3.87,7.0,16.0,22.0,47.0
cmp4eljy902hdjkjr5idgv3vn,cmmx6howt0000bi1zgfsisou2,2026-05-13 18:39:13.443,75.366568914956,27.5,63.0,93.16,7.0,19.0,27.0,54.0
cmp4ellsb02hfjkjrdynm48fz,cmmx6howt0000bi1zgfsisou2,2026-05-13 18:39:15.685,75.56207233626589,27.5,63.0,100.0,7.0,20.0,29.0,59.0
cmp4elnfz02hhjkjr3cwvylwp,cmmx6howt0000bi1zgfsisou2,2026-05-13 18:39:17.976,75.46432062561095,27.6,63.0,93.05,7.0,22.0,30.0,61.0
cmp4elp2n02hjjkjru3z5ircf,cmmx6howt0000bi1zgfsisou2,2026-05-13 18:39:20.089,75.8553274682307,27.6,63.0,97.47,7.0,22.0,30.0,61.0
cmp4elqq602hljkjrsmoylbpe,cmmx6howt0000bi1zgfsisou2,2026-05-13 18:39:22.218,75.8553274682307,27.6,63.0,89.51,7.0,22.0,30.0,61.0
cmp4elsd802hnjkjr9w6xw9fh,cmmx6howt0000bi1zgfsisou2,2026-05-13 18:39:24.357,75.8553274682307,27.6,63.0,89.73,7.0,22.0,30.0,62.0
cmp4elu0d02hpjkjrt020hzek,cmmx6howt0000bi1zgfsisou2,2026-05-13 18:39:26.482,76.05083088954056,27.6,63.0,93.85,7.0,22.0,31.0,62.0
cmp4elvox02hrjkjruofmearo,cmmx6howt0000bi1zgfsisou2,2026-05-13 18:39:28.643,76.05083088954056,27.6,64.0,89.73,7.0,22.0,30.0,61.0
cmp4elxcd02htjkjryv4gtnh7,cmmx6howt0000bi1zgfsisou2,2026-05-13 18:39:30.800,76.1485826001955,27.6,64.0,93.89,7.0,22.0,30.0,61.0
cmp4elz0302hvjkjrut4ia9qo,cmmx6howt0000bi1zgfsisou2,2026-05-13 18:39:32.957,75.46432062561095,27.6,63.0,91.56,7.0,22.0,30.0,61.0
cmp4em0nw02hxjkjrywqwwmnk,cmmx6howt0000bi1zgfsisou2,2026-05-13 18:39:35.079,75.56207233626589,27.6,64.0,95.87,7.0,22.0,30.0,61.0
cmp4em2as02hzjkjr1fdfl574,cmmx6howt0000bi1zgfsisou2,2026-05-13 18:39:37.231,75.8553274682307,27.6,64.0,91.6,7.0,22.0,30.0,61.0
cmp4em3yf02i1jkjrc1ygwtt6,cmmx6howt0000bi1zgfsisou2,2026-05-13 18:39:39.364,76.24633431085044,27.6,64.0,95.91,7.0,22.0,30.0,61.0
cmp4em5nk02i3jkjrl8belxyc,cmmx6howt0000bi1zgfsisou2,2026-05-13 18:39:41.544,76.34408602150538,27.6,64.0,96.14,7.0,22.0,30.0,61.0
cmp4em7at02i5jkjroorixene,cmmx6howt0000bi1zgfsisou2,2026-05-13 18:39:43.706,76.34408602150538,27.6,64.0,96.02,7.0,22.0,30.0,61.0
cmp4em90602i7jkjrvb8fam4f,cmmx6howt0000bi1zgfsisou2,2026-05-13 18:39:45.835,76.24633431085044,27.6,64.0,95.76,7.0,22.0,30.0,61.0
cmp4emao702i9jkjrx0kfdw1u,cmmx6howt0000bi1zgfsisou2,2026-05-13 18:39:48.073,76.34408602150538,27.6,64.0,96.02,7.0,22.0,30.0,61.0
cmp4emcb402ibjkjrges0w9uz,cmmx6howt0000bi1zgfsisou2,2026-05-13 18:39:50.206,76.34408602150538,27.6,64.0,100.0,7.0,22.0,30.0,61.0
cmp4emdyh02idjkjrrxtjs6zg,cmmx6howt0000bi1zgfsisou2,2026-05-13 18:39:52.345,76.34408602150538,27.6,64.0,98.69,7.0,22.0,30.0,61.0
cmp4emfn302ifjkjrjtxo6wz9,cmmx6howt0000bi1zgfsisou2,2026-05-13 18:39:54.503,76.34408602150538,27.6,63.0,96.21,7.0,22.0,30.0,61.0
cmp4emhdv02ihjkjrq4snefr1,cmmx6howt0000bi1zgfsisou2,2026-05-13 18:39:56.785,76.34408602150538,27.6,63.0,100.0,7.0,22.0,30.0,61.0
cmp4emj0k02ijjkjrupestm7g,cmmx6howt0000bi1zgfsisou2,2026-05-13 18:39:58.898,75.75757575757575,27.5,63.0,100.0,7.0,22.0,30.0,61.0
cmp4emkpc02iljkjr16oy7qyo,cmmx6howt0000bi1zgfsisou2,2026-05-13 18:40:01.080,75.95307917888563,27.6,63.0,98.19,7.0,22.0,30.0,62.0
cmp4emmd302injkjryoklg2fi,cmmx6howt0000bi1zgfsisou2,2026-05-13 18:40:03.233,76.34408602150538,27.5,63.0,100.0,7.0,22.0,31.0,62.0
cmp4emo1y02ipjkjrtyb5yifg,cmmx6howt0000bi1zgfsisou2,2026-05-13 18:40:05.414,76.44183773216031,27.6,63.0,100.0,7.0,22.0,30.0,61.0
cmp4empsm02irjkjrejk79xzu,cmmx6howt0000bi1zgfsisou2,2026-05-13 18:40:07.641,76.44183773216031,27.6,63.0,100.0,7.0,22.0,30.0,61.0
cmp4emrfw02itjkjrvtr8stzq,cmmx6howt0000bi1zgfsisou2,2026-05-13 18:40:09.814,76.44183773216031,27.6,63.0,100.0,7.0,22.0,30.0,61.0
cmp4emt5r02ivjkjrdcwc9mpz,cmmx6howt0000bi1zgfsisou2,2026-05-13 18:40:12.023,76.1485826001955,27.5,63.0,100.0,7.0,21.0,30.0,61.0
cmp4emuud02ixjkjrd6x5rr0p,cmmx6howt0000bi1zgfsisou2,2026-05-13 18:40:14.221,66.08015640273706,27.5,63.0,95.98,7.0,21.0,30.0,61.0
cmp4emwih02izjkjrqt9ux484,cmmx6howt0000bi1zgfsisou2,2026-05-13 18:40:16.361,69.99022482893452,27.5,62.0,99.19,7.0,21.0,30.0,58.0
cmp4emy7c02j1jkjrfnebv5ul,cmmx6howt0000bi1zgfsisou2,2026-05-13 18:40:18.567,59.33528836754643,27.6,62.0,98.92,7.0,18.0,26.0,52.0
cmp4emzwl02j3jkjrwhzzaio5,cmmx6howt0000bi1zgfsisou2,2026-05-13 18:40:20.771,69.11045943304008,27.6,62.0,98.88,7.0,19.0,27.0,54.0
cmp4en1kr02j5jkjrxej14v7g,cmmx6howt0000bi1zgfsisou2,2026-05-13 18:40:22.944,70.08797653958945,27.6,62.0,98.16,7.0,21.0,30.0,62.0
cmp4en38q02j7jkjrc9zfjqed,cmmx6howt0000bi1zgfsisou2,2026-05-13 18:40:25.092,69.40371456500489,27.6,62.0,100.0,7.0,24.0,33.0,67.0
cmp4en4wi02j9jkjrtspt3cem,cmmx6howt0000bi1zgfsisou2,2026-05-13 18:40:27.259,69.50146627565982,27.6,63.0,98.96,7.0,24.0,33.0,67.0
cmp4en6ln02jbjkjru385heem,cmmx6howt0000bi1zgfsisou2,2026-05-13 18:40:29.447,69.89247311827957,27.6,63.0,98.65,7.0,24.0,33.0,67.0
cmp4en8ax02jdjkjrorh7qn0x,cmmx6howt0000bi1zgfsisou2,2026-05-13 18:40:31.648,69.6969696969697,27.6,63.0,96.78,7.0,24.0,33.0,67.0
cmp4en9yz02jfjkjr0r6mc9fo,cmmx6howt0000bi1zgfsisou2,2026-05-13 18:40:33.826,63.04985337243401,27.8,61.0,82.07,7.0,11.0,11.0,11.0
cmp4enblu02jhjkjrzh45007g,cmmx6howt0000bi1zgfsisou2,2026-05-13 18:40:35.951,63.04985337243401,27.8,62.0,82.23,7.0,11.0,11.0,11.0
cmp4end9d02jjjkjr2rfo2dsr,cmmx6howt0000bi1zgfsisou2,2026-05-13 18:40:38.090,63.04985337243401,27.8,62.0,82.53,7.0,11.0,11.0,11.0
cmp4enexc02jljkjruvsgwyb2,cmmx6howt0000bi1zgfsisou2,2026-05-13 18:40:40.230,63.04985337243401,27.8,62.0,82.53,7.0,11.0,11.0,11.0
cmp4englx02jnjkjrvmx51ssz,cmmx6howt0000bi1zgfsisou2,2026-05-13 18:40:42.430,62.95210166177908,27.8,62.0,84.44,7.0,11.0,11.0,11.0
cmp4eni9z02jpjkjre461ukq9,cmmx6howt0000bi1zgfsisou2,2026-05-13 18:40:44.575,62.95210166177908,27.8,62.0,92.36,7.0,11.0,11.0,11.0
cmp4enjxm02jrjkjralu3jmdn,cmmx6howt0000bi1zgfsisou2,2026-05-13 18:40:46.732,62.95210166177908,27.8,61.0,89.54,7.0,11.0,11.0,11.0
cmp4enll702jtjkjrq6vem1rt,cmmx6howt0000bi1zgfsisou2,2026-05-13 18:40:48.883,62.85434995112414,27.8,61.0,84.63,7.0,11.0,11.0,11.0
cmp4enn9v02jvjkjrlhjj9hqm,cmmx6howt0000bi1zgfsisou2,2026-05-13 18:40:51.046,62.75659824046921,27.8,61.0,82.07,7.0,11.0,11.0,11.0
cmp4enoym02jxjkjri0v3izg9,cmmx6howt0000bi1zgfsisou2,2026-05-13 18:40:53.250,62.75659824046921,27.8,61.0,82.49,7.0,11.0,11.0,11.0
cmp4enqnw02jzjkjrd97hymur,cmmx6howt0000bi1zgfsisou2,2026-05-13 18:40:55.430,62.75659824046921,27.8,61.0,82.3,7.0,11.0,11.0,11.0
cmp4ensca02k1jkjr2sueghkv,cmmx6howt0000bi1zgfsisou2,2026-05-13 18:40:57.630,62.75659824046921,27.8,61.0,85.16,7.0,11.0,11.0,11.0
cmp4enu0n02k3jkjrh3siq3ui,cmmx6howt0000bi1zgfsisou2,2026-05-13 18:40:59.769,62.75659824046921,27.8,61.0,82.26,7.0,11.0,11.0,11.0
cmp4envos02k5jkjrxe6ac0bw,cmmx6howt0000bi1zgfsisou2,2026-05-13 18:41:01.954,62.65884652981427,27.8,61.0,90.23,7.0,11.0,11.0,11.0
cmp4enxcy02k7jkjrwunc159h,cmmx6howt0000bi1zgfsisou2,2026-05-13 18:41:04.132,62.65884652981427,27.8,61.0,92.36,7.0,11.0,11.0,11.0
cmp4enz0r02k9jkjrgo7wvmmr,cmmx6howt0000bi1zgfsisou2,2026-05-13 18:41:06.285,62.65884652981427,27.7,61.0,92.4,7.0,11.0,11.0,11.0
cmp4eo0oh02kbjkjr8mqlvrut,cmmx6howt0000bi1zgfsisou2,2026-05-13 18:41:08.443,62.65884652981427,27.8,61.0,82.26,7.0,11.0,11.0,11.0
cmp4eo2d302kdjkjr8ylqwwza,cmmx6howt0000bi1zgfsisou2,2026-05-13 18:41:10.622,62.65884652981427,27.7,61.0,82.45,7.0,11.0,11.0,11.0
cmp4eo41402kfjkjrenvkc998,cmmx6howt0000bi1zgfsisou2,2026-05-13 18:41:12.789,62.65884652981427,27.7,61.0,82.45,7.0,11.0,11.0,11.0
cmp4eo5nz02khjkjr6d9p37ea,cmmx6howt0000bi1zgfsisou2,2026-05-13 18:41:14.909,62.65884652981427,27.8,61.0,85.31,7.0,11.0,11.0,11.0
cmp4eo7kd02kjjkjri68ld7hz,cmmx6howt0000bi1zgfsisou2,2026-05-13 18:41:17.337,62.65884652981427,27.7,62.0,82.07,7.0,11.0,11.0,11.0
cmp4eo98t02kljkjrw8nby1dk,cmmx6howt0000bi1zgfsisou2,2026-05-13 18:41:19.524,62.65884652981427,27.7,62.0,82.07,7.0,11.0,11.0,11.0
cmp4eoawn02knjkjrr8b00o2p,cmmx6howt0000bi1zgfsisou2,2026-05-13 18:41:21.687,62.65884652981427,27.7,62.0,82.07,7.0,11.0,11.0,11.0
cmp4eocm002kpjkjrl7psng01,cmmx6howt0000bi1zgfsisou2,2026-05-13 18:41:23.896,62.65884652981427,27.7,62.0,84.25,7.0,11.0,11.0,11.0
cmp4eoe8u02krjkjrii5ubn07,cmmx6howt0000bi1zgfsisou2,2026-05-13 18:41:26.026,62.65884652981427,27.7,62.0,82.04,7.0,11.0,11.0,11.0
cmp4eofw202ktjkjrd6ke3ppg,cmmx6howt0000bi1zgfsisou2,2026-05-13 18:41:28.160,62.56109481915934,27.7,62.0,82.07,7.0,11.0,11.0,11.0
cmp4eohjm02kvjkjrx3bk2x3o,cmmx6howt0000bi1zgfsisou2,2026-05-13 18:41:30.305,62.56109481915934,27.7,62.0,82.07,7.0,11.0,11.0,11.0
cmp4eoj6h02kxjkjrsm4qfovz,cmmx6howt0000bi1zgfsisou2,2026-05-13 18:41:32.424,62.65884652981427,27.7,62.0,86.65,7.0,11.0,11.0,11.0
cmp4eokt202kzjkjryyvi08eg,cmmx6howt0000bi1zgfsisou2,2026-05-13 18:41:34.530,62.65884652981427,27.7,62.0,84.47,7.0,11.0,11.0,11.0
cmp4eomgc02l1jkjrjzamnmd7,cmmx6howt0000bi1zgfsisou2,2026-05-13 18:41:36.647,62.65884652981427,27.7,61.0,82.49,7.0,11.0,11.0,11.0
cmp4eoo3y02l3jkjrft8cemgd,cmmx6howt0000bi1zgfsisou2,2026-05-13 18:41:38.783,62.4633431085044,27.7,61.0,82.53,7.0,11.0,11.0,11.0
cmp4eopsc02l5jkjr5hxcsqc0,cmmx6howt0000bi1zgfsisou2,2026-05-13 18:41:40.957,62.65884652981427,27.7,61.0,84.36,7.0,11.0,11.0,11.0
cmp4eorg102l7jkjrhggzscre,cmmx6howt0000bi1zgfsisou2,2026-05-13 18:41:43.137,62.65884652981427,27.7,61.0,82.49,7.0,11.0,11.0,11.0
cmp4eot3b02l9jkjrispf624g,cmmx6howt0000bi1zgfsisou2,2026-05-13 18:41:45.262,62.65884652981427,27.7,61.0,84.44,7.0,11.0,11.0,11.0
cmp4eouqn02lbjkjr915c3tvz,cmmx6howt0000bi1zgfsisou2,2026-05-13 18:41:47.400,62.56109481915934,27.7,61.0,82.23,7.0,11.0,11.0,11.0
cmp4eowen02ldjkjrm7hfqlbt,cmmx6howt0000bi1zgfsisou2,2026-05-13 18:41:49.552,62.75659824046921,27.7,61.0,82.49,7.0,11.0,11.0,11.0
cmp4eoy2602lfjkjr8asj07zy,cmmx6howt0000bi1zgfsisou2,2026-05-13 18:41:51.701,62.75659824046921,27.7,61.0,82.42,7.0,11.0,11.0,11.0
cmp4eozpv02lhjkjrqyguaeb1,cmmx6howt0000bi1zgfsisou2,2026-05-13 18:41:53.843,62.65884652981427,27.7,61.0,82.0,7.0,11.0,11.0,11.0
cmp4ep1dv02ljjkjrdgtbqjdo,cmmx6howt0000bi1zgfsisou2,2026-05-13 18:41:56.006,62.65884652981427,27.7,61.0,82.49,7.0,11.0,11.0,11.0
cmp4ep33b02lljkjriml9rha0,cmmx6howt0000bi1zgfsisou2,2026-05-13 18:41:58.207,62.65884652981427,27.7,61.0,84.36,7.0,11.0,11.0,11.0
cmp4ep4r302lnjkjrcnxkkqc3,cmmx6howt0000bi1zgfsisou2,2026-05-13 18:42:00.367,62.75659824046921,27.7,61.0,89.54,7.0,11.0,11.0,11.0
cmp4ep6ey02lpjkjr218pfuxe,cmmx6howt0000bi1zgfsisou2,2026-05-13 18:42:02.533,62.65884652981427,27.7,61.0,84.67,7.0,11.0,11.0,11.0
cmp4ep83102lrjkjr6ac63fci,cmmx6howt0000bi1zgfsisou2,2026-05-13 18:42:04.678,62.56109481915934,27.7,61.0,82.26,7.0,11.0,11.0,11.0
cmp4ep9rd02ltjkjrhq1esrlx,cmmx6howt0000bi1zgfsisou2,2026-05-13 18:42:06.859,62.65884652981427,27.7,61.0,82.49,7.0,11.0,11.0,11.0
cmp4epbgx02lvjkjrfse7cezc,cmmx6howt0000bi1zgfsisou2,2026-05-13 18:42:09.048,62.56109481915934,27.7,61.0,82.49,7.0,11.0,11.0,11.0
cmp4epd3k02lxjkjrwr5njuhh,cmmx6howt0000bi1zgfsisou2,2026-05-13 18:42:11.195,62.75659824046921,27.7,61.0,89.51,7.0,11.0,11.0,11.0
cmp4epeq902lzjkjrzn7uh4km,cmmx6howt0000bi1zgfsisou2,2026-05-13 18:42:13.293,62.75659824046921,27.7,61.0,82.11,7.0,11.0,11.0,11.0
cmp4epgeb02m1jkjrjcs4hrpa,cmmx6howt0000bi1zgfsisou2,2026-05-13 18:42:15.444,62.75659824046921,27.7,61.0,82.49,7.0,11.0,11.0,11.0
cmp4epi2h02m3jkjrcf71ieq8,cmmx6howt0000bi1zgfsisou2,2026-05-13 18:42:17.632,62.75659824046921,27.7,61.0,82.04,7.0,11.0,11.0,11.0
cmp4epjpt02m5jkjra52d2lwe,cmmx6howt0000bi1zgfsisou2,2026-05-13 18:42:19.769,62.75659824046921,27.7,62.0,89.51,7.0,11.0,11.0,11.0
cmp4epldp02m7jkjr445hmjg9,cmmx6howt0000bi1zgfsisou2,2026-05-13 18:42:21.922,62.75659824046921,27.7,62.0,82.07,7.0,11.0,11.0,11.0
cmp4epn2s02m9jkjri5gmg9i6,cmmx6howt0000bi1zgfsisou2,2026-05-13 18:42:24.114,62.85434995112414,27.7,62.0,86.65,7.0,11.0,11.0,11.0
cmp4epor602mbjkjrox6yncv1,cmmx6howt0000bi1zgfsisou2,2026-05-13 18:42:26.271,62.85434995112414,27.7,62.0,95.34,7.0,11.0,11.0,11.0
cmp4epqeu02mdjkjrfpxakz6o,cmmx6howt0000bi1zgfsisou2,2026-05-13 18:42:28.436,62.75659824046921,27.7,62.0,92.36,7.0,11.0,11.0,11.0
cmp4eps2z02mfjkjr2aqeuv31,cmmx6howt0000bi1zgfsisou2,2026-05-13 18:42:30.605,62.75659824046921,27.7,62.0,89.51,7.0,11.0,11.0,11.0
cmp4eptqb02mhjkjr1ujsuroh,cmmx6howt0000bi1zgfsisou2,2026-05-13 18:42:32.738,62.85434995112414,27.7,62.0,82.53,7.0,11.0,11.0,11.0
cmp4epvee02mjjkjrmdjhcj3o,cmmx6howt0000bi1zgfsisou2,2026-05-13 18:42:34.892,62.85434995112414,27.7,62.0,82.26,7.0,11.0,11.0,11.0
cmp4epx2w02mljkjrg5szpyhr,cmmx6howt0000bi1zgfsisou2,2026-05-13 18:42:37.068,62.75659824046921,27.6,62.0,90.23,7.0,11.0,11.0,11.0
cmp4epyqp02mnjkjrx29kar4z,cmmx6howt0000bi1zgfsisou2,2026-05-13 18:42:39.226,62.75659824046921,27.7,61.0,82.45,7.0,11.0,11.0,11.0
cmp4eq0f102mpjkjrcbql65un,cmmx6howt0000bi1zgfsisou2,2026-05-13 18:42:41.393,62.75659824046921,27.7,61.0,84.47,7.0,11.0,11.0,11.0
cmp4eq22s02mrjkjrmzwdvcws,cmmx6howt0000bi1zgfsisou2,2026-05-13 18:42:43.544,62.85434995112414,27.7,61.0,89.31,7.0,11.0,11.0,11.0
cmp4eq3qp02mtjkjryj86ype0,cmmx6howt0000bi1zgfsisou2,2026-05-13 18:42:45.718,62.85434995112414,27.7,61.0,84.7,7.0,11.0,11.0,11.0
cmp4eq5gn02mvjkjryedvmst2,cmmx6howt0000bi1zgfsisou2,2026-05-13 18:42:47.885,62.85434995112414,27.6,61.0,82.53,7.0,11.0,11.0,11.0
cmp4eq75p02mxjkjrtnfcatjc,cmmx6howt0000bi1zgfsisou2,2026-05-13 18:42:50.131,62.75659824046921,27.7,61.0,84.13,7.0,11.0,11.0,11.0
cmp4eq8sy02mzjkjrd68hnvsm,cmmx6howt0000bi1zgfsisou2,2026-05-13 18:42:52.278,62.75659824046921,27.6,61.0,91.68,7.0,11.0,11.0,11.0
cmp4eqahe02n1jkjrmqs7w1ub,cmmx6howt0000bi1zgfsisou2,2026-05-13 18:42:54.452,62.85434995112414,27.6,61.0,92.36,7.0,11.0,11.0,11.0
cmp4eqc4q02n3jkjr8ipwyj0m,cmmx6howt0000bi1zgfsisou2,2026-05-13 18:42:56.596,62.75659824046921,27.6,62.0,94.61,7.0,11.0,11.0,11.0
cmp4eqdst02n5jkjr0rc6fo6a,cmmx6howt0000bi1zgfsisou2,2026-05-13 18:42:58.753,62.85434995112414,27.6,62.0,82.53,7.0,11.0,11.0,11.0
cmp4eqfht02n7jkjrvhrb89wo,cmmx6howt0000bi1zgfsisou2,2026-05-13 18:43:00.937,62.65884652981427,27.6,62.0,90.27,7.0,11.0,11.0,11.0
cmp4f4nof0001f4mn1a0o0jav,cmmx6howt0000bi1zgfsisou2,2026-05-13 18:54:04.708,76.93059628543499,27.3,64.0,89.66,7.0,24.0,34.0,68.0
cmp4f4qd80003f4mnznql5xoy,cmmx6howt0000bi1zgfsisou2,2026-05-13 18:54:08.216,76.34408602150538,27.3,64.0,89.43,7.0,24.0,34.0,68.0
cmp4f4t2q0005f4mnfv5cqwfa,cmmx6howt0000bi1zgfsisou2,2026-05-13 18:54:11.727,77.02834799608993,27.3,64.0,89.43,7.0,24.0,34.0,68.0
cmp4f4vs90007f4mnpmzn3o46,cmmx6howt0000bi1zgfsisou2,2026-05-13 18:54:15.236,77.12609970674487,27.3,64.0,89.51,7.0,24.0,34.0,68.0
cmp4f4yha0009f4mnywg2gnzd,cmmx6howt0000bi1zgfsisou2,2026-05-13 18:54:18.745,77.12609970674487,27.3,64.0,89.77,7.0,24.0,34.0,68.0
cmp4f516o000bf4mnx24cx88y,cmmx6howt0000bi1zgfsisou2,2026-05-13 18:54:22.254,77.12609970674487,27.3,64.0,89.2,7.0,24.0,34.0,68.0
cmp4f53wl000df4mnbc94xmow,cmmx6howt0000bi1zgfsisou2,2026-05-13 18:54:25.763,77.12609970674487,27.3,64.0,89.7,7.0,24.0,34.0,68.0
cmp4f56lz000ff4mndo585u7v,cmmx6howt0000bi1zgfsisou2,2026-05-13 18:54:29.273,77.12609970674487,27.3,64.0,89.16,7.0,24.0,34.0,68.0
cmp4f59az000hf4mnpwbulhta,cmmx6howt0000bi1zgfsisou2,2026-05-13 18:54:32.782,77.02834799608993,27.3,64.0,89.77,7.0,24.0,34.0,68.0
cmp4f5c0i000jf4mnr2khikj6,cmmx6howt0000bi1zgfsisou2,2026-05-13 18:54:36.292,77.02834799608993,27.3,64.0,89.43,7.0,24.0,34.0,68.0
cmp4f5eqa000lf4mngc67556p,cmmx6howt0000bi1zgfsisou2,2026-05-13 18:54:39.801,77.2238514173998,27.3,64.0,89.54,7.0,24.0,34.0,68.0
cmp4f5hfu000nf4mnj0o88fus,cmmx6howt0000bi1zgfsisou2,2026-05-13 18:54:43.311,77.12609970674487,27.3,64.0,89.47,7.0,24.0,34.0,68.0
cmp4f5k5h000pf4mn2g0dz75x,cmmx6howt0000bi1zgfsisou2,2026-05-13 18:54:46.820,76.53958944281524,27.3,64.0,89.51,7.0,24.0,34.0,68.0
cmp4f5mue000rf4mnnmrz0yrn,cmmx6howt0000bi1zgfsisou2,2026-05-13 18:54:50.329,77.02834799608993,27.3,64.0,89.62,7.0,24.0,34.0,68.0
cmp4f5pk1000tf4mn7rxwv0tg,cmmx6howt0000bi1zgfsisou2,2026-05-13 18:54:53.839,77.12609970674487,27.3,64.0,89.96,7.0,24.0,34.0,68.0
cmp4f5s9r000vf4mn0uvcilu1,cmmx6howt0000bi1zgfsisou2,2026-05-13 18:54:57.348,77.12609970674487,27.3,64.0,89.62,7.0,24.0,34.0,68.0
cmp4f5uyv000xf4mn2wjs2vhc,cmmx6howt0000bi1zgfsisou2,2026-05-13 18:55:00.858,77.12609970674487,27.3,65.0,89.54,7.0,24.0,34.0,68.0
cmp4f5xp3000zf4mnalifi9u0,cmmx6howt0000bi1zgfsisou2,2026-05-13 18:55:04.368,77.2238514173998,27.3,65.0,89.73,7.0,24.0,34.0,68.0
cmp4f60dw0011f4mn1qc7128c,cmmx6howt0000bi1zgfsisou2,2026-05-13 18:55:07.877,77.12609970674487,27.3,65.0,89.51,7.0,24.0,34.0,68.0
cmp4f633s0013f4mnlxq7wy40,cmmx6howt0000bi1zgfsisou2,2026-05-13 18:55:11.386,77.02834799608993,27.3,65.0,89.47,7.0,24.0,34.0,68.0
cmp4f65tl0015f4mnl3o30cap,cmmx6howt0000bi1zgfsisou2,2026-05-13 18:55:14.896,77.12609970674487,27.3,65.0,89.7,7.0,24.0,34.0,68.0
cmp4f68id0017f4mnuagxk9o4,cmmx6howt0000bi1zgfsisou2,2026-05-13 18:55:18.405,77.2238514173998,27.3,64.0,89.24,7.0,24.0,34.0,68.0
cmp4f6boq0019f4mn21a6qqsl,cmmx6howt0000bi1zgfsisou2,2026-05-13 18:55:22.493,77.2238514173998,27.3,64.0,89.66,7.0,24.0,34.0,68.0
cmp4f6eu1001bf4mn7cuhubg3,cmmx6howt0000bi1zgfsisou2,2026-05-13 18:55:26.594,77.12609970674487,27.3,64.0,89.2,7.0,24.0,34.0,68.0
cmp4f6gn7001df4mnvg9vh9w8,cmmx6howt0000bi1zgfsisou2,2026-05-13 18:55:28.934,76.44183773216031,27.3,64.0,89.77,7.0,24.0,34.0,69.0
cmp4f6jcn001ff4mn15cfqrmh,cmmx6howt0000bi1zgfsisou2,2026-05-13 18:55:32.443,77.12609970674487,27.3,64.0,89.47,7.0,24.0,34.0,68.0
cmp4f6m1q001hf4mny5hp8k4x,cmmx6howt0000bi1zgfsisou2,2026-05-13 18:55:35.952,77.12609970674487,27.3,64.0,89.54,7.0,24.0,34.0,68.0
cmp4f6orl001jf4mna364ho99,cmmx6howt0000bi1zgfsisou2,2026-05-13 18:55:39.462,77.2238514173998,27.3,64.0,89.51,7.0,24.0,34.0,68.0
cmp4f6rhw001lf4mnifsozsb6,cmmx6howt0000bi1zgfsisou2,2026-05-13 18:55:42.972,77.2238514173998,27.3,64.0,89.2,7.0,24.0,34.0,68.0
cmp4f6u6j001nf4mnbf1ij05g,cmmx6howt0000bi1zgfsisou2,2026-05-13 18:55:46.481,77.02834799608993,27.3,64.0,89.66,7.0,24.0,34.0,68.0
cmp4f6wwm001pf4mn8aebrq9k,cmmx6howt0000bi1zgfsisou2,2026-05-13 18:55:49.991,77.2238514173998,27.3,64.0,89.54,7.0,24.0,34.0,68.0
cmp4f6zm6001rf4mnnkwivn2n,cmmx6howt0000bi1zgfsisou2,2026-05-13 18:55:53.499,77.2238514173998,27.3,64.0,89.54,7.0,24.0,34.0,68.0
cmp4f72b9001tf4mnh1wkc47d,cmmx6howt0000bi1zgfsisou2,2026-05-13 18:55:57.010,77.2238514173998,27.3,64.0,89.43,7.0,24.0,34.0,68.0
cmp4f7517001vf4mn1fgmfoop,cmmx6howt0000bi1zgfsisou2,2026-05-13 18:56:00.519,77.2238514173998,27.3,64.0,89.54,7.0,24.0,34.0,69.0
cmp4f77qp001xf4mns8u9zi0o,cmmx6howt0000bi1zgfsisou2,2026-05-13 18:56:04.029,77.12609970674487,27.3,64.0,89.54,7.0,24.0,34.0,69.0
cmp4f7afr001zf4mnfuhxtfmn,cmmx6howt0000bi1zgfsisou2,2026-05-13 18:56:07.538,76.63734115347019,27.3,64.0,89.43,7.0,24.0,34.0,68.0
cmp4f7d5r0021f4mnsq5izn83,cmmx6howt0000bi1zgfsisou2,2026-05-13 18:56:11.047,76.93059628543499,27.3,64.0,89.54,7.0,24.0,34.0,68.0
cmp4f7ful0023f4mno90bjbfw,cmmx6howt0000bi1zgfsisou2,2026-05-13 18:56:14.556,77.2238514173998,27.3,64.0,89.7,7.0,24.0,34.0,68.0
cmp4f7ik90025f4mn4zs8upf6,cmmx6howt0000bi1zgfsisou2,2026-05-13 18:56:18.066,77.2238514173998,27.3,64.0,89.28,7.0,24.0,34.0,68.0
cmp4f7l9e0027f4mn3dsxnz7q,cmmx6howt0000bi1zgfsisou2,2026-05-13 18:56:21.575,77.12609970674487,27.3,64.0,89.7,7.0,24.0,34.0,68.0
cmp4f7nz50029f4mn5z5ozit1,cmmx6howt0000bi1zgfsisou2,2026-05-13 18:56:25.083,77.2238514173998,27.3,64.0,89.51,7.0,24.0,34.0,68.0
cmp4f7qon002bf4mn4b547d0f,cmmx6howt0000bi1zgfsisou2,2026-05-13 18:56:28.593,77.2238514173998,27.3,64.0,89.54,7.0,24.0,34.0,68.0
cmp4f7te3002df4mn7nyx2x29,cmmx6howt0000bi1zgfsisou2,2026-05-13 18:56:32.103,77.2238514173998,27.3,63.0,89.43,7.0,24.0,34.0,68.0
cmp4f7w3s002ff4mnnrct9moh,cmmx6howt0000bi1zgfsisou2,2026-05-13 18:56:35.612,77.2238514173998,27.3,64.0,89.51,7.0,24.0,34.0,68.0
cmp4f7yt7002hf4mng3yhr8fe,cmmx6howt0000bi1zgfsisou2,2026-05-13 18:56:39.123,77.2238514173998,27.3,63.0,89.24,7.0,24.0,34.0,68.0
cmp4f81hz002jf4mn3y199riw,cmmx6howt0000bi1zgfsisou2,2026-05-13 18:56:42.631,77.2238514173998,27.3,64.0,89.51,7.0,24.0,34.0,68.0
cmp4f848d002lf4mn3pgo3w3d,cmmx6howt0000bi1zgfsisou2,2026-05-13 18:56:46.141,77.2238514173998,27.3,63.0,89.43,7.0,24.0,34.0,69.0
cmp4f86xi002nf4mnkrk1hu8o,cmmx6howt0000bi1zgfsisou2,2026-05-13 18:56:49.651,76.53958944281524,27.3,63.0,89.51,7.0,24.0,34.0,69.0
cmp4f89my002pf4mnd89lxlmy,cmmx6howt0000bi1zgfsisou2,2026-05-13 18:56:53.161,77.12609970674487,27.3,63.0,89.43,7.0,24.0,34.0,69.0
cmp4f8cck002rf4mn6g9uve2u,cmmx6howt0000bi1zgfsisou2,2026-05-13 18:56:56.671,77.2238514173998,27.3,63.0,89.28,7.0,24.0,34.0,68.0
cmp4f8f29002tf4mno17c7d2k,cmmx6howt0000bi1zgfsisou2,2026-05-13 18:57:00.180,77.12609970674487,27.4,63.0,89.47,7.0,24.0,34.0,68.0
cmp4f8hru002vf4mn5g0ytxnc,cmmx6howt0000bi1zgfsisou2,2026-05-13 18:57:03.690,77.2238514173998,27.3,63.0,89.47,7.0,24.0,34.0,68.0
cmp4f8kh5002xf4mnvxdawinm,cmmx6howt0000bi1zgfsisou2,2026-05-13 18:57:07.199,77.32160312805473,27.3,63.0,89.28,7.0,24.0,34.0,68.0
cmp4f8n6i002zf4mn70sixdkj,cmmx6howt0000bi1zgfsisou2,2026-05-13 18:57:10.709,77.2238514173998,27.3,63.0,89.2,7.0,24.0,34.0,68.0
cmp4f8pvt0031f4mnfguinhix,cmmx6howt0000bi1zgfsisou2,2026-05-13 18:57:14.218,77.32160312805473,27.4,64.0,89.51,7.0,24.0,34.0,69.0
cmp4f8sle0033f4mnexw7p25e,cmmx6howt0000bi1zgfsisou2,2026-05-13 18:57:17.728,77.2238514173998,27.3,64.0,89.43,7.0,24.0,34.0,69.0
cmp4f8vap0035f4mnwxjkl5ib,cmmx6howt0000bi1zgfsisou2,2026-05-13 18:57:21.237,77.2238514173998,27.3,64.0,89.7,7.0,24.0,34.0,69.0
cmp4f8y0k0037f4mnyeak9yan,cmmx6howt0000bi1zgfsisou2,2026-05-13 18:57:24.746,77.2238514173998,27.3,64.0,89.43,7.0,24.0,34.0,68.0
cmp4f90pf0039f4mndpp6nohm,cmmx6howt0000bi1zgfsisou2,2026-05-13 18:57:28.255,76.83284457478005,27.3,64.0,89.51,7.0,24.0,34.0,68.0
cmp4f93ez003bf4mnqroynvfr,cmmx6howt0000bi1zgfsisou2,2026-05-13 18:57:31.764,76.83284457478005,27.4,64.0,89.47,7.0,24.0,34.0,68.0
cmp4f964f003df4mnz2j0yhx4,cmmx6howt0000bi1zgfsisou2,2026-05-13 18:57:35.273,77.32160312805473,27.3,64.0,89.66,7.0,24.0,34.0,69.0
cmp4f98tn003ff4mntckrel6n,cmmx6howt0000bi1zgfsisou2,2026-05-13 18:57:38.783,77.2238514173998,27.3,64.0,89.2,7.0,24.0,34.0,69.0
cmp4f9bj3003hf4mn5yv0le4m,cmmx6howt0000bi1zgfsisou2,2026-05-13 18:57:42.292,77.32160312805473,27.4,64.0,89.62,7.0,24.0,34.0,69.0
cmp4f9e91003jf4mnid46x2k8,cmmx6howt0000bi1zgfsisou2,2026-05-13 18:57:45.802,77.2238514173998,27.3,63.0,89.51,7.0,24.0,34.0,69.0
cmp4f9gy3003lf4mnpfbr53f3,cmmx6howt0000bi1zgfsisou2,2026-05-13 18:57:49.311,77.32160312805473,27.3,63.0,89.7,7.0,24.0,34.0,69.0
cmp4f9jo8003nf4mntqa3p8hy,cmmx6howt0000bi1zgfsisou2,2026-05-13 18:57:52.821,77.32160312805473,27.3,64.0,89.51,7.0,24.0,34.0,69.0
cmp4f9mdg003pf4mnh4ebjc3r,cmmx6howt0000bi1zgfsisou2,2026-05-13 18:57:56.331,77.32160312805473,27.3,63.0,89.73,7.0,24.0,34.0,69.0
cmp4f9p3p003rf4mnuw401sd4,cmmx6howt0000bi1zgfsisou2,2026-05-13 18:57:59.841,77.2238514173998,27.3,64.0,89.7,7.0,24.0,34.0,69.0
cmp4f9rsq003tf4mn88r9thq7,cmmx6howt0000bi1zgfsisou2,2026-05-13 18:58:03.350,77.32160312805473,27.3,63.0,89.12,7.0,24.0,34.0,69.0
cmp4f9uim003vf4mnw7004kgq,cmmx6howt0000bi1zgfsisou2,2026-05-13 18:58:06.861,77.2238514173998,27.3,63.0,89.51,7.0,24.0,34.0,68.0
cmp4f9x7m003xf4mn1aij51oa,cmmx6howt0000bi1zgfsisou2,2026-05-13 18:58:10.370,76.44183773216031,27.3,64.0,91.68,7.0,24.0,34.0,69.0
cmp4f9zxe003zf4mnpk90rnq8,cmmx6howt0000bi1zgfsisou2,2026-05-13 18:58:13.880,77.32160312805473,27.3,63.0,86.8,7.0,24.0,34.0,68.0
cmp4fa2mv0041f4mn3insuwrj,cmmx6howt0000bi1zgfsisou2,2026-05-13 18:58:17.388,77.32160312805473,27.3,64.0,91.83,7.0,24.0,34.0,68.0
cmp4fa5ci0043f4mne8c1ovrr,cmmx6howt0000bi1zgfsisou2,2026-05-13 18:58:20.898,77.32160312805473,27.3,64.0,89.51,7.0,24.0,34.0,68.0
cmp4fa8210045f4mnm7e48xjv,cmmx6howt0000bi1zgfsisou2,2026-05-13 18:58:24.408,76.63734115347019,27.3,64.0,89.58,7.0,2.0,3.0,17.0
cmp4faar20047f4mnw8p5w44u,cmmx6howt0000bi1zgfsisou2,2026-05-13 18:58:27.915,77.2238514173998,27.3,64.0,89.43,7.0,19.0,26.0,55.0
cmp4fadga0049f4mnqzyq2bwc,cmmx6howt0000bi1zgfsisou2,2026-05-13 18:58:31.423,77.2238514173998,27.3,64.0,89.28,7.0,55.0,55.0,55.0
cmp4fag6a004bf4mnpp9r9cve,cmmx6howt0000bi1zgfsisou2,2026-05-13 18:58:34.933,77.2238514173998,27.3,64.0,89.47,7.0,55.0,55.0,55.0
cmp4faiw3004df4mnit0gfrv9,cmmx6howt0000bi1zgfsisou2,2026-05-13 18:58:38.444,77.32160312805473,27.3,64.0,89.54,7.0,55.0,55.0,55.0
cmp4falkt004ff4mnwk3v4v51,cmmx6howt0000bi1zgfsisou2,2026-05-13 18:58:41.952,74.29130009775172,27.3,64.0,89.77,7.0,55.0,55.0,55.0
cmp4faob4004hf4mnngjw7jaj,cmmx6howt0000bi1zgfsisou2,2026-05-13 18:58:45.462,77.02834799608993,27.3,64.0,89.51,7.0,55.0,55.0,55.0
cmp4far16004jf4mnerzpwdfp,cmmx6howt0000bi1zgfsisou2,2026-05-13 18:58:48.973,76.93059628543499,27.3,64.0,17.67,7.0,55.0,55.0,55.0
cmp4fatqf004lf4mn6vbruwft,cmmx6howt0000bi1zgfsisou2,2026-05-13 18:58:52.483,77.2238514173998,27.3,64.0,85.35,7.0,55.0,55.0,55.0
cmp4fawf4004nf4mnouxjl5d3,cmmx6howt0000bi1zgfsisou2,2026-05-13 18:58:55.993,77.2238514173998,27.3,64.0,85.88,7.0,55.0,55.0,6.0
cmp4faz4s004pf4mn8jrio9rw,cmmx6howt0000bi1zgfsisou2,2026-05-13 18:58:59.501,77.2238514173998,27.3,64.0,86.11,7.0,14.0,22.0,46.0
cmp4fb1tv004rf4mnjpzebgbz,cmmx6howt0000bi1zgfsisou2,2026-05-13 18:59:03.010,77.2238514173998,27.3,64.0,85.88,7.0,18.0,26.0,53.0
cmp4fb4jg004tf4mngsmst9sf,cmmx6howt0000bi1zgfsisou2,2026-05-13 18:59:06.522,77.41935483870968,27.3,64.0,16.14,7.0,20.0,28.0,59.0
cmp4fb79l004vf4mne6hybr1t,cmmx6howt0000bi1zgfsisou2,2026-05-13 18:59:10.032,76.53958944281524,27.3,64.0,89.51,7.0,21.0,30.0,60.0
cmp4fb9z1004xf4mncphujfkm,cmmx6howt0000bi1zgfsisou2,2026-05-13 18:59:13.541,77.2238514173998,27.3,64.0,89.51,7.0,21.0,30.0,61.0
cmp4fbcoa004zf4mnhlw7w1zp,cmmx6howt0000bi1zgfsisou2,2026-05-13 18:59:17.050,77.32160312805473,27.3,64.0,89.51,7.0,21.0,30.0,60.0
cmp4fbfdy0051f4mnhtimg5r2,cmmx6howt0000bi1zgfsisou2,2026-05-13 18:59:20.561,77.32160312805473,27.3,64.0,89.73,7.0,21.0,30.0,60.0
cmp4fbi2t0053f4mnqotcdn04,cmmx6howt0000bi1zgfsisou2,2026-05-13 18:59:24.069,77.41935483870968,27.4,64.0,98.08,7.0,21.0,30.0,60.0
cmp4fbksa0055f4mnk9ty4y2b,cmmx6howt0000bi1zgfsisou2,2026-05-13 18:59:27.579,77.32160312805473,27.4,64.0,95.76,7.0,21.0,30.0,60.0
cmp4fbnif0057f4mn81z4jck9,cmmx6howt0000bi1zgfsisou2,2026-05-13 18:59:31.087,77.41935483870968,27.3,64.0,96.9,7.0,21.0,30.0,60.0
cmp4fbq7z0059f4mnho0t7jfa,cmmx6howt0000bi1zgfsisou2,2026-05-13 18:59:34.597,77.32160312805473,27.4,64.0,96.71,7.0,21.0,30.0,60.0
cmp4fbsx8005bf4mnm7v0apdw,cmmx6howt0000bi1zgfsisou2,2026-05-13 18:59:38.107,77.32160312805473,27.3,64.0,93.09,7.0,21.0,30.0,61.0
cmp4fbvmo005df4mnxtzcvuvw,cmmx6howt0000bi1zgfsisou2,2026-05-13 18:59:41.616,77.41935483870968,27.4,63.0,96.21,7.0,21.0,30.0,61.0
cmp4fbyc8005ff4mnkhwp8qj3,cmmx6howt0000bi1zgfsisou2,2026-05-13 18:59:45.125,77.41935483870968,27.4,63.0,96.52,7.0,21.0,30.0,60.0
cmp4fc11n005hf4mnv6uqzlh4,cmmx6howt0000bi1zgfsisou2,2026-05-13 18:59:48.635,77.32160312805473,27.4,64.0,96.67,7.0,21.0,30.0,60.0
cmp4fc3qq005jf4mnillgvaqw,cmmx6howt0000bi1zgfsisou2,2026-05-13 18:59:52.144,76.53958944281524,27.4,64.0,96.71,7.0,21.0,30.0,60.0
cmp4fc6gl005lf4mn0nn39kgo,cmmx6howt0000bi1zgfsisou2,2026-05-13 18:59:55.654,77.32160312805473,27.4,64.0,95.98,7.0,21.0,30.0,60.0
cmp4fc962005nf4mnbuuf9ll1,cmmx6howt0000bi1zgfsisou2,2026-05-13 18:59:59.162,77.41935483870968,27.4,64.0,97.43,7.0,21.0,30.0,60.0
cmp4fcbv6005pf4mnkovoeo00,cmmx6howt0000bi1zgfsisou2,2026-05-13 19:00:02.672,77.51710654936461,27.4,63.0,95.57,7.0,21.0,30.0,60.0
cmp4fcekl005rf4mnuk7086mm,cmmx6howt0000bi1zgfsisou2,2026-05-13 19:00:06.182,77.41935483870968,27.4,63.0,96.78,7.0,21.0,30.0,60.0
cmp4fchao005tf4mnx1o6i7jm,cmmx6howt0000bi1zgfsisou2,2026-05-13 19:00:09.691,77.41935483870968,27.4,64.0,95.34,7.0,21.0,30.0,60.0
cmp4fck01005vf4mnalp8xilo,cmmx6howt0000bi1zgfsisou2,2026-05-13 19:00:13.200,77.41935483870968,27.4,63.0,92.33,7.0,21.0,30.0,60.0
cmp4fcmpo005xf4mn55m5ksnm,cmmx6howt0000bi1zgfsisou2,2026-05-13 19:00:16.709,77.41935483870968,27.4,64.0,91.87,7.0,21.0,30.0,61.0
cmp4fcpej005zf4mn2130tlli,cmmx6howt0000bi1zgfsisou2,2026-05-13 19:00:20.220,77.51710654936461,27.4,63.0,87.75,7.0,21.0,30.0,60.0
cmp4fcs450061f4mns2yaap13,cmmx6howt0000bi1zgfsisou2,2026-05-13 19:00:23.728,77.41935483870968,27.4,64.0,96.94,7.0,21.0,30.0,60.0
cmp4fcuts0063f4mn2ajgmuq4,cmmx6howt0000bi1zgfsisou2,2026-05-13 19:00:27.237,77.41935483870968,27.4,64.0,95.98,7.0,21.0,30.0,60.0
cmp4fcxk60065f4mnek4kfppz,cmmx6howt0000bi1zgfsisou2,2026-05-13 19:00:30.747,77.41935483870968,27.4,64.0,95.3,7.0,21.0,30.0,61.0
cmp4fd08r0067f4mnfte4smfn,cmmx6howt0000bi1zgfsisou2,2026-05-13 19:00:34.255,76.93059628543499,27.4,64.0,94.12,7.0,21.0,30.0,61.0
cmp4fd2xr0069f4mn5go86yhr,cmmx6howt0000bi1zgfsisou2,2026-05-13 19:00:37.764,77.02834799608993,27.5,64.0,96.75,7.0,21.0,30.0,61.0
cmp4fd5ny006bf4mniix2q78u,cmmx6howt0000bi1zgfsisou2,2026-05-13 19:00:41.274,76.83284457478005,27.4,64.0,95.26,7.0,21.0,30.0,60.0
cmp4fd8ci006df4mnjf0bn4pc,cmmx6howt0000bi1zgfsisou2,2026-05-13 19:00:44.782,76.44183773216031,27.5,64.0,96.56,7.0,21.0,30.0,60.0
cmp4fdb24006ff4mnbv1f4wzv,cmmx6howt0000bi1zgfsisou2,2026-05-13 19:00:48.292,76.44183773216031,27.5,64.0,96.75,7.0,21.0,30.0,60.0
cmp4fddrl006hf4mng2cnp856,cmmx6howt0000bi1zgfsisou2,2026-05-13 19:00:51.800,76.53958944281524,27.5,65.0,93.32,7.0,21.0,30.0,60.0
cmp4fdggy006jf4mn41jkc55o,cmmx6howt0000bi1zgfsisou2,2026-05-13 19:00:55.309,76.63734115347019,27.5,66.0,96.67,7.0,21.0,30.0,60.0
cmp4fdj7d006lf4mn00ylvbql,cmmx6howt0000bi1zgfsisou2,2026-05-13 19:00:58.820,77.02834799608993,27.6,66.0,95.95,7.0,21.0,30.0,60.0
cmp4fdlvw006nf4mnsephrucg,cmmx6howt0000bi1zgfsisou2,2026-05-13 19:01:02.328,77.02834799608993,27.6,66.0,96.75,7.0,21.0,30.0,60.0
cmp4fdoll006pf4mnpambz64e,cmmx6howt0000bi1zgfsisou2,2026-05-13 19:01:05.837,76.93059628543499,27.6,65.0,93.32,7.0,21.0,30.0,60.0
cmp4fdrb0006rf4mnf6bn7id7,cmmx6howt0000bi1zgfsisou2,2026-05-13 19:01:09.347,77.12609970674487,27.6,64.0,86.61,7.0,21.0,30.0,60.0
cmp4fdu0e006tf4mnhwz23y43,cmmx6howt0000bi1zgfsisou2,2026-05-13 19:01:12.856,76.93059628543499,27.6,64.0,91.14,7.0,21.0,30.0,60.0
cmp4fdwq6006vf4mnwad4oi8e,cmmx6howt0000bi1zgfsisou2,2026-05-13 19:01:16.366,76.24633431085044,27.7,63.0,95.26,7.0,21.0,30.0,60.0
cmp4fdzg9006xf4mn7npreavb,cmmx6howt0000bi1zgfsisou2,2026-05-13 19:01:19.875,76.73509286412512,27.7,63.0,96.71,7.0,21.0,30.0,60.0
cmp4fe254006zf4mn4dqjlzs5,cmmx6howt0000bi1zgfsisou2,2026-05-13 19:01:23.386,77.12609970674487,27.7,63.0,95.11,7.0,21.0,30.0,61.0
cmp4fe4ul0071f4mn8m5dewv2,cmmx6howt0000bi1zgfsisou2,2026-05-13 19:01:26.895,77.02834799608993,27.7,62.0,94.99,7.0,61.0,61.0,61.0
cmp4fe7kc0073f4mn3ebq0c1r,cmmx6howt0000bi1zgfsisou2,2026-05-13 19:01:30.404,76.63734115347019,27.7,62.0,95.53,7.0,8.0,15.0,31.0
cmp4fea9h0075f4mnd2zhuocd,cmmx6howt0000bi1zgfsisou2,2026-05-13 19:01:33.911,76.73509286412512,27.7,62.0,96.52,7.0,17.0,25.0,51.0
cmp4fecyz0077f4mnlfnskkiz,cmmx6howt0000bi1zgfsisou2,2026-05-13 19:01:37.421,76.83284457478005,27.7,62.0,96.63,7.0,19.0,27.0,55.0
cmp4fefp20079f4mn97zg14zw,cmmx6howt0000bi1zgfsisou2,2026-05-13 19:01:40.930,76.73509286412512,27.7,62.0,96.63,7.0,21.0,30.0,60.0
cmp4feidt007bf4mns5miaqgg,cmmx6howt0000bi1zgfsisou2,2026-05-13 19:01:44.439,76.73509286412512,27.7,62.0,96.75,7.0,21.0,30.0,60.0
cmp4fel42007df4mnwq2v7vru,cmmx6howt0000bi1zgfsisou2,2026-05-13 19:01:47.949,76.05083088954056,27.7,62.0,96.06,7.0,21.0,30.0,61.0
cmp4fensn007ff4mn2ffbk5fz,cmmx6howt0000bi1zgfsisou2,2026-05-13 19:01:51.458,64.80938416422288,27.7,62.0,95.26,7.0,20.0,28.0,56.0
cmp4feqk1007hf4mnq0noj25o,cmmx6howt0000bi1zgfsisou2,2026-05-13 19:01:54.967,56.20723362658846,27.7,61.0,92.82,7.0,19.0,27.0,54.0
cmp4fet7w007jf4mn6hw3wsxf,cmmx6howt0000bi1zgfsisou2,2026-05-13 19:01:58.476,55.42521994134897,27.7,61.0,98.92,7.0,19.0,27.0,54.0
cmp4fevya007lf4mnd5v6a7jx,cmmx6howt0000bi1zgfsisou2,2026-05-13 19:02:01.992,54.93646138807429,27.7,61.0,0.0,7.0,20.0,29.0,58.0
cmp4feyoc007nf4mnxr4aypq4,cmmx6howt0000bi1zgfsisou2,2026-05-13 19:02:05.551,60.60606060606061,27.7,62.0,0.0,7.0,21.0,29.0,59.0
cmp4ff1ee007pf4mn6tet7zda,cmmx6howt0000bi1zgfsisou2,2026-05-13 19:02:09.088,60.41055718475074,27.7,62.0,0.0,7.0,21.0,29.0,59.0
cmp4ff46p007rf4mngruc7jzu,cmmx6howt0000bi1zgfsisou2,2026-05-13 19:02:12.678,60.60606060606061,27.7,61.0,67.59,7.0,21.0,29.0,59.0
cmp4ff6w8007tf4mnx8g85w5u,cmmx6howt0000bi1zgfsisou2,2026-05-13 19:02:16.187,56.69599217986314,27.7,61.0,57.49,7.0,21.0,29.0,59.0
cmp4ff9md007vf4mnovpjdvf2,cmmx6howt0000bi1zgfsisou2,2026-05-13 19:02:19.702,57.57575757575757,27.8,61.0,0.0,7.0,21.0,29.0,59.0
cmp4ffcay007xf4mny8fntrkg,cmmx6howt0000bi1zgfsisou2,2026-05-13 19:02:23.210,60.50830889540567,27.7,61.0,96.48,7.0,21.0,29.0,59.0
cmp4fff0e007zf4mn39r9i8lv,cmmx6howt0000bi1zgfsisou2,2026-05-13 19:02:26.718,57.57575757575757,27.8,61.0,90.99,7.0,21.0,29.0,59.0
cmp4ffhq40081f4mn9xddyuhg,cmmx6howt0000bi1zgfsisou2,2026-05-13 19:02:30.226,57.57575757575757,27.7,61.0,91.18,7.0,21.0,29.0,59.0
cmp4ffkf30083f4mnd33wqzsh,cmmx6howt0000bi1zgfsisou2,2026-05-13 19:02:33.734,75.26881720430107,27.8,61.0,93.16,7.0,21.0,29.0,59.0
cmp4ffn4j0085f4mnc4ud0hqg,cmmx6howt0000bi1zgfsisou2,2026-05-13 19:02:37.243,78.00586510263929,27.8,61.0,96.52,7.0,21.0,29.0,59.0
cmp4ffpv10087f4mnraldzce2,cmmx6howt0000bi1zgfsisou2,2026-05-13 19:02:40.785,78.00586510263929,27.8,61.0,0.0,7.0,21.0,29.0,59.0
cmp4ffskg0089f4mndxyp3qgj,cmmx6howt0000bi1zgfsisou2,2026-05-13 19:02:44.294,77.2238514173998,27.8,61.0,68.01,7.0,21.0,29.0,59.0
cmp4ffva1008bf4mn1411wec5,cmmx6howt0000bi1zgfsisou2,2026-05-13 19:02:47.805,62.85434995112414,27.8,61.0,21.4,7.0,21.0,29.0,59.0
cmp4ffxzo008df4mne5ylsee1,cmmx6howt0000bi1zgfsisou2,2026-05-13 19:02:51.315,59.23753665689149,27.8,61.0,82.07,7.0,21.0,29.0,59.0
cmp4fg0rq008ff4mne7ze048s,cmmx6howt0000bi1zgfsisou2,2026-05-13 19:02:54.901,58.84652981427174,27.8,61.0,0.0,7.0,21.0,30.0,60.0
cmp4fg3ir008hf4mnesx70sg8,cmmx6howt0000bi1zgfsisou2,2026-05-13 19:02:58.486,60.99706744868035,27.8,61.0,0.0,7.0,21.0,30.0,59.0
cmp4fg6ap008jf4mn4jyjd1ho,cmmx6howt0000bi1zgfsisou2,2026-05-13 19:03:02.071,61.09481915933529,27.8,61.0,0.0,7.0,21.0,29.0,59.0
cmp4fg8zu008lf4mny60xy7qn,cmmx6howt0000bi1zgfsisou2,2026-05-13 19:03:05.586,60.89931573802541,27.8,61.0,0.0,7.0,21.0,29.0,60.0
cmp4fgbqo008nf4mn8ulky2h8,cmmx6howt0000bi1zgfsisou2,2026-05-13 19:03:09.148,60.70381231671554,27.8,61.0,98.94,7.0,21.0,30.0,60.0
cmp4fgegq008pf4mno9fsktk7,cmmx6howt0000bi1zgfsisou2,2026-05-13 19:03:12.657,57.6735092864125,27.9,61.0,93.16,7.0,21.0,30.0,60.0
cmp4fgh6g008rf4mnf630anwu,cmmx6howt0000bi1zgfsisou2,2026-05-13 19:03:16.165,57.6735092864125,27.8,61.0,86.15,7.0,21.0,30.0,60.0
cmp4fgjx5008tf4mn2ndshlzm,cmmx6howt0000bi1zgfsisou2,2026-05-13 19:03:19.703,57.77126099706744,27.8,60.0,0.0,7.0,21.0,30.0,60.0
cmp4fgmn8008vf4mn9rezvkcy,cmmx6howt0000bi1zgfsisou2,2026-05-13 19:03:23.268,60.50830889540567,27.8,61.0,0.0,7.0,21.0,30.0,60.0
cmp4fgpdy008xf4mnd5m46g1w,cmmx6howt0000bi1zgfsisou2,2026-05-13 19:03:26.826,78.00586510263929,27.9,61.0,0.0,7.0,21.0,30.0,60.0
cmp4fgs4q008zf4mn2b3haf4s,cmmx6howt0000bi1zgfsisou2,2026-05-13 19:03:30.383,78.20136852394917,27.8,61.0,0.0,7.0,21.0,30.0,60.0
cmp4fguwb0091f4mnlslgtfwb,cmmx6howt0000bi1zgfsisou2,2026-05-13 19:03:33.938,64.51612903225806,27.9,61.0,0.0,7.0,21.0,30.0,60.0
cmp4fgxm90093f4mnzh498hbf,cmmx6howt0000bi1zgfsisou2,2026-05-13 19:03:37.489,62.75659824046921,28.0,62.0,0.0,7.0,21.0,30.0,60.0
cmp4fh0bi0095f4mn8nxoh9kz,cmmx6howt0000bi1zgfsisou2,2026-05-13 19:03:40.996,62.65884652981427,28.0,61.0,94.12,7.0,21.0,30.0,60.0
cmp4fh30u0097f4mnb1b6wvf1,cmmx6howt0000bi1zgfsisou2,2026-05-13 19:03:44.504,59.62854349951125,28.0,61.0,92.4,7.0,21.0,30.0,60.0
cmp4fh5qz0099f4mn57ga0ai6,cmmx6howt0000bi1zgfsisou2,2026-05-13 19:03:48.013,58.45552297165199,28.0,61.0,93.16,7.0,21.0,30.0,60.0
cmp4fh8g8009bf4mn66k476yq,cmmx6howt0000bi1zgfsisou2,2026-05-13 19:03:51.522,60.50830889540567,28.0,61.0,93.39,7.0,21.0,30.0,60.0
cmp4fhb90009df4mn8fueqzzc,cmmx6howt0000bi1zgfsisou2,2026-05-13 19:03:55.029,58.94428152492668,28.0,61.0,93.16,7.0,21.0,30.0,60.0
cmp4fhdx2009ff4mng6ejdikl,cmmx6howt0000bi1zgfsisou2,2026-05-13 19:03:58.618,58.55327468230693,28.0,61.0,60.45,7.0,21.0,30.0,60.0
cmp4fhgqc009hf4mnnlelihlj,cmmx6howt0000bi1zgfsisou2,2026-05-13 19:04:02.238,60.21505376344086,28.0,61.0,0.0,7.0,21.0,30.0,60.0
cmp4fhjiz009jf4mnkyhxeqaw,cmmx6howt0000bi1zgfsisou2,2026-05-13 19:04:05.865,56.30498533724339,28.0,61.0,0.0,7.0,21.0,30.0,60.0
cmp4fhm9x009lf4mnl8hdalet,cmmx6howt0000bi1zgfsisou2,2026-05-13 19:04:09.451,57.57575757575757,28.0,61.0,0.0,7.0,21.0,30.0,60.0
cmp4fhp2q009nf4mnpj7ueops,cmmx6howt0000bi1zgfsisou2,2026-05-13 19:04:13.039,58.06451612903225,28.0,61.0,22.81,7.0,21.0,30.0,60.0
cmp4fhruj009pf4mnofwa7n4o,cmmx6howt0000bi1zgfsisou2,2026-05-13 19:04:16.596,55.13196480938416,28.0,61.0,0.0,7.0,21.0,30.0,60.0
cmp4fhulc009rf4mnztp12ghq,cmmx6howt0000bi1zgfsisou2,2026-05-13 19:04:20.224,57.96676441837732,28.0,61.0,0.0,7.0,21.0,30.0,60.0
cmp4fhxcq009tf4mnuaqhlpor,cmmx6howt0000bi1zgfsisou2,2026-05-13 19:04:23.808,61.97458455522972,28.0,61.0,0.0,7.0,21.0,30.0,60.0
cmp4fi029009vf4mnzupriwor,cmmx6howt0000bi1zgfsisou2,2026-05-13 19:04:27.317,60.99706744868035,28.0,61.0,89.54,7.0,21.0,30.0,60.0
cmp4fi2si009xf4mnbx23s19h,cmmx6howt0000bi1zgfsisou2,2026-05-13 19:04:30.824,57.96676441837732,28.0,61.0,90.27,7.0,21.0,30.0,60.0
cmp4fi5h9009zf4mnivyzabtf,cmmx6howt0000bi1zgfsisou2,2026-05-13 19:04:34.332,62.75659824046921,28.0,61.0,94.61,7.0,21.0,30.0,60.0
cmp4fi87900a1f4mnmnkaqcae,cmmx6howt0000bi1zgfsisou2,2026-05-13 19:04:37.841,54.64320625610948,28.0,61.0,96.78,7.0,21.0,30.0,60.0
cmp4fiawo00a3f4mn5jbclgoo,cmmx6howt0000bi1zgfsisou2,2026-05-13 19:04:41.348,54.83870967741935,28.0,61.0,96.78,7.0,21.0,30.0,60.0
cmp4fidm600a5f4mnuvamekbi,cmmx6howt0000bi1zgfsisou2,2026-05-13 19:04:44.858,74.38905180840665,28.0,61.0,97.01,7.0,21.0,30.0,60.0
cmp4figax00a7f4mn27e96jj8,cmmx6howt0000bi1zgfsisou2,2026-05-13 19:04:48.366,76.83284457478005,28.0,62.0,96.78,7.0,21.0,30.0,60.0
cmp4fij0e00a9f4mn4e31lg56,cmmx6howt0000bi1zgfsisou2,2026-05-13 19:04:51.875,76.73509286412512,28.0,62.0,96.78,7.0,21.0,29.0,59.0
cmp4filqo00abf4mnnq68qxrm,cmmx6howt0000bi1zgfsisou2,2026-05-13 19:04:55.384,76.53958944281524,28.0,61.0,96.78,7.0,21.0,29.0,59.0
cmp4fiofg00adf4mnd4rhb46z,cmmx6howt0000bi1zgfsisou2,2026-05-13 19:04:58.894,76.34408602150538,28.0,61.0,93.16,7.0,21.0,29.0,59.0
cmp4fir5p00aff4mnbd2rdhto,cmmx6howt0000bi1zgfsisou2,2026-05-13 19:05:02.404,76.1485826001955,28.0,61.0,74.34,7.0,21.0,30.0,60.0
cmp4fitv100ahf4mn2b683f9e,cmmx6howt0000bi1zgfsisou2,2026-05-13 19:05:05.913,76.1485826001955,28.0,61.0,91.49,7.0,21.0,30.0,60.0
cmp4fiwkb00ajf4mnlo6srktl,cmmx6howt0000bi1zgfsisou2,2026-05-13 19:05:09.422,62.75659824046921,28.0,61.0,96.56,7.0,21.0,30.0,60.0
cmp4fiz9c00alf4mnnl1m9u42,cmmx6howt0000bi1zgfsisou2,2026-05-13 19:05:12.930,53.95894428152492,28.0,61.0,96.56,7.0,21.0,30.0,60.0
cmp4fj1yr00anf4mnn6osiyfg,cmmx6howt0000bi1zgfsisou2,2026-05-13 19:05:16.438,53.86119257086999,28.0,61.0,97.01,7.0,21.0,30.0,61.0
cmp4fj4ok00apf4mnez1z43tg,cmmx6howt0000bi1zgfsisou2,2026-05-13 19:05:19.946,54.05669599217986,28.0,61.0,96.78,7.0,22.0,30.0,61.0
cmp4fj7ec00arf4mno02hl1mz,cmmx6howt0000bi1zgfsisou2,2026-05-13 19:05:23.454,53.66568914956012,28.0,61.0,96.78,7.0,22.0,30.0,61.0
cmp4fja3900atf4mn7d3k7zjl,cmmx6howt0000bi1zgfsisou2,2026-05-13 19:05:26.962,63.24535679374389,28.0,61.0,100.0,7.0,61.0,61.0,61.0
cmp4fjcsp00avf4mnj13khu1b,cmmx6howt0000bi1zgfsisou2,2026-05-13 19:05:30.471,62.95210166177908,27.9,60.0,96.78,7.0,61.0,61.0,61.0
cmp4fjfic00axf4mn1luyu0zp,cmmx6howt0000bi1zgfsisou2,2026-05-13 19:05:33.979,62.75659824046921,27.9,60.0,93.16,7.0,61.0,61.0,61.0
cmp4fji8g00azf4mnxzkipf9d,cmmx6howt0000bi1zgfsisou2,2026-05-13 19:05:37.487,62.65884652981427,27.9,60.0,97.74,7.0,61.0,61.0,61.0
cmp4fjkx300b1f4mn7395cl9a,cmmx6howt0000bi1zgfsisou2,2026-05-13 19:05:40.996,62.75659824046921,27.9,60.0,90.99,7.0,61.0,61.0,61.0
cmp4fjnmj00b3f4mnl17ps2dh,cmmx6howt0000bi1zgfsisou2,2026-05-13 19:05:44.504,62.65884652981427,27.9,60.0,91.49,7.0,61.0,93.0,6.0
cmp4fjqcn00b5f4mn1fe4j1di,cmmx6howt0000bi1zgfsisou2,2026-05-13 19:05:48.040,62.56109481915934,27.9,60.0,0.0,7.0,16.0,23.0,47.0
cmp4fjt3u00b7f4mnicbq2ekp,cmmx6howt0000bi1zgfsisou2,2026-05-13 19:05:51.617,65.29814271749756,27.9,60.0,0.0,7.0,19.0,27.0,54.0
cmp4fjvx600b9f4mnlhyy7b3p,cmmx6howt0000bi1zgfsisou2,2026-05-13 19:05:55.239,65.29814271749756,28.0,61.0,0.0,7.0,20.0,29.0,60.0
cmp4fjynr00bbf4mnru1xxl6i,cmmx6howt0000bi1zgfsisou2,2026-05-13 19:05:58.808,65.29814271749756,27.8,60.0,0.0,7.0,22.0,30.0,61.0
cmp4fk1g100bdf4mn4k77tenx,cmmx6howt0000bi1zgfsisou2,2026-05-13 19:06:02.413,65.39589442815249,27.9,60.0,0.0,7.0,22.0,30.0,61.0
cmp4fk47z00bff4mn8e65khmg,cmmx6howt0000bi1zgfsisou2,2026-05-13 19:06:06.016,65.29814271749756,27.9,60.0,0.0,7.0,22.0,30.0,61.0
cmp4fk6ys00bhf4mnrhoqbe8s,cmmx6howt0000bi1zgfsisou2,2026-05-13 19:06:09.564,64.41837732160313,27.9,60.0,0.0,7.0,22.0,30.0,62.0
cmp4fk9rh00bjf4mnjjvxihkg,cmmx6howt0000bi1zgfsisou2,2026-05-13 19:06:13.132,64.22287390029325,27.9,60.0,0.0,7.0,22.0,31.0,62.0
cmp4fkcgi00blf4mnl9i5dbxa,cmmx6howt0000bi1zgfsisou2,2026-05-13 19:06:16.680,60.41055718475074,27.9,60.0,0.0,7.0,22.0,31.0,62.0
cmp4fkf6r00bnf4mnf5jzfpsx,cmmx6howt0000bi1zgfsisou2,2026-05-13 19:06:20.231,63.83186705767351,27.9,61.0,0.0,7.0,22.0,30.0,61.0
cmp4fkhyd00bpf4mnfokilly7,cmmx6howt0000bi1zgfsisou2,2026-05-13 19:06:23.815,63.92961876832845,27.9,61.0,0.0,7.0,22.0,31.0,62.0
cmp4fkkqd00brf4mnqu7rqcsr,cmmx6howt0000bi1zgfsisou2,2026-05-13 19:06:27.401,64.22287390029325,27.9,60.0,0.0,7.0,22.0,31.0,62.0
cmp4fknln00btf4mnmp2wtuo5,cmmx6howt0000bi1zgfsisou2,2026-05-13 19:06:30.986,66.37341153470186,27.9,60.0,0.0,7.0,22.0,30.0,61.0
cmp4fkq9300bvf4mndzeenz3g,cmmx6howt0000bi1zgfsisou2,2026-05-13 19:06:34.571,55.2297165200391,27.9,60.0,0.0,7.0,22.0,30.0,61.0
cmp4fkt1h00bxf4mn5jma6usb,cmmx6howt0000bi1zgfsisou2,2026-05-13 19:06:38.156,55.03421309872923,27.9,60.0,0.0,7.0,22.0,31.0,62.0
cmp4fkvry00bzf4mnaz2xd0ug,cmmx6howt0000bi1zgfsisou2,2026-05-13 19:06:41.740,56.89149560117301,27.9,60.0,0.0,7.0,22.0,31.0,62.0
cmp4fkyjk00c1f4mn32cp6kfb,cmmx6howt0000bi1zgfsisou2,2026-05-13 19:06:45.325,54.25219941348973,27.9,60.0,0.0,7.0,22.0,31.0,62.0
cmp4fl1b500c3f4mnzokank0v,cmmx6howt0000bi1zgfsisou2,2026-05-13 19:06:48.910,54.34995112414467,27.9,60.0,0.0,7.0,22.0,31.0,62.0
cmp4fl43h00c5f4mnaxfq8v1w,cmmx6howt0000bi1zgfsisou2,2026-05-13 19:06:52.495,54.34995112414467,27.9,60.0,0.0,7.0,22.0,31.0,62.0
cmp4fl6uo00c7f4mnzo9102ti,cmmx6howt0000bi1zgfsisou2,2026-05-13 19:06:56.080,54.34995112414467,27.9,60.0,0.0,7.0,22.0,31.0,62.0
cmp4fl9lr00c9f4mnbex0du6e,cmmx6howt0000bi1zgfsisou2,2026-05-13 19:06:59.665,54.44770283479961,27.9,60.0,0.0,7.0,22.0,30.0,61.0
cmp4flcbo00cbf4mnmd3nyca5,cmmx6howt0000bi1zgfsisou2,2026-05-13 19:07:03.172,54.34995112414467,27.9,60.0,85.92,7.0,22.0,31.0,62.0
cmp4flf0q00cdf4mn9ztaiwwe,cmmx6howt0000bi1zgfsisou2,2026-05-13 19:07:06.681,51.51515151515152,27.8,60.0,89.54,7.0,22.0,31.0,62.0
cmp4flhqg00cff4mnor158dbf,cmmx6howt0000bi1zgfsisou2,2026-05-13 19:07:10.189,51.51515151515152,27.9,60.0,89.31,7.0,22.0,31.0,62.0
cmp4flkgb00chf4mn05pkcklq,cmmx6howt0000bi1zgfsisou2,2026-05-13 19:07:13.698,51.51515151515152,27.9,60.0,91.72,7.0,22.0,31.0,62.0
cmp4fln6100cjf4mn9mx02kvx,cmmx6howt0000bi1zgfsisou2,2026-05-13 19:07:17.206,51.61290322580645,27.8,60.0,100.0,7.0,22.0,31.0,62.0
cmp4flpvl00clf4mnosmmcxco,cmmx6howt0000bi1zgfsisou2,2026-05-13 19:07:20.715,51.71065493646139,27.9,60.0,100.0,7.0,22.0,31.0,62.0
cmp4flskc00cnf4mnafk5glmx,cmmx6howt0000bi1zgfsisou2,2026-05-13 19:07:24.224,51.71065493646139,27.8,60.0,100.0,7.0,22.0,31.0,62.0
cmp4flv9u00cpf4mniggla55r,cmmx6howt0000bi1zgfsisou2,2026-05-13 19:07:27.733,51.71065493646139,27.8,61.0,100.0,7.0,22.0,31.0,62.0
cmp4flxzk00crf4mniwwoqtlp,cmmx6howt0000bi1zgfsisou2,2026-05-13 19:07:31.242,51.71065493646139,27.8,61.0,100.0,7.0,22.0,31.0,62.0
cmp4fm0p300ctf4mnza7e2egy,cmmx6howt0000bi1zgfsisou2,2026-05-13 19:07:34.752,51.71065493646139,27.8,61.0,100.0,7.0,22.0,31.0,62.0
cmp4fm3ej00cvf4mncn0tlf9e,cmmx6howt0000bi1zgfsisou2,2026-05-13 19:07:38.261,51.80840664711632,27.8,61.0,100.0,7.0,22.0,31.0,62.0
cmp4fm64300cxf4mn3j6jmdov,cmmx6howt0000bi1zgfsisou2,2026-05-13 19:07:41.770,51.90615835777126,27.8,60.0,100.0,7.0,22.0,31.0,62.0
cmp4fm8tb00czf4mn26rxaw0g,cmmx6howt0000bi1zgfsisou2,2026-05-13 19:07:45.280,51.90615835777126,27.8,60.0,100.0,7.0,22.0,31.0,62.0
cmp4fmbio00d1f4mnvxl166w7,cmmx6howt0000bi1zgfsisou2,2026-05-13 19:07:48.790,51.80840664711632,27.8,60.0,100.0,7.0,22.0,31.0,62.0
cmp4fme8700d3f4mnibqiy55y,cmmx6howt0000bi1zgfsisou2,2026-05-13 19:07:52.298,51.71065493646139,27.8,60.0,100.0,7.0,22.0,31.0,62.0
cmp4fmgy400d5f4mnc9g06ktu,cmmx6howt0000bi1zgfsisou2,2026-05-13 19:07:55.807,52.88367546432062,27.8,60.0,100.0,7.0,22.0,31.0,62.0
cmp4fmjn500d7f4mnermypomk,cmmx6howt0000bi1zgfsisou2,2026-05-13 19:07:59.316,72.14076246334311,27.8,60.0,100.0,7.0,22.0,31.0,62.0
cmp4fmmcz00d9f4mnjakhitwa,cmmx6howt0000bi1zgfsisou2,2026-05-13 19:08:02.826,74.7800586510264,27.8,61.0,100.0,7.0,22.0,30.0,61.0
cmp4fmp2m00dbf4mn00btkpsq,cmmx6howt0000bi1zgfsisou2,2026-05-13 19:08:06.337,74.97556207233626,27.8,61.0,100.0,7.0,21.0,30.0,61.0
cmp4fmrrt00ddf4mnhlt63lrx,cmmx6howt0000bi1zgfsisou2,2026-05-13 19:08:09.847,75.26881720430107,27.8,61.0,72.89,7.0,21.0,30.0,60.0
cmp4fmuha00dff4mnrfk2jox1,cmmx6howt0000bi1zgfsisou2,2026-05-13 19:08:13.356,75.46432062561095,27.8,61.0,100.0,7.0,21.0,30.0,60.0
cmp4fmx6q00dhf4mn95az3kof,cmmx6howt0000bi1zgfsisou2,2026-05-13 19:08:16.867,75.75757575757575,27.8,61.0,100.0,7.0,21.0,30.0,60.0
cmp4fmzw900djf4mnvcz5aiuy,cmmx6howt0000bi1zgfsisou2,2026-05-13 19:08:20.376,76.05083088954056,27.8,61.0,100.0,7.0,21.0,30.0,60.0
cmp4fn2ll00dlf4mnzxtkmpjp,cmmx6howt0000bi1zgfsisou2,2026-05-13 19:08:23.887,76.44183773216031,27.8,61.0,100.0,7.0,21.0,30.0,60.0
cmp4fn5bu00dnf4mn9l1kveb6,cmmx6howt0000bi1zgfsisou2,2026-05-13 19:08:27.397,61.97458455522972,27.8,60.0,94.57,7.0,21.0,30.0,61.0
cmp4fn80p00dpf4mni0l0ew0g,cmmx6howt0000bi1zgfsisou2,2026-05-13 19:08:30.906,62.26783968719452,27.8,60.0,100.0,7.0,22.0,31.0,62.0
cmp4fnaq600drf4mniu3ptccm,cmmx6howt0000bi1zgfsisou2,2026-05-13 19:08:34.415,63.83186705767351,27.8,60.0,100.0,7.0,22.0,32.0,64.0
cmp4fndgq00dtf4mn343cqai8,cmmx6howt0000bi1zgfsisou2,2026-05-13 19:08:37.925,52.10166177908113,27.8,60.0,100.0,7.0,23.0,32.0,65.0
cmp4fng5y00dvf4mnddj9avn9,cmmx6howt0000bi1zgfsisou2,2026-05-13 19:08:41.432,52.68817204301075,27.8,60.0,100.0,7.0,23.0,32.0,65.0
cmp4fniyd00dxf4mnlaubcion,cmmx6howt0000bi1zgfsisou2,2026-05-13 19:08:45.062,52.00391006842619,27.8,60.0,0.0,7.0,23.0,32.0,65.0
cmp4fnlqo00dzf4mncs8vjitu,cmmx6howt0000bi1zgfsisou2,2026-05-13 19:08:48.690,54.05669599217986,27.8,61.0,0.0,7.0,23.0,32.0,65.0
cmp4fnojx00e1f4mnvzr1eowh,cmmx6howt0000bi1zgfsisou2,2026-05-13 19:08:52.316,54.05669599217986,27.8,60.0,0.0,7.0,23.0,32.0,65.0
cmp4fnr9i00e3f4mn0unpkeg1,cmmx6howt0000bi1zgfsisou2,2026-05-13 19:08:55.827,53.95894428152492,27.8,60.0,17.13,7.0,23.0,32.0,65.0
cmp4fntym00e5f4mnyqjsn3jg,cmmx6howt0000bi1zgfsisou2,2026-05-13 19:08:59.335,51.2218963831867,27.8,60.0,92.67,7.0,23.0,32.0,65.0
cmp4fnwo100e7f4mntbcdukt9,cmmx6howt0000bi1zgfsisou2,2026-05-13 19:09:02.845,51.2218963831867,27.8,60.0,68.77,7.0,23.0,32.0,65.0
cmp4fnzde00e9f4mni3eo0uk5,cmmx6howt0000bi1zgfsisou2,2026-05-13 19:09:06.353,51.02639296187683,27.7,60.0,83.75,7.0,23.0,32.0,65.0
cmp4fo23g00ebf4mnv0bfawiw,cmmx6howt0000bi1zgfsisou2,2026-05-13 19:09:09.863,51.12414467253177,27.7,60.0,85.92,7.0,23.0,32.0,65.0
cmp4fo4sk00edf4mn1y85vkdi,cmmx6howt0000bi1zgfsisou2,2026-05-13 19:09:13.369,51.12414467253177,27.8,60.0,86.15,7.0,23.0,32.0,65.0
cmp4fo7hw00eff4mnlu6vsnqb,cmmx6howt0000bi1zgfsisou2,2026-05-13 19:09:16.879,51.2218963831867,27.7,60.0,83.98,7.0,23.0,32.0,65.0
cmp4foa7s00ehf4mnwrfwj5q6,cmmx6howt0000bi1zgfsisou2,2026-05-13 19:09:20.387,51.2218963831867,27.8,60.0,85.92,7.0,23.0,32.0,65.0
cmp4focwd00ejf4mnppj1rgd3,cmmx6howt0000bi1zgfsisou2,2026-05-13 19:09:23.896,51.2218963831867,27.7,60.0,86.15,7.0,23.0,32.0,65.0
cmp4foflw00elf4mn10dnxynx,cmmx6howt0000bi1zgfsisou2,2026-05-13 19:09:27.405,51.12414467253177,27.7,60.0,86.15,7.0,23.0,32.0,65.0
cmp4foib800enf4mnl0zgkrws,cmmx6howt0000bi1zgfsisou2,2026-05-13 19:09:30.913,51.12414467253177,27.8,60.0,85.92,7.0,23.0,32.0,65.0
cmp4fol0q00epf4mn6b2ojlr1,cmmx6howt0000bi1zgfsisou2,2026-05-13 19:09:34.422,51.12414467253177,27.7,60.0,85.92,7.0,21.0,28.0,57.0
cmp4fonqh00erf4mnyujq83u7,cmmx6howt0000bi1zgfsisou2,2026-05-13 19:09:37.930,51.02639296187683,27.7,60.0,85.92,7.0,18.0,26.0,53.0
cmp4foqfq00etf4mn42u5v9lq,cmmx6howt0000bi1zgfsisou2,2026-05-13 19:09:41.438,50.9286412512219,27.8,60.0,85.69,7.0,19.0,26.0,53.0
cmp4fot5700evf4mna6p7sb50,cmmx6howt0000bi1zgfsisou2,2026-05-13 19:09:44.947,51.02639296187683,27.7,60.0,85.69,7.0,22.0,32.0,64.0
cmp4fovuf00exf4mn003ljfcs,cmmx6howt0000bi1zgfsisou2,2026-05-13 19:09:48.456,51.02639296187683,27.7,60.0,85.92,7.0,23.0,33.0,66.0
cmp4foyjt00ezf4mnw1q3acbg,cmmx6howt0000bi1zgfsisou2,2026-05-13 19:09:51.964,51.02639296187683,27.8,60.0,83.98,7.0,23.0,33.0,66.0
cmp4fp19e00f1f4mns2dvvun8,cmmx6howt0000bi1zgfsisou2,2026-05-13 19:09:55.473,50.9286412512219,27.8,60.0,85.92,7.0,23.0,33.0,66.0
cmp4fp3z300f3f4mn22zvqzp9,cmmx6howt0000bi1zgfsisou2,2026-05-13 19:09:58.982,51.02639296187683,27.7,60.0,86.15,7.0,23.0,33.0,66.0
cmp4fp6p100f5f4mnz04zd9nc,cmmx6howt0000bi1zgfsisou2,2026-05-13 19:10:02.491,51.02639296187683,27.8,60.0,83.98,7.0,23.0,33.0,66.0
cmp4fp9e700f7f4mnpgmrf06r,cmmx6howt0000bi1zgfsisou2,2026-05-13 19:10:05.999,51.02639296187683,27.7,60.0,82.3,7.0,23.0,33.0,66.0
cmp4fpc4500f9f4mnehadr2bl,cmmx6howt0000bi1zgfsisou2,2026-05-13 19:10:09.508,51.02639296187683,27.7,60.0,82.3,7.0,23.0,33.0,66.0
cmp4fpey400fbf4mn3ufpj037,cmmx6howt0000bi1zgfsisou2,2026-05-13 19:10:13.017,51.02639296187683,27.7,60.0,82.53,7.0,23.0,33.0,66.0
cmp4fphil00fdf4mn11sa3m43,cmmx6howt0000bi1zgfsisou2,2026-05-13 19:10:16.525,51.02639296187683,27.7,60.0,82.07,7.0,23.0,33.0,66.0
cmp4fpk7x00fff4mnirxyii6s,cmmx6howt0000bi1zgfsisou2,2026-05-13 19:10:20.034,51.02639296187683,27.7,60.0,91.49,7.0,23.0,33.0,66.0
cmp4fpmxb00fhf4mncdckgtiq,cmmx6howt0000bi1zgfsisou2,2026-05-13 19:10:23.542,51.02639296187683,27.7,60.0,81.58,7.0,23.0,33.0,66.0
cmp4fppmw00fjf4mnr68o9p28,cmmx6howt0000bi1zgfsisou2,2026-05-13 19:10:27.051,51.02639296187683,27.7,60.0,86.15,7.0,23.0,33.0,66.0
cmp4fpscc00flf4mn0ion54c3,cmmx6howt0000bi1zgfsisou2,2026-05-13 19:10:30.560,51.02639296187683,27.7,60.0,86.15,7.0,23.0,33.0,66.0
cmp4fpv2800fnf4mn8poth8mr,cmmx6howt0000bi1zgfsisou2,2026-05-13 19:10:34.069,51.02639296187683,27.6,60.0,85.92,7.0,23.0,33.0,66.0
cmp4fpxs800fpf4mn3u0sge29,cmmx6howt0000bi1zgfsisou2,2026-05-13 19:10:37.578,51.02639296187683,27.7,60.0,86.15,7.0,23.0,33.0,66.0
cmp4fq0gr00frf4mn9wsuluxk,cmmx6howt0000bi1zgfsisou2,2026-05-13 19:10:41.086,51.02639296187683,27.7,61.0,85.92,7.0,23.0,33.0,66.0
cmp4fq38500ftf4mn2mmws4m4,cmmx6howt0000bi1zgfsisou2,2026-05-13 19:10:44.667,50.9286412512219,27.7,61.0,0.0,7.0,23.0,33.0,66.0
cmp4fq61200fvf4mnr3r28j99,cmmx6howt0000bi1zgfsisou2,2026-05-13 19:10:48.294,54.25219941348973,27.6,62.0,0.0,7.0,23.0,33.0,66.0
cmp4fq8tt00fxf4mntk4ljmde,cmmx6howt0000bi1zgfsisou2,2026-05-13 19:10:51.922,54.25219941348973,27.6,62.0,0.0,7.0,23.0,33.0,67.0
cmp4fqbn900fzf4mnjoqp20ya,cmmx6howt0000bi1zgfsisou2,2026-05-13 19:10:55.549,52.00391006842619,27.6,62.0,0.0,7.0,24.0,33.0,67.0
cmp4fqefd00g1f4mnadq50e52,cmmx6howt0000bi1zgfsisou2,2026-05-13 19:10:59.178,52.29716520039101,27.6,62.0,0.0,7.0,24.0,33.0,67.0
cmp4fqh8i00g3f4mndlyv5ucn,cmmx6howt0000bi1zgfsisou2,2026-05-13 19:11:02.804,52.39491691104594,27.6,62.0,0.0,7.0,23.0,33.0,66.0
cmp4fqk0q00g5f4mnj3w5ximk,cmmx6howt0000bi1zgfsisou2,2026-05-13 19:11:06.431,52.29716520039101,27.6,62.0,0.0,7.0,23.0,33.0,66.0
cmp4fqmqm00g7f4mnfsju2d87,cmmx6howt0000bi1zgfsisou2,2026-05-13 19:11:09.939,53.0791788856305,27.6,62.0,83.75,7.0,23.0,33.0,66.0
cmp4fqpga00g9f4mnnbq3bl59,cmmx6howt0000bi1zgfsisou2,2026-05-13 19:11:13.447,50.63538611925708,27.6,61.0,81.08,7.0,24.0,34.0,68.0
cmp4fqs5800gbf4mnywpysigw,cmmx6howt0000bi1zgfsisou2,2026-05-13 19:11:16.957,50.63538611925708,27.6,61.0,81.08,7.0,24.0,34.0,68.0
cmp4fquup00gdf4mn3k8kdbjh,cmmx6howt0000bi1zgfsisou2,2026-05-13 19:11:20.466,50.63538611925708,27.7,61.0,81.08,7.0,24.0,34.0,68.0
cmp4fqxk300gff4mn3ffyjjk9,cmmx6howt0000bi1zgfsisou2,2026-05-13 19:11:23.974,50.63538611925708,27.7,61.0,81.08,7.0,24.0,34.0,68.0
cmp4fr09l00ghf4mnc0y15js0,cmmx6howt0000bi1zgfsisou2,2026-05-13 19:11:27.483,50.63538611925708,27.6,61.0,81.08,7.0,24.0,34.0,68.0
cmp4fr32i00gjf4mnv3afobxa,cmmx6howt0000bi1zgfsisou2,2026-05-13 19:11:30.992,50.63538611925708,27.7,61.0,75.25,7.0,24.0,34.0,68.0
cmp4fr5os00glf4mnslb9k7ga,cmmx6howt0000bi1zgfsisou2,2026-05-13 19:11:34.501,50.73313782991202,27.7,61.0,78.19,7.0,24.0,34.0,68.0
cmp4fr8e700gnf4mnbmjcmorl,cmmx6howt0000bi1zgfsisou2,2026-05-13 19:11:38.010,50.63538611925708,27.7,61.0,83.26,7.0,24.0,34.0,68.0
cmp4frb4400gpf4mn898ztzvl,cmmx6howt0000bi1zgfsisou2,2026-05-13 19:11:41.518,50.63538611925708,27.6,61.0,80.85,7.0,24.0,34.0,68.0
cmp4frdxf00grf4mndz3ode7z,cmmx6howt0000bi1zgfsisou2,2026-05-13 19:11:45.027,50.63538611925708,27.7,62.0,77.96,7.0,24.0,34.0,68.0
cmp4frgie00gtf4mnmqw70hdg,cmmx6howt0000bi1zgfsisou2,2026-05-13 19:11:48.536,50.73313782991202,27.6,62.0,83.26,7.0,24.0,34.0,68.0
cmp4frj8d00gvf4mn1gk5c77a,cmmx6howt0000bi1zgfsisou2,2026-05-13 19:11:52.045,50.73313782991202,27.6,61.0,78.19,7.0,24.0,34.0,68.0
cmp4frlxo00gxf4mn7b51aar2,cmmx6howt0000bi1zgfsisou2,2026-05-13 19:11:55.553,50.73313782991202,27.6,61.0,80.63,7.0,24.0,34.0,68.0
cmp4fromu00gzf4mn7g5z0lxi,cmmx6howt0000bi1zgfsisou2,2026-05-13 19:11:59.062,50.73313782991202,27.7,61.0,78.22,7.0,24.0,34.0,68.0
cmp4frrco00h1f4mnr9c3loxo,cmmx6howt0000bi1zgfsisou2,2026-05-13 19:12:02.571,50.63538611925708,27.6,61.0,78.83,7.0,24.0,34.0,68.0
cmp4fru1w00h3f4mndq9nc4h9,cmmx6howt0000bi1zgfsisou2,2026-05-13 19:12:06.080,50.73313782991202,27.6,61.0,83.26,7.0,24.0,34.0,68.0
cmp4frwrm00h5f4mnrf2bgzsd,cmmx6howt0000bi1zgfsisou2,2026-05-13 19:12:09.590,50.73313782991202,27.6,62.0,77.96,7.0,24.0,34.0,68.0
cmp4frzio00h7f4mnv0fr6uz0,cmmx6howt0000bi1zgfsisou2,2026-05-13 19:12:13.098,50.63538611925708,27.6,62.0,83.03,7.0,24.0,34.0,68.0
cmp4fs26800h9f4mnnqc7k2qm,cmmx6howt0000bi1zgfsisou2,2026-05-13 19:12:16.607,50.73313782991202,27.6,62.0,75.06,7.0,24.0,34.0,68.0
cmp4fs4vz00hbf4mnotcces4t,cmmx6howt0000bi1zgfsisou2,2026-05-13 19:12:20.116,50.73313782991202,27.6,62.0,77.96,7.0,24.0,34.0,68.0
cmp4fs7l800hdf4mn4u2m8mwg,cmmx6howt0000bi1zgfsisou2,2026-05-13 19:12:23.624,50.63538611925708,27.6,62.0,80.85,7.0,24.0,34.0,68.0
cmp4fsab500hff4mn6ph2opjk,cmmx6howt0000bi1zgfsisou2,2026-05-13 19:12:27.133,50.73313782991202,27.6,62.0,77.96,7.0,24.0,34.0,68.0
cmp4fsd0300hhf4mnjq5c2krf,cmmx6howt0000bi1zgfsisou2,2026-05-13 19:12:30.643,50.63538611925708,27.6,62.0,79.41,7.0,24.0,34.0,68.0
cmp4fsfqc00hjf4mn01mx9tsf,cmmx6howt0000bi1zgfsisou2,2026-05-13 19:12:34.151,50.73313782991202,27.6,61.0,91.94,7.0,24.0,34.0,68.0
cmp4fsifc00hlf4mnuci7vfuk,cmmx6howt0000bi1zgfsisou2,2026-05-13 19:12:37.660,50.73313782991202,27.6,61.0,69.27,7.0,24.0,34.0,68.0
cmp4fsl4j00hnf4mnw3ozelj6,cmmx6howt0000bi1zgfsisou2,2026-05-13 19:12:41.168,50.63538611925708,27.5,61.0,93.16,7.0,24.0,34.0,68.0
cmp4fsnv500hpf4mnt4yljyr5,cmmx6howt0000bi1zgfsisou2,2026-05-13 19:12:44.676,50.63538611925708,27.6,61.0,92.94,7.0,24.0,34.0,68.0
cmp4fsqj700hrf4mnkdl7ovkq,cmmx6howt0000bi1zgfsisou2,2026-05-13 19:12:48.185,50.63538611925708,27.5,62.0,85.43,7.0,24.0,34.0,68.0
cmp4fst8z00htf4mnldgoy4ct,cmmx6howt0000bi1zgfsisou2,2026-05-13 19:12:51.694,50.73313782991202,27.5,62.0,90.27,7.0,24.0,34.0,68.0
cmp4fsvyy00hvf4mnpvmxu164,cmmx6howt0000bi1zgfsisou2,2026-05-13 19:12:55.203,50.73313782991202,27.5,62.0,90.04,7.0,24.0,34.0,68.0
cmp4fsynl00hxf4mnc0web95p,cmmx6howt0000bi1zgfsisou2,2026-05-13 19:12:58.710,50.63538611925708,27.5,62.0,90.5,7.0,24.0,34.0,68.0
cmp4ft1d800hzf4mnwxhyc4w6,cmmx6howt0000bi1zgfsisou2,2026-05-13 19:13:02.219,50.63538611925708,27.5,62.0,90.27,7.0,24.0,34.0,68.0
cmp4ft42t00i1f4mnx8bq67pq,cmmx6howt0000bi1zgfsisou2,2026-05-13 19:13:05.728,50.63538611925708,27.5,62.0,85.43,7.0,24.0,34.0,68.0
cmp4ft6s600i3f4mnhu7sthze,cmmx6howt0000bi1zgfsisou2,2026-05-13 19:13:09.237,50.63538611925708,27.5,62.0,82.19,7.0,24.0,34.0,68.0
cmp4ft9hh00i5f4mn9jx3hjf2,cmmx6howt0000bi1zgfsisou2,2026-05-13 19:13:12.745,50.63538611925708,27.5,62.0,90.04,7.0,24.0,34.0,68.0
cmp4ftc7d00i7f4mnnsk2n4ou,cmmx6howt0000bi1zgfsisou2,2026-05-13 19:13:16.255,50.73313782991202,27.5,62.0,84.25,7.0,24.0,34.0,68.0
cmp4ftewn00i9f4mn8800lf8k,cmmx6howt0000bi1zgfsisou2,2026-05-13 19:13:19.762,50.73313782991202,27.4,62.0,94.12,7.0,24.0,34.0,68.0
cmp4fthm100ibf4mnxltvqafn,cmmx6howt0000bi1zgfsisou2,2026-05-13 19:13:23.271,50.73313782991202,27.4,62.0,83.03,7.0,24.0,34.0,68.0
cmp4ftkba00idf4mntbh8qbi0,cmmx6howt0000bi1zgfsisou2,2026-05-13 19:13:26.779,50.63538611925708,27.4,62.0,85.16,7.0,24.0,34.0,68.0
cmp4ftn0n00iff4mnj1143hzi,cmmx6howt0000bi1zgfsisou2,2026-05-13 19:13:30.288,50.63538611925708,27.4,62.0,82.3,7.0,24.0,34.0,68.0
cmp4ftpqd00ihf4mnddf9f7a8,cmmx6howt0000bi1zgfsisou2,2026-05-13 19:13:33.797,50.63538611925708,27.4,62.0,90.27,7.0,24.0,34.0,68.0
cmp4ftsfq00ijf4mnb0e3l2qi,cmmx6howt0000bi1zgfsisou2,2026-05-13 19:13:37.305,50.73313782991202,27.4,62.0,87.37,7.0,24.0,34.0,68.0
cmp4ftv5900ilf4mn6ab87h4w,cmmx6howt0000bi1zgfsisou2,2026-05-13 19:13:40.814,50.34213098729228,27.4,62.0,84.97,7.0,24.0,34.0,68.0
cmp4ftxue00inf4mnbwh21bdl,cmmx6howt0000bi1zgfsisou2,2026-05-13 19:13:44.322,50.34213098729228,27.4,62.0,90.23,7.0,24.0,34.0,68.0
cmp4fu0k600ipf4mnayj1yg6n,cmmx6howt0000bi1zgfsisou2,2026-05-13 19:13:47.832,50.34213098729228,27.4,63.0,90.27,7.0,24.0,34.0,68.0
cmp4fu39j00irf4mnnafmqflm,cmmx6howt0000bi1zgfsisou2,2026-05-13 19:13:51.339,50.34213098729228,27.4,63.0,83.98,7.0,24.0,34.0,68.0
cmp4fu5ze00itf4mnvtkmpo1f,cmmx6howt0000bi1zgfsisou2,2026-05-13 19:13:54.848,50.34213098729228,27.3,63.0,92.44,7.0,24.0,34.0,68.0
cmp4fu8oc00ivf4mnmj674rbv,cmmx6howt0000bi1zgfsisou2,2026-05-13 19:13:58.356,50.34213098729228,27.4,63.0,87.6,7.0,24.0,34.0,68.0
cmp4fube500ixf4mnclovvvpl,cmmx6howt0000bi1zgfsisou2,2026-05-13 19:14:01.864,50.34213098729228,27.4,63.0,90.27,7.0,24.0,34.0,68.0
cmp4fue2z00izf4mn08ch5ght,cmmx6howt0000bi1zgfsisou2,2026-05-13 19:14:05.373,50.43988269794721,27.4,63.0,85.2,7.0,24.0,34.0,68.0
cmp4fugso00j1f4mnbnnfayi2,cmmx6howt0000bi1zgfsisou2,2026-05-13 19:14:08.883,50.43988269794721,27.4,63.0,87.52,7.0,24.0,34.0,69.0
cmp4fuji100j3f4mnyonq8gp4,cmmx6howt0000bi1zgfsisou2,2026-05-13 19:14:12.391,50.53763440860215,27.4,63.0,87.6,7.0,24.0,34.0,68.0
cmp4fum7v00j5f4mnaq0t2lep,cmmx6howt0000bi1zgfsisou2,2026-05-13 19:14:15.899,50.73313782991202,27.4,63.0,87.14,7.0,24.0,34.0,68.0
cmp4fuoxl00j7f4mnov3lrma7,cmmx6howt0000bi1zgfsisou2,2026-05-13 19:14:19.408,48.97360703812317,27.4,63.0,93.16,7.0,24.0,34.0,68.0
cmp4furnl00j9f4mntzwp5ak5,cmmx6howt0000bi1zgfsisou2,2026-05-13 19:14:22.917,52.59042033235581,27.4,63.0,90.27,7.0,24.0,34.0,68.0
cmp4fuuca00jbf4mnje2v8u5q,cmmx6howt0000bi1zgfsisou2,2026-05-13 19:14:26.425,54.93646138807429,27.4,63.0,90.23,7.0,24.0,34.0,68.0
cmp4fux2a00jdf4mnrkurkyvi,cmmx6howt0000bi1zgfsisou2,2026-05-13 19:14:29.934,53.86119257086999,27.4,63.0,87.45,7.0,24.0,34.0,68.0
cmp4fuzr600jff4mn07ntk1fb,cmmx6howt0000bi1zgfsisou2,2026-05-13 19:14:33.442,53.95894428152492,27.4,63.0,92.9,7.0,24.0,34.0,68.0
cmp4fv93400jhf4mngyzjz61v,cmmx6howt0000bi1zgfsisou2,2026-05-13 19:14:36.950,54.05669599217986,27.4,63.0,89.54,7.0,20.0,28.0,54.0
cmp4fvat100jjf4mnxclleqlj,cmmx6howt0000bi1zgfsisou2,2026-05-13 19:14:47.740,51.2218963831867,27.4,64.0,81.65,7.0,15.0,21.0,40.0
cmp4fvchy00jlf4mn8zo9urw0,cmmx6howt0000bi1zgfsisou2,2026-05-13 19:14:49.949,53.95894428152492,27.4,64.0,87.37,7.0,9.0,13.0,26.0
cmp4fve6p00jnf4mnu29icogj,cmmx6howt0000bi1zgfsisou2,2026-05-13 19:14:52.131,53.56793743890518,27.4,64.0,90.5,7.0,12.0,17.0,35.0
cmp4fvfva00jpf4mneolpumva,cmmx6howt0000bi1zgfsisou2,2026-05-13 19:14:54.323,53.47018572825024,27.4,64.0,87.37,7.0,10.0,13.0,27.0
cmp4fvhk600jrf4mn7866gx21,cmmx6howt0000bi1zgfsisou2,2026-05-13 19:14:56.523,53.56793743890518,27.4,64.0,91.72,7.0,6.0,7.0,15.0
cmp4fvj8400jtf4mnmag66y5a,cmmx6howt0000bi1zgfsisou2,2026-05-13 19:14:58.677,53.56793743890518,27.4,64.0,84.25,7.0,1.0,0.0,0.0
cmp4fvleg00jvf4mnpjjda78c,cmmx6howt0000bi1zgfsisou2,2026-05-13 19:15:01.501,53.76344086021505,27.4,63.0,87.6,7.0,0.0,0.0,0.0
cmp4fvo4700jxf4mn8dqnnd6i,cmmx6howt0000bi1zgfsisou2,2026-05-13 19:15:05.008,53.56793743890518,27.3,63.0,87.33,7.0,0.0,0.0,0.0
cmp4fvqu200jzf4mnmxojfbh9,cmmx6howt0000bi1zgfsisou2,2026-05-13 19:15:08.513,53.66568914956012,27.3,63.0,83.98,7.0,0.0,0.0,0.0
cmp4fvtj500k1f4mn1g4m87tc,cmmx6howt0000bi1zgfsisou2,2026-05-13 19:15:12.018,53.66568914956012,27.4,63.0,88.32,7.0,0.0,0.0,0.0
cmp4fvw8h00k3f4mn2o47eulu,cmmx6howt0000bi1zgfsisou2,2026-05-13 19:15:15.523,53.56793743890518,27.3,63.0,89.54,7.0,0.0,0.0,0.0
cmp4fvyxg00k5f4mnb7n81wsq,cmmx6howt0000bi1zgfsisou2,2026-05-13 19:15:19.029,54.05669599217986,27.3,63.0,89.73,7.0,0.0,0.0,0.0
cmp4fw1mx00k7f4mnt33kwhmm,cmmx6howt0000bi1zgfsisou2,2026-05-13 19:15:22.534,53.95894428152492,27.3,64.0,90.27,7.0,0.0,0.0,0.0
cmp4fw4cu00k9f4mnpmhluosf,cmmx6howt0000bi1zgfsisou2,2026-05-13 19:15:26.040,54.05669599217986,27.3,64.0,86.88,7.0,0.0,0.0,0.0
cmp4fw71r00kbf4mnn3k9sbv6,cmmx6howt0000bi1zgfsisou2,2026-05-13 19:15:29.546,53.86119257086999,27.3,64.0,87.37,7.0,0.0,0.0,0.0
cmp4fw9r900kdf4mnibs8rgec,cmmx6howt0000bi1zgfsisou2,2026-05-13 19:15:33.051,51.41739980449658,27.3,64.0,90.27,7.0,0.0,0.0,0.0
cmp4fwcgj00kff4mn7alqshj8,cmmx6howt0000bi1zgfsisou2,2026-05-13 19:15:36.556,51.41739980449658,27.4,64.0,89.54,7.0,0.0,0.0,0.0
cmp4fwf6000khf4mnk9caozsb,cmmx6howt0000bi1zgfsisou2,2026-05-13 19:15:40.061,51.41739980449658,27.4,64.0,92.44,7.0,0.0,0.0,0.0
cmp4fwhv200kjf4mnyuw4mhgs,cmmx6howt0000bi1zgfsisou2,2026-05-13 19:15:43.567,50.14662756598241,27.4,64.0,92.59,7.0,0.0,0.0,0.0
cmp4fwkk600klf4mnktl2oxdv,cmmx6howt0000bi1zgfsisou2,2026-05-13 19:15:47.071,51.51515151515152,27.4,64.0,87.37,7.0,0.0,0.0,0.0
cmp4fwn9q00knf4mnv1s0imym,cmmx6howt0000bi1zgfsisou2,2026-05-13 19:15:50.576,52.78592375366568,27.4,63.0,87.33,7.0,0.0,0.0,0.0
cmp4fwpzi00kpf4mnbkxdmvlx,cmmx6howt0000bi1zgfsisou2,2026-05-13 19:15:54.082,52.68817204301075,27.4,63.0,93.09,7.0,0.0,0.0,0.0
cmp4fwsov00krf4mnk3zmodaq,cmmx6howt0000bi1zgfsisou2,2026-05-13 19:15:57.587,52.68817204301075,27.4,63.0,93.35,7.0,0.0,0.0,0.0
cmp4fwvhc00ktf4mnkghjb5dz,cmmx6howt0000bi1zgfsisou2,2026-05-13 19:16:01.211,52.19941348973607,27.4,63.0,0.0,7.0,0.0,0.0,0.0
cmp4fwy9h00kvf4mn6m9f2fry,cmmx6howt0000bi1zgfsisou2,2026-05-13 19:16:04.834,54.44770283479961,27.4,64.0,0.0,7.0,0.0,0.0,0.0
cmp4fx12r00kxf4mnwv8aufui,cmmx6howt0000bi1zgfsisou2,2026-05-13 19:16:08.458,54.44770283479961,27.4,64.0,0.0,7.0,0.0,0.0,0.0
cmp4fx3uy00kzf4mnldprgudu,cmmx6howt0000bi1zgfsisou2,2026-05-13 19:16:12.082,54.54545454545454,27.4,64.0,0.0,7.0,0.0,0.0,0.0
cmp4fx6nz00l1f4mncx2aos8w,cmmx6howt0000bi1zgfsisou2,2026-05-13 19:16:15.706,54.54545454545454,27.4,64.0,0.0,7.0,0.0,0.0,0.0
cmp4fx9d100l3f4mnz5e7mls9,cmmx6howt0000bi1zgfsisou2,2026-05-13 19:16:19.212,57.28250244379276,27.4,64.0,76.51,7.0,0.0,0.0,0.0
cmp4fxc2900l5f4mnblln3s0q,cmmx6howt0000bi1zgfsisou2,2026-05-13 19:16:22.718,54.93646138807429,27.5,63.0,78.68,7.0,0.0,0.0,0.0
cmp4fxerr00l7f4mnc8p6xugy,cmmx6howt0000bi1zgfsisou2,2026-05-13 19:16:26.224,55.03421309872923,27.5,63.0,78.68,7.0,0.0,0.0,0.0
cmp4fxhh600l9f4mntruw8h17,cmmx6howt0000bi1zgfsisou2,2026-05-13 19:16:29.730,55.03421309872923,27.5,63.0,78.68,7.0,0.0,0.0,0.0
cmp4fxk7m00lbf4mnwefhtup9,cmmx6howt0000bi1zgfsisou2,2026-05-13 19:16:33.236,55.03421309872923,27.5,63.0,78.68,7.0,0.0,0.0,0.0
cmp4fxmwv00ldf4mn5i4nxzng,cmmx6howt0000bi1zgfsisou2,2026-05-13 19:16:36.742,54.93646138807429,27.5,63.0,75.79,7.0,0.0,0.0,0.0
cmp4fxpm000lff4mn7io9djdk,cmmx6howt0000bi1zgfsisou2,2026-05-13 19:16:40.248,55.03421309872923,27.5,63.0,60.16,7.0,0.0,0.0,0.0
cmp4fxsby00lhf4mnhewcwars,cmmx6howt0000bi1zgfsisou2,2026-05-13 19:16:43.755,55.03421309872923,27.4,63.0,76.01,7.0,0.0,0.0,0.0
cmp4fxv0f00ljf4mn4y3w9gwl,cmmx6howt0000bi1zgfsisou2,2026-05-13 19:16:47.260,55.13196480938416,27.5,63.0,78.68,7.0,0.0,0.0,0.0
cmp4fxxql00llf4mn1k35smz3,cmmx6howt0000bi1zgfsisou2,2026-05-13 19:16:50.766,55.03421309872923,27.5,63.0,78.45,7.0,0.0,0.0,0.0
cmp4fy0fp00lnf4mn8sapdboj,cmmx6howt0000bi1zgfsisou2,2026-05-13 19:16:54.271,55.03421309872923,27.5,63.0,76.01,7.0,0.0,0.0,0.0
cmp4fy34n00lpf4mn472lqgbv,cmmx6howt0000bi1zgfsisou2,2026-05-13 19:16:57.777,55.03421309872923,27.5,63.0,90.99,7.0,0.0,0.0,0.0
cmp4fy5tw00lrf4mnq4dkw8pi,cmmx6howt0000bi1zgfsisou2,2026-05-13 19:17:01.283,55.03421309872923,27.5,63.0,73.12,7.0,0.0,0.0,0.0
cmp4fy8ju00ltf4mnxfq20fer,cmmx6howt0000bi1zgfsisou2,2026-05-13 19:17:04.789,55.03421309872923,27.5,63.0,75.56,7.0,0.0,0.0,0.0
cmp4fyb8u00lvf4mnstu67xmi,cmmx6howt0000bi1zgfsisou2,2026-05-13 19:17:08.296,55.03421309872923,27.5,63.0,69.99,7.0,0.0,0.0,0.0
cmp4fydy900lxf4mnz3olleb0,cmmx6howt0000bi1zgfsisou2,2026-05-13 19:17:11.801,55.03421309872923,27.5,64.0,69.99,7.0,0.0,0.0,0.0
cmp4fygo000lzf4mnw98zd5gl,cmmx6howt0000bi1zgfsisou2,2026-05-13 19:17:15.306,55.03421309872923,27.5,64.0,73.12,7.0,0.0,0.0,0.0
cmp4fyjdk00m1f4mnr052jo2g,cmmx6howt0000bi1zgfsisou2,2026-05-13 19:17:18.813,54.93646138807429,27.5,63.0,59.51,7.0,0.0,0.0,0.0
cmp4fym2w00m3f4mn6t1o2jac,cmmx6howt0000bi1zgfsisou2,2026-05-13 19:17:22.318,55.03421309872923,27.5,64.0,72.16,7.0,0.0,0.0,0.0
cmp4fyoro00m5f4mnfmv0zwfv,cmmx6howt0000bi1zgfsisou2,2026-05-13 19:17:25.824,54.93646138807429,27.5,64.0,75.29,7.0,0.0,0.0,0.0
cmp4fyrh500m7f4mnphcdxobk,cmmx6howt0000bi1zgfsisou2,2026-05-13 19:17:29.330,55.03421309872923,27.5,64.0,76.01,7.0,0.0,0.0,0.0
cmp4fyu6h00m9f4mnv00rntxk,cmmx6howt0000bi1zgfsisou2,2026-05-13 19:17:32.835,55.03421309872923,27.5,64.0,75.06,7.0,0.0,0.0,0.0
cmp4fywvx00mbf4mnqka3p1gr,cmmx6howt0000bi1zgfsisou2,2026-05-13 19:17:36.344,55.03421309872923,27.5,64.0,0.0,7.0,0.0,0.0,0.0
cmp4fyzlo00mdf4mn5ugwsz5r,cmmx6howt0000bi1zgfsisou2,2026-05-13 19:17:39.855,57.28250244379276,27.6,64.0,0.0,7.0,0.0,0.0,0.0
cmp4fz2ba00mff4mn2ro5r6gy,cmmx6howt0000bi1zgfsisou2,2026-05-13 19:17:43.362,57.28250244379276,27.6,64.0,75.79,7.0,0.0,0.0,0.0
cmp4fz50f00mhf4mnefxqr9ay,cmmx6howt0000bi1zgfsisou2,2026-05-13 19:17:46.868,54.93646138807429,27.6,64.0,72.39,7.0,0.0,0.0,0.0
cmp4fz7pn00mjf4mndm7wnhw6,cmmx6howt0000bi1zgfsisou2,2026-05-13 19:17:50.374,55.03421309872923,27.6,63.0,76.01,7.0,0.0,0.0,0.0
cmp4fzafl00mlf4mnsmyl0tod,cmmx6howt0000bi1zgfsisou2,2026-05-13 19:17:53.879,54.54545454545454,27.6,63.0,76.01,7.0,0.0,0.0,0.0
cmp4fzd4f00mnf4mnh4eahcuh,cmmx6howt0000bi1zgfsisou2,2026-05-13 19:17:57.385,54.44770283479961,27.6,63.0,79.41,7.0,0.0,0.0,0.0
cmp4fzftq00mpf4mnbssv4hqa,cmmx6howt0000bi1zgfsisou2,2026-05-13 19:18:00.890,54.34995112414467,27.6,63.0,67.32,7.0,0.0,0.0,0.0
cmp4fzijf00mrf4mnq3ntg4wn,cmmx6howt0000bi1zgfsisou2,2026-05-13 19:18:04.396,54.34995112414467,27.6,63.0,75.79,7.0,0.0,0.0,0.0
cmp4fzl9400mtf4mnlt5cmngo,cmmx6howt0000bi1zgfsisou2,2026-05-13 19:18:07.902,54.34995112414467,27.6,63.0,75.29,7.0,0.0,0.0,0.0
cmp4fzny100mvf4mnu66kftuu,cmmx6howt0000bi1zgfsisou2,2026-05-13 19:18:11.408,55.03421309872923,27.6,63.0,75.29,7.0,0.0,0.0,0.0
cmp4fzqnc00mxf4mnjg1alhbl,cmmx6howt0000bi1zgfsisou2,2026-05-13 19:18:14.914,55.13196480938416,27.6,63.0,77.23,7.0,0.0,0.0,0.0
cmp4fztd100mzf4mna1oz4yvn,cmmx6howt0000bi1zgfsisou2,2026-05-13 19:18:18.418,55.03421309872923,27.6,63.0,93.62,7.0,0.0,0.0,0.0
cmp4fzw2700n1f4mn1jf41wzt,cmmx6howt0000bi1zgfsisou2,2026-05-13 19:18:21.924,55.03421309872923,27.6,63.0,74.34,7.0,0.0,0.0,0.0
cmp4fzyr900n3f4mnohrzsyxu,cmmx6howt0000bi1zgfsisou2,2026-05-13 19:18:25.429,55.13196480938416,27.6,63.0,79.44,7.0,0.0,0.0,0.0
cmp4g01gs00n5f4mncv9xkg9j,cmmx6howt0000bi1zgfsisou2,2026-05-13 19:18:28.935,55.03421309872923,27.6,63.0,82.53,7.0,0.0,0.0,0.0
cmp4g046700n7f4mn78hzrb06,cmmx6howt0000bi1zgfsisou2,2026-05-13 19:18:32.441,55.03421309872923,27.6,63.0,82.3,7.0,0.0,0.0,0.0
cmp4g06vv00n9f4mnx7mo6z1v,cmmx6howt0000bi1zgfsisou2,2026-05-13 19:18:35.947,55.13196480938416,27.6,63.0,82.53,7.0,0.0,0.0,0.0
cmp4g09lb00nbf4mnjr0zhyac,cmmx6howt0000bi1zgfsisou2,2026-05-13 19:18:39.452,55.13196480938416,27.6,63.0,79.63,7.0,0.0,0.0,0.0
cmp4g0car00ndf4mnofksbdah,cmmx6howt0000bi1zgfsisou2,2026-05-13 19:18:42.957,55.13196480938416,27.6,64.0,79.41,7.0,0.0,0.0,0.0
cmp4g0f0i00nff4mn6trbbncl,cmmx6howt0000bi1zgfsisou2,2026-05-13 19:18:46.463,55.13196480938416,27.6,63.0,79.63,7.0,0.0,0.0,0.0
cmp4g0hpm00nhf4mniqw5otds,cmmx6howt0000bi1zgfsisou2,2026-05-13 19:18:49.968,55.03421309872923,27.6,64.0,82.53,7.0,0.0,0.0,0.0
cmp4g0ke700njf4mnbcjtjkwv,cmmx6howt0000bi1zgfsisou2,2026-05-13 19:18:53.473,55.13196480938416,27.6,64.0,75.06,7.0,0.0,0.0,0.0
cmp4g0n3o00nlf4mnacslosq4,cmmx6howt0000bi1zgfsisou2,2026-05-13 19:18:56.979,55.13196480938416,27.6,63.0,76.01,7.0,0.0,0.0,0.0
cmp4g0pt800nnf4mnyfvghci3,cmmx6howt0000bi1zgfsisou2,2026-05-13 19:19:00.485,55.13196480938416,27.6,63.0,79.41,7.0,0.0,0.0,0.0
cmp4g0siw00npf4mnu9ds8ivv,cmmx6howt0000bi1zgfsisou2,2026-05-13 19:19:03.991,55.13196480938416,27.6,63.0,82.53,7.0,0.0,0.0,0.0
cmp4g0v8500nrf4mnvr46fn3v,cmmx6howt0000bi1zgfsisou2,2026-05-13 19:19:07.496,55.13196480938416,27.6,63.0,76.51,7.0,0.0,0.0,0.0
cmp4g0xxq00ntf4mntxtd9huw,cmmx6howt0000bi1zgfsisou2,2026-05-13 19:19:11.002,55.13196480938416,27.6,63.0,77.23,7.0,0.0,0.0,0.0
cmp4g10ng00nvf4mnlvforlzs,cmmx6howt0000bi1zgfsisou2,2026-05-13 19:19:14.507,55.13196480938416,27.6,63.0,83.98,7.0,0.0,0.0,0.0
cmp4g13c400nxf4mnjd8r3i47,cmmx6howt0000bi1zgfsisou2,2026-05-13 19:19:18.013,55.13196480938416,27.6,63.0,90.73,7.0,0.0,0.0,0.0
cmp4g161a00nzf4mnyt0os3dz,cmmx6howt0000bi1zgfsisou2,2026-05-13 19:19:21.518,55.13196480938416,27.6,63.0,84.67,7.0,0.0,0.0,0.0
cmp4g18qx00o1f4mnefn7j5v1,cmmx6howt0000bi1zgfsisou2,2026-05-13 19:19:25.024,55.13196480938416,27.5,63.0,78.19,7.0,0.0,0.0,0.0
cmp4g1bg400o3f4mnlvjjmas7,cmmx6howt0000bi1zgfsisou2,2026-05-13 19:19:28.530,54.25219941348973,27.6,63.0,81.81,7.0,0.0,0.0,0.0
cmp4g1e5k00o5f4mn0j6v80pt,cmmx6howt0000bi1zgfsisou2,2026-05-13 19:19:32.035,54.25219941348973,27.5,64.0,85.88,7.0,0.0,0.0,0.0
cmp4g1gvf00o7f4mnfl9adp3a,cmmx6howt0000bi1zgfsisou2,2026-05-13 19:19:35.540,54.25219941348973,27.5,64.0,86.15,7.0,0.0,0.0,0.0
cmp4g1jk500o9f4mn1y3vp4e5,cmmx6howt0000bi1zgfsisou2,2026-05-13 19:19:39.045,54.25219941348973,27.5,64.0,84.7,7.0,0.0,0.0,0.0
cmp4g1m9c00obf4mn9ht4e8gy,cmmx6howt0000bi1zgfsisou2,2026-05-13 19:19:42.550,54.25219941348973,27.5,64.0,83.75,7.0,0.0,0.0,0.0
cmp4g1ozu00odf4mn3zj02k6f,cmmx6howt0000bi1zgfsisou2,2026-05-13 19:19:46.055,54.34995112414467,27.6,64.0,85.92,7.0,0.0,0.0,0.0
cmp4g1roe00off4mns6xy7zc2,cmmx6howt0000bi1zgfsisou2,2026-05-13 19:19:49.561,54.25219941348973,27.6,65.0,85.66,7.0,0.0,0.0,0.0
cmp4g1uej00ohf4mnbiksjf65,cmmx6howt0000bi1zgfsisou2,2026-05-13 19:19:53.066,54.15444770283479,27.5,65.0,86.15,7.0,0.0,0.0,0.0
cmp4g1x5b00ojf4mnxjpme8mj,cmmx6howt0000bi1zgfsisou2,2026-05-13 19:19:56.572,54.15444770283479,27.6,65.0,85.88,7.0,0.0,0.0,0.0
cmp4g1zsu00olf4mnf4n1m9g2,cmmx6howt0000bi1zgfsisou2,2026-05-13 19:20:00.077,54.15444770283479,27.6,65.0,82.53,7.0,0.0,0.0,0.0
cmp4g22hy00onf4mns6hiujyl,cmmx6howt0000bi1zgfsisou2,2026-05-13 19:20:03.583,54.05669599217986,27.6,65.0,81.58,7.0,0.0,0.0,0.0
cmp4g25bf00opf4mn6vqa3ux2,cmmx6howt0000bi1zgfsisou2,2026-05-13 19:20:07.089,54.15444770283479,27.6,65.0,84.7,7.0,0.0,0.0,0.0
cmp4g27x500orf4mn0dxn550h,cmmx6howt0000bi1zgfsisou2,2026-05-13 19:20:10.594,54.15444770283479,27.6,65.0,71.44,7.0,0.0,0.0,0.0
cmp4g2amz00otf4mn9w1yyugz,cmmx6howt0000bi1zgfsisou2,2026-05-13 19:20:14.099,54.15444770283479,27.6,64.0,84.7,7.0,0.0,0.0,0.0
cmp4g2dbr00ovf4mnc52ls3zf,cmmx6howt0000bi1zgfsisou2,2026-05-13 19:20:17.604,54.15444770283479,27.6,64.0,85.88,7.0,0.0,0.0,0.0
cmp4g2g1k00oxf4mnvbvqezby,cmmx6howt0000bi1zgfsisou2,2026-05-13 19:20:21.109,54.15444770283479,27.6,64.0,81.54,7.0,0.0,0.0,0.0
cmp4g2iq700ozf4mng4yi6dqf,cmmx6howt0000bi1zgfsisou2,2026-05-13 19:20:24.615,54.15444770283479,27.6,64.0,81.58,7.0,0.0,0.0,0.0
cmp4g2lfo00p1f4mnk82hrq8a,cmmx6howt0000bi1zgfsisou2,2026-05-13 19:20:28.120,53.3724340175953,27.6,63.0,85.92,7.0,0.0,0.0,0.0
cmp4g2o5200p3f4mnrfbm3oy6,cmmx6howt0000bi1zgfsisou2,2026-05-13 19:20:31.626,52.39491691104594,27.6,64.0,83.75,7.0,0.0,0.0,0.0
cmp4g2quu00p5f4mnj2232my9,cmmx6howt0000bi1zgfsisou2,2026-05-13 19:20:35.131,52.49266862170088,27.7,63.0,84.36,7.0,0.0,0.0,0.0
cmp4g2tjm00p7f4mnjgp6ct8n,cmmx6howt0000bi1zgfsisou2,2026-05-13 19:20:38.636,53.47018572825024,27.7,64.0,83.98,7.0,0.0,0.0,0.0
cmp4g2w9e00p9f4mnv8iys0bd,cmmx6howt0000bi1zgfsisou2,2026-05-13 19:20:42.143,53.3724340175953,27.7,64.0,81.73,7.0,0.0,0.0,0.0
cmp4g2yyf00pbf4mnbzkmxjii,cmmx6howt0000bi1zgfsisou2,2026-05-13 19:20:45.647,53.0791788856305,27.7,64.0,86.15,7.0,0.0,0.0,0.0
cmp4g31pm00pdf4mntfxvzibm,cmmx6howt0000bi1zgfsisou2,2026-05-13 19:20:49.153,52.29716520039101,27.7,64.0,85.92,7.0,0.0,0.0,0.0
cmp4g34di00pff4mn4v1a2lfl,cmmx6howt0000bi1zgfsisou2,2026-05-13 19:20:52.657,52.10166177908113,27.7,64.0,85.92,7.0,0.0,0.0,0.0
cmp4g373100phf4mn9a1qi4bl,cmmx6howt0000bi1zgfsisou2,2026-05-13 19:20:56.163,51.80840664711632,27.7,63.0,78.19,7.0,0.0,0.0,0.0
cmp4g39ry00pjf4mn6m7hb7p0,cmmx6howt0000bi1zgfsisou2,2026-05-13 19:20:59.669,51.61290322580645,27.7,63.0,83.98,7.0,0.0,0.0,0.0
cmp4g3ci500plf4mnr2bt85xr,cmmx6howt0000bi1zgfsisou2,2026-05-13 19:21:03.174,51.41739980449658,27.7,63.0,86.11,7.0,0.0,0.0,0.0
cmp4g3f6y00pnf4mnfmd4pzrd,cmmx6howt0000bi1zgfsisou2,2026-05-13 19:21:06.679,51.2218963831867,27.7,64.0,85.85,7.0,0.0,0.0,0.0
cmp4g3hvy00ppf4mn9wu8gpo5,cmmx6howt0000bi1zgfsisou2,2026-05-13 19:21:10.185,51.12414467253177,27.8,64.0,85.92,7.0,0.0,0.0,0.0
cmp4g3klr00prf4mngcuu2zyp,cmmx6howt0000bi1zgfsisou2,2026-05-13 19:21:13.691,51.2218963831867,27.7,64.0,83.03,7.0,0.0,0.0,0.0
cmp4g3naz00ptf4mndjanb74l,cmmx6howt0000bi1zgfsisou2,2026-05-13 19:21:17.198,51.2218963831867,27.8,65.0,18.54,7.0,0.0,0.0,0.0
cmp4g3q0g00pvf4mnd72s5qf1,cmmx6howt0000bi1zgfsisou2,2026-05-13 19:21:20.708,46.72531769305963,27.8,64.0,0.0,7.0,0.0,0.0,0.0
cmp4g3sps00pxf4mnhall5frs,cmmx6howt0000bi1zgfsisou2,2026-05-13 19:21:24.221,72.82502443792767,27.8,64.0,0.0,7.0,0.0,0.0,0.0
cmp4g3vfj00pzf4mnekw89i6e,cmmx6howt0000bi1zgfsisou2,2026-05-13 19:21:27.732,73.11827956989248,27.8,64.0,0.0,7.0,0.0,0.0,0.0
cmp4g3y4r00q1f4mnberyp30q,cmmx6howt0000bi1zgfsisou2,2026-05-13 19:21:31.244,73.90029325513197,27.8,64.0,0.0,7.0,5.0,9.0,24.0
cmp4g40uy00q3f4mndfzrj90m,cmmx6howt0000bi1zgfsisou2,2026-05-13 19:21:34.761,77.12609970674487,27.8,63.0,0.0,7.0,16.0,23.0,50.0
cmp4g43ki00q5f4mnqh8239x2,cmmx6howt0000bi1zgfsisou2,2026-05-13 19:21:38.276,76.93059628543499,27.8,63.0,0.0,7.0,23.0,32.0,67.0
cmp4g469o00q7f4mn5ev61l2c,cmmx6howt0000bi1zgfsisou2,2026-05-13 19:21:41.786,77.32160312805473,27.8,63.0,42.21,7.0,25.0,35.0,70.0
cmp4g48zd00q9f4mng5z8lfnn,cmmx6howt0000bi1zgfsisou2,2026-05-13 19:21:45.297,77.41935483870968,27.8,63.0,14.77,7.0,25.0,35.0,70.0
cmp4g4box00qbf4mnxq4igt0h,cmmx6howt0000bi1zgfsisou2,2026-05-13 19:21:48.807,77.61485826001955,27.8,63.0,96.78,7.0,25.0,35.0,70.0
cmp4g4eeg00qdf4mnhqev02x1,cmmx6howt0000bi1zgfsisou2,2026-05-13 19:21:52.317,77.71260997067448,27.8,63.0,87.83,7.0,25.0,35.0,70.0
cmp4g4h5t00qff4mn5hzxxywk,cmmx6howt0000bi1zgfsisou2,2026-05-13 19:21:55.826,77.71260997067448,27.8,63.0,95.11,7.0,25.0,35.0,70.0
cmp4g4jt500qhf4mnl3hvv75n,cmmx6howt0000bi1zgfsisou2,2026-05-13 19:21:59.335,77.81036168132943,27.8,63.0,88.1,7.0,25.0,35.0,70.0
cmp4g4mik00qjf4mnn0h5n6uz,cmmx6howt0000bi1zgfsisou2,2026-05-13 19:22:02.845,71.8475073313783,27.7,63.0,90.92,7.0,25.0,35.0,70.0
cmp4g4p8n00qlf4mnlnifteo3,cmmx6howt0000bi1zgfsisou2,2026-05-13 19:22:06.354,76.34408602150538,27.7,63.0,91.18,7.0,25.0,35.0,70.0
cmp4g4rxj00qnf4mn3kf5wkmq,cmmx6howt0000bi1zgfsisou2,2026-05-13 19:22:09.864,76.34408602150538,27.7,63.0,90.27,7.0,25.0,35.0,70.0
cmp4g4ung00qpf4mnw85v7z2w,cmmx6howt0000bi1zgfsisou2,2026-05-13 19:22:13.374,76.63734115347019,27.7,64.0,90.99,7.0,25.0,35.0,70.0
cmp4g4xd800qrf4mn0yxlf4av,cmmx6howt0000bi1zgfsisou2,2026-05-13 19:22:16.883,75.75757575757575,27.7,64.0,94.99,7.0,25.0,35.0,70.0
cmp4g502f00qtf4mnmkhimpso,cmmx6howt0000bi1zgfsisou2,2026-05-13 19:22:20.392,76.53958944281524,27.7,64.0,87.98,7.0,25.0,35.0,70.0
cmp4g52rq00qvf4mn94j9zcu4,cmmx6howt0000bi1zgfsisou2,2026-05-13 19:22:23.901,76.73509286412512,27.7,64.0,89.51,7.0,25.0,35.0,70.0
cmp4g55hn00qxf4mnocqka4we,cmmx6howt0000bi1zgfsisou2,2026-05-13 19:22:27.411,77.90811339198436,27.7,64.0,87.87,7.0,25.0,35.0,70.0
cmp4g586e00qzf4mnvip3k3zw,cmmx6howt0000bi1zgfsisou2,2026-05-13 19:22:30.919,78.00586510263929,27.6,64.0,95.57,7.0,25.0,35.0,71.0
cmp4g5aw600r1f4mnn4ms7o43,cmmx6howt0000bi1zgfsisou2,2026-05-13 19:22:34.430,78.10361681329422,27.6,64.0,88.06,7.0,25.0,35.0,71.0
cmp4g5dm600r3f4mnfj9wrqf0,cmmx6howt0000bi1zgfsisou2,2026-05-13 19:22:37.939,78.10361681329422,27.7,64.0,93.05,7.0,25.0,35.0,70.0
cmp4g5gbb00r5f4mnwvixsv61,cmmx6howt0000bi1zgfsisou2,2026-05-13 19:22:41.448,78.10361681329422,27.6,64.0,91.22,7.0,70.0,70.0,70.0
cmp4g5j0l00r7f4mne14mzbfb,cmmx6howt0000bi1zgfsisou2,2026-05-13 19:22:44.957,78.00586510263929,27.6,64.0,87.1,7.0,70.0,70.0,70.0
cmp4g5lqk00r9f4mn2mumyoen,cmmx6howt0000bi1zgfsisou2,2026-05-13 19:22:48.468,78.00586510263929,27.6,64.0,82.49,7.0,70.0,70.0,70.0
cmp4g5ofv00rbf4mnc0zpt3y3,cmmx6howt0000bi1zgfsisou2,2026-05-13 19:22:51.976,78.00586510263929,27.7,65.0,90.15,7.0,70.0,70.0,70.0
cmp4g5r5r00rdf4mn97oxev20,cmmx6howt0000bi1zgfsisou2,2026-05-13 19:22:55.486,78.00586510263929,27.7,65.0,92.44,7.0,70.0,70.0,70.0
cmp4g5tv500rff4mnbbi117ds,cmmx6howt0000bi1zgfsisou2,2026-05-13 19:22:58.995,77.61485826001955,27.7,66.0,94.04,7.0,70.0,70.0,70.0
cmp4g5wk900rhf4mnwuxsb3ng,cmmx6howt0000bi1zgfsisou2,2026-05-13 19:23:02.504,77.2238514173998,27.7,66.0,96.75,7.0,70.0,70.0,70.0
cmp4g5z9d00rjf4mnbsuqna8l,cmmx6howt0000bi1zgfsisou2,2026-05-13 19:23:06.013,77.02834799608993,27.7,66.0,96.71,7.0,70.0,70.0,70.0
cmp4g61zf00rlf4mnc5dlb8j3,cmmx6howt0000bi1zgfsisou2,2026-05-13 19:23:09.522,77.32160312805473,27.8,66.0,96.56,7.0,70.0,70.0,70.0
cmp4g64o100rnf4mneihrgc48,cmmx6howt0000bi1zgfsisou2,2026-05-13 19:23:13.031,77.32160312805473,27.8,66.0,96.75,7.0,70.0,70.0,70.0
cmp4g67dz00rpf4mn4me6jmrm,cmmx6howt0000bi1zgfsisou2,2026-05-13 19:23:16.541,77.32160312805473,27.8,66.0,91.18,7.0,70.0,70.0,70.0
cmp4g6a3m00rrf4mndjdmdmav,cmmx6howt0000bi1zgfsisou2,2026-05-13 19:23:20.050,77.2238514173998,27.8,65.0,90.95,7.0,70.0,70.0,70.0
cmp4g6ctk00rtf4mnrjkhpfs3,cmmx6howt0000bi1zgfsisou2,2026-05-13 19:23:23.560,77.32160312805473,27.9,65.0,93.85,7.0,70.0,70.0,70.0
cmp4g6fik00rvf4mn2ybq2xro,cmmx6howt0000bi1zgfsisou2,2026-05-13 19:23:27.068,76.53958944281524,27.9,65.0,94.0,7.0,70.0,70.0,70.0
cmp4g6i7m00rxf4mnev3d1dl5,cmmx6howt0000bi1zgfsisou2,2026-05-13 19:23:30.577,76.44183773216031,28.0,66.0,92.36,7.0,70.0,70.0,70.0
cmp4g6kxu00rzf4mneegrbfe4,cmmx6howt0000bi1zgfsisou2,2026-05-13 19:23:34.087,76.73509286412512,28.0,66.0,92.36,7.0,70.0,70.0,70.0
cmp4g6nmx00s1f4mnlvkh7120,cmmx6howt0000bi1zgfsisou2,2026-05-13 19:23:37.596,76.73509286412512,28.0,66.0,93.89,7.0,70.0,70.0,70.0
cmp4g6qcd00s3f4mnvx05uwuc,cmmx6howt0000bi1zgfsisou2,2026-05-13 19:23:41.105,76.63734115347019,28.0,65.0,96.56,7.0,70.0,70.0,70.0
cmp4g6t1o00s5f4mn14ykupj5,cmmx6howt0000bi1zgfsisou2,2026-05-13 19:23:44.614,76.63734115347019,28.1,65.0,94.12,7.0,70.0,70.0,70.0
cmp4g6vr800s7f4mng9cwlv8y,cmmx6howt0000bi1zgfsisou2,2026-05-13 19:23:48.123,76.73509286412512,28.1,65.0,95.3,7.0,70.0,70.0,70.0
cmp4g6ygu00s9f4mnmlxz0t4h,cmmx6howt0000bi1zgfsisou2,2026-05-13 19:23:51.633,76.73509286412512,28.1,64.0,96.75,7.0,70.0,70.0,70.0
cmp4g718x00sbf4mn6wpquus4,cmmx6howt0000bi1zgfsisou2,2026-05-13 19:23:55.141,76.63734115347019,28.1,64.0,91.49,7.0,70.0,70.0,70.0
cmp4g73vg00sdf4mn7sfxj198,cmmx6howt0000bi1zgfsisou2,2026-05-13 19:23:58.651,76.63734115347019,28.1,64.0,90.46,7.0,70.0,70.0,70.0
cmp4g76l900sff4mnkzitkaxd,cmmx6howt0000bi1zgfsisou2,2026-05-13 19:24:02.160,76.24633431085044,28.1,64.0,95.26,7.0,70.0,70.0,70.0
cmp4g79az00shf4mn53imd4ql,cmmx6howt0000bi1zgfsisou2,2026-05-13 19:24:05.669,76.53958944281524,28.1,64.0,93.66,7.0,70.0,70.0,70.0
cmp4g7c0x00sjf4mnaev25yup,cmmx6howt0000bi1zgfsisou2,2026-05-13 19:24:09.179,76.44183773216031,28.1,65.0,93.66,7.0,2.0,9.0,29.0
cmp4g7epl00slf4mnypstfbbe,cmmx6howt0000bi1zgfsisou2,2026-05-13 19:24:12.686,76.63734115347019,28.1,65.0,90.99,7.0,19.0,28.0,59.0
cmp4g7hfd00snf4mns051hw09,cmmx6howt0000bi1zgfsisou2,2026-05-13 19:24:16.194,76.44183773216031,28.2,65.0,93.16,7.0,22.0,32.0,64.0
cmp4g7k4a00spf4mngh8s1pw2,cmmx6howt0000bi1zgfsisou2,2026-05-13 19:24:19.704,76.44183773216031,28.2,66.0,93.85,7.0,13.0,22.0,44.0
cmp4g7mu500srf4mnhghxr95w,cmmx6howt0000bi1zgfsisou2,2026-05-13 19:24:23.212,76.44183773216031,28.1,65.0,90.99,7.0,21.0,30.0,62.0
cmp4g7pjb00stf4mn5zgn98rh,cmmx6howt0000bi1zgfsisou2,2026-05-13 19:24:26.722,76.73509286412512,28.2,65.0,90.92,7.0,23.0,32.0,65.0
cmp4g7s8n00svf4mnooi6jzcg,cmmx6howt0000bi1zgfsisou2,2026-05-13 19:24:30.231,76.63734115347019,28.2,65.0,90.95,7.0,25.0,35.0,71.0
cmp4g7uyi00sxf4mnw6px9wim,cmmx6howt0000bi1zgfsisou2,2026-05-13 19:24:33.741,76.73509286412512,28.1,65.0,93.16,7.0,25.0,35.0,71.0
cmp4g7xnl00szf4mngngj3qhn,cmmx6howt0000bi1zgfsisou2,2026-05-13 19:24:37.250,76.93059628543499,28.2,66.0,92.4,7.0,71.0,71.0,71.0
cmp4g80d800t1f4mnx87bmq8r,cmmx6howt0000bi1zgfsisou2,2026-05-13 19:24:40.760,76.83284457478005,28.1,66.0,90.23,7.0,17.0,26.0,53.0
cmp4g832r00t3f4mnz8jeajl1,cmmx6howt0000bi1zgfsisou2,2026-05-13 19:24:44.268,76.83284457478005,28.2,65.0,85.35,7.0,22.0,31.0,63.0
cmp4g85s700t5f4mn2jugtw05,cmmx6howt0000bi1zgfsisou2,2026-05-13 19:24:47.779,76.83284457478005,28.1,65.0,88.59,7.0,23.0,33.0,67.0
cmp4g88i500t7f4mnaec0xbrg,cmmx6howt0000bi1zgfsisou2,2026-05-13 19:24:51.287,76.83284457478005,28.2,64.0,88.1,7.0,25.0,35.0,71.0
cmp4g8b7500t9f4mncdttpbtt,cmmx6howt0000bi1zgfsisou2,2026-05-13 19:24:54.797,76.93059628543499,28.2,64.0,96.48,7.0,25.0,35.0,71.0
cmp4g8dwx00tbf4mnsyaldpcg,cmmx6howt0000bi1zgfsisou2,2026-05-13 19:24:58.306,76.93059628543499,28.2,64.0,87.1,7.0,25.0,35.0,71.0
cmp4g8gm900tdf4mngax27r4x,cmmx6howt0000bi1zgfsisou2,2026-05-13 19:25:01.814,76.83284457478005,28.2,64.0,95.49,7.0,25.0,35.0,71.0
cmp4g8jbq00tff4mnarewe3s1,cmmx6howt0000bi1zgfsisou2,2026-05-13 19:25:05.324,76.63734115347019,28.1,64.0,89.96,7.0,25.0,35.0,71.0
cmp4g8m0u00thf4mn7lw1uvqj,cmmx6howt0000bi1zgfsisou2,2026-05-13 19:25:08.833,76.53958944281524,28.2,64.0,90.95,7.0,25.0,35.0,71.0
cmp4g8oqk00tjf4mnvae87pzh,cmmx6howt0000bi1zgfsisou2,2026-05-13 19:25:12.342,76.93059628543499,28.2,64.0,88.25,7.0,25.0,35.0,71.0
cmp4g8rfu00tlf4mn2d4exm0v,cmmx6howt0000bi1zgfsisou2,2026-05-13 19:25:15.853,76.93059628543499,28.2,63.0,68.93,7.0,25.0,35.0,71.0
cmp4g8u5c00tnf4mniu3rjdcn,cmmx6howt0000bi1zgfsisou2,2026-05-13 19:25:19.362,76.05083088954056,28.2,63.0,96.78,7.0,25.0,25.0,7.0
cmp4g8wux00tpf4mnc6vj1l3e,cmmx6howt0000bi1zgfsisou2,2026-05-13 19:25:22.870,75.8553274682307,28.2,63.0,96.63,7.0,18.0,26.0,55.0
cmp4g8zkn00trf4mnzv21ifc3,cmmx6howt0000bi1zgfsisou2,2026-05-13 19:25:26.379,75.46432062561095,28.2,63.0,96.67,7.0,22.0,31.0,63.0
cmp4g92a600ttf4mnwmaxcuzj,cmmx6howt0000bi1zgfsisou2,2026-05-13 19:25:29.890,76.05083088954056,28.2,63.0,96.71,7.0,24.0,33.0,69.0
cmp4g94z800tvf4mnuoauhk79,cmmx6howt0000bi1zgfsisou2,2026-05-13 19:25:33.398,76.05083088954056,28.2,63.0,96.78,7.0,25.0,35.0,71.0
cmp4g97oy00txf4mnp9k4znc1,cmmx6howt0000bi1zgfsisou2,2026-05-13 19:25:36.908,76.05083088954056,28.2,63.0,96.75,7.0,25.0,35.0,71.0
cmp4g9aeo00tzf4mnob1bzk6z,cmmx6howt0000bi1zgfsisou2,2026-05-13 19:25:40.417,75.95307917888563,28.2,63.0,96.9,7.0,25.0,35.0,71.0
cmp4g9d4d00u1f4mngj2mqdde,cmmx6howt0000bi1zgfsisou2,2026-05-13 19:25:43.927,75.65982404692082,28.2,63.0,90.92,7.0,25.0,35.0,71.0
cmp4g9ftn00u3f4mnub5bi267,cmmx6howt0000bi1zgfsisou2,2026-05-13 19:25:47.436,75.75757575757575,28.2,63.0,90.99,7.0,25.0,35.0,71.0
cmp4g9iiq00u5f4mnybo2bqxk,cmmx6howt0000bi1zgfsisou2,2026-05-13 19:25:50.945,76.53958944281524,28.2,63.0,96.78,7.0,25.0,35.0,71.0
cmp4g9l8m00u7f4mn7nenfvhr,cmmx6howt0000bi1zgfsisou2,2026-05-13 19:25:54.455,76.44183773216031,28.2,63.0,96.52,7.0,25.0,35.0,71.0
cmp4g9ny600u9f4mnoonbcnmq,cmmx6howt0000bi1zgfsisou2,2026-05-13 19:25:57.965,76.24633431085044,28.2,63.0,82.26,7.0,25.0,35.0,71.0
cmp4g9qnf00ubf4mnnczx17ut,cmmx6howt0000bi1zgfsisou2,2026-05-13 19:26:01.474,76.34408602150538,28.2,64.0,82.53,7.0,25.0,35.0,71.0
cmp4g9tct00udf4mn59hzajh4,cmmx6howt0000bi1zgfsisou2,2026-05-13 19:26:04.983,76.44183773216031,28.2,64.0,80.32,7.0,25.0,35.0,71.0
cmp4g9w3000uff4mn8eoabn72,cmmx6howt0000bi1zgfsisou2,2026-05-13 19:26:08.494,75.75757575757575,28.2,64.0,75.06,7.0,25.0,35.0,71.0
cmp4g9ys000uhf4mn00kr21t2,cmmx6howt0000bi1zgfsisou2,2026-05-13 19:26:12.003,75.95307917888563,28.3,64.0,83.94,7.0,25.0,35.0,71.0
cmp4ga1hs00ujf4mnfs31kdnr,cmmx6howt0000bi1zgfsisou2,2026-05-13 19:26:15.513,56.10948191593352,28.2,64.0,89.28,7.0,25.0,35.0,71.0
cmp4ga47o00ulf4mnjro3l28h,cmmx6howt0000bi1zgfsisou2,2026-05-13 19:26:19.021,51.02639296187683,28.2,63.0,75.29,7.0,25.0,35.0,71.0
cmp4ga6wi00unf4mnkfk1jmpi,cmmx6howt0000bi1zgfsisou2,2026-05-13 19:26:22.530,69.30596285434996,28.3,63.0,89.73,7.0,25.0,36.0,72.0
cmp4ga9m900upf4mnsconnt5i,cmmx6howt0000bi1zgfsisou2,2026-05-13 19:26:26.040,52.59042033235581,28.3,63.0,81.08,7.0,25.0,36.0,72.0
cmp4gacbe00urf4mnvco8z40g,cmmx6howt0000bi1zgfsisou2,2026-05-13 19:26:29.547,52.78592375366568,28.2,64.0,75.29,7.0,25.0,36.0,72.0
cmp4gaf0g00utf4mnzlbbbxnj,cmmx6howt0000bi1zgfsisou2,2026-05-13 19:26:33.056,52.88367546432062,28.2,65.0,75.29,7.0,24.0,33.0,66.0
cmp4gahpr00uvf4mnwgzeyxgk,cmmx6howt0000bi1zgfsisou2,2026-05-13 19:26:36.564,53.95894428152492,28.2,65.0,75.29,7.0,18.0,23.0,44.0
cmp4gakgs00uxf4mnv5t87mm8,cmmx6howt0000bi1zgfsisou2,2026-05-13 19:26:40.073,53.95894428152492,28.2,65.0,75.06,7.0,8.0,9.0,13.0
cmp4gan4t00uzf4mng4rgygeb,cmmx6howt0000bi1zgfsisou2,2026-05-13 19:26:43.577,54.54545454545454,28.3,64.0,81.81,7.0,0.0,0.0,0.0
cmp4gapu500v1f4mnozqa4wtf,cmmx6howt0000bi1zgfsisou2,2026-05-13 19:26:47.085,54.83870967741935,28.2,63.0,64.43,7.0,0.0,0.0,0.0
cmp4gasn200v3f4mnivl4ghcs,cmmx6howt0000bi1zgfsisou2,2026-05-13 19:26:50.708,54.34995112414467,28.2,63.0,0.0,7.0,0.0,0.0,0.0
cmp4gavfi00v5f4mnl7iyikk2,cmmx6howt0000bi1zgfsisou2,2026-05-13 19:26:54.332,58.74877810361681,28.2,64.0,0.0,7.0,0.0,0.0,0.0
cmp4gay4x00v7f4mn4wvk0bsi,cmmx6howt0000bi1zgfsisou2,2026-05-13 19:26:57.841,54.74095796676441,28.2,63.0,19.3,7.0,0.0,0.0,0.0
cmp4gb0v700v9f4mnaap5hl2x,cmmx6howt0000bi1zgfsisou2,2026-05-13 19:27:01.347,52.39491691104594,28.2,63.0,66.52,7.0,0.0,0.0,0.0
cmp4gb3kf00vbf4mnbykccwr3,cmmx6howt0000bi1zgfsisou2,2026-05-13 19:27:04.852,52.49266862170088,28.2,63.0,82.53,7.0,0.0,0.0,0.0
cmp4gb69o00vdf4mn1o6b3an1,cmmx6howt0000bi1zgfsisou2,2026-05-13 19:27:08.357,52.29716520039101,28.2,63.0,85.2,7.0,0.0,0.0,0.0
cmp4gb8yi00vff4mncjm4qgij,cmmx6howt0000bi1zgfsisou2,2026-05-13 19:27:11.863,52.10166177908113,28.2,62.0,83.26,7.0,0.0,0.0,0.0
cmp4gbbo500vhf4mnby1fkvra,cmmx6howt0000bi1zgfsisou2,2026-05-13 19:27:15.369,52.10166177908113,28.2,63.0,85.43,7.0,0.0,0.0,0.0
cmp4gbede00vjf4mnehskgdes,cmmx6howt0000bi1zgfsisou2,2026-05-13 19:27:18.875,52.29716520039101,28.2,62.0,81.58,7.0,0.0,0.0,0.0
cmp4gbh2m00vlf4mn0wd463y0,cmmx6howt0000bi1zgfsisou2,2026-05-13 19:27:22.379,52.49266862170088,28.2,63.0,85.92,7.0,0.0,0.0,0.0
cmp4gbjrz00vnf4mn00q4nh5e,cmmx6howt0000bi1zgfsisou2,2026-05-13 19:27:25.885,52.10166177908113,28.2,63.0,84.47,7.0,0.0,0.0,0.0
cmp4gbmhd00vpf4mnrbcnspng,cmmx6howt0000bi1zgfsisou2,2026-05-13 19:27:29.390,52.29716520039101,28.1,63.0,85.69,7.0,0.0,0.0,0.0
cmp4gbp6q00vrf4mn0iraqcv4,cmmx6howt0000bi1zgfsisou2,2026-05-13 19:27:32.896,52.39491691104594,28.1,63.0,85.92,7.0,0.0,0.0,0.0
cmp4gbrw700vtf4mnfzxix1xf,cmmx6howt0000bi1zgfsisou2,2026-05-13 19:27:36.401,52.19941348973607,28.1,63.0,85.92,7.0,0.0,0.0,0.0
cmp4gbulj00vvf4mnr6bcan9c,cmmx6howt0000bi1zgfsisou2,2026-05-13 19:27:39.907,51.71065493646139,28.1,62.0,86.15,7.0,0.0,0.0,0.0
cmp4gbxak00vxf4mnw5696sjq,cmmx6howt0000bi1zgfsisou2,2026-05-13 19:27:43.411,52.59042033235581,28.1,63.0,94.57,7.0,0.0,0.0,0.0
cmp4gc00700vzf4mnfsfbbr1b,cmmx6howt0000bi1zgfsisou2,2026-05-13 19:27:46.917,52.78592375366568,28.1,63.0,92.67,7.0,0.0,0.0,0.0
cmp4gc2qa00w1f4mn3c1i1qj5,cmmx6howt0000bi1zgfsisou2,2026-05-13 19:27:50.422,52.68817204301075,28.1,63.0,92.17,7.0,0.0,0.0,0.0
cmp4gc5ew00w3f4mn6219vnqu,cmmx6howt0000bi1zgfsisou2,2026-05-13 19:27:53.928,52.59042033235581,28.1,63.0,90.27,7.0,0.0,0.0,0.0
cmp4gc84i00w5f4mn61jm6uiz,cmmx6howt0000bi1zgfsisou2,2026-05-13 19:27:57.432,52.68817204301075,28.1,63.0,90.27,7.0,0.0,0.0,0.0
cmp4gcaty00w7f4mnggwv3lle,cmmx6howt0000bi1zgfsisou2,2026-05-13 19:28:00.938,52.68817204301075,28.1,63.0,92.4,7.0,0.0,0.0,0.0
cmp4gcdj800w9f4mntzzjqlce,cmmx6howt0000bi1zgfsisou2,2026-05-13 19:28:04.442,52.68817204301075,28.0,63.0,92.67,7.0,0.0,0.0,0.0
cmp4gcg8e00wbf4mnwbwz7w3y,cmmx6howt0000bi1zgfsisou2,2026-05-13 19:28:07.948,52.68817204301075,28.1,63.0,94.61,7.0,0.0,0.0,0.0
cmp4gcixa00wdf4mndgol1j5r,cmmx6howt0000bi1zgfsisou2,2026-05-13 19:28:11.453,52.88367546432062,28.0,63.0,80.36,7.0,0.0,0.0,0.0
cmp4gclnb00wff4mn91y99aoi,cmmx6howt0000bi1zgfsisou2,2026-05-13 19:28:14.959,52.78592375366568,28.1,63.0,75.29,7.0,0.0,0.0,0.0
cmp4gcocu00whf4mncq9p1m9j,cmmx6howt0000bi1zgfsisou2,2026-05-13 19:28:18.464,52.88367546432062,28.0,63.0,78.68,7.0,0.0,0.0,0.0
cmp4gcr1x00wjf4mnt5a7ffaf,cmmx6howt0000bi1zgfsisou2,2026-05-13 19:28:21.970,52.88367546432062,28.0,63.0,80.13,7.0,0.0,0.0,0.0
cmp4gctr700wlf4mn2s6mwaq2,cmmx6howt0000bi1zgfsisou2,2026-05-13 19:28:25.476,52.78592375366568,28.0,63.0,81.08,7.0,0.0,0.0,0.0
cmp4gcwga00wnf4mndds0tx92,cmmx6howt0000bi1zgfsisou2,2026-05-13 19:28:28.981,52.78592375366568,28.0,63.0,69.99,7.0,0.0,0.0,0.0
cmp4gcz5n00wpf4mnco0a6a1h,cmmx6howt0000bi1zgfsisou2,2026-05-13 19:28:32.492,52.88367546432062,28.0,63.0,0.0,7.0,0.0,0.0,0.0
cmp4gd1vc00wrf4mn9dpanxkr,cmmx6howt0000bi1zgfsisou2,2026-05-13 19:28:35.999,56.59824046920821,28.0,63.0,54.63,7.0,0.0,0.0,0.0
cmp4gd4ku00wtf4mnf8bvoxkq,cmmx6howt0000bi1zgfsisou2,2026-05-13 19:28:39.510,52.39491691104594,28.0,63.0,0.0,7.0,0.0,0.0,0.0
cmp4gd7a300wvf4mngdojmu6h,cmmx6howt0000bi1zgfsisou2,2026-05-13 19:28:43.016,57.08699902248289,28.0,63.0,84.36,7.0,0.0,0.0,0.0
cmp4gda0200wxf4mn3d1yu558,cmmx6howt0000bi1zgfsisou2,2026-05-13 19:28:46.522,52.00391006842619,28.0,63.0,86.15,7.0,0.0,0.0,0.0
cmp4gdcp000wzf4mnw4nxfaxh,cmmx6howt0000bi1zgfsisou2,2026-05-13 19:28:50.028,52.00391006842619,27.9,62.0,85.92,7.0,0.0,0.0,0.0
cmp4gdfez00x1f4mnu1vwcy18,cmmx6howt0000bi1zgfsisou2,2026-05-13 19:28:53.534,49.95112414467253,27.9,62.0,85.88,7.0,2.0,7.0,21.0
cmp4gdi3s00x3f4mnbml24dzh,cmmx6howt0000bi1zgfsisou2,2026-05-13 19:28:57.041,56.30498533724339,27.9,62.0,86.15,7.0,15.0,23.0,48.0
cmp4gdktc00x5f4mn3zn8fezd,cmmx6howt0000bi1zgfsisou2,2026-05-13 19:29:00.550,57.28250244379276,27.9,62.0,85.88,7.0,19.0,27.0,55.0
cmp4gdnix00x7f4mn5tlwtc4m,cmmx6howt0000bi1zgfsisou2,2026-05-13 19:29:04.058,50.53763440860215,27.9,62.0,86.15,7.0,23.0,32.0,66.0
cmp4gdq7y00x9f4mn5btxuor1,cmmx6howt0000bi1zgfsisou2,2026-05-13 19:29:07.566,50.63538611925708,27.9,62.0,85.92,7.0,23.0,33.0,66.0
cmp4gdsxo00xbf4mn69yuqxqs,cmmx6howt0000bi1zgfsisou2,2026-05-13 19:29:11.075,62.85434995112414,27.9,62.0,85.66,7.0,23.0,33.0,66.0
cmp4gdvn800xdf4mn5misca9g,cmmx6howt0000bi1zgfsisou2,2026-05-13 19:29:14.584,48.97360703812317,27.8,62.0,85.92,7.0,66.0,3.0,6.0
cmp4gdycy00xff4mn9j90hohk,cmmx6howt0000bi1zgfsisou2,2026-05-13 19:29:18.090,48.58260019550342,27.9,62.0,85.88,7.0,17.0,25.0,51.0
cmp4ge12o00xhf4mnq8ou0ehm,cmmx6howt0000bi1zgfsisou2,2026-05-13 19:29:21.599,59.62854349951125,27.8,62.0,86.15,7.0,21.0,29.0,59.0
cmp4ge3rx00xjf4mn7e92tfer,cmmx6howt0000bi1zgfsisou2,2026-05-13 19:29:25.107,48.19159335288368,27.9,62.0,85.92,7.0,22.0,32.0,65.0
cmp4ge6gx00xlf4mn3iuk23mp,cmmx6howt0000bi1zgfsisou2,2026-05-13 19:29:28.616,46.82306940371457,27.8,62.0,85.69,7.0,23.0,33.0,66.0
cmp4ge96w00xnf4mnvkvdgugi,cmmx6howt0000bi1zgfsisou2,2026-05-13 19:29:32.124,47.21407624633432,27.8,62.0,85.92,7.0,23.0,33.0,66.0
cmp4gebvs00xpf4mn4wgt71u1,cmmx6howt0000bi1zgfsisou2,2026-05-13 19:29:35.633,47.40957966764419,27.8,62.0,85.92,7.0,23.0,33.0,66.0
cmp4geeli00xrf4mnqba4ryu0,cmmx6howt0000bi1zgfsisou2,2026-05-13 19:29:39.142,47.40957966764419,27.8,62.0,86.15,7.0,23.0,33.0,66.0
cmp4gehal00xtf4mnx83rl4yy,cmmx6howt0000bi1zgfsisou2,2026-05-13 19:29:42.650,47.40957966764419,27.8,62.0,85.66,7.0,23.0,33.0,66.0
cmp4gek0m00xvf4mn0j7tvr9q,cmmx6howt0000bi1zgfsisou2,2026-05-13 19:29:46.159,47.40957966764419,27.8,62.0,85.92,7.0,23.0,33.0,66.0
cmp4gemqb00xxf4mnzsu5ga9q,cmmx6howt0000bi1zgfsisou2,2026-05-13 19:29:49.674,47.11632453567938,27.8,62.0,0.0,7.0,23.0,33.0,67.0
cmp4gepfk00xzf4mnag3x45yf,cmmx6howt0000bi1zgfsisou2,2026-05-13 19:29:53.184,53.17693059628543,27.8,63.0,16.26,7.0,23.0,33.0,67.0
cmp4ges5500y1f4mn3kleemma,cmmx6howt0000bi1zgfsisou2,2026-05-13 19:29:56.695,48.19159335288368,27.8,62.0,12.44,7.0,23.0,33.0,67.0
cmp4geuv100y3f4mnh9fvcwcj,cmmx6howt0000bi1zgfsisou2,2026-05-13 19:30:00.206,47.99608993157381,27.8,62.0,12.48,7.0,23.0,33.0,67.0
cmp4gexk600y5f4mniehvp7um,cmmx6howt0000bi1zgfsisou2,2026-05-13 19:30:03.723,47.89833822091887,27.8,62.0,0.0,7.0,23.0,33.0,67.0
cmp4gf09t00y7f4mnwtgg323g,cmmx6howt0000bi1zgfsisou2,2026-05-13 19:30:07.238,52.88367546432062,27.8,63.0,0.0,7.0,23.0,33.0,67.0
cmp4gf2zc00y9f4mnc504mkje,cmmx6howt0000bi1zgfsisou2,2026-05-13 19:30:10.746,56.20723362658846,27.8,63.0,80.97,7.0,23.0,33.0,67.0
cmp4gf5pb00ybf4mndxhbfohd,cmmx6howt0000bi1zgfsisou2,2026-05-13 19:30:14.256,51.12414467253177,27.8,63.0,64.2,7.0,23.0,33.0,67.0
cmp4gf8ee00ydf4mnvxxlurhs,cmmx6howt0000bi1zgfsisou2,2026-05-13 19:30:17.765,51.12414467253177,27.8,63.0,64.43,7.0,23.0,33.0,66.0
cmp4gfb4400yff4mnfhapmtub,cmmx6howt0000bi1zgfsisou2,2026-05-13 19:30:21.274,51.02639296187683,27.8,63.0,64.43,7.0,23.0,33.0,67.0
cmp4gfdtb00yhf4mnnb4w14sw,cmmx6howt0000bi1zgfsisou2,2026-05-13 19:30:24.783,51.12414467253177,27.8,63.0,64.2,7.0,23.0,33.0,67.0
cmp4gfgjy00yjf4mn13apq94d,cmmx6howt0000bi1zgfsisou2,2026-05-13 19:30:28.293,51.2218963831867,27.8,63.0,64.43,7.0,24.0,33.0,67.0
cmp4gfjaf00ylf4mn3stme4jl,cmmx6howt0000bi1zgfsisou2,2026-05-13 19:30:31.808,51.12414467253177,27.8,63.0,0.0,7.0,24.0,33.0,67.0
cmp4gflyd00ynf4mno4iy7cg7,cmmx6howt0000bi1zgfsisou2,2026-05-13 19:30:35.325,56.01173020527859,27.7,64.0,0.0,7.0,24.0,33.0,67.0
cmp4gfoo900ypf4mn5akan5qv,cmmx6howt0000bi1zgfsisou2,2026-05-13 19:30:38.840,56.10948191593352,27.7,64.0,0.0,7.0,23.0,33.0,67.0
cmp4gfrdz00yrf4mndxkgcmvm,cmmx6howt0000bi1zgfsisou2,2026-05-13 19:30:42.355,56.10948191593352,27.7,64.0,0.0,7.0,24.0,33.0,67.0
cmp4gfu3y00ytf4mno3ecvljp,cmmx6howt0000bi1zgfsisou2,2026-05-13 19:30:45.870,56.10948191593352,27.8,64.0,0.0,7.0,24.0,33.0,67.0
cmp4gfwsn00yvf4mnjjv0w5id,cmmx6howt0000bi1zgfsisou2,2026-05-13 19:30:49.385,56.10948191593352,27.8,64.0,0.0,7.0,24.0,33.0,67.0
cmp4gfziu00yxf4mn7uqqcu00,cmmx6howt0000bi1zgfsisou2,2026-05-13 19:30:52.901,56.10948191593352,27.8,64.0,0.0,7.0,24.0,33.0,67.0
cmp4gg28i00yzf4mn6o73f64f,cmmx6howt0000bi1zgfsisou2,2026-05-13 19:30:56.416,56.20723362658846,27.8,64.0,0.0,7.0,24.0,33.0,67.0
cmp4gg4xl00z1f4mnb1s3inqt,cmmx6howt0000bi1zgfsisou2,2026-05-13 19:30:59.932,56.10948191593352,27.8,63.0,0.0,7.0,24.0,33.0,67.0
cmp4gg7nl00z3f4mn8w2ksdz6,cmmx6howt0000bi1zgfsisou2,2026-05-13 19:31:03.447,56.20723362658846,27.7,63.0,0.0,7.0,24.0,33.0,67.0
cmp4ggadx00z5f4mnfmsqtcpx,cmmx6howt0000bi1zgfsisou2,2026-05-13 19:31:06.962,56.10948191593352,27.8,63.0,0.0,7.0,24.0,33.0,67.0
cmp4ggd2i00z7f4mnmbeya5ms,cmmx6howt0000bi1zgfsisou2,2026-05-13 19:31:10.478,56.20723362658846,27.7,63.0,0.0,7.0,24.0,33.0,67.0
cmp4ggfsf00z9f4mnpjakpsbs,cmmx6howt0000bi1zgfsisou2,2026-05-13 19:31:13.994,56.30498533724339,27.7,63.0,0.0,7.0,24.0,33.0,67.0
cmp4ggihv00zbf4mnmkg1334j,cmmx6howt0000bi1zgfsisou2,2026-05-13 19:31:17.511,56.20723362658846,27.7,64.0,0.0,7.0,24.0,33.0,67.0
cmp4ggl8400zdf4mn8wu76hzj,cmmx6howt0000bi1zgfsisou2,2026-05-13 19:31:21.032,56.20723362658846,27.7,64.0,0.0,7.0,24.0,33.0,67.0
cmp4ggnyc00zff4mnmc46yl0s,cmmx6howt0000bi1zgfsisou2,2026-05-13 19:31:24.553,56.40273704789833,27.7,64.0,0.0,7.0,24.0,33.0,67.0
cmp4ggqo100zhf4mn0zrdr8fq,cmmx6howt0000bi1zgfsisou2,2026-05-13 19:31:28.072,56.20723362658846,27.7,64.0,0.0,7.0,24.0,33.0,67.0
cmp4ggtcy00zjf4mnbo1d5n4a,cmmx6howt0000bi1zgfsisou2,2026-05-13 19:31:31.587,56.30498533724339,27.7,64.0,0.0,7.0,24.0,33.0,67.0
cmp4ggw2j00zlf4mn0d0eb9wg,cmmx6howt0000bi1zgfsisou2,2026-05-13 19:31:35.101,56.01173020527859,27.7,64.0,0.0,7.0,24.0,33.0,67.0
cmp4ggyrx00znf4mnlx48vmn5,cmmx6howt0000bi1zgfsisou2,2026-05-13 19:31:38.609,56.10948191593352,27.7,64.0,96.98,7.0,24.0,33.0,67.0
cmp4gh1hg00zpf4mn54gwws5f,cmmx6howt0000bi1zgfsisou2,2026-05-13 19:31:42.118,51.12414467253177,27.7,63.0,96.78,7.0,24.0,33.0,67.0
cmp4gh46v00zrf4mnufx59pqi,cmmx6howt0000bi1zgfsisou2,2026-05-13 19:31:45.626,51.2218963831867,27.7,63.0,94.61,7.0,24.0,33.0,67.0
cmp4gh6yj00ztf4mn5fatsl89,cmmx6howt0000bi1zgfsisou2,2026-05-13 19:31:49.134,51.2218963831867,27.7,63.0,98.88,7.0,24.0,33.0,67.0
cmp4gh9lx00zvf4mn1j2b4pjr,cmmx6howt0000bi1zgfsisou2,2026-05-13 19:31:52.642,51.2218963831867,27.7,63.0,98.73,7.0,24.0,33.0,67.0
cmp4ghcbo00zxf4mnti2i6qqb,cmmx6howt0000bi1zgfsisou2,2026-05-13 19:31:56.151,51.31964809384164,27.7,63.0,94.12,7.0,24.0,33.0,67.0
cmp4ghf1300zzf4mnlhcl9nm3,cmmx6howt0000bi1zgfsisou2,2026-05-13 19:31:59.659,51.02639296187683,27.7,63.0,99.68,7.0,24.0,33.0,67.0
cmp4ghhqh0101f4mn6732gfqy,cmmx6howt0000bi1zgfsisou2,2026-05-13 19:32:03.168,51.02639296187683,27.7,63.0,98.96,7.0,24.0,33.0,67.0
cmp4ghkhf0103f4mn6izv5su8,cmmx6howt0000bi1zgfsisou2,2026-05-13 19:32:06.676,51.02639296187683,27.7,63.0,93.85,7.0,24.0,33.0,67.0
cmp4ghn5h0105f4mnla9f3fuu,cmmx6howt0000bi1zgfsisou2,2026-05-13 19:32:10.185,51.2218963831867,27.7,63.0,98.84,7.0,24.0,33.0,67.0
cmp4ghpuu0107f4mnu6i50k8m,cmmx6howt0000bi1zgfsisou2,2026-05-13 19:32:13.693,51.2218963831867,27.7,63.0,93.77,7.0,24.0,33.0,67.0
cmp4ghsjx0109f4mnk7s8s40d,cmmx6howt0000bi1zgfsisou2,2026-05-13 19:32:17.201,51.2218963831867,27.7,63.0,93.62,7.0,24.0,33.0,67.0
cmp4ghv9a010bf4mnfr0of710,cmmx6howt0000bi1zgfsisou2,2026-05-13 19:32:20.709,51.31964809384164,27.7,63.0,93.81,7.0,24.0,33.0,67.0
cmp4ghxyx010df4mnbs7maf6r,cmmx6howt0000bi1zgfsisou2,2026-05-13 19:32:24.218,51.12414467253177,27.7,63.0,95.98,7.0,24.0,33.0,67.0
cmp4gi0oo010ff4mnny2fci1y,cmmx6howt0000bi1zgfsisou2,2026-05-13 19:32:27.726,49.75562072336266,27.7,63.0,95.95,7.0,24.0,33.0,67.0
cmp4gi3fk010hf4mnzf5ehf6g,cmmx6howt0000bi1zgfsisou2,2026-05-13 19:32:31.235,70.772238514174,27.7,63.0,95.79,7.0,24.0,33.0,67.0
cmp4gi63e010jf4mn8g1xpcry,cmmx6howt0000bi1zgfsisou2,2026-05-13 19:32:34.745,75.56207233626589,27.7,63.0,93.7,7.0,23.0,33.0,67.0
cmp4gi8sq010lf4mn1sp1u4jq,cmmx6howt0000bi1zgfsisou2,2026-05-13 19:32:38.254,61.19257086999023,27.7,63.0,98.88,7.0,23.0,33.0,67.0
cmp4gibi9010nf4mn04x0gha3,cmmx6howt0000bi1zgfsisou2,2026-05-13 19:32:41.762,54.83870967741935,27.7,63.0,96.25,7.0,24.0,33.0,67.0
cmp4gie83010pf4mnce08iy44,cmmx6howt0000bi1zgfsisou2,2026-05-13 19:32:45.270,54.74095796676441,27.6,63.0,100.0,7.0,24.0,33.0,67.0
cmp4gigxp010rf4mn14t62n22,cmmx6howt0000bi1zgfsisou2,2026-05-13 19:32:48.780,54.93646138807429,27.7,63.0,96.06,7.0,24.0,33.0,67.0
cmp4gijml010tf4mnf3xu5dn9,cmmx6howt0000bi1zgfsisou2,2026-05-13 19:32:52.288,54.83870967741935,27.6,63.0,98.65,7.0,24.0,33.0,67.0
cmp4gimce010vf4mn9ycpoqnr,cmmx6howt0000bi1zgfsisou2,2026-05-13 19:32:55.796,68.52394916911047,27.6,63.0,100.0,7.0,24.0,33.0,67.0
cmp4gip1m010xf4mnrowm86wg,cmmx6howt0000bi1zgfsisou2,2026-05-13 19:32:59.305,72.23851417399804,27.6,63.0,100.0,7.0,24.0,33.0,67.0
cmp4girrc010zf4mnjo3g0uig,cmmx6howt0000bi1zgfsisou2,2026-05-13 19:33:02.815,77.2238514173998,27.6,64.0,98.88,7.0,23.0,33.0,67.0
cmp4giugi0111f4mnz8vqnatr,cmmx6howt0000bi1zgfsisou2,2026-05-13 19:33:06.324,77.41935483870968,27.7,64.0,100.0,7.0,23.0,33.0,66.0
cmp4gix610113f4mn4js2gjwv,cmmx6howt0000bi1zgfsisou2,2026-05-13 19:33:09.835,77.51710654936461,27.7,64.0,100.0,7.0,23.0,33.0,66.0
cmp4gizvd0115f4mnfrvs0acx,cmmx6howt0000bi1zgfsisou2,2026-05-13 19:33:13.344,77.51710654936461,27.7,64.0,88.55,7.0,23.0,33.0,66.0
cmp4gj2l30117f4mnshxoxfe8,cmmx6howt0000bi1zgfsisou2,2026-05-13 19:33:16.854,77.51710654936461,27.7,64.0,99.11,7.0,23.0,33.0,66.0
cmp4gj5ad0119f4mns95qtz0u,cmmx6howt0000bi1zgfsisou2,2026-05-13 19:33:20.363,77.61485826001955,27.7,64.0,100.0,7.0,23.0,33.0,66.0
cmp4gj801011bf4mnqzs60x7f,cmmx6howt0000bi1zgfsisou2,2026-05-13 19:33:23.873,77.61485826001955,27.7,64.0,95.95,7.0,23.0,33.0,66.0
cmp4gjapf011df4mnb4e4qhvm,cmmx6howt0000bi1zgfsisou2,2026-05-13 19:33:27.382,77.61485826001955,27.7,64.0,95.95,7.0,23.0,33.0,67.0
cmp4gjdf3011ff4mntk6irryn,cmmx6howt0000bi1zgfsisou2,2026-05-13 19:33:30.892,77.61485826001955,27.7,64.0,98.0,7.0,23.0,33.0,66.0
cmp4gjg4o011hf4mn10w5cxse,cmmx6howt0000bi1zgfsisou2,2026-05-13 19:33:34.401,77.61485826001955,27.7,64.0,98.39,7.0,23.0,33.0,66.0
cmp4gjiu0011jf4mnvjbpudxd,cmmx6howt0000bi1zgfsisou2,2026-05-13 19:33:37.910,76.83284457478005,27.7,64.0,100.0,7.0,23.0,33.0,66.0
cmp4gjlje011lf4mnd5yd7gqi,cmmx6howt0000bi1zgfsisou2,2026-05-13 19:33:41.419,77.51710654936461,27.7,64.0,97.97,7.0,23.0,33.0,66.0
cmp4gjo8t011nf4mnqf6oq276,cmmx6howt0000bi1zgfsisou2,2026-05-13 19:33:44.929,77.61485826001955,27.7,63.0,100.0,7.0,23.0,33.0,67.0
cmp4gjqys011pf4mndv2f6voi,cmmx6howt0000bi1zgfsisou2,2026-05-13 19:33:48.439,77.61485826001955,27.6,63.0,98.39,7.0,23.0,33.0,67.0
cmp4gjto7011rf4mntx0w2rna,cmmx6howt0000bi1zgfsisou2,2026-05-13 19:33:51.949,77.61485826001955,27.7,63.0,95.98,7.0,23.0,33.0,67.0
cmp4gjwd3011tf4mn2clymku3,cmmx6howt0000bi1zgfsisou2,2026-05-13 19:33:55.457,77.61485826001955,27.6,63.0,98.19,7.0,23.0,33.0,66.0
cmp4gjz2q011vf4mntd6xmozy,cmmx6howt0000bi1zgfsisou2,2026-05-13 19:33:58.967,77.51710654936461,27.6,63.0,95.95,7.0,23.0,33.0,66.0
cmp4gk1s3011xf4mnxcunzok1,cmmx6howt0000bi1zgfsisou2,2026-05-13 19:34:02.476,77.51710654936461,27.6,63.0,98.88,7.0,22.0,30.0,58.0
cmp4gk4he011zf4mnsznsvb71,cmmx6howt0000bi1zgfsisou2,2026-05-13 19:34:05.985,77.41935483870968,27.6,63.0,96.06,7.0,16.0,21.0,39.0
cmp4gk7730121f4mnejno3raw,cmmx6howt0000bi1zgfsisou2,2026-05-13 19:34:09.494,77.41935483870968,27.6,63.0,100.0,7.0,7.0,7.0,10.0
cmp4gk9wb0123f4mnu82285hx,cmmx6howt0000bi1zgfsisou2,2026-05-13 19:34:13.002,77.41935483870968,27.6,63.0,98.88,7.0,0.0,0.0,0.0
cmp4gkcmb0125f4mne4qbnmih,cmmx6howt0000bi1zgfsisou2,2026-05-13 19:34:16.509,76.73509286412512,27.6,63.0,95.95,7.0,3.0,4.0,12.0
cmp4gkfb70127f4mnmaqjo2lz,cmmx6howt0000bi1zgfsisou2,2026-05-13 19:34:20.016,76.73509286412512,27.6,63.0,98.04,7.0,12.0,18.0,39.0
cmp4gki120129f4mnz2e2k30s,cmmx6howt0000bi1zgfsisou2,2026-05-13 19:34:23.526,77.2238514173998,27.6,63.0,97.97,7.0,19.0,27.0,58.0
cmp4gkkq4012bf4mnb2s4r76n,cmmx6howt0000bi1zgfsisou2,2026-05-13 19:34:27.035,77.2238514173998,27.6,63.0,96.02,7.0,23.0,32.0,65.0
cmp4gkngq012df4mney420dp3,cmmx6howt0000bi1zgfsisou2,2026-05-13 19:34:30.544,77.2238514173998,27.6,63.0,98.88,7.0,23.0,32.0,65.0
cmp4gkq65012ff4mnezqf1zod,cmmx6howt0000bi1zgfsisou2,2026-05-13 19:34:34.054,77.32160312805473,27.6,63.0,95.95,7.0,23.0,33.0,66.0
cmp4gksvl012hf4mn06mrmld4,cmmx6howt0000bi1zgfsisou2,2026-05-13 19:34:37.563,77.32160312805473,27.6,63.0,95.87,7.0,23.0,33.0,66.0
cmp4gkvkh012jf4mnvpsgof3f,cmmx6howt0000bi1zgfsisou2,2026-05-13 19:34:41.072,77.51710654936461,27.6,63.0,95.91,7.0,23.0,33.0,66.0
cmp4gkyaj012lf4mnyxvhm5cb,cmmx6howt0000bi1zgfsisou2,2026-05-13 19:34:44.581,60.50830889540567,27.6,63.0,97.93,7.0,23.0,32.0,65.0
cmp4gl0zf012nf4mnagkou0a9,cmmx6howt0000bi1zgfsisou2,2026-05-13 19:34:48.090,58.45552297165199,27.6,63.0,100.0,7.0,23.0,32.0,65.0
cmp4gl3ox012pf4mn8jv9kb5p,cmmx6howt0000bi1zgfsisou2,2026-05-13 19:34:51.599,58.45552297165199,27.7,63.0,100.0,7.0,23.0,32.0,65.0
cmp4gl6gq012rf4mnmbemixs6,cmmx6howt0000bi1zgfsisou2,2026-05-13 19:34:55.109,58.26001955034212,27.6,63.0,100.0,7.0,23.0,32.0,65.0
cmp4gl93z012tf4mn3dc24xs6,cmmx6howt0000bi1zgfsisou2,2026-05-13 19:34:58.618,58.16226783968719,27.6,63.0,100.0,7.0,23.0,32.0,65.0
cmp4glbtx012vf4mn7nvvryfd,cmmx6howt0000bi1zgfsisou2,2026-05-13 19:35:02.127,58.16226783968719,27.6,63.0,100.0,7.0,23.0,32.0,65.0
cmp4gleir012xf4mnhszvo9xe,cmmx6howt0000bi1zgfsisou2,2026-05-13 19:35:05.637,58.16226783968719,27.6,63.0,100.0,7.0,23.0,32.0,65.0
cmp4glh8l012zf4mndn7ef6rl,cmmx6howt0000bi1zgfsisou2,2026-05-13 19:35:09.145,58.06451612903225,27.6,63.0,100.0,7.0,23.0,32.0,65.0
cmp4gljxq0131f4mn81pvwg4w,cmmx6howt0000bi1zgfsisou2,2026-05-13 19:35:12.655,58.06451612903225,27.6,63.0,100.0,7.0,23.0,32.0,65.0
cmp4glmnt0133f4mn48e7l6sg,cmmx6howt0000bi1zgfsisou2,2026-05-13 19:35:16.165,58.06451612903225,27.6,63.0,100.0,7.0,23.0,32.0,65.0
cmp4glpcw0135f4mnmtgoklhb,cmmx6howt0000bi1zgfsisou2,2026-05-13 19:35:19.673,57.86901270772238,27.6,63.0,100.0,7.0,23.0,32.0,65.0
cmp4gls2b0137f4mn6m5zzj47,cmmx6howt0000bi1zgfsisou2,2026-05-13 19:35:23.182,57.86901270772238,27.6,63.0,100.0,7.0,23.0,32.0,65.0
cmp4glusc0139f4mnuz9tlff7,cmmx6howt0000bi1zgfsisou2,2026-05-13 19:35:26.692,57.77126099706744,27.6,63.0,95.95,7.0,23.0,32.0,65.0
cmp4glxhh013bf4mnxnyli15s,cmmx6howt0000bi1zgfsisou2,2026-05-13 19:35:30.199,57.86901270772238,27.6,63.0,100.0,7.0,23.0,32.0,65.0
cmp4gm078013df4mndby28rz8,cmmx6howt0000bi1zgfsisou2,2026-05-13 19:35:33.709,56.20723362658846,27.6,63.0,100.0,7.0,23.0,32.0,65.0
cmp4gm2x7013ff4mnqdvp1kb7,cmmx6howt0000bi1zgfsisou2,2026-05-13 19:35:37.218,71.5542521994135,27.6,63.0,99.61,7.0,23.0,32.0,65.0
cmp4gm5ln013hf4mnypkzdg9l,cmmx6howt0000bi1zgfsisou2,2026-05-13 19:35:40.728,76.05083088954056,27.6,64.0,100.0,7.0,23.0,32.0,65.0
cmp4gm8bs013jf4mny5yhfq27,cmmx6howt0000bi1zgfsisou2,2026-05-13 19:35:44.237,76.1485826001955,27.6,64.0,100.0,7.0,23.0,32.0,65.0
cmp4gmb0m013lf4mnlj5i82sq,cmmx6howt0000bi1zgfsisou2,2026-05-13 19:35:47.747,76.1485826001955,27.6,64.0,100.0,7.0,23.0,32.0,65.0
cmp4gmdq6013nf4mnuw0qudsx,cmmx6howt0000bi1zgfsisou2,2026-05-13 19:35:51.258,76.1485826001955,27.6,63.0,100.0,7.0,23.0,32.0,65.0
cmp4gmgfk013pf4mnk6lmd4oo,cmmx6howt0000bi1zgfsisou2,2026-05-13 19:35:54.768,76.05083088954056,27.6,64.0,100.0,7.0,23.0,32.0,65.0
cmp4gmj54013rf4mnqb1ymf7d,cmmx6howt0000bi1zgfsisou2,2026-05-13 19:35:58.278,76.1485826001955,27.6,64.0,100.0,7.0,23.0,32.0,65.0
cmp4gmluq013tf4mnjyfs17cl,cmmx6howt0000bi1zgfsisou2,2026-05-13 19:36:01.788,59.72629521016618,27.6,64.0,100.0,7.0,23.0,32.0,65.0
cmp4gmojz013vf4mnwf3vnpel,cmmx6howt0000bi1zgfsisou2,2026-05-13 19:36:05.297,53.0791788856305,27.6,63.0,100.0,7.0,23.0,32.0,65.0
cmp4gmr9p013xf4mnoq6xhm3l,cmmx6howt0000bi1zgfsisou2,2026-05-13 19:36:08.809,57.3802541544477,27.5,63.0,47.01,7.0,23.0,32.0,65.0
cmp4gmtz5013zf4mno2sxbf0x,cmmx6howt0000bi1zgfsisou2,2026-05-13 19:36:12.315,57.18475073313783,27.6,63.0,100.0,7.0,23.0,32.0,65.0
cmp4gmwsh0141f4mneuej77pe,cmmx6howt0000bi1zgfsisou2,2026-05-13 19:36:15.962,56.59824046920821,27.6,63.0,0.0,7.0,23.0,32.0,65.0
cmp4gmzl90143f4mnyvc0ezvt,cmmx6howt0000bi1zgfsisou2,2026-05-13 19:36:19.589,60.99706744868035,27.6,64.0,0.0,7.0,23.0,32.0,65.0
cmp4gn2e20145f4mncly72gqw,cmmx6howt0000bi1zgfsisou2,2026-05-13 19:36:23.212,60.89931573802541,27.6,64.0,0.0,7.0,23.0,32.0,65.0
cmp4gn53a0147f4mn5v41sqpx,cmmx6howt0000bi1zgfsisou2,2026-05-13 19:36:26.720,60.89931573802541,27.6,64.0,52.58,7.0,23.0,32.0,65.0
cmp4gn7tl0149f4mnp72fv2xp,cmmx6howt0000bi1zgfsisou2,2026-05-13 19:36:30.264,56.10948191593352,27.6,63.0,0.0,7.0,23.0,32.0,65.0
cmp4gnak5014bf4mnobxc3gmg,cmmx6howt0000bi1zgfsisou2,2026-05-13 19:36:33.811,60.80156402737048,27.6,64.0,0.0,7.0,23.0,32.0,65.0
cmp4gnd9o014df4mn7f4t6na2,cmmx6howt0000bi1zgfsisou2,2026-05-13 19:36:37.325,60.99706744868035,27.6,64.0,0.0,7.0,23.0,32.0,65.0
cmp4gnfz8014ff4mnz1rad8wa,cmmx6howt0000bi1zgfsisou2,2026-05-13 19:36:40.835,60.99706744868035,27.6,64.0,60.46,7.0,23.0,32.0,65.0
cmp4gnipz014hf4mnumxwm4f4,cmmx6howt0000bi1zgfsisou2,2026-05-13 19:36:44.373,56.40273704789833,27.6,63.0,0.0,7.0,23.0,32.0,65.0
cmp4gnlf8014jf4mnt5nhwnfd,cmmx6howt0000bi1zgfsisou2,2026-05-13 19:36:47.880,61.09481915933529,27.6,64.0,85.69,7.0,23.0,32.0,65.0
cmp4gno4i014lf4mnxe4hm1n8,cmmx6howt0000bi1zgfsisou2,2026-05-13 19:36:51.389,57.28250244379276,27.6,63.0,100.0,7.0,23.0,32.0,65.0
cmp4gnqu3014nf4mnwcj8urh6,cmmx6howt0000bi1zgfsisou2,2026-05-13 19:36:54.897,57.28250244379276,27.6,63.0,100.0,7.0,23.0,32.0,65.0
cmp4gntjo014pf4mnucwgtbln,cmmx6howt0000bi1zgfsisou2,2026-05-13 19:36:58.407,57.28250244379276,27.6,63.0,100.0,7.0,23.0,32.0,65.0
cmp4gnw92014rf4mnsbg5xd0m,cmmx6howt0000bi1zgfsisou2,2026-05-13 19:37:01.916,57.28250244379276,27.6,63.0,100.0,7.0,23.0,32.0,65.0
cmp4gnyyb014tf4mn3h2ptyx6,cmmx6howt0000bi1zgfsisou2,2026-05-13 19:37:05.426,57.28250244379276,27.6,63.0,100.0,7.0,23.0,32.0,65.0
cmp4go1ns014vf4mnoykp98dy,cmmx6howt0000bi1zgfsisou2,2026-05-13 19:37:08.935,57.18475073313783,27.6,63.0,100.0,7.0,23.0,32.0,65.0
cmp4go4ed014xf4mnztyx9hrd,cmmx6howt0000bi1zgfsisou2,2026-05-13 19:37:12.443,57.18475073313783,27.6,63.0,100.0,7.0,23.0,33.0,66.0
cmp4go72l014zf4mn58qiuynk,cmmx6howt0000bi1zgfsisou2,2026-05-13 19:37:15.952,57.08699902248289,27.6,63.0,100.0,7.0,23.0,33.0,66.0
cmp4go9rx0151f4mnn6xilmn5,cmmx6howt0000bi1zgfsisou2,2026-05-13 19:37:19.462,57.18475073313783,27.6,63.0,100.0,7.0,23.0,33.0,66.0
cmp4gochr0153f4mnuv0fikrv,cmmx6howt0000bi1zgfsisou2,2026-05-13 19:37:22.971,57.18475073313783,27.6,63.0,100.0,7.0,23.0,33.0,66.0
cmp4gof730155f4mn8d4uhptw,cmmx6howt0000bi1zgfsisou2,2026-05-13 19:37:26.480,57.18475073313783,27.6,63.0,100.0,7.0,23.0,33.0,66.0
cmp4gohwz0157f4mn0jnaxf5f,cmmx6howt0000bi1zgfsisou2,2026-05-13 19:37:29.990,57.18475073313783,27.6,63.0,100.0,7.0,23.0,33.0,66.0
cmp4gokmg0159f4mn4b9p7orj,cmmx6howt0000bi1zgfsisou2,2026-05-13 19:37:33.499,57.08699902248289,27.6,63.0,100.0,7.0,23.0,33.0,66.0
cmp4gonbj015bf4mnuuqn4yrs,cmmx6howt0000bi1zgfsisou2,2026-05-13 19:37:37.007,57.08699902248289,27.6,63.0,100.0,7.0,23.0,33.0,66.0
cmp4goq1g015df4mn9b244r6d,cmmx6howt0000bi1zgfsisou2,2026-05-13 19:37:40.517,57.08699902248289,27.6,63.0,100.0,7.0,23.0,33.0,66.0
cmp4gosqz015ff4mn527slkhk,cmmx6howt0000bi1zgfsisou2,2026-05-13 19:37:44.027,57.08699902248289,27.6,63.0,100.0,7.0,23.0,33.0,66.0
cmp4govfw015hf4mnjwc9kmk7,cmmx6howt0000bi1zgfsisou2,2026-05-13 19:37:47.535,57.08699902248289,27.6,63.0,100.0,7.0,23.0,33.0,66.0
cmp4goy5h015jf4mnm3ts0f83,cmmx6howt0000bi1zgfsisou2,2026-05-13 19:37:51.045,57.18475073313783,27.6,63.0,100.0,7.0,23.0,33.0,66.0
cmp4gp0uz015lf4mno1herzuz,cmmx6howt0000bi1zgfsisou2,2026-05-13 19:37:54.553,57.18475073313783,27.6,63.0,100.0,7.0,23.0,33.0,66.0
cmp4gp3l7015nf4mnglc3i1rd,cmmx6howt0000bi1zgfsisou2,2026-05-13 19:37:58.063,57.18475073313783,27.6,63.0,100.0,7.0,23.0,33.0,66.0
cmp4gp6ac015pf4mnay6zlvfw,cmmx6howt0000bi1zgfsisou2,2026-05-13 19:38:01.572,57.18475073313783,27.6,63.0,100.0,7.0,23.0,33.0,66.0
cmp4gp8zc015rf4mnmlibcv2m,cmmx6howt0000bi1zgfsisou2,2026-05-13 19:38:05.081,57.18475073313783,27.6,63.0,100.0,7.0,23.0,33.0,66.0
cmp4gpbpf015tf4mne6rze7r5,cmmx6howt0000bi1zgfsisou2,2026-05-13 19:38:08.591,57.08699902248289,27.6,63.0,89.77,7.0,23.0,33.0,66.0
cmp4gpee9015vf4mn24x9ayow,cmmx6howt0000bi1zgfsisou2,2026-05-13 19:38:12.099,57.08699902248289,27.6,64.0,89.54,7.0,23.0,33.0,66.0
cmp4gph3s015xf4mn75k2ciak,cmmx6howt0000bi1zgfsisou2,2026-05-13 19:38:15.608,55.42521994134897,27.6,64.0,78.45,7.0,23.0,33.0,66.0
cmp4gpjw7015zf4mn3545xksz,cmmx6howt0000bi1zgfsisou2,2026-05-13 19:38:19.116,55.2297165200391,27.6,65.0,78.45,7.0,23.0,33.0,66.0
cmp4gpmij0161f4mns4yw8lri,cmmx6howt0000bi1zgfsisou2,2026-05-13 19:38:22.625,55.32746823069403,27.6,65.0,78.45,7.0,23.0,33.0,66.0
cmp4gpp850163f4mnfcv6ir87,cmmx6howt0000bi1zgfsisou2,2026-05-13 19:38:26.133,50.73313782991202,27.6,64.0,78.68,7.0,23.0,33.0,66.0
cmp4gprxr0165f4mnwms81b0r,cmmx6howt0000bi1zgfsisou2,2026-05-13 19:38:29.642,49.26686217008798,27.6,64.0,85.92,7.0,23.0,33.0,66.0
cmp4gpuo90167f4mnogjwk0c0,cmmx6howt0000bi1zgfsisou2,2026-05-13 19:38:33.150,55.13196480938416,27.6,64.0,70.72,7.0,23.0,33.0,66.0
cmp4gpxci0169f4mnm49wai5q,cmmx6howt0000bi1zgfsisou2,2026-05-13 19:38:36.659,65.00488758553274,27.6,64.0,93.16,7.0,23.0,33.0,66.0
cmp4gq029016bf4mnbqmv992h,cmmx6howt0000bi1zgfsisou2,2026-05-13 19:38:40.167,64.51612903225806,27.6,64.0,93.13,7.0,23.0,33.0,66.0
cmp4gq2s6016df4mnknvgeef8,cmmx6howt0000bi1zgfsisou2,2026-05-13 19:38:43.676,64.613880742913,27.6,64.0,92.94,7.0,23.0,33.0,66.0
cmp4gq5h9016ff4mnufwmn0ll,cmmx6howt0000bi1zgfsisou2,2026-05-13 19:38:47.184,65.68914956011731,27.6,64.0,92.94,7.0,23.0,33.0,66.0
cmp4gq86x016hf4mnkr7em00t,cmmx6howt0000bi1zgfsisou2,2026-05-13 19:38:50.692,66.4711632453568,27.6,64.0,93.13,7.0,23.0,33.0,66.0
cmp4gqavx016jf4mnfa7z1g2j,cmmx6howt0000bi1zgfsisou2,2026-05-13 19:38:54.200,61.58357771260997,27.6,63.0,93.13,7.0,23.0,33.0,66.0
cmp4gqdld016lf4mnhk8lyy56,cmmx6howt0000bi1zgfsisou2,2026-05-13 19:38:57.708,63.04985337243401,27.6,63.0,92.94,7.0,23.0,33.0,66.0
cmp4gqgd8016nf4mndo6fyh5w,cmmx6howt0000bi1zgfsisou2,2026-05-13 19:39:01.217,67.64418377321604,27.6,63.0,93.13,7.0,23.0,33.0,66.0
cmp4gqj01016pf4mn4hjl12p3,cmmx6howt0000bi1zgfsisou2,2026-05-13 19:39:04.725,66.7644183773216,27.6,63.0,93.16,7.0,23.0,33.0,66.0
cmp4gqlpi016rf4mn5px2268v,cmmx6howt0000bi1zgfsisou2,2026-05-13 19:39:08.233,68.42619745845553,27.6,63.0,93.39,7.0,23.0,33.0,66.0
cmp4gqoez016tf4mnfhwhkjxe,cmmx6howt0000bi1zgfsisou2,2026-05-13 19:39:11.742,69.30596285434996,27.6,63.0,92.94,7.0,23.0,33.0,66.0
cmp4gqr4q016vf4mnj020mwif,cmmx6howt0000bi1zgfsisou2,2026-05-13 19:39:15.250,69.40371456500489,27.6,63.0,93.16,7.0,23.0,33.0,66.0
cmp4gqttu016xf4mnzfb17p3u,cmmx6howt0000bi1zgfsisou2,2026-05-13 19:39:18.758,69.30596285434996,27.6,63.0,93.13,7.0,23.0,33.0,66.0
cmp4gqwje016zf4mnw2shjreh,cmmx6howt0000bi1zgfsisou2,2026-05-13 19:39:22.268,69.40371456500489,27.6,63.0,93.09,7.0,23.0,33.0,66.0
cmp4gqz980171f4mn352tw2bf,cmmx6howt0000bi1zgfsisou2,2026-05-13 19:39:25.775,69.40371456500489,27.6,63.0,93.13,7.0,23.0,33.0,66.0
cmp4gr1y90173f4mnji8l2tqb,cmmx6howt0000bi1zgfsisou2,2026-05-13 19:39:29.284,50.9286412512219,27.6,63.0,95.11,7.0,23.0,33.0,66.0
cmp4gr4p30175f4mnt5nob65v,cmmx6howt0000bi1zgfsisou2,2026-05-13 19:39:32.845,68.81720430107528,27.6,63.0,0.0,7.0,23.0,33.0,66.0
cmp4gr7fs0177f4mn8m1uj106,cmmx6howt0000bi1zgfsisou2,2026-05-13 19:39:36.386,73.31378299120234,27.6,63.0,0.0,7.0,23.0,33.0,66.0
cmp4gra550179f4mnvcd6esxf,cmmx6howt0000bi1zgfsisou2,2026-05-13 19:39:39.895,72.72727272727273,27.6,63.0,85.92,7.0,23.0,33.0,66.0
cmp4grcuc017bf4mnejiwkc9p,cmmx6howt0000bi1zgfsisou2,2026-05-13 19:39:43.404,72.9227761485826,27.6,63.0,85.92,7.0,23.0,33.0,66.0
cmp4grfkb017df4mnyyzqu476,cmmx6howt0000bi1zgfsisou2,2026-05-13 19:39:46.914,72.9227761485826,27.6,63.0,86.15,7.0,23.0,33.0,66.0
cmp4gri9x017ff4mn3msjtcf7,cmmx6howt0000bi1zgfsisou2,2026-05-13 19:39:50.429,70.57673509286413,27.6,63.0,0.0,7.0,23.0,33.0,66.0
cmp4grkz4017hf4mnslbtuv2f,cmmx6howt0000bi1zgfsisou2,2026-05-13 19:39:53.943,70.57673509286413,27.6,63.0,8.9,7.0,23.0,33.0,66.0
cmp4grnp9017jf4mn61014taj,cmmx6howt0000bi1zgfsisou2,2026-05-13 19:39:57.457,71.35874877810362,27.6,63.0,7.15,7.0,23.0,33.0,66.0
cmp4grqf5017lf4mn22bw7655,cmmx6howt0000bi1zgfsisou2,2026-05-13 19:40:00.972,73.02052785923753,27.6,63.0,10.16,7.0,23.0,33.0,66.0
cmp4grt4b017nf4mnlz68q5jo,cmmx6howt0000bi1zgfsisou2,2026-05-13 19:40:04.485,73.21603128054741,27.7,63.0,7.34,7.0,23.0,33.0,66.0
cmp4grvti017pf4mngzxr8mcv,cmmx6howt0000bi1zgfsisou2,2026-05-13 19:40:07.996,73.31378299120234,27.6,63.0,17.02,7.0,23.0,33.0,66.0
cmp4gryj6017rf4mn3pnl9wyy,cmmx6howt0000bi1zgfsisou2,2026-05-13 19:40:11.508,73.50928641251222,27.7,63.0,20.6,7.0,23.0,33.0,66.0
cmp4gs193017tf4mnb443htam,cmmx6howt0000bi1zgfsisou2,2026-05-13 19:40:15.020,73.50928641251222,27.6,63.0,23.69,7.0,23.0,33.0,66.0
cmp4gs3ya017vf4mnkwgfwd06,cmmx6howt0000bi1zgfsisou2,2026-05-13 19:40:18.531,73.50928641251222,27.7,63.0,20.83,7.0,23.0,33.0,66.0
cmp4gs6o8017xf4mnvbb1skz0,cmmx6howt0000bi1zgfsisou2,2026-05-13 19:40:22.044,73.50928641251222,27.6,63.0,20.07,7.0,23.0,33.0,66.0
cmp4gs9dc017zf4mnhk4zbyb1,cmmx6howt0000bi1zgfsisou2,2026-05-13 19:40:25.556,73.60703812316716,27.6,63.0,20.07,7.0,23.0,33.0,66.0
cmp4gsc350181f4mnxbtqpnnb,cmmx6howt0000bi1zgfsisou2,2026-05-13 19:40:29.069,73.50928641251222,27.7,63.0,16.48,7.0,23.0,33.0,66.0
cmp4gsesj0183f4mnns6a8qf8,cmmx6howt0000bi1zgfsisou2,2026-05-13 19:40:32.581,73.31378299120234,27.7,63.0,23.65,7.0,23.0,33.0,66.0
cmp4gshir0185f4mn1cuk490g,cmmx6howt0000bi1zgfsisou2,2026-05-13 19:40:36.092,73.50928641251222,27.7,63.0,23.65,7.0,23.0,33.0,66.0
cmp4gsk830187f4mn9zu59vwn,cmmx6howt0000bi1zgfsisou2,2026-05-13 19:40:39.604,73.31378299120234,27.7,63.0,20.07,7.0,23.0,33.0,66.0
cmp4gsmz60189f4mn7nod6fga,cmmx6howt0000bi1zgfsisou2,2026-05-13 19:40:43.116,73.9980449657869,27.7,63.0,17.02,7.0,23.0,33.0,66.0
cmp4gspmu018bf4mnx944c8np,cmmx6howt0000bi1zgfsisou2,2026-05-13 19:40:46.629,73.9980449657869,27.7,63.0,27.46,7.0,23.0,33.0,66.0
cmp4gssc8018df4mn6xnte2y2,cmmx6howt0000bi1zgfsisou2,2026-05-13 19:40:50.140,73.9980449657869,27.7,63.0,23.61,7.0,23.0,33.0,66.0
cmp4gsv1t018ff4mnsddgqyoo,cmmx6howt0000bi1zgfsisou2,2026-05-13 19:40:53.651,74.09579667644184,27.6,62.0,27.46,7.0,23.0,33.0,66.0
cmp4gsxs4018hf4mncdnvjwuj,cmmx6howt0000bi1zgfsisou2,2026-05-13 19:40:57.162,74.09579667644184,27.7,63.0,27.69,7.0,23.0,33.0,66.0
cmp4gt0gq018jf4mn39tlu8im,cmmx6howt0000bi1zgfsisou2,2026-05-13 19:41:00.673,74.19354838709677,27.7,62.0,27.65,7.0,23.0,33.0,66.0
cmp4gt374018lf4mnn5fjad0f,cmmx6howt0000bi1zgfsisou2,2026-05-13 19:41:04.185,74.09579667644184,27.6,62.0,20.03,7.0,23.0,33.0,66.0
cmp4gt5w0018nf4mnb4hgyi0n,cmmx6howt0000bi1zgfsisou2,2026-05-13 19:41:07.698,74.19354838709677,27.6,62.0,27.69,7.0,23.0,33.0,66.0
cmp4gt8lk018pf4mn8tet450d,cmmx6howt0000bi1zgfsisou2,2026-05-13 19:41:11.209,74.09579667644184,27.6,62.0,27.65,7.0,23.0,33.0,66.0
cmp4gtbb4018rf4mncgaotu07,cmmx6howt0000bi1zgfsisou2,2026-05-13 19:41:14.720,74.19354838709677,27.6,62.0,27.69,7.0,23.0,33.0,66.0
cmp4gte0j018tf4mn8hwusbm3,cmmx6howt0000bi1zgfsisou2,2026-05-13 19:41:18.231,74.29130009775172,27.6,62.0,27.69,7.0,23.0,33.0,66.0
cmp4gtgqj018vf4mnwf20o8jk,cmmx6howt0000bi1zgfsisou2,2026-05-13 19:41:21.747,73.11827956989248,27.7,62.0,0.0,7.0,23.0,33.0,66.0
cmp4gtjga018xf4mncqcmn510,cmmx6howt0000bi1zgfsisou2,2026-05-13 19:41:25.261,73.21603128054741,27.6,62.0,0.0,7.0,23.0,33.0,66.0
cmp4gtm5p018zf4mnq4og0rzp,cmmx6howt0000bi1zgfsisou2,2026-05-13 19:41:28.776,73.21603128054741,27.7,62.0,0.0,7.0,23.0,33.0,66.0
cmp4gtov30191f4mnfz1jpsh2,cmmx6howt0000bi1zgfsisou2,2026-05-13 19:41:32.286,73.31378299120234,27.6,62.0,16.64,7.0,23.0,33.0,66.0
cmp4gtrkr0193f4mnkyfbgha8,cmmx6howt0000bi1zgfsisou2,2026-05-13 19:41:35.804,73.41153470185728,27.6,62.0,0.0,7.0,23.0,33.0,66.0
cmp4gtuaq0195f4mnub0hvu60,cmmx6howt0000bi1zgfsisou2,2026-05-13 19:41:39.318,73.50928641251222,27.7,63.0,0.0,7.0,23.0,33.0,66.0
cmp4gtx050197f4mnr9wfqk1c,cmmx6howt0000bi1zgfsisou2,2026-05-13 19:41:42.833,73.60703812316716,27.6,63.0,0.0,7.0,23.0,33.0,66.0
cmp4gtzqc0199f4mnuijqbc1t,cmmx6howt0000bi1zgfsisou2,2026-05-13 19:41:46.346,73.60703812316716,27.6,63.0,0.0,7.0,23.0,33.0,66.0
cmp4gu2fr019bf4mn2wu7fzw4,cmmx6howt0000bi1zgfsisou2,2026-05-13 19:41:49.861,73.60703812316716,27.6,63.0,0.0,7.0,23.0,33.0,66.0
cmp4gu54w019df4mn00w409hj,cmmx6howt0000bi1zgfsisou2,2026-05-13 19:41:53.375,73.60703812316716,27.6,63.0,0.0,7.0,23.0,33.0,66.0
cmp4gu7uq019ff4mnwb7sbsqs,cmmx6howt0000bi1zgfsisou2,2026-05-13 19:41:56.890,73.60703812316716,27.6,63.0,0.0,7.0,23.0,33.0,66.0
cmp4guak5019hf4mnxxum4bb2,cmmx6howt0000bi1zgfsisou2,2026-05-13 19:42:00.404,73.70478983382209,27.6,63.0,2.61,7.0,23.0,33.0,66.0
cmp4guda5019jf4mnr7dva3us,cmmx6howt0000bi1zgfsisou2,2026-05-13 19:42:03.913,73.70478983382209,27.6,63.0,15.15,7.0,23.0,33.0,66.0
cmp4gufzf019lf4mnqlj47wya,cmmx6howt0000bi1zgfsisou2,2026-05-13 19:42:07.430,73.60703812316716,27.6,63.0,3.18,7.0,23.0,33.0,66.0
cmp4guioy019nf4mn7z31pv4y,cmmx6howt0000bi1zgfsisou2,2026-05-13 19:42:10.944,73.50928641251222,27.6,63.0,0.0,7.0,23.0,33.0,66.0
cmp4gulem019pf4mneyzc4hfh,cmmx6howt0000bi1zgfsisou2,2026-05-13 19:42:14.459,73.60703812316716,27.6,63.0,0.0,7.0,23.0,33.0,66.0
cmp4guo3x019rf4mn8xv2q2ah,cmmx6howt0000bi1zgfsisou2,2026-05-13 19:42:17.973,71.65200391006843,27.6,62.0,10.16,7.0,23.0,33.0,66.0
cmp4guqty019tf4mn64kveune,cmmx6howt0000bi1zgfsisou2,2026-05-13 19:42:21.483,73.70478983382209,27.6,62.0,31.46,7.0,23.0,33.0,66.0
cmp4gutj3019vf4mnsk7ss7p2,cmmx6howt0000bi1zgfsisou2,2026-05-13 19:42:24.994,73.90029325513197,27.6,62.0,31.5,7.0,23.0,33.0,66.0
cmp4guw9a019xf4mnn05amj4j,cmmx6howt0000bi1zgfsisou2,2026-05-13 19:42:28.506,74.09579667644184,27.6,63.0,31.5,7.0,23.0,33.0,66.0
cmp4guyyn019zf4mnlyy3wmxz,cmmx6howt0000bi1zgfsisou2,2026-05-13 19:42:32.017,73.90029325513197,27.6,63.0,31.39,7.0,23.0,33.0,66.0
cmp4gv1o801a1f4mnkkz10s0q,cmmx6howt0000bi1zgfsisou2,2026-05-13 19:42:35.527,73.80254154447702,27.6,63.0,31.42,7.0,23.0,33.0,66.0
cmp4gv4dr01a3f4mnoaxnnt40,cmmx6howt0000bi1zgfsisou2,2026-05-13 19:42:39.038,73.21603128054741,27.6,63.0,31.5,7.0,23.0,33.0,66.0
cmp4gv72p01a5f4mndxau4sgh,cmmx6howt0000bi1zgfsisou2,2026-05-13 19:42:42.549,73.60703812316716,27.6,63.0,31.23,7.0,23.0,33.0,66.0
cmp4gv9ta01a7f4mnzbub3w6w,cmmx6howt0000bi1zgfsisou2,2026-05-13 19:42:46.060,73.80254154447702,27.6,63.0,31.31,7.0,23.0,33.0,66.0
cmp4gvchr01a9f4mn0bpcbys9,cmmx6howt0000bi1zgfsisou2,2026-05-13 19:42:49.571,73.90029325513197,27.6,63.0,31.5,7.0,23.0,33.0,66.0
cmp4gvf7b01abf4mni1w8j5vq,cmmx6howt0000bi1zgfsisou2,2026-05-13 19:42:53.082,73.80254154447702,27.6,63.0,31.31,7.0,23.0,33.0,66.0
cmp4gvhxp01adf4mnleysn8ff,cmmx6howt0000bi1zgfsisou2,2026-05-13 19:42:56.594,73.70478983382209,27.6,63.0,31.23,7.0,23.0,33.0,66.0
cmp4gvkmh01aff4mnbev6ubr6,cmmx6howt0000bi1zgfsisou2,2026-05-13 19:43:00.106,73.90029325513197,27.6,63.0,31.46,7.0,23.0,33.0,66.0
cmp4gvnc101ahf4mnhnzkjdan,cmmx6howt0000bi1zgfsisou2,2026-05-13 19:43:03.615,73.9980449657869,27.6,63.0,31.5,7.0,23.0,33.0,66.0
cmp4gvq4v01ajf4mn4h5lv78j,cmmx6howt0000bi1zgfsisou2,2026-05-13 19:43:07.127,74.09579667644184,27.6,63.0,31.27,7.0,23.0,33.0,66.0
cmp4gvsri01alf4mnrr07pirw,cmmx6howt0000bi1zgfsisou2,2026-05-13 19:43:10.638,74.19354838709677,27.5,63.0,31.46,7.0,23.0,33.0,66.0
cmp4gvvgo01anf4mn9f4kd8ig,cmmx6howt0000bi1zgfsisou2,2026-05-13 19:43:14.148,74.09579667644184,27.5,62.0,31.46,7.0,23.0,33.0,66.0
cmp4gvy6901apf4mnzpf391q3,cmmx6howt0000bi1zgfsisou2,2026-05-13 19:43:17.660,74.09579667644184,27.5,62.0,34.97,7.0,23.0,33.0,66.0
cmp4gw0xe01arf4mnit2zv4vx,cmmx6howt0000bi1zgfsisou2,2026-05-13 19:43:21.172,73.9980449657869,27.5,62.0,31.42,7.0,23.0,33.0,66.0
cmp4gw3lg01atf4mnc7xy97cw,cmmx6howt0000bi1zgfsisou2,2026-05-13 19:43:24.681,74.09579667644184,27.6,62.0,31.46,7.0,23.0,33.0,66.0
cmp4gw6au01avf4mny96wmseb,cmmx6howt0000bi1zgfsisou2,2026-05-13 19:43:28.192,74.09579667644184,27.5,62.0,31.5,7.0,23.0,33.0,66.0
cmp4gw8zr01axf4mnz0cm4iu8,cmmx6howt0000bi1zgfsisou2,2026-05-13 19:43:31.703,73.9980449657869,27.6,63.0,35.2,7.0,23.0,33.0,66.0
cmp4gwbpd01azf4mnmcrb18x3,cmmx6howt0000bi1zgfsisou2,2026-05-13 19:43:35.214,74.09579667644184,27.5,63.0,38.67,7.0,23.0,33.0,66.0
cmp4gwefc01b1f4mnfhrgw6xp,cmmx6howt0000bi1zgfsisou2,2026-05-13 19:43:38.725,74.09579667644184,27.5,63.0,38.63,7.0,23.0,33.0,66.0
cmp4gwh4z01b3f4mnkqsqgp76,cmmx6howt0000bi1zgfsisou2,2026-05-13 19:43:42.237,74.19354838709677,27.5,63.0,38.7,7.0,23.0,33.0,66.0
cmp4gwjtw01b5f4mnm1l7xufi,cmmx6howt0000bi1zgfsisou2,2026-05-13 19:43:45.747,74.19354838709677,27.5,63.0,42.63,7.0,23.0,33.0,66.0
cmp4gwmkt01b7f4mng31ufmge,cmmx6howt0000bi1zgfsisou2,2026-05-13 19:43:49.260,74.19354838709677,27.5,63.0,46.17,7.0,23.0,33.0,66.0
cmp4gwpbl01b9f4mny1884b7l,cmmx6howt0000bi1zgfsisou2,2026-05-13 19:43:52.771,74.09579667644184,27.5,63.0,35.2,7.0,23.0,33.0,66.0
cmp4gwrzc01bbf4mni5n2rw3e,cmmx6howt0000bi1zgfsisou2,2026-05-13 19:43:56.281,74.09579667644184,27.5,63.0,46.14,7.0,23.0,33.0,66.0
cmp4gwuoi01bdf4mn01cdrj5g,cmmx6howt0000bi1zgfsisou2,2026-05-13 19:43:59.792,74.09579667644184,27.5,63.0,38.7,7.0,23.0,33.0,66.0
cmp4gwxeo01bff4mny8bmi4g4,cmmx6howt0000bi1zgfsisou2,2026-05-13 19:44:03.303,74.19354838709677,27.5,63.0,49.91,7.0,23.0,33.0,66.0
cmp4gx03i01bhf4mnlro64xhw,cmmx6howt0000bi1zgfsisou2,2026-05-13 19:44:06.814,74.09579667644184,27.5,63.0,49.91,7.0,23.0,33.0,66.0
cmp4gx2sy01bjf4mnmv6oaqmw,cmmx6howt0000bi1zgfsisou2,2026-05-13 19:44:10.324,74.09579667644184,27.5,63.0,50.06,7.0,23.0,33.0,66.0
cmp4gx5l301blf4mnkwx537og,cmmx6howt0000bi1zgfsisou2,2026-05-13 19:44:13.836,73.9980449657869,27.5,63.0,50.14,7.0,23.0,33.0,66.0
cmp4gx87y01bnf4mnjbjuhub6,cmmx6howt0000bi1zgfsisou2,2026-05-13 19:44:17.345,74.09579667644184,27.5,63.0,49.45,7.0,23.0,33.0,66.0
cmp4gxaxl01bpf4mnb908nrp6,cmmx6howt0000bi1zgfsisou2,2026-05-13 19:44:20.856,74.19354838709677,27.5,63.0,49.83,7.0,23.0,33.0,66.0
cmp4gxdn501brf4mn68id4nx5,cmmx6howt0000bi1zgfsisou2,2026-05-13 19:44:24.367,74.09579667644184,27.5,63.0,49.91,7.0,23.0,33.0,66.0
cmp4gxgd201btf4mnbluyxn9r,cmmx6howt0000bi1zgfsisou2,2026-05-13 19:44:27.878,74.09579667644184,27.5,63.0,50.14,7.0,23.0,33.0,66.0
cmp4gxj2501bvf4mnlbiffbys,cmmx6howt0000bi1zgfsisou2,2026-05-13 19:44:31.388,74.09579667644184,27.4,63.0,50.06,7.0,23.0,33.0,66.0
cmp4gxlrg01bxf4mn6xq7kmqs,cmmx6howt0000bi1zgfsisou2,2026-05-13 19:44:34.898,73.9980449657869,27.5,63.0,49.95,7.0,23.0,33.0,66.0
cmp4gxoh901bzf4mnz1gbbs0d,cmmx6howt0000bi1zgfsisou2,2026-05-13 19:44:38.410,74.09579667644184,27.5,63.0,49.79,7.0,23.0,33.0,66.0
cmp4gxr6j01c1f4mnzgv0r7uq,cmmx6howt0000bi1zgfsisou2,2026-05-13 19:44:41.922,73.9980449657869,27.5,63.0,50.14,7.0,23.0,33.0,66.0
cmp4gxtw101c3f4mn9xxofzc7,cmmx6howt0000bi1zgfsisou2,2026-05-13 19:44:45.432,73.9980449657869,27.5,63.0,50.14,7.0,23.0,33.0,66.0
cmp4gxwlg01c5f4mncysxah9w,cmmx6howt0000bi1zgfsisou2,2026-05-13 19:44:48.942,74.09579667644184,27.5,63.0,49.91,7.0,23.0,33.0,66.0
cmp4gxzbm01c7f4mnk8fzfcnq,cmmx6howt0000bi1zgfsisou2,2026-05-13 19:44:52.453,74.19354838709677,27.5,63.0,49.87,7.0,23.0,33.0,66.0
cmp4gy21401c9f4mnpuj92sjg,cmmx6howt0000bi1zgfsisou2,2026-05-13 19:44:55.963,74.09579667644184,27.5,63.0,50.14,7.0,23.0,33.0,66.0
cmp4gy4qm01cbf4mngbykt7ul,cmmx6howt0000bi1zgfsisou2,2026-05-13 19:44:59.474,73.90029325513197,27.5,63.0,50.17,7.0,23.0,33.0,66.0
cmp4gy7g501cdf4mnzp127x7i,cmmx6howt0000bi1zgfsisou2,2026-05-13 19:45:02.985,73.9980449657869,27.5,63.0,49.37,7.0,23.0,33.0,66.0
cmp4gya5l01cff4mnxgd7rxr7,cmmx6howt0000bi1zgfsisou2,2026-05-13 19:45:06.495,74.09579667644184,27.5,63.0,49.83,7.0,23.0,33.0,66.0
cmp4gycuz01chf4mn6y3gla7l,cmmx6howt0000bi1zgfsisou2,2026-05-13 19:45:10.007,73.9980449657869,27.5,63.0,49.45,7.0,23.0,33.0,66.0
cmp4gyfkh01cjf4mnpxox5kgu,cmmx6howt0000bi1zgfsisou2,2026-05-13 19:45:13.518,74.09579667644184,27.5,63.0,50.14,7.0,23.0,33.0,66.0
cmp4gyia101clf4mn2vgvcmjj,cmmx6howt0000bi1zgfsisou2,2026-05-13 19:45:17.028,73.9980449657869,27.4,63.0,50.1,7.0,23.0,33.0,66.0
cmp4gykzk01cnf4mne9eh2npx,cmmx6howt0000bi1zgfsisou2,2026-05-13 19:45:20.538,73.9980449657869,27.5,63.0,49.91,7.0,23.0,33.0,66.0
cmp4gynp101cpf4mnc955aaj9,cmmx6howt0000bi1zgfsisou2,2026-05-13 19:45:24.050,74.09579667644184,27.5,63.0,49.45,7.0,23.0,33.0,66.0
cmp4gyqe401crf4mn8hrqmkov,cmmx6howt0000bi1zgfsisou2,2026-05-13 19:45:27.560,74.09579667644184,27.4,63.0,50.14,7.0,23.0,33.0,66.0
cmp4gyt4g01ctf4mnpghaacga,cmmx6howt0000bi1zgfsisou2,2026-05-13 19:45:31.071,73.9980449657869,27.5,63.0,49.37,7.0,23.0,33.0,66.0
cmp4gyvts01cvf4mn8bn4uglh,cmmx6howt0000bi1zgfsisou2,2026-05-13 19:45:34.581,74.09579667644184,27.5,63.0,49.91,7.0,23.0,33.0,66.0
cmp4gyyj701cxf4mns1wtkkpq,cmmx6howt0000bi1zgfsisou2,2026-05-13 19:45:38.092,74.09579667644184,27.5,63.0,49.68,7.0,23.0,33.0,66.0
cmp4gz18f01czf4mnf0x1msvd,cmmx6howt0000bi1zgfsisou2,2026-05-13 19:45:41.603,73.90029325513197,27.5,63.0,50.17,7.0,23.0,33.0,66.0
cmp4gz3yi01d1f4mnk1y02q9u,cmmx6howt0000bi1zgfsisou2,2026-05-13 19:45:45.114,74.09579667644184,27.5,63.0,50.06,7.0,23.0,33.0,66.0
cmp4gz6nd01d3f4mngc6aip3s,cmmx6howt0000bi1zgfsisou2,2026-05-13 19:45:48.625,73.9980449657869,27.4,63.0,49.91,7.0,23.0,33.0,66.0
cmp4gz9dn01d5f4mnv3h95kf0,cmmx6howt0000bi1zgfsisou2,2026-05-13 19:45:52.135,76.73509286412512,27.5,63.0,49.91,7.0,23.0,33.0,66.0
cmp4gzc3401d7f4mnlm567bfv,cmmx6howt0000bi1zgfsisou2,2026-05-13 19:45:55.646,76.73509286412512,27.5,63.0,50.17,7.0,23.0,33.0,66.0
cmp4gzeru01d9f4mnz9bkty8v,cmmx6howt0000bi1zgfsisou2,2026-05-13 19:45:59.157,76.63734115347019,27.5,64.0,50.02,7.0,23.0,33.0,66.0
cmp4gzhhl01dbf4mnt480siex,cmmx6howt0000bi1zgfsisou2,2026-05-13 19:46:02.666,76.63734115347019,27.5,64.0,40.95,7.0,23.0,33.0,66.0
cmp4gzk7301ddf4mnw6apj67g,cmmx6howt0000bi1zgfsisou2,2026-05-13 19:46:06.178,76.63734115347019,27.5,64.0,38.17,7.0,23.0,33.0,66.0
cmp4gzmwt01dff4mn4jvq99ne,cmmx6howt0000bi1zgfsisou2,2026-05-13 19:46:09.688,76.73509286412512,27.5,64.0,35.01,7.0,23.0,33.0,66.0
cmp4gzpmm01dhf4mnwg1eawdw,cmmx6howt0000bi1zgfsisou2,2026-05-13 19:46:13.198,76.63734115347019,27.5,64.0,38.02,7.0,23.0,33.0,66.0
cmp4gzsbi01djf4mnph7klc2w,cmmx6howt0000bi1zgfsisou2,2026-05-13 19:46:16.709,76.63734115347019,27.5,64.0,38.17,7.0,23.0,33.0,66.0
cmp4gzv1101dlf4mn2h3xl7rv,cmmx6howt0000bi1zgfsisou2,2026-05-13 19:46:20.220,76.63734115347019,27.5,64.0,38.21,7.0,23.0,33.0,66.0
cmp4gzxqk01dnf4mnh5deqt98,cmmx6howt0000bi1zgfsisou2,2026-05-13 19:46:23.730,76.73509286412512,27.5,64.0,34.97,7.0,23.0,33.0,66.0
cmp4h00ga01dpf4mniqg1gm00,cmmx6howt0000bi1zgfsisou2,2026-05-13 19:46:27.241,76.63734115347019,27.5,64.0,35.2,7.0,23.0,33.0,66.0
cmp4h035d01drf4mnv5l2z2bb,cmmx6howt0000bi1zgfsisou2,2026-05-13 19:46:30.751,76.63734115347019,27.5,64.0,35.27,7.0,23.0,33.0,66.0
cmp4h05vc01dtf4mn9g1uc7af,cmmx6howt0000bi1zgfsisou2,2026-05-13 19:46:34.262,76.63734115347019,27.5,64.0,35.04,7.0,23.0,33.0,66.0
cmp4h08ko01dvf4mn84qsanpu,cmmx6howt0000bi1zgfsisou2,2026-05-13 19:46:37.773,76.73509286412512,27.5,64.0,34.97,7.0,23.0,33.0,66.0
cmp4h0b9x01dxf4mnfbh91vvj,cmmx6howt0000bi1zgfsisou2,2026-05-13 19:46:41.283,76.73509286412512,27.5,64.0,35.27,7.0,23.0,33.0,66.0
cmp4h0dzu01dzf4mnprwg76t0,cmmx6howt0000bi1zgfsisou2,2026-05-13 19:46:44.795,76.63734115347019,27.4,64.0,35.27,7.0,23.0,33.0,66.0
cmp4h0gpm01e1f4mnkzpuiwh7,cmmx6howt0000bi1zgfsisou2,2026-05-13 19:46:48.305,76.63734115347019,27.5,64.0,34.97,7.0,23.0,33.0,66.0
cmp4h0jek01e3f4mnl4tsdbd0,cmmx6howt0000bi1zgfsisou2,2026-05-13 19:46:51.816,76.63734115347019,27.4,64.0,35.04,7.0,23.0,33.0,66.0
cmp4h0m4101e5f4mnxooj8gbt,cmmx6howt0000bi1zgfsisou2,2026-05-13 19:46:55.327,76.63734115347019,27.5,64.0,35.01,7.0,23.0,33.0,66.0
cmp4h0otq01e7f4mnqrgis45c,cmmx6howt0000bi1zgfsisou2,2026-05-13 19:46:58.837,76.63734115347019,27.5,64.0,35.27,7.0,23.0,33.0,66.0
cmp4h0rj501e9f4mn04ofaz7q,cmmx6howt0000bi1zgfsisou2,2026-05-13 19:47:02.348,76.73509286412512,27.4,64.0,35.2,7.0,23.0,33.0,66.0
cmp4h0u9w01ebf4mnfdvskasx,cmmx6howt0000bi1zgfsisou2,2026-05-13 19:47:05.859,76.63734115347019,27.4,64.0,35.08,7.0,23.0,33.0,66.0
cmp4h0wyx01edf4mnn7yw2uue,cmmx6howt0000bi1zgfsisou2,2026-05-13 19:47:09.371,76.63734115347019,27.4,64.0,34.97,7.0,23.0,33.0,66.0
cmp4h0znt01eff4mnk2rrmhwl,cmmx6howt0000bi1zgfsisou2,2026-05-13 19:47:12.882,76.73509286412512,27.4,63.0,35.01,7.0,23.0,33.0,66.0
cmp4h12da01ehf4mn18lcog77,cmmx6howt0000bi1zgfsisou2,2026-05-13 19:47:16.392,76.73509286412512,27.4,64.0,35.31,7.0,23.0,33.0,66.0
cmp4h152z01ejf4mn04cdxk93,cmmx6howt0000bi1zgfsisou2,2026-05-13 19:47:19.903,76.73509286412512,27.4,64.0,34.97,7.0,23.0,33.0,66.0
cmp4h17sn01elf4mn0ss4848w,cmmx6howt0000bi1zgfsisou2,2026-05-13 19:47:23.413,76.73509286412512,27.4,64.0,35.04,7.0,23.0,33.0,66.0
cmp4h1aib01enf4mnikzaj3ve,cmmx6howt0000bi1zgfsisou2,2026-05-13 19:47:26.925,76.63734115347019,27.4,64.0,34.97,7.0,23.0,33.0,66.0
cmp4h1d7m01epf4mn313p4uwe,cmmx6howt0000bi1zgfsisou2,2026-05-13 19:47:30.437,76.63734115347019,27.4,64.0,34.97,7.0,23.0,33.0,66.0
cmp4h1fxg01erf4mnq1wgzw7a,cmmx6howt0000bi1zgfsisou2,2026-05-13 19:47:33.947,76.73509286412512,27.3,64.0,35.24,7.0,23.0,33.0,66.0
cmp4h1iml01etf4mnd9kpc4sj,cmmx6howt0000bi1zgfsisou2,2026-05-13 19:47:37.457,76.73509286412512,27.3,64.0,35.24,7.0,23.0,33.0,66.0
cmp4h1lc201evf4mn6k4xalmd,cmmx6howt0000bi1zgfsisou2,2026-05-13 19:47:40.969,76.83284457478005,27.3,64.0,35.12,7.0,23.0,33.0,66.0
cmp4h1o1l01exf4mn0s3q4mnk,cmmx6howt0000bi1zgfsisou2,2026-05-13 19:47:44.479,76.63734115347019,27.3,64.0,35.01,7.0,23.0,33.0,66.0
cmp4h1qrr01ezf4mng9cowp4l,cmmx6howt0000bi1zgfsisou2,2026-05-13 19:47:47.991,76.83284457478005,27.3,64.0,35.08,7.0,23.0,33.0,66.0
cmp4h1tgj01f1f4mnvvutgeuq,cmmx6howt0000bi1zgfsisou2,2026-05-13 19:47:51.500,76.73509286412512,27.3,64.0,34.97,7.0,23.0,33.0,66.0
cmp4h1w6j01f3f4mnlmqan7is,cmmx6howt0000bi1zgfsisou2,2026-05-13 19:47:55.011,76.73509286412512,27.3,64.0,35.2,7.0,23.0,33.0,66.0
cmp4h1yw801f5f4mnj38i8aa9,cmmx6howt0000bi1zgfsisou2,2026-05-13 19:47:58.522,76.73509286412512,27.3,64.0,35.27,7.0,23.0,33.0,66.0
cmp4h21l901f7f4mntx5nqe7q,cmmx6howt0000bi1zgfsisou2,2026-05-13 19:48:02.033,76.63734115347019,27.3,64.0,35.24,7.0,23.0,33.0,66.0
cmp4h24b701f9f4mnwsg7gd7i,cmmx6howt0000bi1zgfsisou2,2026-05-13 19:48:05.545,76.73509286412512,27.3,64.0,35.31,7.0,23.0,33.0,66.0
cmp4h270r01fbf4mn1uti64pq,cmmx6howt0000bi1zgfsisou2,2026-05-13 19:48:09.055,76.73509286412512,27.3,64.0,35.01,7.0,23.0,33.0,66.0
cmp4h29q701fdf4mnyk8ov4b2,cmmx6howt0000bi1zgfsisou2,2026-05-13 19:48:12.566,76.73509286412512,27.3,64.0,35.24,7.0,23.0,33.0,66.0
cmp4h2cfo01fff4mn4ocrbiug,cmmx6howt0000bi1zgfsisou2,2026-05-13 19:48:16.077,76.73509286412512,27.3,65.0,35.24,7.0,23.0,33.0,66.0
cmp4h2f5301fhf4mn2e8r6srl,cmmx6howt0000bi1zgfsisou2,2026-05-13 19:48:19.587,76.73509286412512,27.3,65.0,35.08,7.0,23.0,33.0,66.0
cmp4h2hu701fjf4mnktcx48xu,cmmx6howt0000bi1zgfsisou2,2026-05-13 19:48:23.099,76.73509286412512,27.3,65.0,35.01,7.0,23.0,33.0,66.0
cmp4h2kk301flf4mnkpo5wk46,cmmx6howt0000bi1zgfsisou2,2026-05-13 19:48:26.610,76.73509286412512,27.3,64.0,35.04,7.0,23.0,33.0,66.0
cmp4h2n9d01fnf4mncedlf8eh,cmmx6howt0000bi1zgfsisou2,2026-05-13 19:48:30.120,76.63734115347019,27.3,64.0,35.24,7.0,23.0,33.0,66.0
cmp4h2pz701fpf4mn9xuxp8km,cmmx6howt0000bi1zgfsisou2,2026-05-13 19:48:33.630,76.63734115347019,27.3,64.0,35.27,7.0,23.0,33.0,66.0
cmp4h2sou01frf4mngdo5wz3r,cmmx6howt0000bi1zgfsisou2,2026-05-13 19:48:37.142,76.73509286412512,27.3,64.0,34.97,7.0,23.0,33.0,66.0
cmp4h2vej01ftf4mnfwys4tk0,cmmx6howt0000bi1zgfsisou2,2026-05-13 19:48:40.653,76.73509286412512,27.2,64.0,35.24,7.0,23.0,33.0,66.0
cmp4h2y4501fvf4mnmhc01c7v,cmmx6howt0000bi1zgfsisou2,2026-05-13 19:48:44.164,76.63734115347019,27.2,64.0,35.04,7.0,23.0,33.0,66.0
cmp4h30sv01fxf4mnh49hwypm,cmmx6howt0000bi1zgfsisou2,2026-05-13 19:48:47.675,76.63734115347019,27.2,64.0,34.97,7.0,23.0,33.0,66.0
cmp4h33iu01fzf4mn0yyd6hlo,cmmx6howt0000bi1zgfsisou2,2026-05-13 19:48:51.185,76.73509286412512,27.2,64.0,34.97,7.0,23.0,33.0,66.0
cmp4h368f01g1f4mny4ee3ipr,cmmx6howt0000bi1zgfsisou2,2026-05-13 19:48:54.697,76.73509286412512,27.2,64.0,35.04,7.0,23.0,33.0,66.0
cmp4h38xi01g3f4mnwpjgowxa,cmmx6howt0000bi1zgfsisou2,2026-05-13 19:48:58.208,76.73509286412512,27.2,64.0,35.24,7.0,23.0,33.0,66.0
cmp4h3bni01g5f4mnyk9c90bo,cmmx6howt0000bi1zgfsisou2,2026-05-13 19:49:01.717,76.73509286412512,27.2,64.0,35.2,7.0,23.0,33.0,66.0
cmp4h3ed001g7f4mn07o1fd0x,cmmx6howt0000bi1zgfsisou2,2026-05-13 19:49:05.228,76.73509286412512,27.2,64.0,35.24,7.0,23.0,33.0,66.0
cmp4h3h2n01g9f4mnseritq9x,cmmx6howt0000bi1zgfsisou2,2026-05-13 19:49:08.739,76.63734115347019,27.2,64.0,35.24,7.0,23.0,33.0,66.0
cmp4h3js101gbf4mna6x992z9,cmmx6howt0000bi1zgfsisou2,2026-05-13 19:49:12.250,76.73509286412512,27.2,64.0,35.27,7.0,23.0,33.0,66.0
cmp4h3mh901gdf4mnkmjorg88,cmmx6howt0000bi1zgfsisou2,2026-05-13 19:49:15.761,76.73509286412512,27.2,64.0,34.93,7.0,23.0,33.0,66.0
cmp4h3p6o01gff4mnu1pvgl1o,cmmx6howt0000bi1zgfsisou2,2026-05-13 19:49:19.272,76.73509286412512,27.2,64.0,34.97,7.0,23.0,33.0,66.0
cmp4h3rwx01ghf4mnw605h4zu,cmmx6howt0000bi1zgfsisou2,2026-05-13 19:49:22.782,76.73509286412512,27.2,64.0,35.01,7.0,23.0,33.0,66.0
cmp4h3ulp01gjf4mn71s1s1eb,cmmx6howt0000bi1zgfsisou2,2026-05-13 19:49:26.293,76.73509286412512,27.2,64.0,35.27,7.0,23.0,33.0,66.0
cmp4h3xb201glf4mn12rtlwzh,cmmx6howt0000bi1zgfsisou2,2026-05-13 19:49:29.804,76.73509286412512,27.2,64.0,35.01,7.0,23.0,33.0,66.0
cmp4h401a01gnf4mnroar6cc6,cmmx6howt0000bi1zgfsisou2,2026-05-13 19:49:33.315,76.83284457478005,27.2,65.0,35.04,7.0,23.0,33.0,66.0
cmp4h42qh01gpf4mneasq4wbq,cmmx6howt0000bi1zgfsisou2,2026-05-13 19:49:36.825,76.63734115347019,27.2,64.0,35.08,7.0,23.0,33.0,66.0
cmp4h45gj01grf4mnozu3abab,cmmx6howt0000bi1zgfsisou2,2026-05-13 19:49:40.336,76.73509286412512,27.2,65.0,35.31,7.0,23.0,33.0,66.0
cmp4h485f01gtf4mnn7oxm9an,cmmx6howt0000bi1zgfsisou2,2026-05-13 19:49:43.847,76.63734115347019,27.2,64.0,31.42,7.0,23.0,33.0,66.0
cmp4h4avg01gvf4mnfn2503ve,cmmx6howt0000bi1zgfsisou2,2026-05-13 19:49:47.358,76.73509286412512,27.2,64.0,35.08,7.0,23.0,33.0,66.0
cmp4h4dk601gxf4mnmmrx4yov,cmmx6howt0000bi1zgfsisou2,2026-05-13 19:49:50.869,76.73509286412512,27.2,64.0,31.16,7.0,23.0,33.0,66.0
cmp4h4g9u01gzf4mnqhrqgrqw,cmmx6howt0000bi1zgfsisou2,2026-05-13 19:49:54.379,76.63734115347019,27.2,64.0,35.27,7.0,23.0,33.0,66.0
cmp4h4izp01h1f4mnwnp46tbh,cmmx6howt0000bi1zgfsisou2,2026-05-13 19:49:57.890,76.73509286412512,27.2,64.0,34.93,7.0,23.0,33.0,66.0
cmp4h4lp301h3f4mnkp68v3zs,cmmx6howt0000bi1zgfsisou2,2026-05-13 19:50:01.401,76.73509286412512,27.2,64.0,31.39,7.0,23.0,33.0,66.0
cmp4h4oeg01h5f4mnsr3hoa01,cmmx6howt0000bi1zgfsisou2,2026-05-13 19:50:04.912,76.73509286412512,27.2,64.0,23.54,7.0,23.0,33.0,66.0
cmp4h4r3s01h7f4mng2y3l7l1,cmmx6howt0000bi1zgfsisou2,2026-05-13 19:50:08.424,76.73509286412512,27.2,64.0,15.91,7.0,23.0,33.0,66.0
cmp4h4ttq01h9f4mn56jep3t7,cmmx6howt0000bi1zgfsisou2,2026-05-13 19:50:11.936,76.73509286412512,27.2,64.0,15.99,7.0,23.0,33.0,66.0
cmp4h4wje01hbf4mnah9t70px,cmmx6howt0000bi1zgfsisou2,2026-05-13 19:50:15.448,76.83284457478005,27.2,64.0,16.03,7.0,23.0,33.0,66.0
cmp4h4z9001hdf4mnlyzf1hxx,cmmx6howt0000bi1zgfsisou2,2026-05-13 19:50:18.961,76.73509286412512,27.2,64.0,15.99,7.0,23.0,33.0,66.0
cmp4h51y901hff4mnui7b3ffn,cmmx6howt0000bi1zgfsisou2,2026-05-13 19:50:22.473,76.63734115347019,27.2,64.0,20.79,7.0,23.0,33.0,66.0
cmp4h54nz01hhf4mnlzluk3wd,cmmx6howt0000bi1zgfsisou2,2026-05-13 19:50:25.986,76.73509286412512,27.2,64.0,16.41,7.0,23.0,33.0,66.0
cmp4h57do01hjf4mnkfwiubxc,cmmx6howt0000bi1zgfsisou2,2026-05-13 19:50:29.498,76.63734115347019,27.2,64.0,16.22,7.0,23.0,33.0,66.0
cmp4h5a3o01hlf4mncp8xhf2i,cmmx6howt0000bi1zgfsisou2,2026-05-13 19:50:33.010,76.73509286412512,27.2,64.0,25.4,7.0,23.0,33.0,66.0
cmp4h5ctc01hnf4mna4ktxxdz,cmmx6howt0000bi1zgfsisou2,2026-05-13 19:50:36.521,76.63734115347019,27.2,64.0,39.31,7.0,23.0,33.0,66.0
cmp4h5fi301hpf4mnx3vkrcpg,cmmx6howt0000bi1zgfsisou2,2026-05-13 19:50:40.032,76.83284457478005,27.2,64.0,34.59,7.0,23.0,33.0,66.0
cmp4h5i7i01hrf4mn1mbmtelq,cmmx6howt0000bi1zgfsisou2,2026-05-13 19:50:43.542,76.73509286412512,27.2,64.0,30.01,7.0,23.0,33.0,66.0
cmp4h5kxs01htf4mnsn1mrdjq,cmmx6howt0000bi1zgfsisou2,2026-05-13 19:50:47.053,76.73509286412512,27.2,64.0,39.24,7.0,23.0,33.0,66.0
cmp4h5nmh01hvf4mnjmpkm90k,cmmx6howt0000bi1zgfsisou2,2026-05-13 19:50:50.563,76.63734115347019,27.2,64.0,34.43,7.0,23.0,33.0,66.0
cmp4h5qce01hxf4mnu95draur,cmmx6howt0000bi1zgfsisou2,2026-05-13 19:50:54.075,76.73509286412512,27.2,64.0,34.66,7.0,23.0,33.0,66.0
cmp4h5t2701hzf4mnrv1vkdjj,cmmx6howt0000bi1zgfsisou2,2026-05-13 19:50:57.585,76.73509286412512,27.2,64.0,34.66,7.0,23.0,33.0,66.0
cmp4h5vrt01i1f4mnmu0gjzse,cmmx6howt0000bi1zgfsisou2,2026-05-13 19:51:01.096,76.73509286412512,27.2,64.0,39.2,7.0,23.0,33.0,66.0
cmp4h5ygp01i3f4mn4xuty3qm,cmmx6howt0000bi1zgfsisou2,2026-05-13 19:51:04.607,76.73509286412512,27.2,64.0,38.93,7.0,23.0,33.0,66.0
cmp4h616s01i5f4mn9f6u2yz3,cmmx6howt0000bi1zgfsisou2,2026-05-13 19:51:08.118,76.63734115347019,27.2,64.0,39.05,7.0,23.0,33.0,66.0
cmp4h63w501i7f4mn01sgo4mq,cmmx6howt0000bi1zgfsisou2,2026-05-13 19:51:11.629,76.73509286412512,27.2,64.0,39.01,7.0,23.0,33.0,66.0
cmp4h66lv01i9f4mnzthgjxtu,cmmx6howt0000bi1zgfsisou2,2026-05-13 19:51:15.140,76.73509286412512,27.2,64.0,39.24,7.0,23.0,33.0,66.0
cmp4h69b101ibf4mnsh53mb0r,cmmx6howt0000bi1zgfsisou2,2026-05-13 19:51:18.650,76.73509286412512,27.2,64.0,39.28,7.0,23.0,33.0,66.0
cmp4h6c0h01idf4mnpz6tpmzh,cmmx6howt0000bi1zgfsisou2,2026-05-13 19:51:22.160,76.73509286412512,27.2,64.0,38.93,7.0,23.0,33.0,66.0
cmp4h6eq201iff4mnycvfv3x2,cmmx6howt0000bi1zgfsisou2,2026-05-13 19:51:25.671,76.73509286412512,27.2,64.0,34.47,7.0,23.0,33.0,66.0
cmp4h6hfw01ihf4mnyj4577hx,cmmx6howt0000bi1zgfsisou2,2026-05-13 19:51:29.181,76.73509286412512,27.2,64.0,44.92,7.0,23.0,33.0,66.0
cmp4h6k5d01ijf4mns43h8o91,cmmx6howt0000bi1zgfsisou2,2026-05-13 19:51:32.692,76.73509286412512,27.2,64.0,41.87,7.0,23.0,33.0,66.0
cmp4h6muu01ilf4mnapl5r9bo,cmmx6howt0000bi1zgfsisou2,2026-05-13 19:51:36.203,76.73509286412512,27.2,65.0,47.93,7.0,23.0,33.0,66.0
cmp4h6pjz01inf4mnj0f80roj,cmmx6howt0000bi1zgfsisou2,2026-05-13 19:51:39.713,76.73509286412512,27.2,65.0,47.13,7.0,23.0,33.0,66.0
cmp4h6s9901ipf4mnhva063se,cmmx6howt0000bi1zgfsisou2,2026-05-13 19:51:43.224,76.83284457478005,27.3,65.0,44.65,7.0,23.0,33.0,66.0
cmp4h6uz201irf4mnpk815er1,cmmx6howt0000bi1zgfsisou2,2026-05-13 19:51:46.735,76.73509286412512,27.2,65.0,47.89,7.0,23.0,33.0,66.0
cmp4h6xp401itf4mnq3j42d1j,cmmx6howt0000bi1zgfsisou2,2026-05-13 19:51:50.245,76.73509286412512,27.2,64.0,53.49,7.0,23.0,33.0,66.0
cmp4h70e701ivf4mnldzcx4b6,cmmx6howt0000bi1zgfsisou2,2026-05-13 19:51:53.755,76.73509286412512,27.2,64.0,47.85,7.0,23.0,33.0,66.0
cmp4h734601ixf4mn4zkvygts,cmmx6howt0000bi1zgfsisou2,2026-05-13 19:51:57.266,76.63734115347019,27.2,64.0,44.8,7.0,23.0,33.0,66.0
cmp4h75td01izf4mn2drpqt9t,cmmx6howt0000bi1zgfsisou2,2026-05-13 19:52:00.776,76.73509286412512,27.2,64.0,50.82,7.0,23.0,33.0,66.0
cmp4h78ij01j1f4mnebhh39bw,cmmx6howt0000bi1zgfsisou2,2026-05-13 19:52:04.287,76.73509286412512,27.2,64.0,44.8,7.0,23.0,33.0,66.0
cmp4h7b8s01j3f4mn1qag0mh8,cmmx6howt0000bi1zgfsisou2,2026-05-13 19:52:07.798,76.73509286412512,27.3,64.0,38.97,7.0,23.0,33.0,66.0
cmp4h7dxg01j5f4mnuphr6q2z,cmmx6howt0000bi1zgfsisou2,2026-05-13 19:52:11.309,76.73509286412512,27.2,64.0,39.24,7.0,23.0,33.0,66.0
cmp4h7gnr01j7f4mnhp3sml0f,cmmx6howt0000bi1zgfsisou2,2026-05-13 19:52:14.819,76.73509286412512,27.2,64.0,28.15,7.0,23.0,33.0,66.0
cmp4h7jck01j9f4mn4a710fzc,cmmx6howt0000bi1zgfsisou2,2026-05-13 19:52:18.331,76.73509286412512,27.3,64.0,38.97,7.0,23.0,33.0,66.0
cmp4h7m2r01jbf4mne5fqcnx7,cmmx6howt0000bi1zgfsisou2,2026-05-13 19:52:21.842,76.73509286412512,27.3,64.0,39.08,7.0,23.0,33.0,66.0
cmp4h7orh01jdf4mn2azf1fdz,cmmx6howt0000bi1zgfsisou2,2026-05-13 19:52:25.351,76.73509286412512,27.3,65.0,38.97,7.0,23.0,33.0,66.0
cmp4h7rh801jff4mnbord92hm,cmmx6howt0000bi1zgfsisou2,2026-05-13 19:52:28.862,76.73509286412512,27.3,65.0,38.97,7.0,23.0,33.0,66.0
cmp4h7u6f01jhf4mnfwq2y1gv,cmmx6howt0000bi1zgfsisou2,2026-05-13 19:52:32.373,76.73509286412512,27.3,65.0,39.2,7.0,23.0,33.0,66.0
cmp4h7ww101jjf4mnlxxuap5s,cmmx6howt0000bi1zgfsisou2,2026-05-13 19:52:35.884,76.73509286412512,27.3,65.0,39.28,7.0,23.0,33.0,66.0
cmp4h7zly01jlf4mnrj44oaez,cmmx6howt0000bi1zgfsisou2,2026-05-13 19:52:39.395,76.73509286412512,27.3,65.0,38.97,7.0,23.0,33.0,66.0
cmp4h82bc01jnf4mn8z6thli3,cmmx6howt0000bi1zgfsisou2,2026-05-13 19:52:42.906,76.73509286412512,27.3,66.0,39.01,7.0,23.0,33.0,66.0
cmp4h851201jpf4mnk6hrztj5,cmmx6howt0000bi1zgfsisou2,2026-05-13 19:52:46.416,76.73509286412512,27.3,66.0,39.05,7.0,23.0,33.0,66.0
cmp4h87qr01jrf4mnydz3lfru,cmmx6howt0000bi1zgfsisou2,2026-05-13 19:52:49.927,76.73509286412512,27.3,66.0,39.2,7.0,23.0,33.0,66.0
cmp4h8ag701jtf4mn8htpmps2,cmmx6howt0000bi1zgfsisou2,2026-05-13 19:52:53.437,76.73509286412512,27.3,66.0,39.05,7.0,23.0,33.0,66.0
cmp4h8d5501jvf4mn15oq1q6v,cmmx6howt0000bi1zgfsisou2,2026-05-13 19:52:56.948,76.73509286412512,27.3,66.0,39.01,7.0,23.0,33.0,66.0
cmp4h8fv301jxf4mnme338e0c,cmmx6howt0000bi1zgfsisou2,2026-05-13 19:53:00.458,76.73509286412512,27.3,66.0,39.08,7.0,23.0,33.0,66.0
cmp4h8ikf01jzf4mnh6id4ukd,cmmx6howt0000bi1zgfsisou2,2026-05-13 19:53:03.969,76.73509286412512,27.3,65.0,39.28,7.0,23.0,33.0,66.0
cmp4h8l9s01k1f4mnzpa6extq,cmmx6howt0000bi1zgfsisou2,2026-05-13 19:53:07.481,76.73509286412512,27.3,65.0,39.2,7.0,23.0,33.0,66.0
cmp4h8nz901k3f4mnl6odsxwv,cmmx6howt0000bi1zgfsisou2,2026-05-13 19:53:10.991,76.73509286412512,27.3,65.0,39.24,7.0,23.0,33.0,66.0
cmp4h8qov01k5f4mnzcbl48jd,cmmx6howt0000bi1zgfsisou2,2026-05-13 19:53:14.502,76.73509286412512,27.3,65.0,38.97,7.0,23.0,33.0,66.0
cmp4h8tef01k7f4mnb8he33tu,cmmx6howt0000bi1zgfsisou2,2026-05-13 19:53:18.013,76.73509286412512,27.3,65.0,38.97,7.0,23.0,33.0,66.0
cmp4h8w4a01k9f4mnx5k8x4zu,cmmx6howt0000bi1zgfsisou2,2026-05-13 19:53:21.524,76.73509286412512,27.3,65.0,38.93,7.0,23.0,33.0,66.0
cmp4h8yu001kbf4mngqgp7i7a,cmmx6howt0000bi1zgfsisou2,2026-05-13 19:53:25.036,76.73509286412512,27.3,65.0,39.12,7.0,23.0,33.0,66.0
cmp4h91jd01kdf4mntxrsz284,cmmx6howt0000bi1zgfsisou2,2026-05-13 19:53:28.545,76.73509286412512,27.3,65.0,39.24,7.0,23.0,33.0,66.0
cmp4h948x01kff4mnrlt7wqrl,cmmx6howt0000bi1zgfsisou2,2026-05-13 19:53:32.056,76.73509286412512,27.3,65.0,39.24,7.0,23.0,33.0,66.0
cmp4h975n01khf4mnknik6zot,cmmx6howt0000bi1zgfsisou2,2026-05-13 19:53:35.567,76.83284457478005,27.3,65.0,39.01,7.0,23.0,33.0,66.0
cmp4h99no01kjf4mnz82fjaij,cmmx6howt0000bi1zgfsisou2,2026-05-13 19:53:39.078,76.83284457478005,27.3,65.0,39.24,7.0,23.0,33.0,66.0
cmp4h9cdj01klf4mnsnx33wv8,cmmx6howt0000bi1zgfsisou2,2026-05-13 19:53:42.589,76.83284457478005,27.3,65.0,38.97,7.0,23.0,33.0,66.0
cmp4h9f2t01knf4mnmbujp3y6,cmmx6howt0000bi1zgfsisou2,2026-05-13 19:53:46.100,76.73509286412512,27.3,65.0,38.97,7.0,23.0,33.0,66.0
cmp4h9hsd01kpf4mnpy8pzsum,cmmx6howt0000bi1zgfsisou2,2026-05-13 19:53:49.610,76.63734115347019,27.3,65.0,38.93,7.0,23.0,33.0,66.0
cmp4h9khs01krf4mndfh13itr,cmmx6howt0000bi1zgfsisou2,2026-05-13 19:53:53.122,76.73509286412512,27.3,65.0,39.05,7.0,23.0,33.0,66.0
cmp4h9n7j01ktf4mnjtziscut,cmmx6howt0000bi1zgfsisou2,2026-05-13 19:53:56.633,76.73509286412512,27.3,65.0,39.24,7.0,23.0,33.0,66.0
cmp4h9pwv01kvf4mnywkg4gc7,cmmx6howt0000bi1zgfsisou2,2026-05-13 19:54:00.143,76.63734115347019,27.3,65.0,39.28,7.0,23.0,33.0,66.0
cmp4h9sma01kxf4mnf4psght5,cmmx6howt0000bi1zgfsisou2,2026-05-13 19:54:03.654,76.63734115347019,27.3,65.0,39.01,7.0,23.0,33.0,66.0
cmp4h9vbj01kzf4mn7szr2x59,cmmx6howt0000bi1zgfsisou2,2026-05-13 19:54:07.164,76.63734115347019,27.2,65.0,39.24,7.0,23.0,33.0,66.0
cmp4h9y1s01l1f4mnrrveslr2,cmmx6howt0000bi1zgfsisou2,2026-05-13 19:54:10.676,76.73509286412512,27.3,65.0,39.05,7.0,23.0,33.0,66.0
cmp4ha0qn01l3f4mnmaritczw,cmmx6howt0000bi1zgfsisou2,2026-05-13 19:54:14.186,76.73509286412512,27.3,65.0,35.2,7.0,23.0,33.0,66.0
cmp4ha3g801l5f4mnnhu6msuu,cmmx6howt0000bi1zgfsisou2,2026-05-13 19:54:17.697,76.63734115347019,27.2,65.0,38.93,7.0,23.0,33.0,66.0
cmp4ha65t01l7f4mn08yqrcdl,cmmx6howt0000bi1zgfsisou2,2026-05-13 19:54:21.208,76.73509286412512,27.2,65.0,39.2,7.0,23.0,33.0,66.0
cmp4ha8vm01l9f4mn34ewk6dx,cmmx6howt0000bi1zgfsisou2,2026-05-13 19:54:24.719,76.73509286412512,27.2,65.0,39.05,7.0,23.0,33.0,66.0
cmp4hablf01lbf4mnjdsnylnc,cmmx6howt0000bi1zgfsisou2,2026-05-13 19:54:28.230,76.73509286412512,27.2,65.0,39.01,7.0,23.0,33.0,66.0
cmp4haeac01ldf4mnq5ogqb1m,cmmx6howt0000bi1zgfsisou2,2026-05-13 19:54:31.740,76.73509286412512,27.2,65.0,39.05,7.0,23.0,33.0,66.0
cmp4hah0o01lff4mn5j8gsa80,cmmx6howt0000bi1zgfsisou2,2026-05-13 19:54:35.251,76.73509286412512,27.2,65.0,39.01,7.0,23.0,33.0,66.0
cmp4hajpt01lhf4mnwgh3wq8m,cmmx6howt0000bi1zgfsisou2,2026-05-13 19:54:38.762,76.63734115347019,27.2,65.0,39.24,7.0,23.0,33.0,66.0
cmp4hamfm01ljf4mnynd1d2hd,cmmx6howt0000bi1zgfsisou2,2026-05-13 19:54:42.273,76.73509286412512,27.2,65.0,39.08,7.0,23.0,33.0,66.0
cmp4hap4k01llf4mn9vncwwq8,cmmx6howt0000bi1zgfsisou2,2026-05-13 19:54:45.783,76.63734115347019,27.2,65.0,39.05,7.0,23.0,33.0,66.0
cmp4hartw01lnf4mn8umyh0kw,cmmx6howt0000bi1zgfsisou2,2026-05-13 19:54:49.294,76.63734115347019,27.2,65.0,31.5,7.0,23.0,33.0,66.0
cmp4hauki01lpf4mn2euls783,cmmx6howt0000bi1zgfsisou2,2026-05-13 19:54:52.805,76.73509286412512,27.2,65.0,31.5,7.0,23.0,33.0,67.0
cmp4hax9l01lrf4mn50zbq7cj,cmmx6howt0000bi1zgfsisou2,2026-05-13 19:54:56.317,76.73509286412512,27.2,65.0,27.69,7.0,23.0,33.0,67.0
cmp4hazz701ltf4mnew6dn6yx,cmmx6howt0000bi1zgfsisou2,2026-05-13 19:54:59.828,76.63734115347019,27.2,65.0,27.69,7.0,23.0,33.0,67.0
cmp4hb2o001lvf4mnt4u6o1ub,cmmx6howt0000bi1zgfsisou2,2026-05-13 19:55:03.339,76.63734115347019,27.2,65.0,19.95,7.0,23.0,33.0,67.0
cmp4hb5e101lxf4mn92do4vye,cmmx6howt0000bi1zgfsisou2,2026-05-13 19:55:06.851,76.73509286412512,27.2,65.0,27.73,7.0,23.0,33.0,66.0
cmp4hb83f01lzf4mn0pueajyx,cmmx6howt0000bi1zgfsisou2,2026-05-13 19:55:10.361,76.73509286412512,27.2,65.0,27.69,7.0,23.0,33.0,66.0
cmp4hbasn01m1f4mnwb5uvx5o,cmmx6howt0000bi1zgfsisou2,2026-05-13 19:55:13.873,76.63734115347019,27.2,66.0,23.84,7.0,23.0,33.0,66.0
cmp4hbdid01m3f4mnxxehy0fd,cmmx6howt0000bi1zgfsisou2,2026-05-13 19:55:17.385,76.73509286412512,27.2,66.0,19.95,7.0,23.0,33.0,66.0
cmp4hbg8701m5f4mn2cfosp0o,cmmx6howt0000bi1zgfsisou2,2026-05-13 19:55:20.896,76.73509286412512,27.2,66.0,20.07,7.0,23.0,33.0,66.0
cmp4hbix901m7f4mnctz1uwhm,cmmx6howt0000bi1zgfsisou2,2026-05-13 19:55:24.409,76.73509286412512,27.2,66.0,19.99,7.0,23.0,33.0,66.0
cmp4hblnq01m9f4mnoipwq4qf,cmmx6howt0000bi1zgfsisou2,2026-05-13 19:55:27.921,76.73509286412512,27.2,66.0,20.03,7.0,23.0,33.0,67.0
cmp4hboca01mbf4mn3bfc5spw,cmmx6howt0000bi1zgfsisou2,2026-05-13 19:55:31.433,76.73509286412512,27.2,65.0,19.99,7.0,23.0,33.0,67.0
cmp4hbr2i01mdf4mn1pmzpjq0,cmmx6howt0000bi1zgfsisou2,2026-05-13 19:55:34.945,76.73509286412512,27.2,65.0,19.99,7.0,23.0,33.0,67.0
cmp4hbts501mff4mnxnx6t7ob,cmmx6howt0000bi1zgfsisou2,2026-05-13 19:55:38.457,76.73509286412512,27.2,65.0,19.99,7.0,23.0,33.0,67.0
cmp4hbwh001mhf4mnfu81i9v9,cmmx6howt0000bi1zgfsisou2,2026-05-13 19:55:41.970,76.63734115347019,27.2,65.0,20.22,7.0,23.0,33.0,67.0
cmp4hbz7601mjf4mnkgqe1ljr,cmmx6howt0000bi1zgfsisou2,2026-05-13 19:55:45.482,76.73509286412512,27.2,66.0,20.03,7.0,23.0,33.0,66.0
cmp4hc1wo01mlf4mnq72lfszf,cmmx6howt0000bi1zgfsisou2,2026-05-13 19:55:48.994,76.63734115347019,27.2,66.0,20.03,7.0,23.0,33.0,66.0
cmp4hc4lo01mnf4mn1e1979jt,cmmx6howt0000bi1zgfsisou2,2026-05-13 19:55:52.507,76.73509286412512,27.2,65.0,20.22,7.0,23.0,33.0,66.0
cmp4hc7be01mpf4mnnl6u2fz9,cmmx6howt0000bi1zgfsisou2,2026-05-13 19:55:56.019,76.63734115347019,27.2,65.0,19.95,7.0,23.0,33.0,67.0
cmp4hca0y01mrf4mnpxy58ekb,cmmx6howt0000bi1zgfsisou2,2026-05-13 19:55:59.532,76.73509286412512,27.2,65.0,19.84,7.0,23.0,33.0,67.0
cmp4hccqp01mtf4mnd0r1jodj,cmmx6howt0000bi1zgfsisou2,2026-05-13 19:56:03.043,76.73509286412512,27.2,65.0,19.88,7.0,23.0,33.0,66.0
cmp4hcfgp01mvf4mntcluhdy3,cmmx6howt0000bi1zgfsisou2,2026-05-13 19:56:06.556,76.63734115347019,27.2,65.0,19.76,7.0,23.0,33.0,66.0
cmp4hci6101mxf4mny21nok83,cmmx6howt0000bi1zgfsisou2,2026-05-13 19:56:10.068,76.73509286412512,27.2,65.0,19.76,7.0,23.0,33.0,66.0
cmp4hckv701mzf4mnvy661ay1,cmmx6howt0000bi1zgfsisou2,2026-05-13 19:56:13.581,76.83284457478005,27.2,65.0,19.95,7.0,23.0,33.0,66.0
cmp4hcnl301n1f4mn3q55ueuf,cmmx6howt0000bi1zgfsisou2,2026-05-13 19:56:17.093,76.63734115347019,27.2,65.0,20.22,7.0,23.0,33.0,66.0
cmp4hcqav01n3f4mnjxiiwzyx,cmmx6howt0000bi1zgfsisou2,2026-05-13 19:56:20.607,76.83284457478005,27.2,65.0,19.91,7.0,23.0,33.0,67.0
cmp4hct0e01n5f4mng9sw287e,cmmx6howt0000bi1zgfsisou2,2026-05-13 19:56:24.122,76.73509286412512,27.2,65.0,7.99,7.0,23.0,33.0,66.0
cmp4hcvq601n7f4mn69jw7s1p,cmmx6howt0000bi1zgfsisou2,2026-05-13 19:56:27.632,76.73509286412512,27.2,65.0,19.99,7.0,23.0,33.0,66.0
cmp4hcyf501n9f4mngoiq7zo9,cmmx6howt0000bi1zgfsisou2,2026-05-13 19:56:31.144,76.73509286412512,27.2,65.0,19.95,7.0,23.0,33.0,66.0
cmp4hd15001nbf4mn7wdz8vql,cmmx6howt0000bi1zgfsisou2,2026-05-13 19:56:34.657,76.73509286412512,27.2,65.0,19.99,7.0,23.0,33.0,66.0
cmp4hd3wj01ndf4mnwm3pfpm0,cmmx6howt0000bi1zgfsisou2,2026-05-13 19:56:38.168,76.73509286412512,27.2,65.0,19.76,7.0,23.0,33.0,66.0
cmp4hd6jx01nff4mnj3kwre6i,cmmx6howt0000bi1zgfsisou2,2026-05-13 19:56:41.682,76.73509286412512,27.2,65.0,19.8,7.0,23.0,33.0,66.0
cmp4hd99t01nhf4mn61ctgpy9,cmmx6howt0000bi1zgfsisou2,2026-05-13 19:56:45.194,76.83284457478005,27.2,65.0,19.91,7.0,23.0,33.0,66.0
cmp4hdbze01njf4mnlhaqku58,cmmx6howt0000bi1zgfsisou2,2026-05-13 19:56:48.706,76.83284457478005,27.2,65.0,20.22,7.0,23.0,33.0,66.0
cmp4hdeoz01nlf4mncim9dzzq,cmmx6howt0000bi1zgfsisou2,2026-05-13 19:56:52.217,76.83284457478005,27.2,65.0,19.95,7.0,23.0,33.0,66.0
cmp4hdhew01nnf4mnbuxutgol,cmmx6howt0000bi1zgfsisou2,2026-05-13 19:56:55.730,76.83284457478005,27.1,65.0,19.99,7.0,23.0,33.0,66.0
cmp4hdk3x01npf4mne4reobu8,cmmx6howt0000bi1zgfsisou2,2026-05-13 19:56:59.242,76.83284457478005,27.1,65.0,20.03,7.0,23.0,33.0,66.0
cmp4hdmta01nrf4mn28bg24a2,cmmx6howt0000bi1zgfsisou2,2026-05-13 19:57:02.755,76.83284457478005,27.2,65.0,19.72,7.0,23.0,33.0,66.0
cmp4hdpjo01ntf4mn9uvschvm,cmmx6howt0000bi1zgfsisou2,2026-05-13 19:57:06.267,76.83284457478005,27.2,65.0,15.49,7.0,23.0,33.0,66.0
cmp4hds8y01nvf4mnqbpa1sfa,cmmx6howt0000bi1zgfsisou2,2026-05-13 19:57:09.779,76.73509286412512,27.1,65.0,20.03,7.0,23.0,33.0,66.0
cmp4hduy601nxf4mnbgf0r0j4,cmmx6howt0000bi1zgfsisou2,2026-05-13 19:57:13.292,76.73509286412512,27.1,65.0,19.72,7.0,23.0,33.0,66.0
cmp4hdxnv01nzf4mnrg0v4o93,cmmx6howt0000bi1zgfsisou2,2026-05-13 19:57:16.806,76.83284457478005,27.2,65.0,15.04,7.0,23.0,33.0,66.0
cmp4he0d901o1f4mn30cgq3go,cmmx6howt0000bi1zgfsisou2,2026-05-13 19:57:20.317,76.73509286412512,27.1,65.0,39.28,7.0,23.0,33.0,66.0
cmp4he32u01o3f4mnc82ouaxn,cmmx6howt0000bi1zgfsisou2,2026-05-13 19:57:23.832,76.83284457478005,27.2,65.0,0.0,7.0,23.0,33.0,66.0
cmp4he5se01o5f4mnlg7bhm0m,cmmx6howt0000bi1zgfsisou2,2026-05-13 19:57:27.345,63.14760508308895,27.1,65.0,0.0,7.0,23.0,33.0,66.0
cmp4he8i601o7f4mn9h0lb3up,cmmx6howt0000bi1zgfsisou2,2026-05-13 19:57:30.860,59.82404692082112,27.1,66.0,0.0,7.0,23.0,33.0,66.0
cmp4heb7o01o9f4mnx3y1xibb,cmmx6howt0000bi1zgfsisou2,2026-05-13 19:57:34.373,56.10948191593352,27.2,66.0,8.6,7.0,23.0,33.0,66.0
cmp4hedxh01obf4mn1aomqtws,cmmx6howt0000bi1zgfsisou2,2026-05-13 19:57:37.888,58.74877810361681,27.2,66.0,0.0,7.0,23.0,33.0,66.0
cmp4hegmv01odf4mnzxnqgiyi,cmmx6howt0000bi1zgfsisou2,2026-05-13 19:57:41.401,72.9227761485826,27.2,66.0,5.05,7.0,23.0,33.0,66.0
cmp4hejce01off4mn70nfg3ek,cmmx6howt0000bi1zgfsisou2,2026-05-13 19:57:44.915,71.0654936461388,27.2,66.0,5.01,7.0,23.0,33.0,66.0
cmp4hem2801ohf4mnhwe158ty,cmmx6howt0000bi1zgfsisou2,2026-05-13 19:57:48.429,72.62952101661779,27.2,65.0,4.78,7.0,23.0,33.0,66.0
cmp4heort01ojf4mnmnqi0eoz,cmmx6howt0000bi1zgfsisou2,2026-05-13 19:57:51.942,72.62952101661779,27.2,65.0,4.75,7.0,23.0,33.0,66.0
cmp4herja01olf4mnq265ixun,cmmx6howt0000bi1zgfsisou2,2026-05-13 19:57:55.456,72.33626588465299,27.2,65.0,7.83,7.0,23.0,33.0,66.0
cmp4heu7001onf4mnx6v0qs7i,cmmx6howt0000bi1zgfsisou2,2026-05-13 19:57:58.966,56.30498533724339,27.2,65.0,20.03,7.0,23.0,33.0,66.0
cmp4hewwg01opf4mn6sh1h8tr,cmmx6howt0000bi1zgfsisou2,2026-05-13 19:58:02.482,63.5386119257087,27.1,65.0,0.0,7.0,23.0,33.0,66.0
cmp4hezms01orf4mn58jdqs3p,cmmx6howt0000bi1zgfsisou2,2026-05-13 19:58:05.995,67.05767350928642,27.2,67.0,4.98,7.0,23.0,33.0,66.0
cmp4hf2bm01otf4mn8catinwm,cmmx6howt0000bi1zgfsisou2,2026-05-13 19:58:09.513,65.10263929618768,27.2,70.0,0.0,7.0,66.0,66.0,66.0
cmp4hf51e01ovf4mn01g09h2l,cmmx6howt0000bi1zgfsisou2,2026-05-13 19:58:13.029,62.65884652981427,27.2,73.0,0.0,7.0,66.0,66.0,66.0
cmp4hf7rf01oxf4mnegokinb3,cmmx6howt0000bi1zgfsisou2,2026-05-13 19:58:16.543,69.11045943304008,27.2,73.0,0.0,7.0,66.0,66.0,66.0
cmp4hfah001ozf4mnkz4q125q,cmmx6howt0000bi1zgfsisou2,2026-05-13 19:58:20.058,68.91495601173021,27.2,74.0,0.0,7.0,66.0,66.0,66.0
cmp4hfd6h01p1f4mnmssvi1n9,cmmx6howt0000bi1zgfsisou2,2026-05-13 19:58:23.574,68.81720430107528,27.2,75.0,0.0,7.0,66.0,66.0,66.0
cmp4hj06301p3f4mn1zzpd2ja,cmmx6howt0000bi1zgfsisou2,2026-05-13 20:01:13.346,56.30498533724339,26.9,77.0,78.11,7.0,0.0,0.0,0.0
cmp4hj2vh01p5f4mni1ofc2cf,cmmx6howt0000bi1zgfsisou2,2026-05-13 20:01:16.851,52.49266862170088,26.9,76.0,78.83,7.0,0.0,0.0,0.0
cmp4hj5ko01p7f4mn2yu0ulrh,cmmx6howt0000bi1zgfsisou2,2026-05-13 20:01:20.357,52.29716520039101,26.9,76.0,77.88,7.0,0.0,0.0,0.0
cmp4hj8ag01p9f4mn5pdkdr2m,cmmx6howt0000bi1zgfsisou2,2026-05-13 20:01:23.863,52.29716520039101,26.9,76.0,78.87,7.0,0.0,0.0,0.0
cmp4hjazq01pbf4mn5eu5xvmw,cmmx6howt0000bi1zgfsisou2,2026-05-13 20:01:27.369,52.59042033235581,26.9,76.0,78.38,7.0,0.0,0.0,0.0
cmp4hjdpm01pdf4mn78satgul,cmmx6howt0000bi1zgfsisou2,2026-05-13 20:01:30.874,52.49266862170088,26.8,76.0,78.8,7.0,0.0,0.0,0.0
cmp4hjgek01pff4mnapy347nd,cmmx6howt0000bi1zgfsisou2,2026-05-13 20:01:34.381,52.59042033235581,26.9,76.0,78.68,7.0,0.0,0.0,0.0
cmp4hjj4k01phf4mn8sdb3n1y,cmmx6howt0000bi1zgfsisou2,2026-05-13 20:01:37.885,52.39491691104594,26.9,77.0,78.11,7.0,0.0,0.0,0.0
cmp4hjlt901pjf4mnrr2trk44,cmmx6howt0000bi1zgfsisou2,2026-05-13 20:01:41.390,52.19941348973607,26.9,78.0,78.91,7.0,0.0,0.0,0.0
cmp4hjoil01plf4mnb3j8x3j2,cmmx6howt0000bi1zgfsisou2,2026-05-13 20:01:44.896,52.19941348973607,26.8,78.0,78.64,7.0,0.0,0.0,0.0
cmp4hjr8401pnf4mniccnjpki,cmmx6howt0000bi1zgfsisou2,2026-05-13 20:01:48.402,52.29716520039101,26.8,78.0,78.76,7.0,0.0,0.0,0.0
cmp4hjtxs01ppf4mnclbhpmu3,cmmx6howt0000bi1zgfsisou2,2026-05-13 20:01:51.906,50.04887585532747,26.8,78.0,83.45,7.0,0.0,0.0,0.0
cmp4hjwmp01prf4mnzg5dvoqu,cmmx6howt0000bi1zgfsisou2,2026-05-13 20:01:55.412,70.67448680351906,26.8,78.0,86.61,7.0,0.0,0.0,0.0
cmp4hjzcb01ptf4mngm5zal69,cmmx6howt0000bi1zgfsisou2,2026-05-13 20:01:58.920,75.8553274682307,26.8,78.0,89.24,7.0,0.0,0.0,0.0
cmp4hk21y01pvf4mn3fxdabcg,cmmx6howt0000bi1zgfsisou2,2026-05-13 20:02:02.426,75.95307917888563,26.9,79.0,83.83,7.0,0.0,0.0,0.0
cmp4hk4ro01pxf4mnrzmehy1a,cmmx6howt0000bi1zgfsisou2,2026-05-13 20:02:05.932,75.95307917888563,26.9,80.0,83.71,7.0,0.0,0.0,0.0
cmp4hk7gp01pzf4mn1zwft15w,cmmx6howt0000bi1zgfsisou2,2026-05-13 20:02:09.439,76.05083088954056,26.9,80.0,79.29,7.0,0.0,0.0,0.0
cmp4hka5r01q1f4mn2dtdk5l4,cmmx6howt0000bi1zgfsisou2,2026-05-13 20:02:12.945,76.44183773216031,26.9,78.0,83.75,7.0,0.0,0.0,0.0
cmp4hkcvl01q3f4mnyfkhlzrm,cmmx6howt0000bi1zgfsisou2,2026-05-13 20:02:16.451,76.44183773216031,26.9,78.0,86.57,7.0,0.0,0.0,0.0
cmp4hkfkq01q5f4mnr1fpcjkm,cmmx6howt0000bi1zgfsisou2,2026-05-13 20:02:19.957,76.44183773216031,26.9,78.0,83.64,7.0,0.0,0.0,0.0
cmp4hkia001q7f4mncxvannfk,cmmx6howt0000bi1zgfsisou2,2026-05-13 20:02:23.464,76.63734115347019,26.9,79.0,89.7,7.0,0.0,0.0,0.0
cmp4hkkzl01q9f4mndmws25x3,cmmx6howt0000bi1zgfsisou2,2026-05-13 20:02:26.970,76.63734115347019,26.9,79.0,89.43,7.0,0.0,0.0,0.0
cmp4hknp601qbf4mnfi820be0,cmmx6howt0000bi1zgfsisou2,2026-05-13 20:02:30.478,76.63734115347019,26.9,80.0,80.93,7.0,0.0,0.0,0.0
cmp4hkqen01qdf4mn6wh7svir,cmmx6howt0000bi1zgfsisou2,2026-05-13 20:02:33.983,76.44183773216031,26.9,79.0,78.83,7.0,0.0,0.0,0.0
cmp4hkt3l01qff4mnt7aurrv9,cmmx6howt0000bi1zgfsisou2,2026-05-13 20:02:37.489,76.24633431085044,26.9,80.0,83.67,7.0,0.0,0.0,0.0
cmp4hkvt101qhf4mn6vgj64im,cmmx6howt0000bi1zgfsisou2,2026-05-13 20:02:40.996,76.24633431085044,26.9,79.0,86.8,7.0,0.0,0.0,0.0
cmp4hkyij01qjf4mnly8z2jmd,cmmx6howt0000bi1zgfsisou2,2026-05-13 20:02:44.503,75.0733137829912,26.9,80.0,83.71,7.0,0.0,0.0,0.0
cmp4hl17p01qlf4mndri026gy,cmmx6howt0000bi1zgfsisou2,2026-05-13 20:02:48.009,75.75757575757575,26.9,79.0,83.48,7.0,0.0,0.0,0.0
cmp4hl3x501qnf4mnlfgktypg,cmmx6howt0000bi1zgfsisou2,2026-05-13 20:02:51.516,76.05083088954056,26.9,79.0,83.45,7.0,0.0,0.0,0.0
cmp4hl6mn01qpf4mnrqgqwbbc,cmmx6howt0000bi1zgfsisou2,2026-05-13 20:02:55.022,76.05083088954056,26.9,79.0,86.84,7.0,0.0,0.0,0.0
cmp4hl9bz01qrf4mn2bb5p29o,cmmx6howt0000bi1zgfsisou2,2026-05-13 20:02:58.529,76.05083088954056,26.9,79.0,83.67,7.0,0.0,0.0,0.0
cmp4hlc2a01qtf4mn5xzajb2v,cmmx6howt0000bi1zgfsisou2,2026-05-13 20:03:02.035,76.05083088954056,26.9,78.0,80.82,7.0,0.0,0.0,0.0
cmp4hleqp01qvf4mnd6o3q3z5,cmmx6howt0000bi1zgfsisou2,2026-05-13 20:03:05.542,75.56207233626589,26.8,78.0,77.88,7.0,0.0,0.0,0.0
cmp4hlhg601qxf4mn7kcy6kzo,cmmx6howt0000bi1zgfsisou2,2026-05-13 20:03:09.047,75.8553274682307,26.8,78.0,83.67,7.0,0.0,0.0,0.0
cmp4hlk5l01qzf4mnbexvjpp5,cmmx6howt0000bi1zgfsisou2,2026-05-13 20:03:12.555,76.34408602150538,26.9,78.0,83.87,7.0,0.0,0.0,0.0
cmp4hlmve01r1f4mn885oyj0r,cmmx6howt0000bi1zgfsisou2,2026-05-13 20:03:16.061,76.24633431085044,26.8,78.0,77.96,7.0,0.0,0.0,0.0
cmp4hlpks01r3f4mnj4bkkver,cmmx6howt0000bi1zgfsisou2,2026-05-13 20:03:19.568,76.24633431085044,26.8,78.0,74.99,7.0,0.0,0.0,0.0
cmp4hls9r01r5f4mn8n3ftgci,cmmx6howt0000bi1zgfsisou2,2026-05-13 20:03:23.074,76.1485826001955,26.8,79.0,78.11,7.0,0.0,0.0,0.0
cmp4hluz501r7f4mndx7ig5p6,cmmx6howt0000bi1zgfsisou2,2026-05-13 20:03:26.580,75.95307917888563,26.8,79.0,75.25,7.0,0.0,0.0,0.0
cmp4hlxol01r9f4mn10fsn5hh,cmmx6howt0000bi1zgfsisou2,2026-05-13 20:03:30.087,75.75757575757575,26.9,78.0,75.18,7.0,0.0,0.0,0.0
cmp4hm0eg01rbf4mnay6bw31m,cmmx6howt0000bi1zgfsisou2,2026-05-13 20:03:33.593,77.32160312805473,26.8,78.0,74.99,7.0,0.0,0.0,0.0
cmp4hm33d01rdf4mnzwn8e8ny,cmmx6howt0000bi1zgfsisou2,2026-05-13 20:03:37.101,76.53958944281524,26.9,78.0,78.87,7.0,0.0,0.0,0.0
cmp4hm5tf01rff4mne336khnb,cmmx6howt0000bi1zgfsisou2,2026-05-13 20:03:40.607,77.51710654936461,26.9,78.0,79.56,7.0,0.0,0.0,0.0
cmp4hm8i801rhf4mn13ejjia4,cmmx6howt0000bi1zgfsisou2,2026-05-13 20:03:44.114,63.83186705767351,26.8,78.0,69.19,7.0,0.0,0.0,0.0
cmp4hmb7j01rjf4mnipy2rfgk,cmmx6howt0000bi1zgfsisou2,2026-05-13 20:03:47.617,55.5229716520039,26.8,78.0,80.28,7.0,0.0,0.0,0.0
cmp4hmdwv01rlf4mnr2iai1i1,cmmx6howt0000bi1zgfsisou2,2026-05-13 20:03:51.125,72.72727272727273,26.8,78.0,80.32,7.0,0.0,0.0,0.0
cmp4hmgmc01rnf4mnv2qvia0k,cmmx6howt0000bi1zgfsisou2,2026-05-13 20:03:54.630,77.41935483870968,26.8,78.0,77.12,7.0,0.0,0.0,0.0
cmp4hmjbs01rpf4mnipbqw59k,cmmx6howt0000bi1zgfsisou2,2026-05-13 20:03:58.136,62.4633431085044,26.8,78.0,74.3,7.0,0.0,0.0,0.0
cmp4hmm1201rrf4mn8s25gac4,cmmx6howt0000bi1zgfsisou2,2026-05-13 20:04:01.642,54.83870967741935,26.8,77.0,71.67,7.0,0.0,0.0,0.0
cmp4hmoqf01rtf4mnxno0te3h,cmmx6howt0000bi1zgfsisou2,2026-05-13 20:04:05.148,54.83870967741935,26.8,78.0,71.59,7.0,0.0,0.0,0.0
cmp4hmrgd01rvf4mnh46pj3hh,cmmx6howt0000bi1zgfsisou2,2026-05-13 20:04:08.654,55.5229716520039,26.8,78.0,74.26,7.0,0.0,0.0,0.0
cmp4hmu5i01rxf4mn45rq1m37,cmmx6howt0000bi1zgfsisou2,2026-05-13 20:04:12.159,55.32746823069403,26.8,78.0,77.39,7.0,0.0,0.0,0.0
cmp4hmwvc01rzf4mn1u88s8bf,cmmx6howt0000bi1zgfsisou2,2026-05-13 20:04:15.664,55.32746823069403,26.8,78.0,80.32,7.0,0.0,0.0,0.0
cmp4hmzki01s1f4mnlxsm0j6y,cmmx6howt0000bi1zgfsisou2,2026-05-13 20:04:19.170,55.2297165200391,26.9,78.0,74.26,7.0,0.0,0.0,0.0
cmp4hn29o01s3f4mnm256zc6y,cmmx6howt0000bi1zgfsisou2,2026-05-13 20:04:22.675,55.13196480938416,26.9,79.0,82.45,7.0,0.0,0.0,0.0
cmp4hn4z901s5f4mnplszong3,cmmx6howt0000bi1zgfsisou2,2026-05-13 20:04:26.181,55.13196480938416,26.9,78.0,81.77,7.0,0.0,0.0,0.0
cmp4hn7o701s7f4mnhhabfks7,cmmx6howt0000bi1zgfsisou2,2026-05-13 20:04:29.686,55.03421309872923,26.9,77.0,80.55,7.0,0.0,0.0,0.0
cmp4hnadc01s9f4mns5eu9nq3,cmmx6howt0000bi1zgfsisou2,2026-05-13 20:04:33.191,54.93646138807429,26.9,77.0,82.49,7.0,0.0,0.0,0.0
cmp4hnd2q01sbf4mn8nphiira,cmmx6howt0000bi1zgfsisou2,2026-05-13 20:04:36.696,55.03421309872923,26.9,77.0,87.83,7.0,0.0,0.0,0.0
cmp4hnfs501sdf4mn4y3dsjv1,cmmx6howt0000bi1zgfsisou2,2026-05-13 20:04:40.203,54.64320625610948,26.9,77.0,42.25,7.0,0.0,0.0,0.0
cmp4hnihh01sff4mn3xvy8bpi,cmmx6howt0000bi1zgfsisou2,2026-05-13 20:04:43.711,54.64320625610948,26.9,78.0,7.87,7.0,0.0,0.0,0.0
cmp4hnl7p01shf4mn4czxd1s3,cmmx6howt0000bi1zgfsisou2,2026-05-13 20:04:47.234,59.43304007820137,26.9,79.0,0.0,7.0,0.0,0.0,0.0
cmp4hnnx301sjf4mndr1yvt6g,cmmx6howt0000bi1zgfsisou2,2026-05-13 20:04:50.746,59.04203323558161,27.0,80.0,0.0,7.0,0.0,0.0,0.0
cmp4hnqmb01slf4mn7u2npzoa,cmmx6howt0000bi1zgfsisou2,2026-05-13 20:04:54.257,59.82404692082112,27.0,80.0,4.82,7.0,0.0,0.0,0.0
cmp4hntbu01snf4mn5m8oydbj,cmmx6howt0000bi1zgfsisou2,2026-05-13 20:04:57.767,67.44868035190616,27.0,80.0,8.79,7.0,0.0,0.0,0.0
cmp4hnw1e01spf4mnaky7u0nl,cmmx6howt0000bi1zgfsisou2,2026-05-13 20:05:01.274,57.3802541544477,27.0,80.0,82.8,7.0,0.0,0.0,0.0
cmp4hnyre01srf4mng3marwob,cmmx6howt0000bi1zgfsisou2,2026-05-13 20:05:04.779,52.19941348973607,26.9,80.0,85.88,7.0,0.0,0.0,0.0
cmp4ho1gd01stf4mni5z2easx,cmmx6howt0000bi1zgfsisou2,2026-05-13 20:05:08.284,50.9286412512219,27.0,80.0,86.08,7.0,0.0,0.0,0.0
cmp4ho45d01svf4mnkmeud0mz,cmmx6howt0000bi1zgfsisou2,2026-05-13 20:05:11.789,51.80840664711632,27.0,80.0,85.81,7.0,0.0,0.0,0.0
cmp4ho6v701sxf4mndmoaig9i,cmmx6howt0000bi1zgfsisou2,2026-05-13 20:05:15.295,52.00391006842619,27.0,79.0,86.11,7.0,0.0,0.0,0.0
cmp4ho9lt01szf4mntaik6nxw,cmmx6howt0000bi1zgfsisou2,2026-05-13 20:05:18.801,58.35777126099706,27.0,78.0,85.81,7.0,0.0,0.0,0.0
cmp4hoc9z01t1f4mnogih3dkg,cmmx6howt0000bi1zgfsisou2,2026-05-13 20:05:22.306,51.02639296187683,27.0,77.0,75.21,7.0,0.0,0.0,0.0
cmp4hoez301t3f4mnb6ooos8y,cmmx6howt0000bi1zgfsisou2,2026-05-13 20:05:25.812,51.71065493646139,27.0,76.0,75.02,7.0,0.0,0.0,0.0
cmp4hohp401t5f4mncaqzeh7n,cmmx6howt0000bi1zgfsisou2,2026-05-13 20:05:29.318,51.2218963831867,27.0,76.0,75.02,7.0,0.0,0.0,0.0
cmp4hokeg01t7f4mncu3uwrhs,cmmx6howt0000bi1zgfsisou2,2026-05-13 20:05:32.823,51.41739980449658,27.0,76.0,75.25,7.0,0.0,0.0,0.0
cmp4hon3p01t9f4mnjt2lthly,cmmx6howt0000bi1zgfsisou2,2026-05-13 20:05:36.329,51.41739980449658,27.0,76.0,75.25,7.0,0.0,0.0,0.0
cmp4hopt601tbf4mn3iphi0u7,cmmx6howt0000bi1zgfsisou2,2026-05-13 20:05:39.834,51.41739980449658,27.0,76.0,77.92,7.0,0.0,0.0,0.0
cmp4hosin01tdf4mn3yujtet4,cmmx6howt0000bi1zgfsisou2,2026-05-13 20:05:43.340,51.41739980449658,27.0,76.0,75.25,7.0,0.0,0.0,0.0
cmp4hov7z01tff4mnv8t0lf1r,cmmx6howt0000bi1zgfsisou2,2026-05-13 20:05:46.845,51.31964809384164,27.0,76.0,75.02,7.0,0.0,0.0,0.0
cmp4hoxwp01thf4mnu8jbu6yi,cmmx6howt0000bi1zgfsisou2,2026-05-13 20:05:50.350,51.31964809384164,27.0,77.0,75.06,7.0,0.0,0.0,0.0
cmp4hp0m501tjf4mni4u144ak,cmmx6howt0000bi1zgfsisou2,2026-05-13 20:05:53.856,51.41739980449658,27.0,76.0,88.97,7.0,0.0,0.0,0.0
cmp4hp3c001tlf4mnpwqtyut0,cmmx6howt0000bi1zgfsisou2,2026-05-13 20:05:57.361,51.31964809384164,26.9,77.0,86.53,7.0,0.0,0.0,0.0
cmp4hp60s01tnf4mnbntgix55,cmmx6howt0000bi1zgfsisou2,2026-05-13 20:06:00.867,51.2218963831867,27.0,77.0,93.13,7.0,0.0,0.0,0.0
cmp4hp8q801tpf4mn0e3ch46o,cmmx6howt0000bi1zgfsisou2,2026-05-13 20:06:04.371,51.31964809384164,27.0,77.0,96.98,7.0,0.0,0.0,0.0
cmp4hpbfb01trf4mn057j1zqt,cmmx6howt0000bi1zgfsisou2,2026-05-13 20:06:07.875,51.41739980449658,27.0,77.0,74.95,7.0,0.0,0.0,0.0
cmp4hpe4r01ttf4mn6c4nalfy,cmmx6howt0000bi1zgfsisou2,2026-05-13 20:06:11.381,51.41739980449658,27.0,77.0,77.39,7.0,0.0,0.0,0.0
cmp4hphak01tvf4mnc8tecpsv,cmmx6howt0000bi1zgfsisou2,2026-05-13 20:06:15.476,51.61290322580645,27.0,77.0,76.74,7.0,0.0,0.0,0.0
cmp4hpkgt01txf4mnxb5bujmp,cmmx6howt0000bi1zgfsisou2,2026-05-13 20:06:19.570,51.31964809384164,26.9,77.0,63.67,7.0,0.0,0.0,0.0
cmp4i1act0001o25exnigdn32,cmmx6howt0000bi1zgfsisou2,2026-05-13 20:15:26.292,77.61485826001955,26.5,72.0,93.01,7.0,0.0,0.0,0.0
cmp4i1dji0003o25eyob1rreb,cmmx6howt0000bi1zgfsisou2,2026-05-13 20:15:30.467,77.71260997067448,26.5,72.0,98.65,7.0,0.0,0.0,0.0
cmp4i1gr10005o25eez9k6pq8,cmmx6howt0000bi1zgfsisou2,2026-05-13 20:15:34.622,77.61485826001955,26.5,72.0,96.67,7.0,0.0,0.0,0.0
cmp4i1jzh0007o25edxyvaeyu,cmmx6howt0000bi1zgfsisou2,2026-05-13 20:15:38.816,77.71260997067448,26.5,72.0,97.47,7.0,0.0,0.0,0.0
cmp4i1mg20009o25ep2a265iz,cmmx6howt0000bi1zgfsisou2,2026-05-13 20:15:41.999,77.61485826001955,26.6,72.0,100.0,7.0,0.0,0.0,0.0
cmp4i1o2v000bo25e0hmxue6y,cmmx6howt0000bi1zgfsisou2,2026-05-13 20:15:44.135,77.51710654936461,26.5,72.0,100.0,7.0,0.0,0.0,0.0
cmp4i1qju000do25ensg3mcpp,cmmx6howt0000bi1zgfsisou2,2026-05-13 20:15:47.331,77.71260997067448,26.5,72.0,100.0,7.0,0.0,0.0,0.0
cmp4i1t9v000fo25ea9897wjm,cmmx6howt0000bi1zgfsisou2,2026-05-13 20:15:50.839,77.61485826001955,26.5,72.0,100.0,7.0,0.0,0.0,0.0
cmp4i1z5f000ho25eildw32qi,cmmx6howt0000bi1zgfsisou2,2026-05-13 20:15:54.345,77.61485826001955,26.6,72.0,100.0,7.0,0.0,0.0,0.0
cmp4i21av000jo25ezb8661ar,cmmx6howt0000bi1zgfsisou2,2026-05-13 20:16:01.270,77.61485826001955,26.5,72.0,100.0,7.0,0.0,0.0,0.0
cmp4i255g000lo25ew4wdsp8m,cmmx6howt0000bi1zgfsisou2,2026-05-13 20:16:03.458,77.71260997067448,26.6,71.0,100.0,7.0,0.0,0.0,0.0
cmp4i26uo000no25ewemrpx8f,cmmx6howt0000bi1zgfsisou2,2026-05-13 20:16:08.448,77.61485826001955,26.6,72.0,100.0,7.0,0.0,0.0,0.0
cmp4i28j4000po25ea93snmhr,cmmx6howt0000bi1zgfsisou2,2026-05-13 20:16:10.614,77.61485826001955,26.5,71.0,100.0,7.0,0.0,0.0,0.0
cmp4i2a75000ro25ejtqaqbta,cmmx6howt0000bi1zgfsisou2,2026-05-13 20:16:12.788,77.51710654936461,26.6,71.0,100.0,7.0,0.0,0.0,0.0
cmp4i2c95000to25eol82ovic,cmmx6howt0000bi1zgfsisou2,2026-05-13 20:16:15.387,77.71260997067448,26.6,72.0,100.0,7.0,0.0,0.0,0.0
cmp4i2ewj000vo25eoub89wy1,cmmx6howt0000bi1zgfsisou2,2026-05-13 20:16:18.894,77.71260997067448,26.6,72.0,100.0,7.0,0.0,0.0,0.0
cmp4i2hlt000xo25exg2rlvlc,cmmx6howt0000bi1zgfsisou2,2026-05-13 20:16:22.400,77.61485826001955,26.6,72.0,100.0,7.0,0.0,0.0,0.0
cmp4i2kbd000zo25egxnczztd,cmmx6howt0000bi1zgfsisou2,2026-05-13 20:16:25.907,77.61485826001955,26.6,72.0,100.0,7.0,0.0,0.0,0.0
cmp4i2n0t0011o25ejx5ctrj3,cmmx6howt0000bi1zgfsisou2,2026-05-13 20:16:29.414,77.71260997067448,26.6,72.0,100.0,7.0,0.0,0.0,0.0
cmp4i2pq40013o25ee2sdvlf2,cmmx6howt0000bi1zgfsisou2,2026-05-13 20:16:32.921,77.51710654936461,26.6,71.0,100.0,7.0,0.0,0.0,0.0
cmp4i2sfc0015o25e6oulpdwz,cmmx6howt0000bi1zgfsisou2,2026-05-13 20:16:36.429,77.61485826001955,26.6,72.0,100.0,7.0,0.0,0.0,0.0
cmp4i2v5g0017o25epwu89r55,cmmx6howt0000bi1zgfsisou2,2026-05-13 20:16:39.936,77.51710654936461,26.6,72.0,100.0,7.0,0.0,0.0,0.0
cmp4i2xvk0019o25ewuh4hpep,cmmx6howt0000bi1zgfsisou2,2026-05-13 20:16:43.442,77.71260997067448,26.5,72.0,100.0,7.0,0.0,0.0,0.0
cmp4i30jx001bo25ek3onwbaq,cmmx6howt0000bi1zgfsisou2,2026-05-13 20:16:46.949,77.71260997067448,26.5,72.0,100.0,7.0,0.0,0.0,0.0
cmp4i338s001do25edhmzxqcb,cmmx6howt0000bi1zgfsisou2,2026-05-13 20:16:50.456,77.51710654936461,26.7,72.0,100.0,7.0,0.0,0.0,0.0
cmp4i35yj001fo25ek67u0waz,cmmx6howt0000bi1zgfsisou2,2026-05-13 20:16:53.963,77.71260997067448,26.6,72.0,100.0,7.0,0.0,0.0,0.0
cmp4i38oh001ho25ecovmk6tj,cmmx6howt0000bi1zgfsisou2,2026-05-13 20:16:57.470,77.61485826001955,26.6,72.0,100.0,7.0,0.0,0.0,0.0
cmp4i3bd2001jo25eblymysrx,cmmx6howt0000bi1zgfsisou2,2026-05-13 20:17:00.977,77.61485826001955,26.6,72.0,100.0,7.0,0.0,0.0,0.0
cmp4i3e2s001lo25epfj4cp78,cmmx6howt0000bi1zgfsisou2,2026-05-13 20:17:04.483,77.61485826001955,26.5,72.0,100.0,7.0,0.0,0.0,0.0
cmp4i3gsg001no25ebj9niv3q,cmmx6howt0000bi1zgfsisou2,2026-05-13 20:17:07.991,77.61485826001955,26.6,72.0,100.0,7.0,0.0,0.0,0.0
cmp4i3jia001po25enl9vkdzo,cmmx6howt0000bi1zgfsisou2,2026-05-13 20:17:11.498,77.61485826001955,26.5,72.0,100.0,7.0,0.0,0.0,0.0
cmp4i3m7c001ro25ecj8xzcof,cmmx6howt0000bi1zgfsisou2,2026-05-13 20:17:15.006,77.61485826001955,26.7,72.0,100.0,7.0,0.0,0.0,0.0
cmp4i3ow8001to25efy0jcfbf,cmmx6howt0000bi1zgfsisou2,2026-05-13 20:17:18.510,77.71260997067448,26.5,72.0,100.0,7.0,0.0,0.0,0.0
cmp4i3rle001vo25el5f3sgwo,cmmx6howt0000bi1zgfsisou2,2026-05-13 20:17:22.018,77.71260997067448,26.5,72.0,100.0,7.0,0.0,0.0,0.0
cmp4i3ubb001xo25eb4jmeup8,cmmx6howt0000bi1zgfsisou2,2026-05-13 20:17:25.525,77.61485826001955,26.6,71.0,100.0,7.0,0.0,0.0,0.0
cmp4i3x0z001zo25e6uma69hi,cmmx6howt0000bi1zgfsisou2,2026-05-13 20:17:29.032,77.61485826001955,26.6,72.0,100.0,7.0,0.0,0.0,0.0
cmp4i3zq50021o25en8iaibw0,cmmx6howt0000bi1zgfsisou2,2026-05-13 20:17:32.539,77.51710654936461,26.6,71.0,100.0,7.0,0.0,0.0,0.0
cmp4i42fj0023o25e13ajfdzu,cmmx6howt0000bi1zgfsisou2,2026-05-13 20:17:36.045,77.61485826001955,26.5,72.0,94.38,7.0,0.0,0.0,0.0
cmp4i454s0025o25eduzx7dxy,cmmx6howt0000bi1zgfsisou2,2026-05-13 20:17:39.552,77.61485826001955,26.6,71.0,100.0,7.0,0.0,0.0,0.0
cmp4i47uf0027o25edd55rni1,cmmx6howt0000bi1zgfsisou2,2026-05-13 20:17:43.058,77.51710654936461,26.5,71.0,90.46,7.0,0.0,0.0,0.0
cmp4i4ajt0029o25ewji3fhec,cmmx6howt0000bi1zgfsisou2,2026-05-13 20:17:46.564,77.71260997067448,26.5,71.0,91.64,7.0,0.0,0.0,0.0
cmp4i4d8s002bo25e7o0klmfg,cmmx6howt0000bi1zgfsisou2,2026-05-13 20:17:50.073,77.61485826001955,26.5,71.0,100.0,7.0,0.0,0.0,0.0
cmp4i4fz1002do25eqsg1i2ov,cmmx6howt0000bi1zgfsisou2,2026-05-13 20:17:53.578,77.71260997067448,26.7,71.0,98.69,7.0,0.0,0.0,0.0
cmp4i4inx002fo25eiw20p6wj,cmmx6howt0000bi1zgfsisou2,2026-05-13 20:17:57.085,77.51710654936461,26.6,71.0,100.0,7.0,0.0,0.0,0.0
cmp4i4ld7002ho25euhm6x2xb,cmmx6howt0000bi1zgfsisou2,2026-05-13 20:18:00.593,77.71260997067448,26.5,71.0,100.0,7.0,0.0,0.0,0.0
cmp4i4o3d002jo25etr11mz53,cmmx6howt0000bi1zgfsisou2,2026-05-13 20:18:04.103,77.81036168132943,26.6,71.0,0.0,7.0,0.0,0.0,0.0
cmp4i4qv9002lo25epgwjk3ri,cmmx6howt0000bi1zgfsisou2,2026-05-13 20:18:07.720,77.51710654936461,26.6,71.0,0.0,7.0,0.0,0.0,0.0
cmp4i4tkw002no25ei1oymym5,cmmx6howt0000bi1zgfsisou2,2026-05-13 20:18:11.226,61.48582600195503,26.6,72.0,100.0,7.0,0.0,0.0,0.0
cmp4i4w9z002po25e7fvgoart,cmmx6howt0000bi1zgfsisou2,2026-05-13 20:18:14.732,53.86119257086999,26.5,71.0,100.0,7.0,0.0,0.0,0.0
cmp4i4yz8002ro25e8hn26hjp,cmmx6howt0000bi1zgfsisou2,2026-05-13 20:18:18.238,53.66568914956012,26.5,71.0,100.0,7.0,0.0,0.0,0.0
cmp4i51oo002to25ebmna2umu,cmmx6howt0000bi1zgfsisou2,2026-05-13 20:18:21.744,52.98142717497556,26.5,71.0,100.0,7.0,0.0,0.0,0.0
cmp4i54e7002vo25ej1716vv6,cmmx6howt0000bi1zgfsisou2,2026-05-13 20:18:25.250,53.0791788856305,26.5,70.0,100.0,7.0,0.0,0.0,0.0
cmp4i573m002xo25ewvauabtd,cmmx6howt0000bi1zgfsisou2,2026-05-13 20:18:28.757,53.3724340175953,26.5,70.0,100.0,7.0,0.0,0.0,0.0
cmp4i59tm002zo25efjwxq571,cmmx6howt0000bi1zgfsisou2,2026-05-13 20:18:32.261,53.3724340175953,26.5,70.0,100.0,7.0,0.0,0.0,0.0
cmp4i5cip0031o25e11h5ktx0,cmmx6howt0000bi1zgfsisou2,2026-05-13 20:18:35.767,53.27468230694037,26.5,71.0,100.0,7.0,0.0,0.0,0.0
cmp4i5f8g0033o25eu5qfrpb7,cmmx6howt0000bi1zgfsisou2,2026-05-13 20:18:39.274,53.17693059628543,26.5,71.0,100.0,7.0,0.0,0.0,0.0
cmp4i5hy60035o25en1qbsyw6,cmmx6howt0000bi1zgfsisou2,2026-05-13 20:18:42.780,53.0791788856305,26.5,71.0,100.0,7.0,0.0,0.0,0.0
cmp4i5kmr0037o25ecn0wry4t,cmmx6howt0000bi1zgfsisou2,2026-05-13 20:18:46.284,53.0791788856305,26.5,71.0,100.0,7.0,0.0,0.0,0.0
cmp4i5ncl0039o25ecl8sydkw,cmmx6howt0000bi1zgfsisou2,2026-05-13 20:18:49.791,53.17693059628543,26.5,71.0,100.0,7.0,0.0,0.0,0.0
cmp4i5q1d003bo25e9kpf3nm8,cmmx6howt0000bi1zgfsisou2,2026-05-13 20:18:53.297,53.0791788856305,26.5,71.0,100.0,7.0,0.0,0.0,0.0
cmp4i5sqs003do25e6fw9c37z,cmmx6howt0000bi1zgfsisou2,2026-05-13 20:18:56.802,54.34995112414467,26.5,71.0,100.0,7.0,0.0,0.0,0.0
cmp4i5vg4003fo25eyu3qrhm3,cmmx6howt0000bi1zgfsisou2,2026-05-13 20:19:00.308,53.86119257086999,26.5,71.0,100.0,7.0,0.0,0.0,0.0
cmp4i5y5i003ho25enj1ocyp4,cmmx6howt0000bi1zgfsisou2,2026-05-13 20:19:03.815,54.64320625610948,26.5,71.0,100.0,7.0,0.0,0.0,0.0
cmp4i60uq003jo25e3stdyza8,cmmx6howt0000bi1zgfsisou2,2026-05-13 20:19:07.321,54.93646138807429,26.5,71.0,100.0,7.0,0.0,0.0,0.0
cmp4i63k2003lo25e9h6wtljv,cmmx6howt0000bi1zgfsisou2,2026-05-13 20:19:10.826,54.64320625610948,26.5,71.0,100.0,7.0,0.0,0.0,0.0
cmp4i669u003no25ep2tx3q0o,cmmx6howt0000bi1zgfsisou2,2026-05-13 20:19:14.332,54.54545454545454,26.6,71.0,100.0,7.0,0.0,0.0,0.0
cmp4i68zi003po25ewoumclay,cmmx6howt0000bi1zgfsisou2,2026-05-13 20:19:17.839,54.25219941348973,26.6,71.0,100.0,7.0,0.0,0.0,0.0
cmp4i6bo9003ro25ec72bkugp,cmmx6howt0000bi1zgfsisou2,2026-05-13 20:19:21.344,53.66568914956012,26.5,71.0,100.0,7.0,0.0,0.0,0.0
cmp4i6eds003to25eq53l0gd4,cmmx6howt0000bi1zgfsisou2,2026-05-13 20:19:24.850,54.05669599217986,26.5,71.0,100.0,7.0,0.0,0.0,0.0
cmp4i6h37003vo25ecrcqy8f2,cmmx6howt0000bi1zgfsisou2,2026-05-13 20:19:28.357,54.05669599217986,26.6,71.0,100.0,7.0,0.0,0.0,0.0
cmp4i6jsq003xo25ezxnpj2ks,cmmx6howt0000bi1zgfsisou2,2026-05-13 20:19:31.862,54.15444770283479,26.6,71.0,100.0,7.0,0.0,0.0,0.0
cmp4i6mi7003zo25ehekrt5s9,cmmx6howt0000bi1zgfsisou2,2026-05-13 20:19:35.368,54.54545454545454,26.6,71.0,100.0,7.0,0.0,0.0,0.0
cmp4i6p7m0041o25e2ptlhjb0,cmmx6howt0000bi1zgfsisou2,2026-05-13 20:19:38.874,54.54545454545454,26.6,71.0,100.0,7.0,0.0,0.0,0.0
cmp4i6rwx0043o25esm8maz3t,cmmx6howt0000bi1zgfsisou2,2026-05-13 20:19:42.379,54.54545454545454,26.6,71.0,100.0,7.0,0.0,0.0,0.0
cmp4i6umd0045o25ewkr5efw8,cmmx6howt0000bi1zgfsisou2,2026-05-13 20:19:45.885,53.86119257086999,26.6,71.0,100.0,7.0,0.0,0.0,0.0
cmp4i6xbv0047o25exynzjsqa,cmmx6howt0000bi1zgfsisou2,2026-05-13 20:19:49.390,54.34995112414467,26.6,72.0,100.0,7.0,0.0,0.0,0.0
cmp4i701e0049o25erexgms49,cmmx6howt0000bi1zgfsisou2,2026-05-13 20:19:52.896,54.44770283479961,26.6,72.0,100.0,7.0,0.0,0.0,0.0
cmp4i72px004bo25e40v0li3c,cmmx6howt0000bi1zgfsisou2,2026-05-13 20:19:56.401,53.66568914956012,26.6,72.0,100.0,7.0,0.0,0.0,0.0
cmp4i75fd004do25ev7a95ntn,cmmx6howt0000bi1zgfsisou2,2026-05-13 20:19:59.907,53.76344086021505,26.6,71.0,100.0,7.0,0.0,0.0,0.0
cmp4i7850004fo25emgf0p8k8,cmmx6howt0000bi1zgfsisou2,2026-05-13 20:20:03.413,53.95894428152492,26.6,71.0,100.0,7.0,0.0,0.0,0.0
cmp4i7au3004ho25e93pjbcyv,cmmx6howt0000bi1zgfsisou2,2026-05-13 20:20:06.918,53.86119257086999,26.6,72.0,99.68,7.0,5.0,7.0,24.0
cmp4i7djk004jo25eael53fsq,cmmx6howt0000bi1zgfsisou2,2026-05-13 20:20:10.425,53.86119257086999,26.6,71.0,97.39,7.0,17.0,24.0,49.0
cmp4i7g99004lo25elqpdz3vk,cmmx6howt0000bi1zgfsisou2,2026-05-13 20:20:13.934,53.66568914956012,26.7,71.0,88.78,7.0,19.0,26.0,54.0
cmp4i7iyj004no25eh6wepr3o,cmmx6howt0000bi1zgfsisou2,2026-05-13 20:20:17.442,54.34995112414467,26.7,71.0,94.35,7.0,21.0,29.0,60.0
cmp4i7lnw004po25eazjs12d3,cmmx6howt0000bi1zgfsisou2,2026-05-13 20:20:20.950,54.44770283479961,26.7,71.0,88.97,7.0,21.0,30.0,60.0
cmp4i7od7004ro25eogr3f2d0,cmmx6howt0000bi1zgfsisou2,2026-05-13 20:20:24.458,54.34995112414467,26.7,71.0,88.51,7.0,21.0,30.0,60.0
cmp4i7r30004to25euzfz5dpa,cmmx6howt0000bi1zgfsisou2,2026-05-13 20:20:27.967,54.34995112414467,26.7,71.0,83.98,7.0,21.0,30.0,60.0
cmp4i7tsr004vo25e8eqe1l8w,cmmx6howt0000bi1zgfsisou2,2026-05-13 20:20:31.477,54.34995112414467,26.7,71.0,81.81,7.0,21.0,30.0,60.0
cmp4i7wi7004xo25ev7w100jk,cmmx6howt0000bi1zgfsisou2,2026-05-13 20:20:34.985,54.44770283479961,26.7,70.0,91.68,7.0,21.0,30.0,60.0
cmp4i7z7e004zo25e7xjf5t7m,cmmx6howt0000bi1zgfsisou2,2026-05-13 20:20:38.493,54.25219941348973,26.7,71.0,88.25,7.0,21.0,30.0,60.0
cmp4i81wq0051o25eli6vs8p4,cmmx6howt0000bi1zgfsisou2,2026-05-13 20:20:42.001,54.34995112414467,26.7,71.0,83.75,7.0,21.0,30.0,60.0
cmp4i84m60053o25e15ti3bas,cmmx6howt0000bi1zgfsisou2,2026-05-13 20:20:45.509,54.25219941348973,26.7,71.0,90.34,7.0,21.0,30.0,60.0
cmp4i87bu0055o25e4sqlhaln,cmmx6howt0000bi1zgfsisou2,2026-05-13 20:20:49.019,54.44770283479961,26.7,71.0,81.01,7.0,21.0,30.0,60.0
cmp4i8a1n0057o25e9666n4h3,cmmx6howt0000bi1zgfsisou2,2026-05-13 20:20:52.528,54.44770283479961,26.7,71.0,87.3,7.0,21.0,30.0,60.0
cmp4i8cqm0059o25em6o7ik0a,cmmx6howt0000bi1zgfsisou2,2026-05-13 20:20:56.035,54.34995112414467,26.7,71.0,87.49,7.0,21.0,30.0,60.0
cmp4i8ffw005bo25ep8jpg8ny,cmmx6howt0000bi1zgfsisou2,2026-05-13 20:20:59.543,54.34995112414467,26.7,71.0,90.23,7.0,21.0,30.0,60.0
cmp4i8i5v005do25eeaxrrh6t,cmmx6howt0000bi1zgfsisou2,2026-05-13 20:21:03.053,54.25219941348973,26.7,71.0,83.18,7.0,21.0,30.0,60.0
cmp4i8kv7005fo25ec7qnz0bd,cmmx6howt0000bi1zgfsisou2,2026-05-13 20:21:06.560,54.34995112414467,26.7,71.0,91.64,7.0,21.0,30.0,60.0
cmp4i8nkq005ho25em9t3ki2e,cmmx6howt0000bi1zgfsisou2,2026-05-13 20:21:10.069,54.34995112414467,26.7,71.0,76.51,7.0,21.0,30.0,60.0
cmp4i8qag005jo25e410va0al,cmmx6howt0000bi1zgfsisou2,2026-05-13 20:21:13.578,54.25219941348973,26.7,71.0,73.8,7.0,21.0,30.0,60.0
cmp4i8szt005lo25e8qlk325q,cmmx6howt0000bi1zgfsisou2,2026-05-13 20:21:17.087,54.25219941348973,26.7,71.0,79.29,7.0,21.0,30.0,60.0
cmp4i8vp1005no25e65sh620n,cmmx6howt0000bi1zgfsisou2,2026-05-13 20:21:20.595,54.15444770283479,26.7,71.0,85.08,7.0,21.0,30.0,60.0
cmp4i8yeq005po25evdc34sn0,cmmx6howt0000bi1zgfsisou2,2026-05-13 20:21:24.104,54.15444770283479,26.7,70.0,84.21,7.0,21.0,30.0,60.0
cmp4i913x005ro25eh08r74zi,cmmx6howt0000bi1zgfsisou2,2026-05-13 20:21:27.613,54.15444770283479,26.7,71.0,83.18,7.0,21.0,30.0,60.0
cmp4i93t5005to25e3sddzxly,cmmx6howt0000bi1zgfsisou2,2026-05-13 20:21:31.121,54.05669599217986,26.7,71.0,85.16,7.0,21.0,30.0,60.0
cmp4i96j0005vo25eeb1t3m3k,cmmx6howt0000bi1zgfsisou2,2026-05-13 20:21:34.630,54.25219941348973,26.7,70.0,82.99,7.0,21.0,30.0,60.0
cmp4i998f005xo25etu91o7c5,cmmx6howt0000bi1zgfsisou2,2026-05-13 20:21:38.138,54.15444770283479,26.7,71.0,90.92,7.0,21.0,30.0,60.0
cmp4i9bxr005zo25e3mvkbfb4,cmmx6howt0000bi1zgfsisou2,2026-05-13 20:21:41.646,54.15444770283479,26.7,70.0,84.47,7.0,21.0,30.0,60.0
cmp4i9enl0061o25e3z5ssz3l,cmmx6howt0000bi1zgfsisou2,2026-05-13 20:21:45.155,54.05669599217986,26.7,70.0,83.94,7.0,21.0,30.0,60.0
cmp4i9hcd0063o25eq9ym11pc,cmmx6howt0000bi1zgfsisou2,2026-05-13 20:21:48.663,54.05669599217986,26.7,70.0,78.91,7.0,21.0,30.0,60.0
cmp4i9k2b0065o25ef7c77vbp,cmmx6howt0000bi1zgfsisou2,2026-05-13 20:21:52.173,54.05669599217986,26.7,70.0,83.03,7.0,21.0,30.0,60.0
cmp4i9mrr0067o25e3sz7qge9,cmmx6howt0000bi1zgfsisou2,2026-05-13 20:21:55.682,54.15444770283479,26.7,70.0,82.3,7.0,21.0,30.0,60.0
cmp4i9ph40069o25eyvzpjb6q,cmmx6howt0000bi1zgfsisou2,2026-05-13 20:21:59.190,54.05669599217986,26.7,70.0,88.78,7.0,21.0,30.0,60.0
cmp4i9s6f006bo25e41l2qo7h,cmmx6howt0000bi1zgfsisou2,2026-05-13 20:22:02.698,53.95894428152492,26.7,70.0,94.57,7.0,21.0,30.0,60.0
cmp4i9uw8006do25eva80fw3j,cmmx6howt0000bi1zgfsisou2,2026-05-13 20:22:06.206,54.05669599217986,26.7,70.0,90.92,7.0,21.0,30.0,60.0
cmp4i9xlb006fo25ejk5bqicb,cmmx6howt0000bi1zgfsisou2,2026-05-13 20:22:09.714,54.05669599217986,26.7,70.0,93.85,7.0,21.0,30.0,61.0
cmp4ia0an006ho25expo6qc5z,cmmx6howt0000bi1zgfsisou2,2026-05-13 20:22:13.223,54.05669599217986,26.7,70.0,82.26,7.0,21.0,30.0,60.0
cmp4ia307006jo25ejyg3zq2s,cmmx6howt0000bi1zgfsisou2,2026-05-13 20:22:16.731,53.95894428152492,26.7,70.0,93.62,7.0,21.0,30.0,60.0
cmp4ia5py006lo25epgaeidu5,cmmx6howt0000bi1zgfsisou2,2026-05-13 20:22:20.240,53.95894428152492,26.7,70.0,91.18,7.0,21.0,30.0,60.0
cmp4ia8fd006no25e85nk2kya,cmmx6howt0000bi1zgfsisou2,2026-05-13 20:22:23.749,53.95894428152492,26.7,70.0,75.71,7.0,21.0,30.0,60.0
cmp4iab4h006po25eydmyami5,cmmx6howt0000bi1zgfsisou2,2026-05-13 20:22:27.257,53.86119257086999,26.7,70.0,93.77,7.0,21.0,30.0,60.0
cmp4iadtp006ro25eav0gww9g,cmmx6howt0000bi1zgfsisou2,2026-05-13 20:22:30.765,53.95894428152492,26.7,70.0,94.08,7.0,21.0,30.0,60.0
cmp4iagjp006to25exux0pqbc,cmmx6howt0000bi1zgfsisou2,2026-05-13 20:22:34.274,53.86119257086999,26.7,70.0,82.04,7.0,21.0,30.0,60.0
cmp4iaj9h006vo25e2eizpqdu,cmmx6howt0000bi1zgfsisou2,2026-05-13 20:22:37.783,53.76344086021505,26.7,70.0,90.95,7.0,21.0,30.0,60.0
cmp4ialxy006xo25eukcsipyl,cmmx6howt0000bi1zgfsisou2,2026-05-13 20:22:41.290,53.86119257086999,26.7,70.0,90.99,7.0,21.0,30.0,60.0
cmp4iaoo7006zo25erg00uvor,cmmx6howt0000bi1zgfsisou2,2026-05-13 20:22:44.799,53.86119257086999,26.7,70.0,96.67,7.0,21.0,30.0,60.0
cmp4iardg0071o25e631veas0,cmmx6howt0000bi1zgfsisou2,2026-05-13 20:22:48.307,53.76344086021505,26.7,70.0,88.71,7.0,21.0,30.0,60.0
cmp4iau2y0073o25euxwsog3j,cmmx6howt0000bi1zgfsisou2,2026-05-13 20:22:51.816,53.66568914956012,26.7,70.0,85.35,7.0,21.0,30.0,60.0
cmp4iaws50075o25ez8rh3ow6,cmmx6howt0000bi1zgfsisou2,2026-05-13 20:22:55.325,53.66568914956012,26.7,70.0,77.39,7.0,21.0,30.0,60.0
cmp4iazhb0077o25eduhx5qur,cmmx6howt0000bi1zgfsisou2,2026-05-13 20:22:58.833,53.76344086021505,26.7,70.0,96.48,7.0,21.0,30.0,60.0
cmp4ib27e0079o25emwv93yvo,cmmx6howt0000bi1zgfsisou2,2026-05-13 20:23:02.341,53.76344086021505,26.7,70.0,96.9,7.0,21.0,30.0,60.0
cmp4ib4wc007bo25e3htyim7q,cmmx6howt0000bi1zgfsisou2,2026-05-13 20:23:05.849,53.66568914956012,26.7,70.0,93.85,7.0,21.0,30.0,60.0
cmp4ib7lo007do25e0dewvekd,cmmx6howt0000bi1zgfsisou2,2026-05-13 20:23:09.358,53.66568914956012,26.8,70.0,88.25,7.0,21.0,30.0,60.0
cmp4ibab9007fo25etha2f5fe,cmmx6howt0000bi1zgfsisou2,2026-05-13 20:23:12.866,53.66568914956012,26.8,70.0,92.1,7.0,21.0,30.0,60.0
cmp4ibd0n007ho25e1dp9as5w,cmmx6howt0000bi1zgfsisou2,2026-05-13 20:23:16.375,53.66568914956012,26.8,70.0,79.52,7.0,21.0,30.0,60.0
cmp4ibfsy007jo25e1gzhis8m,cmmx6howt0000bi1zgfsisou2,2026-05-13 20:23:19.884,53.66568914956012,26.8,70.0,77.69,7.0,21.0,30.0,60.0
cmp4ibifx007lo25epxjw9oba,cmmx6howt0000bi1zgfsisou2,2026-05-13 20:23:23.392,53.66568914956012,26.8,70.0,75.1,7.0,21.0,30.0,60.0
cmp4ibl54007no25eraipru5m,cmmx6howt0000bi1zgfsisou2,2026-05-13 20:23:26.900,53.66568914956012,26.8,70.0,87.83,7.0,21.0,30.0,60.0
cmp4ibnuu007po25e5lnkj8ya,cmmx6howt0000bi1zgfsisou2,2026-05-13 20:23:30.409,53.56793743890518,26.8,70.0,90.42,7.0,21.0,30.0,60.0
cmp4ibqkp007ro25ebhgrx1vn,cmmx6howt0000bi1zgfsisou2,2026-05-13 20:23:33.917,53.66568914956012,26.8,70.0,78.57,7.0,21.0,30.0,60.0
cmp4ibt9v007to25ea17w3ku3,cmmx6howt0000bi1zgfsisou2,2026-05-13 20:23:37.426,53.47018572825024,26.8,70.0,82.49,7.0,21.0,30.0,60.0
cmp4ibvzd007vo25ed0bfh413,cmmx6howt0000bi1zgfsisou2,2026-05-13 20:23:40.934,53.66568914956012,26.8,70.0,87.87,7.0,21.0,30.0,60.0
cmp4ibyod007xo25exf83umt3,cmmx6howt0000bi1zgfsisou2,2026-05-13 20:23:44.443,53.56793743890518,26.7,70.0,88.29,7.0,21.0,30.0,60.0
cmp4ic1el007zo25e7cvh8170,cmmx6howt0000bi1zgfsisou2,2026-05-13 20:23:47.951,53.56793743890518,26.8,70.0,78.8,7.0,21.0,30.0,60.0
cmp4ic43q0081o25elap2um1z,cmmx6howt0000bi1zgfsisou2,2026-05-13 20:23:51.460,53.56793743890518,26.7,70.0,75.06,7.0,21.0,30.0,60.0
cmp4ic6tc0083o25e9kbciqmr,cmmx6howt0000bi1zgfsisou2,2026-05-13 20:23:54.969,53.56793743890518,26.8,70.0,87.33,7.0,21.0,30.0,60.0
cmp4ic9ig0085o25eyq9h93aa,cmmx6howt0000bi1zgfsisou2,2026-05-13 20:23:58.477,53.47018572825024,26.8,70.0,71.44,7.0,21.0,30.0,60.0
cmp4icc8f0087o25exvfkelbc,cmmx6howt0000bi1zgfsisou2,2026-05-13 20:24:01.986,53.3724340175953,26.8,69.0,62.18,7.0,21.0,30.0,60.0
cmp4icexl0089o25ezsnrti73,cmmx6howt0000bi1zgfsisou2,2026-05-13 20:24:05.495,53.47018572825024,26.8,69.0,65.15,7.0,21.0,30.0,60.0
cmp4ichmz008bo25eikaqq1ad,cmmx6howt0000bi1zgfsisou2,2026-05-13 20:24:09.004,53.3724340175953,26.8,70.0,93.81,7.0,21.0,30.0,60.0
cmp4ickcb008do25ebstp97wv,cmmx6howt0000bi1zgfsisou2,2026-05-13 20:24:12.514,53.47018572825024,26.8,69.0,77.35,7.0,21.0,30.0,60.0
cmp4icn1k008fo25ek33ar1dk,cmmx6howt0000bi1zgfsisou2,2026-05-13 20:24:16.020,53.27468230694037,26.8,69.0,90.92,7.0,21.0,30.0,60.0
cmp4icpr2008ho25emob2db0e,cmmx6howt0000bi1zgfsisou2,2026-05-13 20:24:19.529,53.47018572825024,26.8,69.0,88.02,7.0,21.0,30.0,60.0
cmp4icsgx008jo25e5u74iidw,cmmx6howt0000bi1zgfsisou2,2026-05-13 20:24:23.037,53.47018572825024,26.8,69.0,74.53,7.0,21.0,30.0,60.0
cmp4icv68008lo25eay5l8ptw,cmmx6howt0000bi1zgfsisou2,2026-05-13 20:24:26.547,53.47018572825024,26.8,69.0,71.59,7.0,21.0,30.0,60.0
cmp4icxvv008no25e3rygw176,cmmx6howt0000bi1zgfsisou2,2026-05-13 20:24:30.055,53.3724340175953,26.8,69.0,100.0,7.0,21.0,30.0,60.0
cmp4id0l3008po25egpmn6aos,cmmx6howt0000bi1zgfsisou2,2026-05-13 20:24:33.565,53.47018572825024,26.8,69.0,72.85,7.0,21.0,30.0,60.0
cmp4id3ai008ro25efpr5oksk,cmmx6howt0000bi1zgfsisou2,2026-05-13 20:24:37.073,53.47018572825024,26.8,69.0,75.29,7.0,21.0,30.0,60.0
cmp4id606008to25eq6avb4vn,cmmx6howt0000bi1zgfsisou2,2026-05-13 20:24:40.582,53.47018572825024,26.8,69.0,54.79,7.0,21.0,30.0,60.0
cmp4id8pr008vo25es916slgw,cmmx6howt0000bi1zgfsisou2,2026-05-13 20:24:44.091,53.47018572825024,26.8,69.0,71.67,7.0,21.0,30.0,60.0
cmp4idbfa008xo25e33aql07i,cmmx6howt0000bi1zgfsisou2,2026-05-13 20:24:47.600,53.3724340175953,26.8,69.0,65.0,7.0,21.0,30.0,60.0
cmp4ide46008zo25ep3rag625,cmmx6howt0000bi1zgfsisou2,2026-05-13 20:24:51.108,53.3724340175953,26.8,68.0,67.9,7.0,21.0,30.0,61.0
cmp4idgue0091o25epszg44ds,cmmx6howt0000bi1zgfsisou2,2026-05-13 20:24:54.618,53.3724340175953,26.8,69.0,70.75,7.0,21.0,30.0,61.0
cmp4idjjy0093o25esiw4rd91,cmmx6howt0000bi1zgfsisou2,2026-05-13 20:24:58.127,53.27468230694037,26.8,68.0,83.37,7.0,21.0,30.0,61.0
cmp4idm930095o25ewpiaillu,cmmx6howt0000bi1zgfsisou2,2026-05-13 20:25:01.636,53.27468230694037,26.8,69.0,70.64,7.0,21.0,30.0,60.0
cmp4idoyd0097o25end994531,cmmx6howt0000bi1zgfsisou2,2026-05-13 20:25:05.145,53.27468230694037,26.8,68.0,75.21,7.0,21.0,30.0,61.0
cmp4idrnz0099o25ewqs3atp3,cmmx6howt0000bi1zgfsisou2,2026-05-13 20:25:08.653,53.27468230694037,26.8,69.0,74.49,7.0,21.0,30.0,61.0
cmp4idud8009bo25enkdsjaok,cmmx6howt0000bi1zgfsisou2,2026-05-13 20:25:12.162,53.3724340175953,26.8,68.0,87.1,7.0,21.0,30.0,61.0
cmp4idx2n009do25e9wm7gr40,cmmx6howt0000bi1zgfsisou2,2026-05-13 20:25:15.670,53.17693059628543,26.8,69.0,65.08,7.0,21.0,30.0,61.0
cmp4idzrz009fo25eyiwbi4w4,cmmx6howt0000bi1zgfsisou2,2026-05-13 20:25:19.179,53.27468230694037,26.7,69.0,72.13,7.0,21.0,30.0,61.0
cmp4ie2hp009ho25e0rp482jl,cmmx6howt0000bi1zgfsisou2,2026-05-13 20:25:22.688,53.27468230694037,26.7,69.0,67.25,7.0,21.0,30.0,61.0
cmp4ie57e009jo25e4ig2m52m,cmmx6howt0000bi1zgfsisou2,2026-05-13 20:25:26.196,53.27468230694037,26.7,69.0,66.56,7.0,21.0,30.0,61.0
cmp4ie7wu009lo25ee8tsjw3b,cmmx6howt0000bi1zgfsisou2,2026-05-13 20:25:29.706,53.27468230694037,26.7,69.0,70.83,7.0,21.0,30.0,61.0
cmp4ieam1009no25ewndohgks,cmmx6howt0000bi1zgfsisou2,2026-05-13 20:25:33.215,53.27468230694037,26.7,68.0,54.71,7.0,21.0,30.0,61.0
cmp4iedba009po25emaxxvier,cmmx6howt0000bi1zgfsisou2,2026-05-13 20:25:36.723,53.27468230694037,26.7,68.0,67.97,7.0,21.0,30.0,61.0
cmp4ieg15009ro25euzxxzxwg,cmmx6howt0000bi1zgfsisou2,2026-05-13 20:25:40.233,53.27468230694037,26.7,68.0,68.73,7.0,21.0,30.0,61.0
cmp4ieir7009to25enwvjhthp,cmmx6howt0000bi1zgfsisou2,2026-05-13 20:25:43.742,53.27468230694037,26.7,68.0,74.22,7.0,21.0,30.0,61.0
cmp4ielfu009vo25e0sykhrg8,cmmx6howt0000bi1zgfsisou2,2026-05-13 20:25:47.251,53.17693059628543,26.7,68.0,68.05,7.0,21.0,30.0,60.0
cmp4ieo5d009xo25ennt48ur6,cmmx6howt0000bi1zgfsisou2,2026-05-13 20:25:50.759,53.17693059628543,26.7,68.0,88.82,7.0,21.0,30.0,60.0
cmp4ieqv0009zo25ewopu8t24,cmmx6howt0000bi1zgfsisou2,2026-05-13 20:25:54.268,53.17693059628543,26.7,68.0,74.53,7.0,21.0,30.0,60.0
cmp4ietkf00a1o25em13tc56x,cmmx6howt0000bi1zgfsisou2,2026-05-13 20:25:57.777,53.17693059628543,26.7,68.0,51.93,7.0,21.0,30.0,60.0
cmp4iew9u00a3o25e6d2imgkk,cmmx6howt0000bi1zgfsisou2,2026-05-13 20:26:01.286,53.27468230694037,26.7,68.0,62.79,7.0,21.0,30.0,60.0
cmp4iez0400a5o25e8nh92ix2,cmmx6howt0000bi1zgfsisou2,2026-05-13 20:26:04.794,53.17693059628543,26.7,68.0,87.03,7.0,21.0,30.0,60.0
cmp4if1ok00a7o25emy2imn62,cmmx6howt0000bi1zgfsisou2,2026-05-13 20:26:08.305,53.0791788856305,26.7,68.0,51.51,7.0,21.0,30.0,60.0
cmp4if4dz00a9o25e0l85jp9a,cmmx6howt0000bi1zgfsisou2,2026-05-13 20:26:11.812,53.0791788856305,26.7,68.0,72.36,7.0,21.0,30.0,60.0
cmp4if74c00abo25eeyqxmgck,cmmx6howt0000bi1zgfsisou2,2026-05-13 20:26:15.322,53.17693059628543,26.7,68.0,61.46,7.0,21.0,30.0,60.0
cmp4if9tj00ado25eni61o0aj,cmmx6howt0000bi1zgfsisou2,2026-05-13 20:26:18.830,53.0791788856305,26.7,68.0,83.18,7.0,21.0,30.0,61.0
cmp4ifcih00afo25e4r6mwgc4,cmmx6howt0000bi1zgfsisou2,2026-05-13 20:26:22.339,53.17693059628543,26.7,68.0,54.86,7.0,21.0,30.0,60.0
cmp4iff8d00aho25eraq8foma,cmmx6howt0000bi1zgfsisou2,2026-05-13 20:26:25.849,53.0791788856305,26.7,68.0,53.38,7.0,21.0,30.0,60.0
cmp4ifhxv00ajo25eahdsen2s,cmmx6howt0000bi1zgfsisou2,2026-05-13 20:26:29.358,53.17693059628543,26.7,68.0,71.59,7.0,21.0,30.0,60.0
cmp4ifknf00alo25ee6e729nh,cmmx6howt0000bi1zgfsisou2,2026-05-13 20:26:32.868,53.17693059628543,26.7,68.0,77.39,7.0,21.0,30.0,60.0
cmp4ifne000ano25e5l4gnzu7,cmmx6howt0000bi1zgfsisou2,2026-05-13 20:26:36.376,53.0791788856305,26.7,68.0,71.36,7.0,21.0,30.0,60.0
cmp4ifq2600apo25eb1ajamnq,cmmx6howt0000bi1zgfsisou2,2026-05-13 20:26:39.884,53.0791788856305,26.7,68.0,81.54,7.0,21.0,30.0,61.0
cmp4ifstf00aro25ehgz7pski,cmmx6howt0000bi1zgfsisou2,2026-05-13 20:26:43.394,52.98142717497556,26.7,68.0,59.78,7.0,21.0,30.0,61.0
cmp4ifvgz00ato25e2vidfoi9,cmmx6howt0000bi1zgfsisou2,2026-05-13 20:26:46.902,53.17693059628543,26.7,68.0,71.52,7.0,21.0,30.0,61.0
cmp4ify6q00avo25easdut81r,cmmx6howt0000bi1zgfsisou2,2026-05-13 20:26:50.411,53.0791788856305,26.7,68.0,69.92,7.0,21.0,30.0,60.0
cmp4ig0vw00axo25ehai2fhza,cmmx6howt0000bi1zgfsisou2,2026-05-13 20:26:53.921,52.98142717497556,26.7,68.0,66.6,7.0,21.0,30.0,60.0
cmp4ig3lu00azo25etxqt42c9,cmmx6howt0000bi1zgfsisou2,2026-05-13 20:26:57.430,53.0791788856305,26.7,68.0,56.43,7.0,21.0,30.0,60.0
cmp4ig6au00b1o25eim72iwfv,cmmx6howt0000bi1zgfsisou2,2026-05-13 20:27:00.938,53.17693059628543,26.7,68.0,81.5,7.0,21.0,30.0,60.0
cmp4ig90600b3o25e2wcp3nii,cmmx6howt0000bi1zgfsisou2,2026-05-13 20:27:04.447,53.0791788856305,26.7,68.0,62.22,7.0,21.0,30.0,60.0
cmp4igbpr00b5o25eolsdl27y,cmmx6howt0000bi1zgfsisou2,2026-05-13 20:27:07.956,53.0791788856305,26.7,68.0,67.32,7.0,21.0,30.0,60.0
cmp4igefq00b7o25e3rlqiqx9,cmmx6howt0000bi1zgfsisou2,2026-05-13 20:27:11.464,53.17693059628543,26.7,68.0,70.87,7.0,21.0,30.0,60.0
cmp4igh4j00b9o25e62r6ioyr,cmmx6howt0000bi1zgfsisou2,2026-05-13 20:27:14.973,53.0791788856305,26.6,68.0,65.0,7.0,21.0,30.0,61.0
cmp4igju200bbo25epjbw05v2,cmmx6howt0000bi1zgfsisou2,2026-05-13 20:27:18.482,52.98142717497556,26.6,68.0,74.11,7.0,21.0,30.0,61.0
cmp4igmjp00bdo25e8ht6uvp9,cmmx6howt0000bi1zgfsisou2,2026-05-13 20:27:21.992,53.17693059628543,26.7,68.0,54.1,7.0,21.0,30.0,60.0
cmp4igp9a00bfo25e8wtfvvjb,cmmx6howt0000bi1zgfsisou2,2026-05-13 20:27:25.500,53.17693059628543,26.6,68.0,59.78,7.0,21.0,30.0,60.0
cmp4igryv00bho25e2cyyswh3,cmmx6howt0000bi1zgfsisou2,2026-05-13 20:27:29.009,53.0791788856305,26.7,68.0,78.61,7.0,21.0,30.0,60.0
cmp4iguo000bjo25e94vg6f4a,cmmx6howt0000bi1zgfsisou2,2026-05-13 20:27:32.518,53.17693059628543,26.7,68.0,81.24,7.0,21.0,30.0,61.0
cmp4igxd500blo25evgy2w0ky,cmmx6howt0000bi1zgfsisou2,2026-05-13 20:27:36.027,53.17693059628543,26.7,68.0,66.37,7.0,21.0,30.0,61.0
cmp4ih02u00bno25exsbil537,cmmx6howt0000bi1zgfsisou2,2026-05-13 20:27:39.536,53.0791788856305,26.6,68.0,60.05,7.0,21.0,30.0,61.0
cmp4ih2sr00bpo25eq5125xj2,cmmx6howt0000bi1zgfsisou2,2026-05-13 20:27:43.045,53.17693059628543,26.7,68.0,70.18,7.0,21.0,30.0,60.0
cmp4ih5hm00bro25exi3ibcnb,cmmx6howt0000bi1zgfsisou2,2026-05-13 20:27:46.553,53.0791788856305,26.7,68.0,68.47,7.0,21.0,30.0,61.0
cmp4ih87s00bto25e8d2agfe7,cmmx6howt0000bi1zgfsisou2,2026-05-13 20:27:50.063,53.0791788856305,26.6,67.0,58.94,7.0,21.0,30.0,61.0
cmp4ihawu00bvo25ep57kyf72,cmmx6howt0000bi1zgfsisou2,2026-05-13 20:27:53.572,53.17693059628543,26.7,67.0,81.73,7.0,21.0,30.0,61.0
cmp4ihdov00bxo25ek5vjhfni,cmmx6howt0000bi1zgfsisou2,2026-05-13 20:27:57.080,53.0791788856305,26.7,67.0,80.97,7.0,21.0,30.0,61.0
cmp4ihgbj00bzo25e4xf1f9bv,cmmx6howt0000bi1zgfsisou2,2026-05-13 20:28:00.589,52.98142717497556,26.6,67.0,54.29,7.0,21.0,30.0,61.0
cmp4ihj1m00c1o25e85fe4ry5,cmmx6howt0000bi1zgfsisou2,2026-05-13 20:28:04.098,52.98142717497556,26.6,67.0,73.08,7.0,21.0,30.0,61.0
cmp4ihlqz00c3o25e1kdwl5uf,cmmx6howt0000bi1zgfsisou2,2026-05-13 20:28:07.607,53.0791788856305,26.6,67.0,73.58,7.0,21.0,30.0,61.0
cmp4ihog500c5o25e0aphmrmg,cmmx6howt0000bi1zgfsisou2,2026-05-13 20:28:11.116,52.98142717497556,26.7,67.0,64.24,7.0,21.0,30.0,61.0
cmp4ihr5m00c7o25ebi34oeuc,cmmx6howt0000bi1zgfsisou2,2026-05-13 20:28:14.625,52.98142717497556,26.6,67.0,86.57,7.0,21.0,30.0,60.0
cmp4ihtvw00c9o25eklpnib3i,cmmx6howt0000bi1zgfsisou2,2026-05-13 20:28:18.134,52.98142717497556,26.7,67.0,80.59,7.0,21.0,30.0,60.0
cmp4ihwku00cbo25epvgfcjlb,cmmx6howt0000bi1zgfsisou2,2026-05-13 20:28:21.642,53.0791788856305,26.6,66.0,75.25,7.0,21.0,30.0,60.0
cmp4ihzao00cdo25eykmw61al,cmmx6howt0000bi1zgfsisou2,2026-05-13 20:28:25.151,52.98142717497556,26.6,67.0,79.6,7.0,21.0,30.0,60.0
cmp4ii1zw00cfo25egrmwqaew,cmmx6howt0000bi1zgfsisou2,2026-05-13 20:28:28.659,52.98142717497556,26.6,67.0,71.48,7.0,21.0,30.0,60.0
cmp4ii4pn00cho25enqmdzgq3,cmmx6howt0000bi1zgfsisou2,2026-05-13 20:28:32.169,52.88367546432062,26.6,67.0,69.92,7.0,21.0,30.0,60.0
cmp4ii7ec00cjo25ewl5hoevc,cmmx6howt0000bi1zgfsisou2,2026-05-13 20:28:35.677,52.88367546432062,26.6,67.0,75.02,7.0,21.0,30.0,60.0
cmp4iia4300clo25ejmidm53q,cmmx6howt0000bi1zgfsisou2,2026-05-13 20:28:39.186,41.34897360703812,26.6,67.0,73.77,7.0,21.0,30.0,61.0
cmp4iictx00cno25e9lxflhhi,cmmx6howt0000bi1zgfsisou2,2026-05-13 20:28:42.695,71.45650048875855,26.6,67.0,67.25,7.0,21.0,30.0,60.0
cmp4iifjd00cpo25ewmc9ou4f,cmmx6howt0000bi1zgfsisou2,2026-05-13 20:28:46.204,77.2238514173998,26.6,67.0,100.0,7.0,21.0,30.0,60.0
cmp4iii8s00cro25ezcgg5jla,cmmx6howt0000bi1zgfsisou2,2026-05-13 20:28:49.716,77.2238514173998,26.5,67.0,100.0,7.0,21.0,30.0,60.0
cmp4iikyf00cto25evmwqf6n4,cmmx6howt0000bi1zgfsisou2,2026-05-13 20:28:53.224,77.02834799608993,26.6,67.0,100.0,7.0,21.0,30.0,60.0
cmp4iinng00cvo25ehfr3l58i,cmmx6howt0000bi1zgfsisou2,2026-05-13 20:28:56.733,76.83284457478005,26.7,67.0,100.0,7.0,21.0,30.0,60.0
cmp4iiqcr00cxo25e47nm6c5f,cmmx6howt0000bi1zgfsisou2,2026-05-13 20:29:00.243,76.63734115347019,26.6,68.0,100.0,7.0,21.0,30.0,60.0
cmp4iit3e00czo25esef555tt,cmmx6howt0000bi1zgfsisou2,2026-05-13 20:29:03.754,76.05083088954056,26.5,68.0,100.0,7.0,21.0,30.0,60.0
cmp4iivrx00d1o25eba52iuo0,cmmx6howt0000bi1zgfsisou2,2026-05-13 20:29:07.262,77.12609970674487,26.6,68.0,100.0,7.0,21.0,30.0,60.0
cmp4iiyhf00d3o25ewtzj78wq,cmmx6howt0000bi1zgfsisou2,2026-05-13 20:29:10.773,76.44183773216031,26.7,68.0,100.0,7.0,21.0,30.0,60.0
cmp4ij16w00d5o25ekatc5xs1,cmmx6howt0000bi1zgfsisou2,2026-05-13 20:29:14.283,75.8553274682307,26.6,68.0,93.85,7.0,21.0,30.0,60.0
cmp4ij3wa00d7o25esniatb1v,cmmx6howt0000bi1zgfsisou2,2026-05-13 20:29:17.792,77.71260997067448,26.7,68.0,100.0,7.0,21.0,30.0,60.0
cmp4ij6lq00d9o25e59t03pyv,cmmx6howt0000bi1zgfsisou2,2026-05-13 20:29:21.302,76.53958944281524,26.6,68.0,96.48,7.0,21.0,30.0,60.0
cmp4ij9bi00dbo25ehk1gptly,cmmx6howt0000bi1zgfsisou2,2026-05-13 20:29:24.811,77.12609970674487,26.7,68.0,96.71,7.0,21.0,30.0,60.0
cmp4ijc0r00ddo25esrax24kk,cmmx6howt0000bi1zgfsisou2,2026-05-13 20:29:28.321,76.34408602150538,26.7,68.0,59.09,7.0,21.0,30.0,60.0
cmp4ijeqp00dfo25ea7wyu2s3,cmmx6howt0000bi1zgfsisou2,2026-05-13 20:29:31.832,76.63734115347019,26.7,68.0,46.25,7.0,21.0,30.0,60.0
cmp4ijhgk00dho25eovr3m0cs,cmmx6howt0000bi1zgfsisou2,2026-05-13 20:29:35.344,76.63734115347019,26.7,68.0,31.39,7.0,21.0,30.0,60.0
cmp4ijk5i00djo25e414425g7,cmmx6howt0000bi1zgfsisou2,2026-05-13 20:29:38.853,76.53958944281524,26.7,68.0,31.42,7.0,21.0,30.0,60.0
cmp4ijmv500dlo25elwor8gws,cmmx6howt0000bi1zgfsisou2,2026-05-13 20:29:42.364,76.53958944281524,26.6,68.0,31.39,7.0,21.0,30.0,60.0
cmp4ijpkk00dno25egptyc39b,cmmx6howt0000bi1zgfsisou2,2026-05-13 20:29:45.876,76.53958944281524,26.7,68.0,31.39,7.0,21.0,30.0,60.0
cmp4ijs9x00dpo25e4j04vl1g,cmmx6howt0000bi1zgfsisou2,2026-05-13 20:29:49.386,76.53958944281524,26.7,68.0,31.42,7.0,21.0,30.0,60.0
cmp4ijuzp00dro25e78m5mk0a,cmmx6howt0000bi1zgfsisou2,2026-05-13 20:29:52.898,76.53958944281524,26.7,68.0,31.5,7.0,21.0,30.0,60.0
cmp4ijxqs00dto25e2ew2myx5,cmmx6howt0000bi1zgfsisou2,2026-05-13 20:29:56.409,76.63734115347019,26.7,68.0,31.23,7.0,21.0,30.0,60.0
cmp4ik0en00dvo25enh1ufvo1,cmmx6howt0000bi1zgfsisou2,2026-05-13 20:29:59.920,76.44183773216031,26.7,68.0,27.12,7.0,21.0,30.0,60.0
cmp4ik34000dxo25e1q1x13ol,cmmx6howt0000bi1zgfsisou2,2026-05-13 20:30:03.430,76.05083088954056,26.7,68.0,38.86,7.0,21.0,30.0,61.0
cmp4ik5tg00dzo25e85imf72o,cmmx6howt0000bi1zgfsisou2,2026-05-13 20:30:06.941,76.63734115347019,26.7,69.0,38.93,7.0,21.0,30.0,61.0
cmp4ik8iz00e1o25e854xjkww,cmmx6howt0000bi1zgfsisou2,2026-05-13 20:30:10.452,76.53958944281524,26.7,69.0,35.27,7.0,21.0,30.0,60.0
cmp4ikb8t00e3o25edhakcxbu,cmmx6howt0000bi1zgfsisou2,2026-05-13 20:30:13.963,76.44183773216031,26.7,69.0,35.01,7.0,21.0,30.0,60.0
cmp4ikdyh00e5o25eh0nvo79h,cmmx6howt0000bi1zgfsisou2,2026-05-13 20:30:17.475,75.366568914956,26.7,69.0,35.01,7.0,21.0,30.0,61.0
cmp4ikgnx00e7o25eiv5y6nxb,cmmx6howt0000bi1zgfsisou2,2026-05-13 20:30:20.985,75.75757575757575,26.7,69.0,34.97,7.0,22.0,31.0,62.0
cmp4ikjd700e9o25ea2gkjame,cmmx6howt0000bi1zgfsisou2,2026-05-13 20:30:24.496,65.59139784946237,26.7,69.0,35.27,7.0,20.0,28.0,57.0
cmp4ikm2p00ebo25e7k3wfxrs,cmmx6howt0000bi1zgfsisou2,2026-05-13 20:30:28.005,57.47800586510263,26.7,69.0,35.27,7.0,20.0,28.0,56.0
cmp4ikosc00edo25eyuokh0i2,cmmx6howt0000bi1zgfsisou2,2026-05-13 20:30:31.515,57.77126099706744,26.7,68.0,35.01,7.0,20.0,28.0,57.0
cmp4ikrhu00efo25ereqeh9wy,cmmx6howt0000bi1zgfsisou2,2026-05-13 20:30:35.025,57.6735092864125,26.7,68.0,35.24,7.0,22.0,32.0,64.0
cmp4iku7600eho25eb1perkrj,cmmx6howt0000bi1zgfsisou2,2026-05-13 20:30:38.535,57.6735092864125,26.7,68.0,35.24,7.0,23.0,32.0,64.0
cmp4ikwx900ejo25e5k2dxjzw,cmmx6howt0000bi1zgfsisou2,2026-05-13 20:30:42.045,57.77126099706744,26.7,68.0,35.2,7.0,23.0,32.0,64.0
cmp4il21z00elo25ewsyq8mwj,cmmx6howt0000bi1zgfsisou2,2026-05-13 20:30:45.555,57.86901270772238,26.7,68.0,35.27,7.0,23.0,32.0,64.0
cmp4il3uc00eno25e9v2e9mw9,cmmx6howt0000bi1zgfsisou2,2026-05-13 20:30:51.013,57.86901270772238,26.7,68.0,34.97,7.0,23.0,32.0,64.0
cmp4il5iv00epo25es9fgqof8,cmmx6howt0000bi1zgfsisou2,2026-05-13 20:30:53.190,56.20723362658846,26.7,68.0,35.01,7.0,23.0,32.0,64.0
cmp4il7qn00ero25epfq2qp8b,cmmx6howt0000bi1zgfsisou2,2026-05-13 20:30:56.084,56.50048875855327,26.7,67.0,35.08,7.0,23.0,32.0,64.0
cmp4ilag900eto25e6l6871wn,cmmx6howt0000bi1zgfsisou2,2026-05-13 20:30:59.594,56.89149560117301,26.7,67.0,35.04,7.0,23.0,32.0,64.0
cmp4ild5w00evo25eganc329k,cmmx6howt0000bi1zgfsisou2,2026-05-13 20:31:03.104,57.18475073313783,26.7,67.0,35.31,7.0,23.0,32.0,64.0
cmp4ilfvt00exo25erdwbmyor,cmmx6howt0000bi1zgfsisou2,2026-05-13 20:31:06.613,57.3802541544477,26.7,67.0,35.08,7.0,23.0,32.0,64.0
cmp4ilikr00ezo25ehib97m00,cmmx6howt0000bi1zgfsisou2,2026-05-13 20:31:10.123,57.57575757575757,26.7,67.0,35.24,7.0,23.0,32.0,64.0
cmp4illa900f1o25eqylxeghq,cmmx6howt0000bi1zgfsisou2,2026-05-13 20:31:13.633,57.57575757575757,26.7,67.0,35.24,7.0,23.0,32.0,64.0
cmp4ilnzr00f3o25elqxvpqek,cmmx6howt0000bi1zgfsisou2,2026-05-13 20:31:17.143,57.6735092864125,26.7,67.0,35.08,7.0,23.0,32.0,64.0
cmp4ilqpl00f5o25ed5kdw17r,cmmx6howt0000bi1zgfsisou2,2026-05-13 20:31:20.652,57.57575757575757,26.7,67.0,35.27,7.0,23.0,32.0,64.0
cmp4iltfm00f7o25eadxyx846,cmmx6howt0000bi1zgfsisou2,2026-05-13 20:31:24.162,57.47800586510263,26.7,67.0,35.27,7.0,23.0,32.0,64.0
cmp4ilw4p00f9o25ehjwm39fj,cmmx6howt0000bi1zgfsisou2,2026-05-13 20:31:27.672,57.47800586510263,26.7,67.0,35.31,7.0,23.0,32.0,64.0
cmp4ilytz00fbo25ebtbum843,cmmx6howt0000bi1zgfsisou2,2026-05-13 20:31:31.182,57.3802541544477,26.7,67.0,35.31,7.0,23.0,32.0,64.0
cmp4im1jq00fdo25ezvbil8kf,cmmx6howt0000bi1zgfsisou2,2026-05-13 20:31:34.692,57.47800586510263,26.7,67.0,35.31,7.0,23.0,32.0,64.0
cmp4im49600ffo25ej9bstc39,cmmx6howt0000bi1zgfsisou2,2026-05-13 20:31:38.202,57.3802541544477,26.7,67.0,35.27,7.0,23.0,32.0,64.0
cmp4im6y500fho25ehtxd1oxb,cmmx6howt0000bi1zgfsisou2,2026-05-13 20:31:41.712,57.3802541544477,26.7,67.0,35.04,7.0,23.0,32.0,64.0
cmp4im9ob00fjo25ei8ueym4f,cmmx6howt0000bi1zgfsisou2,2026-05-13 20:31:45.222,54.64320625610948,26.7,67.0,12.41,7.0,23.0,32.0,64.0
cmp4imcfw00flo25e1s1sz012,cmmx6howt0000bi1zgfsisou2,2026-05-13 20:31:48.733,54.44770283479961,26.7,68.0,35.04,7.0,23.0,32.0,64.0
cmp4imf2y00fno25ecwshm0rl,cmmx6howt0000bi1zgfsisou2,2026-05-13 20:31:52.242,48.87585532746823,26.7,67.0,35.08,7.0,23.0,32.0,64.0
cmp4imhsh00fpo25epxw0i542,cmmx6howt0000bi1zgfsisou2,2026-05-13 20:31:55.752,48.97360703812317,26.7,67.0,35.04,7.0,23.0,32.0,64.0
cmp4imkhq00fro25e3nybm5iq,cmmx6howt0000bi1zgfsisou2,2026-05-13 20:31:59.262,49.26686217008798,26.7,67.0,35.08,7.0,23.0,32.0,64.0
cmp4imn7900fto25e7x940trv,cmmx6howt0000bi1zgfsisou2,2026-05-13 20:32:02.771,49.36461388074292,26.7,67.0,35.08,7.0,23.0,32.0,64.0
cmp4impwl00fvo25engch1sj6,cmmx6howt0000bi1zgfsisou2,2026-05-13 20:32:06.282,49.56011730205279,26.7,67.0,35.08,7.0,23.0,32.0,65.0
cmp4imsm000fxo25erflsaf1b,cmmx6howt0000bi1zgfsisou2,2026-05-13 20:32:09.791,46.72531769305963,26.7,67.0,35.27,7.0,23.0,32.0,65.0
cmp4imvca00fzo25e63yjqzgg,cmmx6howt0000bi1zgfsisou2,2026-05-13 20:32:13.301,47.99608993157381,26.7,67.0,35.01,7.0,23.0,32.0,65.0
cmp4imy1300g1o25eo8p88433,cmmx6howt0000bi1zgfsisou2,2026-05-13 20:32:16.811,51.80840664711632,26.7,67.0,35.27,7.0,23.0,32.0,64.0
cmp4in0qz00g3o25eyh1tug0u,cmmx6howt0000bi1zgfsisou2,2026-05-13 20:32:20.321,51.80840664711632,26.7,67.0,35.27,7.0,23.0,32.0,64.0
cmp4in3gw00g5o25efqbk8hld,cmmx6howt0000bi1zgfsisou2,2026-05-13 20:32:23.862,50.9286412512219,26.7,67.0,0.0,7.0,23.0,23.0,23.0
cmp4in66p00g7o25eeym067ft,cmmx6howt0000bi1zgfsisou2,2026-05-13 20:32:27.370,54.44770283479961,26.7,68.0,100.0,7.0,23.0,23.0,23.0
cmp4in8vt00g9o25evnjq7brm,cmmx6howt0000bi1zgfsisou2,2026-05-13 20:32:30.880,49.65786901270772,26.7,68.0,93.13,7.0,23.0,23.0,23.0
cmp4inblc00gbo25eicle1me8,cmmx6howt0000bi1zgfsisou2,2026-05-13 20:32:34.388,49.75562072336266,26.7,68.0,98.23,7.0,23.0,23.0,23.0
cmp4ineb000gdo25e6uuwumom,cmmx6howt0000bi1zgfsisou2,2026-05-13 20:32:37.896,50.34213098729228,26.7,68.0,98.19,7.0,23.0,23.0,23.0
cmp4inh0y00gfo25e17v61ysx,cmmx6howt0000bi1zgfsisou2,2026-05-13 20:32:41.403,50.43988269794721,26.7,68.0,98.23,7.0,23.0,23.0,23.0
cmp4injps00gho25e2asjxav7,cmmx6howt0000bi1zgfsisou2,2026-05-13 20:32:44.912,58.94428152492668,26.7,68.0,98.88,7.0,23.0,23.0,23.0
cmp4inmf600gjo25e40xkkfom,cmmx6howt0000bi1zgfsisou2,2026-05-13 20:32:48.420,49.85337243401759,26.7,68.0,98.46,7.0,23.0,23.0,23.0
cmp4inp4l00glo25e8bg6o8er,cmmx6howt0000bi1zgfsisou2,2026-05-13 20:32:51.928,50.53763440860215,26.7,68.0,98.0,7.0,23.0,23.0,23.0
cmp4inrup00gno25ely9c16r8,cmmx6howt0000bi1zgfsisou2,2026-05-13 20:32:55.436,50.63538611925708,26.7,68.0,97.17,7.0,23.0,23.0,23.0
cmp4inujl00gpo25eb9cii76z,cmmx6howt0000bi1zgfsisou2,2026-05-13 20:32:58.944,50.63538611925708,26.7,68.0,97.47,7.0,23.0,23.0,23.0
cmp4inx9000gro25eofkn1k5c,cmmx6howt0000bi1zgfsisou2,2026-05-13 20:33:02.451,50.63538611925708,26.7,68.0,96.67,7.0,23.0,23.0,23.0
cmp4inzyk00gto25exc6a2s93,cmmx6howt0000bi1zgfsisou2,2026-05-13 20:33:05.960,50.53763440860215,26.7,68.0,96.98,7.0,23.0,23.0,23.0
cmp4io2ob00gvo25e8387jkwe,cmmx6howt0000bi1zgfsisou2,2026-05-13 20:33:09.471,50.63538611925708,26.7,67.0,96.71,7.0,23.0,23.0,23.0
cmp4io5d400gxo25esw6ezlij,cmmx6howt0000bi1zgfsisou2,2026-05-13 20:33:12.976,50.63538611925708,26.7,67.0,96.48,7.0,23.0,23.0,23.0
cmp4io82c00gzo25e7pdxtx4c,cmmx6howt0000bi1zgfsisou2,2026-05-13 20:33:16.484,50.53763440860215,26.7,67.0,98.16,7.0,23.0,23.0,23.0
cmp4ioarx00h1o25ehiflgxyz,cmmx6howt0000bi1zgfsisou2,2026-05-13 20:33:19.992,50.63538611925708,26.7,67.0,98.12,7.0,23.0,23.0,23.0
cmp4iodhs00h3o25e11bayhy4,cmmx6howt0000bi1zgfsisou2,2026-05-13 20:33:23.501,50.53763440860215,26.7,67.0,96.98,7.0,23.0,23.0,23.0
cmp4iog7a00h5o25e6ko4fsgc,cmmx6howt0000bi1zgfsisou2,2026-05-13 20:33:27.008,50.63538611925708,26.7,67.0,98.19,7.0,23.0,23.0,23.0
cmp4ioiwl00h7o25e1f4bfsuo,cmmx6howt0000bi1zgfsisou2,2026-05-13 20:33:30.516,50.63538611925708,26.7,67.0,96.71,7.0,23.0,23.0,23.0
cmp4iolm900h9o25eyob58xd8,cmmx6howt0000bi1zgfsisou2,2026-05-13 20:33:34.025,50.53763440860215,26.7,67.0,97.36,7.0,23.0,23.0,23.0
cmp4ioobm00hbo25eay9x5qvl,cmmx6howt0000bi1zgfsisou2,2026-05-13 20:33:37.533,50.53763440860215,26.7,67.0,96.78,7.0,23.0,23.0,23.0
cmp4ior0y00hdo25ekno3dp8i,cmmx6howt0000bi1zgfsisou2,2026-05-13 20:33:41.041,50.43988269794721,26.7,67.0,97.59,7.0,23.0,23.0,23.0
cmp4iotqv00hfo25e9buasm1z,cmmx6howt0000bi1zgfsisou2,2026-05-13 20:33:44.549,50.34213098729228,26.7,67.0,96.52,7.0,23.0,23.0,23.0
cmp4iowg800hho25ebcjoi2nw,cmmx6howt0000bi1zgfsisou2,2026-05-13 20:33:48.058,50.24437927663734,26.7,67.0,96.67,7.0,23.0,23.0,23.0
cmp4ioz5f00hjo25e4ro7lccs,cmmx6howt0000bi1zgfsisou2,2026-05-13 20:33:51.565,50.34213098729228,26.7,67.0,98.08,7.0,23.0,23.0,23.0
cmp4ip1uj00hlo25erhzbwj25,cmmx6howt0000bi1zgfsisou2,2026-05-13 20:33:55.073,50.53763440860215,26.7,67.0,97.43,7.0,23.0,23.0,23.0
cmp4ip4kg00hno25ec8bhcbg3,cmmx6howt0000bi1zgfsisou2,2026-05-13 20:33:58.581,50.43988269794721,26.7,67.0,98.65,7.0,23.0,23.0,23.0
cmp4ip79s00hpo25es985ak3o,cmmx6howt0000bi1zgfsisou2,2026-05-13 20:34:02.090,50.43988269794721,26.7,67.0,99.11,7.0,23.0,23.0,23.0
cmp4ip9z900hro25e3yshrtw2,cmmx6howt0000bi1zgfsisou2,2026-05-13 20:34:05.598,50.34213098729228,26.7,67.0,98.16,7.0,23.0,23.0,23.0
cmp4ipcp600hto25e65hs5ey7,cmmx6howt0000bi1zgfsisou2,2026-05-13 20:34:09.106,50.43988269794721,26.7,67.0,98.69,7.0,23.0,23.0,23.0
cmp4ipfdw00hvo25ehepse0ly,cmmx6howt0000bi1zgfsisou2,2026-05-13 20:34:12.614,50.34213098729228,26.7,67.0,98.92,7.0,23.0,23.0,23.0
cmp4ipi3e00hxo25e1gp4otdb,cmmx6howt0000bi1zgfsisou2,2026-05-13 20:34:16.123,50.53763440860215,26.7,67.0,98.84,7.0,23.0,23.0,23.0
cmp4ipkt200hzo25egjm699vr,cmmx6howt0000bi1zgfsisou2,2026-05-13 20:34:19.630,50.53763440860215,26.7,67.0,98.58,7.0,23.0,23.0,23.0
cmp4ipnik00i1o25e8t837qpg,cmmx6howt0000bi1zgfsisou2,2026-05-13 20:34:23.138,50.53763440860215,26.7,67.0,98.39,7.0,23.0,23.0,23.0
cmp4ipq7p00i3o25e8rrn2z00,cmmx6howt0000bi1zgfsisou2,2026-05-13 20:34:26.647,50.53763440860215,26.7,67.0,98.88,7.0,23.0,23.0,23.0
cmp4ipsxe00i5o25eux44hdwk,cmmx6howt0000bi1zgfsisou2,2026-05-13 20:34:30.155,50.43988269794721,26.7,67.0,98.92,7.0,23.0,23.0,23.0
cmp4ipvnc00i7o25eymqz1tf8,cmmx6howt0000bi1zgfsisou2,2026-05-13 20:34:33.662,50.53763440860215,26.7,67.0,97.47,7.0,23.0,23.0,23.0
cmp4ipyck00i9o25ezxve8wvm,cmmx6howt0000bi1zgfsisou2,2026-05-13 20:34:37.170,50.53763440860215,26.7,67.0,98.19,7.0,23.0,23.0,23.0
cmp4iq12500ibo25egi1wblzi,cmmx6howt0000bi1zgfsisou2,2026-05-13 20:34:40.679,50.53763440860215,26.7,67.0,95.49,7.0,23.0,23.0,23.0
cmp4iq3qz00ido25ez3cst7bc,cmmx6howt0000bi1zgfsisou2,2026-05-13 20:34:44.187,50.43988269794721,26.7,67.0,97.85,7.0,23.0,23.0,23.0
cmp4iq6g900ifo25ewxsbno1f,cmmx6howt0000bi1zgfsisou2,2026-05-13 20:34:47.695,50.53763440860215,26.7,67.0,97.89,7.0,23.0,23.0,23.0
cmp4iq95v00iho25edweoya7g,cmmx6howt0000bi1zgfsisou2,2026-05-13 20:34:51.203,50.43988269794721,26.7,67.0,98.84,7.0,23.0,23.0,23.0
cmp4iqbxi00ijo25evap65aao,cmmx6howt0000bi1zgfsisou2,2026-05-13 20:34:54.711,50.43988269794721,26.7,67.0,98.16,7.0,23.0,23.0,23.0
cmp4iqel700ilo25e4d644s9k,cmmx6howt0000bi1zgfsisou2,2026-05-13 20:34:58.219,50.53763440860215,26.7,67.0,98.65,7.0,23.0,23.0,23.0
cmp4iqhbt00ino25ey4pnan2i,cmmx6howt0000bi1zgfsisou2,2026-05-13 20:35:01.727,50.43988269794721,26.7,67.0,99.15,7.0,23.0,23.0,23.0
cmp4iqjzl00ipo25ef1dklr3o,cmmx6howt0000bi1zgfsisou2,2026-05-13 20:35:05.235,50.43988269794721,26.7,67.0,99.61,7.0,23.0,23.0,23.0
cmp4iqmov00iro25ey1kiq3tl,cmmx6howt0000bi1zgfsisou2,2026-05-13 20:35:08.742,50.43988269794721,26.7,67.0,98.84,7.0,23.0,23.0,23.0
cmp4iqpey00ito25e7w0c4vqq,cmmx6howt0000bi1zgfsisou2,2026-05-13 20:35:12.251,50.43988269794721,26.7,67.0,99.53,7.0,23.0,23.0,23.0
cmp4iqs3s00ivo25ed3bmjcdw,cmmx6howt0000bi1zgfsisou2,2026-05-13 20:35:15.759,50.34213098729228,26.7,66.0,99.41,7.0,23.0,23.0,23.0
cmp4iquts00ixo25ei3xols1q,cmmx6howt0000bi1zgfsisou2,2026-05-13 20:35:19.268,50.24437927663734,26.7,67.0,98.84,7.0,23.0,23.0,23.0
cmp4iqxis00izo25ej4550fay,cmmx6howt0000bi1zgfsisou2,2026-05-13 20:35:22.775,50.24437927663734,26.7,67.0,100.0,7.0,23.0,23.0,23.0
cmp4ir08d00j1o25ed8d3ot5r,cmmx6howt0000bi1zgfsisou2,2026-05-13 20:35:26.284,50.24437927663734,26.7,67.0,99.0,7.0,23.0,23.0,23.0
cmp4ir2xm00j3o25e02ct629p,cmmx6howt0000bi1zgfsisou2,2026-05-13 20:35:29.792,50.14662756598241,26.7,67.0,98.88,7.0,23.0,23.0,23.0
cmp4ir5ob00j5o25ejtgr6zyk,cmmx6howt0000bi1zgfsisou2,2026-05-13 20:35:33.301,50.24437927663734,26.7,67.0,97.51,7.0,23.0,23.0,23.0
cmp4ir8di00j7o25e5omsb54r,cmmx6howt0000bi1zgfsisou2,2026-05-13 20:35:36.808,50.34213098729228,26.7,67.0,97.93,7.0,23.0,23.0,23.0
cmp4irb2i00j9o25ebaoi850g,cmmx6howt0000bi1zgfsisou2,2026-05-13 20:35:40.317,50.24437927663734,26.7,67.0,98.84,7.0,23.0,23.0,23.0
cmp4irds100jbo25ec1ilyj38,cmmx6howt0000bi1zgfsisou2,2026-05-13 20:35:43.825,50.24437927663734,26.7,67.0,98.35,7.0,23.0,23.0,23.0
cmp4irggu00jdo25ejpqfxygf,cmmx6howt0000bi1zgfsisou2,2026-05-13 20:35:47.332,50.24437927663734,26.7,67.0,97.93,7.0,23.0,23.0,23.0
cmp4irj6900jfo25ewvckmtqg,cmmx6howt0000bi1zgfsisou2,2026-05-13 20:35:50.841,50.14662756598241,26.7,67.0,96.71,7.0,23.0,23.0,23.0
cmp4irlw200jho25eo6915s03,cmmx6howt0000bi1zgfsisou2,2026-05-13 20:35:54.349,50.24437927663734,26.7,67.0,96.63,7.0,23.0,23.0,23.0
cmp4irolb00jjo25eo7atct2e,cmmx6howt0000bi1zgfsisou2,2026-05-13 20:35:57.857,50.34213098729228,26.7,66.0,96.71,7.0,23.0,23.0,23.0
cmp4irrar00jlo25euw9vukv8,cmmx6howt0000bi1zgfsisou2,2026-05-13 20:36:01.365,50.24437927663734,26.7,66.0,96.98,7.0,23.0,23.0,23.0
cmp4iru0100jno25eyj5sv6ho,cmmx6howt0000bi1zgfsisou2,2026-05-13 20:36:04.873,50.24437927663734,26.7,66.0,98.16,7.0,23.0,23.0,23.0
cmp4irwq300jpo25e8fhdq6xy,cmmx6howt0000bi1zgfsisou2,2026-05-13 20:36:08.381,50.34213098729228,26.7,66.0,98.84,7.0,23.0,23.0,23.0
cmp4irzgv00jro25euds6up7x,cmmx6howt0000bi1zgfsisou2,2026-05-13 20:36:11.889,50.14662756598241,26.7,66.0,98.88,7.0,23.0,23.0,23.0
cmp4is24j00jto25erxk1p487,cmmx6howt0000bi1zgfsisou2,2026-05-13 20:36:15.397,50.14662756598241,26.7,66.0,98.84,7.0,23.0,23.0,23.0
cmp4is4un00jvo25e6epn4bj2,cmmx6howt0000bi1zgfsisou2,2026-05-13 20:36:18.906,50.14662756598241,26.7,66.0,97.93,7.0,23.0,23.0,23.0
cmp4is7kd00jxo25ewjcwjkf3,cmmx6howt0000bi1zgfsisou2,2026-05-13 20:36:22.414,50.14662756598241,26.7,66.0,99.07,7.0,23.0,23.0,23.0
cmp4isa9h00jzo25e2qucety8,cmmx6howt0000bi1zgfsisou2,2026-05-13 20:36:25.922,50.24437927663734,26.7,66.0,98.84,7.0,23.0,23.0,23.0
cmp4isczg00k1o25eh8b7ri8u,cmmx6howt0000bi1zgfsisou2,2026-05-13 20:36:29.430,50.24437927663734,26.7,67.0,98.12,7.0,23.0,23.0,23.0
cmp4isfok00k3o25e1y3m8082,cmmx6howt0000bi1zgfsisou2,2026-05-13 20:36:32.938,50.04887585532747,26.7,67.0,98.88,7.0,23.0,23.0,23.0
cmp4isidn00k5o25e18xpwt6a,cmmx6howt0000bi1zgfsisou2,2026-05-13 20:36:36.446,49.95112414467253,26.7,67.0,98.16,7.0,23.0,23.0,23.0
cmp4isl3500k7o25eg2qcesun,cmmx6howt0000bi1zgfsisou2,2026-05-13 20:36:39.954,50.04887585532747,26.7,67.0,98.0,7.0,23.0,23.0,23.0
cmp4isnsk00k9o25ewsld0w70,cmmx6howt0000bi1zgfsisou2,2026-05-13 20:36:43.462,50.43988269794721,26.7,67.0,96.98,7.0,23.0,23.0,23.0
cmp4isqie00kbo25e8rve7bsr,cmmx6howt0000bi1zgfsisou2,2026-05-13 20:36:46.970,50.43988269794721,26.7,67.0,98.16,7.0,23.0,23.0,23.0
cmp4ist7600kdo25en2i2kes3,cmmx6howt0000bi1zgfsisou2,2026-05-13 20:36:50.478,50.53763440860215,26.7,67.0,98.12,7.0,23.0,23.0,23.0
cmp4isvwm00kfo25ex1b353xe,cmmx6howt0000bi1zgfsisou2,2026-05-13 20:36:53.986,50.43988269794721,26.7,67.0,97.89,7.0,23.0,23.0,23.0
cmp4isylo00kho25ejwvo5kht,cmmx6howt0000bi1zgfsisou2,2026-05-13 20:36:57.494,50.53763440860215,26.7,67.0,97.2,7.0,23.0,23.0,23.0
cmp4it1b700kjo25ent1htdzz,cmmx6howt0000bi1zgfsisou2,2026-05-13 20:37:01.002,50.63538611925708,26.7,67.0,96.94,7.0,23.0,23.0,23.0
cmp4it41j00klo25e69cxd2s8,cmmx6howt0000bi1zgfsisou2,2026-05-13 20:37:04.511,50.53763440860215,26.7,67.0,96.67,7.0,23.0,23.0,23.0
cmp4it6pv00kno25efovjpr4j,cmmx6howt0000bi1zgfsisou2,2026-05-13 20:37:08.018,50.53763440860215,26.7,67.0,98.23,7.0,23.0,23.0,23.0
cmp4it9ff00kpo25e3arm1yc8,cmmx6howt0000bi1zgfsisou2,2026-05-13 20:37:11.526,50.43988269794721,26.7,67.0,98.61,7.0,23.0,23.0,23.0
cmp4itc4y00kro25e94iqrvik,cmmx6howt0000bi1zgfsisou2,2026-05-13 20:37:15.035,50.43988269794721,26.7,67.0,98.16,7.0,23.0,23.0,23.0
cmp4iteud00kto25eitlhyacn,cmmx6howt0000bi1zgfsisou2,2026-05-13 20:37:18.543,50.34213098729228,26.7,67.0,99.11,7.0,23.0,23.0,23.0
cmp4ithki00kvo25e5kaunl5c,cmmx6howt0000bi1zgfsisou2,2026-05-13 20:37:22.051,50.34213098729228,26.7,67.0,97.93,7.0,23.0,23.0,23.0
cmp4itk9s00kxo25egsqzq0wk,cmmx6howt0000bi1zgfsisou2,2026-05-13 20:37:25.558,50.24437927663734,26.7,67.0,98.84,7.0,23.0,23.0,23.0
cmp4itmyn00kzo25e341ohcwq,cmmx6howt0000bi1zgfsisou2,2026-05-13 20:37:29.067,50.14662756598241,26.7,67.0,98.88,7.0,23.0,23.0,23.0
cmp4itpos00l1o25ex1tuw0sz,cmmx6howt0000bi1zgfsisou2,2026-05-13 20:37:32.575,50.34213098729228,26.7,66.0,95.18,7.0,23.0,23.0,23.0
cmp4itsdl00l3o25elp3riza8,cmmx6howt0000bi1zgfsisou2,2026-05-13 20:37:36.084,50.14662756598241,26.7,66.0,98.35,7.0,23.0,23.0,23.0
cmp4itv3500l5o25edws2vt8e,cmmx6howt0000bi1zgfsisou2,2026-05-13 20:37:39.591,50.04887585532747,26.7,66.0,97.93,7.0,23.0,23.0,23.0
cmp4itxsf00l7o25er4xq0yp4,cmmx6howt0000bi1zgfsisou2,2026-05-13 20:37:43.099,50.14662756598241,26.7,66.0,98.12,7.0,23.0,23.0,23.0
cmp4iu0in00l9o25esn9b3dek,cmmx6howt0000bi1zgfsisou2,2026-05-13 20:37:46.607,50.04887585532747,26.7,66.0,98.16,7.0,23.0,23.0,23.0
cmp4iu37l00lbo25ecea0xlfg,cmmx6howt0000bi1zgfsisou2,2026-05-13 20:37:50.115,49.95112414467253,26.7,66.0,96.75,7.0,23.0,23.0,23.0
cmp4iu5xp00ldo25ei5vuzt8e,cmmx6howt0000bi1zgfsisou2,2026-05-13 20:37:53.624,49.95112414467253,26.7,66.0,96.4,7.0,23.0,23.0,23.0
cmp4iu8ma00lfo25e199tw4vs,cmmx6howt0000bi1zgfsisou2,2026-05-13 20:37:57.132,49.95112414467253,26.7,66.0,96.78,7.0,23.0,23.0,23.0
cmp4iubcj00lho25ed18hvlw1,cmmx6howt0000bi1zgfsisou2,2026-05-13 20:38:00.640,49.85337243401759,26.7,66.0,98.84,7.0,23.0,23.0,23.0
cmp4iue1n00ljo25ea2fbojyp,cmmx6howt0000bi1zgfsisou2,2026-05-13 20:38:04.147,49.95112414467253,26.7,66.0,96.67,7.0,23.0,23.0,23.0
cmp4iugr200llo25e7h91sd3y,cmmx6howt0000bi1zgfsisou2,2026-05-13 20:38:07.655,49.95112414467253,26.7,66.0,96.71,7.0,23.0,23.0,23.0
cmp4iujgp00lno25eyzgpfv9i,cmmx6howt0000bi1zgfsisou2,2026-05-13 20:38:11.164,49.85337243401759,26.7,66.0,97.2,7.0,23.0,23.0,23.0
cmp4ium5s00lpo25e9f8d314g,cmmx6howt0000bi1zgfsisou2,2026-05-13 20:38:14.671,49.65786901270772,26.6,66.0,97.39,7.0,23.0,23.0,23.0
cmp4iuouw00lro25esd2tbl2m,cmmx6howt0000bi1zgfsisou2,2026-05-13 20:38:18.180,49.65786901270772,26.6,66.0,96.71,7.0,23.0,23.0,23.0
cmp4iurld00lto25ebb4onozy,cmmx6howt0000bi1zgfsisou2,2026-05-13 20:38:21.688,49.65786901270772,26.7,66.0,98.12,7.0,23.0,23.0,23.0
cmp4iuu9y00lvo25eyfryrk2v,cmmx6howt0000bi1zgfsisou2,2026-05-13 20:38:25.196,49.75562072336266,26.6,66.0,98.19,7.0,23.0,23.0,23.0
cmp4iuwzv00lxo25ewtyr5lpu,cmmx6howt0000bi1zgfsisou2,2026-05-13 20:38:28.704,49.75562072336266,26.7,66.0,98.88,7.0,23.0,23.0,23.0
cmp4iuzpl00lzo25e8tkhsb48,cmmx6howt0000bi1zgfsisou2,2026-05-13 20:38:32.213,49.75562072336266,26.6,66.0,98.19,7.0,23.0,23.0,23.0
cmp4iv2ej00m1o25ermc39do9,cmmx6howt0000bi1zgfsisou2,2026-05-13 20:38:35.720,49.75562072336266,26.6,66.0,98.08,7.0,23.0,23.0,23.0
cmp4iv53w00m3o25euqrl5p6v,cmmx6howt0000bi1zgfsisou2,2026-05-13 20:38:39.228,49.65786901270772,26.6,66.0,96.98,7.0,23.0,23.0,23.0
cmp4iv7w100m5o25e2c8t0e0j,cmmx6howt0000bi1zgfsisou2,2026-05-13 20:38:42.737,49.65786901270772,26.6,66.0,96.9,7.0,23.0,23.0,23.0
cmp4ivail00m7o25e76tranmi,cmmx6howt0000bi1zgfsisou2,2026-05-13 20:38:46.244,49.36461388074292,26.6,66.0,96.71,7.0,23.0,23.0,23.0
cmp4ivd8600m9o25eu0md7zoe,cmmx6howt0000bi1zgfsisou2,2026-05-13 20:38:49.752,70.08797653958945,26.6,66.0,98.16,7.0,23.0,23.0,23.0
cmp4ivfxk00mbo25egmt88o84,cmmx6howt0000bi1zgfsisou2,2026-05-13 20:38:53.260,70.772238514174,26.6,66.0,97.97,7.0,23.0,23.0,23.0
cmp4ivin600mdo25eodv5fsj0,cmmx6howt0000bi1zgfsisou2,2026-05-13 20:38:56.770,75.26881720430107,26.6,67.0,94.54,7.0,23.0,23.0,23.0
cmp4ivlco00mfo25e6u1yqc4y,cmmx6howt0000bi1zgfsisou2,2026-05-13 20:39:00.279,75.366568914956,26.6,67.0,86.08,7.0,23.0,23.0,23.0
cmp4ivo2a00mho25elzb3mi8w,cmmx6howt0000bi1zgfsisou2,2026-05-13 20:39:03.789,75.26881720430107,26.6,67.0,85.88,7.0,23.0,23.0,23.0
cmp4ivqre00mjo25eh6towdbn,cmmx6howt0000bi1zgfsisou2,2026-05-13 20:39:07.298,75.366568914956,26.6,67.0,94.54,7.0,23.0,23.0,23.0
cmp4ivtqx00mlo25efmim9xhd,cmmx6howt0000bi1zgfsisou2,2026-05-13 20:39:10.808,75.366568914956,26.7,67.0,92.63,7.0,23.0,23.0,23.0
cmp4ivw6n00mno25etx1uqr8v,cmmx6howt0000bi1zgfsisou2,2026-05-13 20:39:14.317,75.366568914956,26.6,67.0,90.15,7.0,23.0,23.0,23.0
cmp4ivyw100mpo25e75utlujv,cmmx6howt0000bi1zgfsisou2,2026-05-13 20:39:17.826,75.26881720430107,26.5,67.0,90.42,7.0,23.0,23.0,23.0
cmp4iw1lj00mro25ef913z7bf,cmmx6howt0000bi1zgfsisou2,2026-05-13 20:39:21.335,75.0733137829912,26.6,67.0,98.65,7.0,23.0,23.0,23.0
cmp4iw4b000mto25e6w3oqmqf,cmmx6howt0000bi1zgfsisou2,2026-05-13 20:39:24.845,74.09579667644184,26.6,66.0,35.2,7.0,23.0,23.0,23.0
cmp4iw70n00mvo25et1b0ktaw,cmmx6howt0000bi1zgfsisou2,2026-05-13 20:39:28.356,73.9980449657869,26.7,66.0,35.24,7.0,23.0,23.0,23.0
cmp4iw9q900mxo25eg67qukxl,cmmx6howt0000bi1zgfsisou2,2026-05-13 20:39:31.866,74.09579667644184,26.6,66.0,34.97,7.0,23.0,23.0,23.0
cmp4iwcfk00mzo25ez3z07oje,cmmx6howt0000bi1zgfsisou2,2026-05-13 20:39:35.378,74.09579667644184,26.7,66.0,35.27,7.0,23.0,23.0,23.0
cmp4iwf5500n1o25etsy79bh8,cmmx6howt0000bi1zgfsisou2,2026-05-13 20:39:38.888,74.09579667644184,26.6,66.0,34.97,7.0,23.0,23.0,23.0
cmp4iwhug00n3o25e6u3qevx9,cmmx6howt0000bi1zgfsisou2,2026-05-13 20:39:42.399,73.80254154447702,26.7,66.0,34.97,7.0,23.0,23.0,23.0
cmp4iwkk000n5o25e8i1lacuv,cmmx6howt0000bi1zgfsisou2,2026-05-13 20:39:45.909,73.70478983382209,26.7,66.0,73.69,7.0,23.0,23.0,23.0
cmp4iwn9o00n7o25epul1zkaf,cmmx6howt0000bi1zgfsisou2,2026-05-13 20:39:49.418,77.2238514173998,26.7,66.0,100.0,7.0,23.0,23.0,23.0
cmp4iwpz400n9o25e2u4o5r59,cmmx6howt0000bi1zgfsisou2,2026-05-13 20:39:52.928,77.41935483870968,26.7,66.0,96.67,7.0,23.0,23.0,23.0
cmp4iwsog00nbo25etlk3pi4j,cmmx6howt0000bi1zgfsisou2,2026-05-13 20:39:56.437,77.61485826001955,26.6,66.0,100.0,7.0,23.0,23.0,23.0
cmp4iwviu00ndo25exspsv791,cmmx6howt0000bi1zgfsisou2,2026-05-13 20:39:59.947,77.61485826001955,26.6,66.0,100.0,7.0,23.0,23.0,23.0
cmp4iwy3l00nfo25e1u2glapg,cmmx6howt0000bi1zgfsisou2,2026-05-13 20:40:03.456,77.32160312805473,26.7,66.0,100.0,7.0,23.0,23.0,23.0
cmp4ix0sy00nho25emqflsm1p,cmmx6howt0000bi1zgfsisou2,2026-05-13 20:40:06.966,77.51710654936461,26.6,66.0,100.0,7.0,23.0,23.0,23.0
cmp4ix3im00njo25eglve1svp,cmmx6howt0000bi1zgfsisou2,2026-05-13 20:40:10.476,76.34408602150538,26.6,66.0,93.13,7.0,23.0,23.0,23.0
cmp4ix67x00nlo25ehcfhyjqg,cmmx6howt0000bi1zgfsisou2,2026-05-13 20:40:13.985,75.95307917888563,26.6,66.0,100.0,7.0,23.0,23.0,23.0
cmp4ix8xj00nno25ekxbun5yd,cmmx6howt0000bi1zgfsisou2,2026-05-13 20:40:17.495,76.05083088954056,26.6,66.0,100.0,7.0,23.0,23.0,23.0
cmp4ixbnk00npo25emobs9fpl,cmmx6howt0000bi1zgfsisou2,2026-05-13 20:40:21.005,77.2238514173998,26.6,67.0,98.96,7.0,23.0,23.0,23.0
cmp4ixecj00nro25e7435seay,cmmx6howt0000bi1zgfsisou2,2026-05-13 20:40:24.514,77.2238514173998,26.7,67.0,93.16,7.0,23.0,23.0,23.0
cmp4ixh2100nto25eda3xmdl8,cmmx6howt0000bi1zgfsisou2,2026-05-13 20:40:28.024,77.2238514173998,26.7,67.0,93.39,7.0,23.0,23.0,23.0
cmp4ixjrf00nvo25espsgufsc,cmmx6howt0000bi1zgfsisou2,2026-05-13 20:40:31.533,77.2238514173998,26.7,67.0,82.3,7.0,23.0,23.0,23.0
cmp4ixmh800nxo25efr117us8,cmmx6howt0000bi1zgfsisou2,2026-05-13 20:40:35.044,77.12609970674487,26.7,67.0,64.43,7.0,23.0,23.0,23.0
cmp4ixp6900nzo25ee6du4wif,cmmx6howt0000bi1zgfsisou2,2026-05-13 20:40:38.552,77.02834799608993,26.6,67.0,93.16,7.0,23.0,23.0,23.0
cmp4ixrx900o1o25efhfdcgun,cmmx6howt0000bi1zgfsisou2,2026-05-13 20:40:42.061,76.83284457478005,26.7,67.0,93.16,7.0,23.0,23.0,23.0
cmp4ixuln00o3o25esxxd5252,cmmx6howt0000bi1zgfsisou2,2026-05-13 20:40:45.570,76.93059628543499,26.7,67.0,93.16,7.0,23.0,23.0,23.0
cmp4ixxap00o5o25eulmrpeis,cmmx6howt0000bi1zgfsisou2,2026-05-13 20:40:49.079,76.73509286412512,26.7,67.0,93.16,7.0,23.0,23.0,23.0
cmp4iy00m00o7o25ekwxmyfth,cmmx6howt0000bi1zgfsisou2,2026-05-13 20:40:52.589,76.63734115347019,26.7,67.0,93.16,7.0,23.0,23.0,23.0
cmp4iy2q500o9o25esbp42acg,cmmx6howt0000bi1zgfsisou2,2026-05-13 20:40:56.098,76.93059628543499,26.6,67.0,93.16,7.0,23.0,23.0,23.0
cmp4iy5f900obo25en1wna0x7,cmmx6howt0000bi1zgfsisou2,2026-05-13 20:40:59.608,76.93059628543499,26.7,67.0,93.16,7.0,23.0,23.0,23.0
cmp4iy85000odo25eh4mdhsne,cmmx6howt0000bi1zgfsisou2,2026-05-13 20:41:03.117,76.93059628543499,26.7,67.0,93.39,7.0,23.0,23.0,23.0
cmp4iyauq00ofo25e0f9xxwmn,cmmx6howt0000bi1zgfsisou2,2026-05-13 20:41:06.626,76.93059628543499,26.6,67.0,93.16,7.0,23.0,23.0,23.0
cmp4iydjn00oho25e015oq7ri,cmmx6howt0000bi1zgfsisou2,2026-05-13 20:41:10.135,76.83284457478005,26.7,67.0,92.94,7.0,23.0,23.0,23.0
cmp4iygce00ojo25evjpbpjcv,cmmx6howt0000bi1zgfsisou2,2026-05-13 20:41:13.764,76.83284457478005,26.7,67.0,0.0,7.0,23.0,23.0,23.0
cmp4iyj2600olo25e62uiuwit,cmmx6howt0000bi1zgfsisou2,2026-05-13 20:41:17.272,76.53958944281524,26.7,67.0,78.72,7.0,23.0,23.0,23.0
cmp4iylro00ono25eas8scnbj,cmmx6howt0000bi1zgfsisou2,2026-05-13 20:41:20.782,76.44183773216031,26.7,67.0,78.91,7.0,23.0,23.0,23.0
cmp4iyoh000opo25e28hw4fd7,cmmx6howt0000bi1zgfsisou2,2026-05-13 20:41:24.291,76.1485826001955,26.7,67.0,82.53,7.0,23.0,23.0,23.0
cmp4iyr6900oro25e6acxl45t,cmmx6howt0000bi1zgfsisou2,2026-05-13 20:41:27.800,77.2238514173998,26.7,67.0,88.59,7.0,23.0,23.0,23.0
cmp4iytvz00oto25e8exbhntb,cmmx6howt0000bi1zgfsisou2,2026-05-13 20:41:31.310,77.32160312805473,26.7,67.0,86.88,7.0,23.0,23.0,23.0
cmp4iywla00ovo25e6qnofe0p,cmmx6howt0000bi1zgfsisou2,2026-05-13 20:41:34.819,77.12609970674487,26.7,67.0,96.56,7.0,23.0,23.0,23.0
cmp4iyzbb00oxo25eldq20vmt,cmmx6howt0000bi1zgfsisou2,2026-05-13 20:41:38.328,77.02834799608993,26.7,67.0,96.78,7.0,23.0,23.0,23.0
cmp4iz20a00ozo25eaofai5p0,cmmx6howt0000bi1zgfsisou2,2026-05-13 20:41:41.837,74.48680351906158,26.6,67.0,90.88,7.0,23.0,23.0,23.0
cmp4iz4pv00p1o25ea7xzkdnz,cmmx6howt0000bi1zgfsisou2,2026-05-13 20:41:45.346,77.2238514173998,26.7,67.0,93.89,7.0,23.0,23.0,23.0
cmp4iz7fk00p3o25e19js7lpq,cmmx6howt0000bi1zgfsisou2,2026-05-13 20:41:48.856,77.32160312805473,26.7,68.0,90.99,7.0,23.0,23.0,23.0
cmp4iza4o00p5o25e30x78iul,cmmx6howt0000bi1zgfsisou2,2026-05-13 20:41:52.365,77.2238514173998,26.7,69.0,87.87,7.0,23.0,23.0,23.0
cmp4izcue00p7o25ek1c9nmo3,cmmx6howt0000bi1zgfsisou2,2026-05-13 20:41:55.874,77.32160312805473,26.7,68.0,97.01,7.0,23.0,23.0,23.0
cmp4izfjt00p9o25ek05hyia5,cmmx6howt0000bi1zgfsisou2,2026-05-13 20:41:59.384,77.32160312805473,26.7,68.0,87.87,7.0,23.0,23.0,23.0
cmp4izibh00pbo25ewww5zzxp,cmmx6howt0000bi1zgfsisou2,2026-05-13 20:42:02.893,76.83284457478005,26.7,68.0,90.99,7.0,23.0,23.0,23.0
cmp4izkym00pdo25e4bpuosx1,cmmx6howt0000bi1zgfsisou2,2026-05-13 20:42:06.402,76.93059628543499,26.7,67.0,88.32,7.0,23.0,23.0,23.0
cmp4iznq700pfo25etjqpzqso,cmmx6howt0000bi1zgfsisou2,2026-05-13 20:42:09.913,76.93059628543499,26.7,67.0,88.1,7.0,23.0,23.0,23.0
cmp4izqdv00pho25exq6g53mp,cmmx6howt0000bi1zgfsisou2,2026-05-13 20:42:13.421,76.73509286412512,26.7,67.0,90.95,7.0,23.0,23.0,23.0
cmp4izt3500pjo25efm388ddx,cmmx6howt0000bi1zgfsisou2,2026-05-13 20:42:16.931,76.73509286412512,26.7,67.0,85.2,7.0,23.0,23.0,23.0
cmp4izvt500plo25ejozv1ki5,cmmx6howt0000bi1zgfsisou2,2026-05-13 20:42:20.440,76.83284457478005,26.7,67.0,85.43,7.0,23.0,23.0,23.0
cmp4izymj00pno25eqfqv0mhl,cmmx6howt0000bi1zgfsisou2,2026-05-13 20:42:23.949,76.83284457478005,26.7,67.0,88.1,7.0,23.0,23.0,23.0
cmp4j017l00ppo25e2p6sh9pw,cmmx6howt0000bi1zgfsisou2,2026-05-13 20:42:27.459,76.83284457478005,26.7,67.0,88.32,7.0,23.0,23.0,23.0
cmp4j03xm00pro25emqcup5e1,cmmx6howt0000bi1zgfsisou2,2026-05-13 20:42:30.968,76.93059628543499,26.7,67.0,88.1,7.0,23.0,23.0,23.0
cmp4j06mr00pto25ekcjnhwfb,cmmx6howt0000bi1zgfsisou2,2026-05-13 20:42:34.479,76.93059628543499,26.7,67.0,88.32,7.0,23.0,23.0,23.0
cmp4j09c900pvo25eo8qfju1i,cmmx6howt0000bi1zgfsisou2,2026-05-13 20:42:37.988,76.93059628543499,26.7,67.0,85.2,7.0,23.0,23.0,23.0
cmp4j0c1f00pxo25ec90hxe2v,cmmx6howt0000bi1zgfsisou2,2026-05-13 20:42:41.496,76.73509286412512,26.7,67.0,96.06,7.0,23.0,23.0,23.0
cmp4j0erm00pzo25eceak992r,cmmx6howt0000bi1zgfsisou2,2026-05-13 20:42:45.005,77.12609970674487,26.7,67.0,85.88,7.0,23.0,23.0,23.0
cmp4j0hge00q1o25ezfafk8b5,cmmx6howt0000bi1zgfsisou2,2026-05-13 20:42:48.515,77.02834799608993,26.7,67.0,93.89,7.0,23.0,23.0,23.0
cmp4j0k6k00q3o25euoaynofu,cmmx6howt0000bi1zgfsisou2,2026-05-13 20:42:52.025,77.02834799608993,26.7,67.0,82.38,7.0,23.0,23.0,23.0
cmp4j0mvt00q5o25e2slmiz8j,cmmx6howt0000bi1zgfsisou2,2026-05-13 20:42:55.534,77.02834799608993,26.7,67.0,88.78,7.0,23.0,23.0,23.0
cmp4j0pks00q7o25ent6gs7i9,cmmx6howt0000bi1zgfsisou2,2026-05-13 20:42:59.043,77.02834799608993,26.7,67.0,95.34,7.0,23.0,23.0,23.0
cmp4j0sa800q9o25eznkdqeth,cmmx6howt0000bi1zgfsisou2,2026-05-13 20:43:02.552,77.12609970674487,26.7,67.0,95.53,7.0,23.0,23.0,23.0
cmp4j0v0h00qbo25ead3nudf2,cmmx6howt0000bi1zgfsisou2,2026-05-13 20:43:06.061,77.12609970674487,26.7,67.0,88.06,7.0,23.0,23.0,23.0
cmp4j0xp900qdo25esj3mzjog,cmmx6howt0000bi1zgfsisou2,2026-05-13 20:43:09.571,77.02834799608993,26.7,67.0,93.85,7.0,23.0,23.0,23.0
cmp4j10em00qfo25ejltv0bni,cmmx6howt0000bi1zgfsisou2,2026-05-13 20:43:13.080,77.02834799608993,26.7,67.0,88.29,7.0,23.0,23.0,23.0
cmp4j134800qho25epp10cwh5,cmmx6howt0000bi1zgfsisou2,2026-05-13 20:43:16.589,77.02834799608993,26.7,67.0,90.99,7.0,23.0,23.0,23.0
cmp4j15tx00qjo25ek9qopp19,cmmx6howt0000bi1zgfsisou2,2026-05-13 20:43:20.098,77.12609970674487,26.7,67.0,91.14,7.0,23.0,23.0,23.0
cmp4j18jm00qlo25erjwnxzy6,cmmx6howt0000bi1zgfsisou2,2026-05-13 20:43:23.608,76.93059628543499,26.7,67.0,93.89,7.0,23.0,23.0,23.0
cmp4j1b9900qno25eccj4wau1,cmmx6howt0000bi1zgfsisou2,2026-05-13 20:43:27.118,77.12609970674487,26.7,66.0,96.75,7.0,23.0,23.0,23.0
cmp4j1dyf00qpo25e5550us57,cmmx6howt0000bi1zgfsisou2,2026-05-13 20:43:30.627,76.05083088954056,26.7,67.0,89.73,7.0,23.0,23.0,23.0
cmp4j1gnm00qro25eqjfa5cox,cmmx6howt0000bi1zgfsisou2,2026-05-13 20:43:34.136,76.05083088954056,26.7,66.0,82.3,7.0,9.0,17.0,40.0
cmp4j1jd600qto25eqg5kbhmz,cmmx6howt0000bi1zgfsisou2,2026-05-13 20:43:37.644,76.34408602150538,26.7,66.0,82.26,7.0,19.0,27.0,56.0
cmp4j1m2n00qvo25ezv1yxsre,cmmx6howt0000bi1zgfsisou2,2026-05-13 20:43:41.154,76.34408602150538,26.7,66.0,88.06,7.0,21.0,30.0,60.0
cmp4j1os600qxo25ed2wevw9h,cmmx6howt0000bi1zgfsisou2,2026-05-13 20:43:44.663,76.1485826001955,26.7,66.0,82.53,7.0,23.0,32.0,66.0
cmp4j1ri500qzo25etstfxwql,cmmx6howt0000bi1zgfsisou2,2026-05-13 20:43:48.173,76.05083088954056,26.7,66.0,82.53,7.0,23.0,33.0,66.0
cmp4j1u7100r1o25ey6rtwsvq,cmmx6howt0000bi1zgfsisou2,2026-05-13 20:43:51.682,76.44183773216031,26.7,66.0,79.9,7.0,23.0,33.0,66.0
cmp4j1wx400r3o25etmdzhan9,cmmx6howt0000bi1zgfsisou2,2026-05-13 20:43:55.198,73.90029325513197,26.7,66.0,0.0,7.0,23.0,33.0,66.0
cmp4j1zm600r5o25e885fu1x2,cmmx6howt0000bi1zgfsisou2,2026-05-13 20:43:58.706,60.99706744868035,26.7,66.0,65.88,7.0,23.0,33.0,66.0
cmp4j22bm00r7o25e1lj0qnfd,cmmx6howt0000bi1zgfsisou2,2026-05-13 20:44:02.216,54.05669599217986,26.6,65.0,78.91,7.0,23.0,33.0,66.0
cmp4j251700r9o25eqy8zdv7n,cmmx6howt0000bi1zgfsisou2,2026-05-13 20:44:05.723,52.88367546432062,26.7,65.0,78.91,7.0,23.0,33.0,66.0
cmp4j27rh00rbo25e4yl62yxn,cmmx6howt0000bi1zgfsisou2,2026-05-13 20:44:09.232,52.88367546432062,26.7,65.0,78.68,7.0,23.0,33.0,66.0
cmp4j2ahm00rdo25ezjol8l71,cmmx6howt0000bi1zgfsisou2,2026-05-13 20:44:12.741,52.59042033235581,26.7,65.0,78.87,7.0,23.0,33.0,66.0
cmp4j2d5c00rfo25eqa5bw8t7,cmmx6howt0000bi1zgfsisou2,2026-05-13 20:44:16.249,52.39491691104594,26.7,65.0,78.91,7.0,23.0,33.0,66.0
cmp4j2fvh00rho25ea0796b6b,cmmx6howt0000bi1zgfsisou2,2026-05-13 20:44:19.758,52.29716520039101,26.7,66.0,78.68,7.0,23.0,33.0,66.0
cmp4j2ikj00rjo25eq3e47w4s,cmmx6howt0000bi1zgfsisou2,2026-05-13 20:44:23.267,51.90615835777126,26.7,65.0,65.72,7.0,23.0,33.0,66.0
cmp4j2lak00rlo25ec46q6ajo,cmmx6howt0000bi1zgfsisou2,2026-05-13 20:44:26.782,53.95894428152492,26.6,66.0,0.0,7.0,23.0,33.0,66.0
cmp4j2nzj00rno25e7e3idim8,cmmx6howt0000bi1zgfsisou2,2026-05-13 20:44:30.290,58.35777126099706,26.7,66.0,100.0,7.0,23.0,33.0,66.0
cmp4j2qoy00rpo25eedemcq8o,cmmx6howt0000bi1zgfsisou2,2026-05-13 20:44:33.799,53.3724340175953,26.7,66.0,100.0,7.0,23.0,33.0,66.0
cmp4j2tee00rro25ecksew813,cmmx6howt0000bi1zgfsisou2,2026-05-13 20:44:37.308,53.3724340175953,26.7,66.0,100.0,7.0,23.0,33.0,66.0
cmp4j2w3z00rto25eu3n52gfp,cmmx6howt0000bi1zgfsisou2,2026-05-13 20:44:40.817,53.3724340175953,26.7,66.0,100.0,7.0,23.0,33.0,66.0
cmp4j2yut00rvo25e1dkrhw0c,cmmx6howt0000bi1zgfsisou2,2026-05-13 20:44:44.326,53.47018572825024,26.7,66.0,100.0,7.0,23.0,33.0,66.0
cmp4j31iv00rxo25ev4abhym9,cmmx6howt0000bi1zgfsisou2,2026-05-13 20:44:47.836,53.47018572825024,26.7,66.0,100.0,7.0,23.0,33.0,66.0
cmp4j348e00rzo25efyfsvhnw,cmmx6howt0000bi1zgfsisou2,2026-05-13 20:44:51.345,53.3724340175953,26.7,66.0,100.0,7.0,23.0,33.0,66.0
cmp4j36xy00s1o25evbs20az9,cmmx6howt0000bi1zgfsisou2,2026-05-13 20:44:54.854,53.3724340175953,26.7,66.0,100.0,7.0,23.0,33.0,66.0
cmp4j39nn00s3o25etaur5y57,cmmx6howt0000bi1zgfsisou2,2026-05-13 20:44:58.363,53.3724340175953,26.7,66.0,100.0,7.0,23.0,33.0,66.0
cmp4j3ccy00s5o25egng74riq,cmmx6howt0000bi1zgfsisou2,2026-05-13 20:45:01.872,53.3724340175953,26.7,66.0,100.0,7.0,23.0,33.0,66.0
cmp4j3f2900s7o25efib6yuzc,cmmx6howt0000bi1zgfsisou2,2026-05-13 20:45:05.381,53.3724340175953,26.7,66.0,100.0,7.0,23.0,33.0,66.0
cmp4j3hrp00s9o25e3ogz3gnq,cmmx6howt0000bi1zgfsisou2,2026-05-13 20:45:08.890,53.3724340175953,26.7,66.0,100.0,7.0,23.0,33.0,66.0
cmp4j3khd00sbo25e32xfw4sf,cmmx6howt0000bi1zgfsisou2,2026-05-13 20:45:12.399,53.47018572825024,26.7,66.0,100.0,7.0,23.0,33.0,66.0
cmp4j3n6t00sdo25eujt7pagv,cmmx6howt0000bi1zgfsisou2,2026-05-13 20:45:15.914,50.24437927663734,26.7,66.0,0.0,7.0,23.0,33.0,66.0
cmp4j3pwu00sfo25eduri5v5o,cmmx6howt0000bi1zgfsisou2,2026-05-13 20:45:19.424,55.13196480938416,26.7,67.0,39.01,7.0,23.0,33.0,66.0
cmp4j3slv00sho25elsnm20ts,cmmx6howt0000bi1zgfsisou2,2026-05-13 20:45:22.933,50.83088954056696,26.6,66.0,39.31,7.0,23.0,33.0,66.0
cmp4j3vbz00sjo25ea8w8ue67,cmmx6howt0000bi1zgfsisou2,2026-05-13 20:45:26.444,51.12414467253177,26.7,66.0,39.31,7.0,23.0,33.0,66.0
cmp4j3y4o00slo25esx3l6vsx,cmmx6howt0000bi1zgfsisou2,2026-05-13 20:45:29.953,54.64320625610948,26.7,66.0,39.08,7.0,23.0,33.0,66.0
cmp4j40qw00sno25excg0arkf,cmmx6howt0000bi1zgfsisou2,2026-05-13 20:45:33.462,57.96676441837732,26.7,66.0,39.08,7.0,23.0,33.0,66.0
cmp4j43gb00spo25exjsezemt,cmmx6howt0000bi1zgfsisou2,2026-05-13 20:45:36.972,58.16226783968719,26.7,67.0,52.35,7.0,23.0,33.0,66.0
cmp4j465b00sro25ecdxwzgyb,cmmx6howt0000bi1zgfsisou2,2026-05-13 20:45:40.481,58.26001955034212,26.7,67.0,71.67,7.0,23.0,33.0,66.0
cmp4j48v900sto25ebsfknysn,cmmx6howt0000bi1zgfsisou2,2026-05-13 20:45:43.990,47.21407624633432,26.7,67.0,45.6,7.0,23.0,33.0,66.0
cmp4j4bke00svo25e218x909j,cmmx6howt0000bi1zgfsisou2,2026-05-13 20:45:47.500,46.43206256109482,26.7,67.0,39.28,7.0,23.0,33.0,66.0
cmp4j4eb900sxo25e0q9m31ql,cmmx6howt0000bi1zgfsisou2,2026-05-13 20:45:51.063,44.96578690127077,26.7,67.0,31.58,7.0,23.0,33.0,66.0
cmp4j4h0t00szo25e1pgr5e46,cmmx6howt0000bi1zgfsisou2,2026-05-13 20:45:54.572,45.55229716520039,26.7,67.0,100.0,7.0,23.0,33.0,66.0
cmp4j4jqa00t1o25e0eslr8my,cmmx6howt0000bi1zgfsisou2,2026-05-13 20:45:58.079,65.00488758553274,26.7,67.0,100.0,7.0,23.0,33.0,66.0
cmp4j4mg200t3o25et132jbkv,cmmx6howt0000bi1zgfsisou2,2026-05-13 20:46:01.588,68.23069403714565,26.7,67.0,100.0,7.0,23.0,33.0,66.0
cmp4j4p5000t5o25exrgfk2i1,cmmx6howt0000bi1zgfsisou2,2026-05-13 20:46:05.097,68.03519061583579,26.7,67.0,100.0,7.0,23.0,32.0,65.0
cmp4j4rum00t7o25egcqoxkdu,cmmx6howt0000bi1zgfsisou2,2026-05-13 20:46:08.606,67.93743890518084,26.7,67.0,100.0,7.0,23.0,32.0,65.0
cmp4j4uks00t9o25egsobpmkw,cmmx6howt0000bi1zgfsisou2,2026-05-13 20:46:12.115,69.79472140762464,26.7,67.0,100.0,7.0,23.0,32.0,65.0
cmp4j4x9k00tbo25e5jgui10w,cmmx6howt0000bi1zgfsisou2,2026-05-13 20:46:15.624,69.20821114369502,26.7,67.0,100.0,7.0,23.0,32.0,65.0
cmp4j4zz100tdo25eiddst10a,cmmx6howt0000bi1zgfsisou2,2026-05-13 20:46:19.134,68.71945259042033,26.7,67.0,100.0,7.0,23.0,32.0,65.0
cmp4j52og00tfo25eqy5bcixk,cmmx6howt0000bi1zgfsisou2,2026-05-13 20:46:22.642,69.30596285434996,26.7,67.0,100.0,7.0,23.0,32.0,65.0
cmp4j55dw00tho25e6ez70o2k,cmmx6howt0000bi1zgfsisou2,2026-05-13 20:46:26.153,70.08797653958945,26.7,66.0,32.76,7.0,23.0,32.0,65.0
cmp4j583g00tjo25emmhhx5hx,cmmx6howt0000bi1zgfsisou2,2026-05-13 20:46:29.661,69.99022482893452,26.7,66.0,100.0,7.0,23.0,32.0,65.0
cmp4j5asy00tlo25eaizlua6t,cmmx6howt0000bi1zgfsisou2,2026-05-13 20:46:33.170,69.40371456500489,26.7,66.0,100.0,7.0,23.0,32.0,65.0
cmp4j5dj600tno25e8tkbfvhi,cmmx6howt0000bi1zgfsisou2,2026-05-13 20:46:36.680,69.99022482893452,26.7,66.0,100.0,7.0,23.0,32.0,65.0
cmp4j5g8j00tpo25ejzn5aqi8,cmmx6howt0000bi1zgfsisou2,2026-05-13 20:46:40.189,70.28347996089931,26.7,66.0,100.0,7.0,23.0,32.0,65.0
cmp4j5ixt00tro25ebmplrspl,cmmx6howt0000bi1zgfsisou2,2026-05-13 20:46:43.698,70.18572825024438,26.7,66.0,100.0,7.0,23.0,32.0,65.0
cmp4j5lms00tto25equn2ax48,cmmx6howt0000bi1zgfsisou2,2026-05-13 20:46:47.208,70.38123167155426,26.7,66.0,93.05,7.0,23.0,32.0,65.0
cmp4j5occ00tvo25e7a71xhzm,cmmx6howt0000bi1zgfsisou2,2026-05-13 20:46:50.716,70.38123167155426,26.7,66.0,79.29,7.0,23.0,32.0,65.0
cmp4j5r2500txo25efyga8kvk,cmmx6howt0000bi1zgfsisou2,2026-05-13 20:46:54.224,70.4789833822092,26.7,66.0,89.01,7.0,23.0,32.0,65.0
cmp4j5trd00tzo25enqeoofep,cmmx6howt0000bi1zgfsisou2,2026-05-13 20:46:57.734,70.4789833822092,26.7,66.0,82.3,7.0,23.0,32.0,65.0
cmp4j5wgo00u1o25eepk45jhm,cmmx6howt0000bi1zgfsisou2,2026-05-13 20:47:01.242,70.4789833822092,26.7,66.0,82.49,7.0,23.0,32.0,65.0
cmp4j5z6400u3o25eq7x78q5b,cmmx6howt0000bi1zgfsisou2,2026-05-13 20:47:04.750,70.38123167155426,26.7,66.0,82.53,7.0,23.0,32.0,65.0
cmp4j61vq00u5o25ebqfp3kgg,cmmx6howt0000bi1zgfsisou2,2026-05-13 20:47:08.259,70.67448680351906,26.7,66.0,53.11,7.0,23.0,32.0,65.0
cmp4j64na00u7o25ei7ydepyu,cmmx6howt0000bi1zgfsisou2,2026-05-13 20:47:11.823,74.29130009775172,26.7,66.0,53.49,7.0,23.0,32.0,65.0
cmp4j67cl00u9o25ep5c78vfm,cmmx6howt0000bi1zgfsisou2,2026-05-13 20:47:15.332,74.19354838709677,26.7,66.0,100.0,7.0,23.0,32.0,65.0
cmp4j6a1y00ubo25ebhspo06i,cmmx6howt0000bi1zgfsisou2,2026-05-13 20:47:18.842,74.38905180840665,26.7,66.0,100.0,7.0,23.0,32.0,65.0
cmp4j6cqx00udo25e4de5nk5a,cmmx6howt0000bi1zgfsisou2,2026-05-13 20:47:22.352,74.58455522971651,26.7,66.0,100.0,7.0,23.0,32.0,65.0
cmp4j6fgq00ufo25ezxqiuuhq,cmmx6howt0000bi1zgfsisou2,2026-05-13 20:47:25.863,74.7800586510264,26.7,66.0,100.0,7.0,23.0,33.0,66.0
cmp4j6i6c00uho25ex8omrz45,cmmx6howt0000bi1zgfsisou2,2026-05-13 20:47:29.373,74.7800586510264,26.7,66.0,100.0,7.0,23.0,32.0,65.0
cmp4j6kvm00ujo25e30ghvm2p,cmmx6howt0000bi1zgfsisou2,2026-05-13 20:47:32.882,74.87781036168133,26.7,66.0,100.0,7.0,23.0,32.0,65.0
cmp4j6nl100ulo25e5k0ado2m,cmmx6howt0000bi1zgfsisou2,2026-05-13 20:47:36.393,74.97556207233626,26.7,66.0,94.84,7.0,23.0,32.0,65.0
cmp4j6qah00uno25e748firqz,cmmx6howt0000bi1zgfsisou2,2026-05-13 20:47:39.902,74.87781036168133,26.8,66.0,100.0,7.0,23.0,32.0,65.0
cmp4j6szz00upo25ekx2gz3oa,cmmx6howt0000bi1zgfsisou2,2026-05-13 20:47:43.412,74.97556207233626,26.7,66.0,97.43,7.0,23.0,32.0,65.0
cmp4j6vpo00uro25em1so8rdh,cmmx6howt0000bi1zgfsisou2,2026-05-13 20:47:46.922,74.7800586510264,26.7,66.0,100.0,7.0,23.0,32.0,65.0
cmp4j6yf200uto25e3445q4qj,cmmx6howt0000bi1zgfsisou2,2026-05-13 20:47:50.431,74.7800586510264,26.7,66.0,100.0,7.0,23.0,32.0,65.0
cmp4j714l00uvo25e9b6r2127,cmmx6howt0000bi1zgfsisou2,2026-05-13 20:47:53.942,73.9980449657869,26.7,66.0,100.0,7.0,23.0,32.0,65.0
cmp4j73u600uxo25e925wg32p,cmmx6howt0000bi1zgfsisou2,2026-05-13 20:47:57.452,74.48680351906158,26.7,66.0,100.0,7.0,23.0,32.0,65.0
cmp4j76jz00uzo25ew54ezou4,cmmx6howt0000bi1zgfsisou2,2026-05-13 20:48:00.962,74.09579667644184,26.7,66.0,100.0,7.0,23.0,32.0,65.0
cmp4j799900v1o25e1ejkso40,cmmx6howt0000bi1zgfsisou2,2026-05-13 20:48:04.473,72.82502443792767,26.7,66.0,100.0,7.0,23.0,32.0,65.0
cmp4j7bz000v3o25ejfx15t55,cmmx6howt0000bi1zgfsisou2,2026-05-13 20:48:07.982,75.17106549364614,26.7,66.0,100.0,7.0,23.0,32.0,65.0
cmp4j7eny00v5o25eejc346zw,cmmx6howt0000bi1zgfsisou2,2026-05-13 20:48:11.492,74.29130009775172,26.7,67.0,100.0,7.0,23.0,32.0,65.0
cmp4j7hdl00v7o25evys177g7,cmmx6howt0000bi1zgfsisou2,2026-05-13 20:48:15.002,74.29130009775172,26.7,67.0,100.0,7.0,23.0,32.0,65.0
cmp4j7k2z00v9o25eua8q7qhh,cmmx6howt0000bi1zgfsisou2,2026-05-13 20:48:18.512,74.19354838709677,26.7,67.0,100.0,7.0,23.0,32.0,65.0
cmp4j7msr00vbo25e46dblck7,cmmx6howt0000bi1zgfsisou2,2026-05-13 20:48:22.023,74.19354838709677,26.7,67.0,100.0,7.0,23.0,32.0,65.0
cmp4j7pi100vdo25egvaoijdj,cmmx6howt0000bi1zgfsisou2,2026-05-13 20:48:25.533,74.29130009775172,26.7,67.0,100.0,7.0,23.0,33.0,66.0
cmp4j7s7l00vfo25e7v233g4y,cmmx6howt0000bi1zgfsisou2,2026-05-13 20:48:29.043,74.19354838709677,26.7,66.0,100.0,7.0,23.0,33.0,66.0
cmp4j7ux900vho25e4pga03jc,cmmx6howt0000bi1zgfsisou2,2026-05-13 20:48:32.553,74.19354838709677,26.7,66.0,100.0,7.0,23.0,33.0,65.0
cmp4j7xoy00vjo25ewyeood0q,cmmx6howt0000bi1zgfsisou2,2026-05-13 20:48:36.144,73.60703812316716,26.7,66.0,86.27,7.0,23.0,33.0,66.0
cmp4j80ew00vlo25e1bq0p6ux,cmmx6howt0000bi1zgfsisou2,2026-05-13 20:48:39.680,74.19354838709677,26.7,66.0,85.65,7.0,23.0,33.0,66.0
cmp4j835c00vno25ejj79ryr9,cmmx6howt0000bi1zgfsisou2,2026-05-13 20:48:43.216,74.29130009775172,26.7,67.0,85.65,7.0,23.0,33.0,66.0
cmp4j85yj00vpo25eds46f0mf,cmmx6howt0000bi1zgfsisou2,2026-05-13 20:48:46.752,74.19354838709677,26.7,67.0,85.93,7.0,23.0,33.0,66.0
cmp4j88np00vro25e5io0pzqe,cmmx6howt0000bi1zgfsisou2,2026-05-13 20:48:50.343,74.19354838709677,26.7,67.0,86.17,7.0,23.0,33.0,66.0
cmp4j8bgj00vto25eh8yeaidw,cmmx6howt0000bi1zgfsisou2,2026-05-13 20:48:53.971,74.19354838709677,26.7,67.0,0.0,7.0,23.0,33.0,66.0
cmp4j8e8k00vvo25efp1emzpn,cmmx6howt0000bi1zgfsisou2,2026-05-13 20:48:57.584,74.38905180840665,26.7,67.0,85.69,7.0,23.0,33.0,66.0
cmp4j8gzg00vxo25ebnsd5sug,cmmx6howt0000bi1zgfsisou2,2026-05-13 20:49:01.148,74.48680351906158,26.7,67.0,85.95,7.0,23.0,33.0,66.0
cmp4j8jqn00vzo25ejb4l90rr,cmmx6howt0000bi1zgfsisou2,2026-05-13 20:49:04.711,74.38905180840665,26.7,67.0,85.57,7.0,23.0,33.0,66.0
cmp4j8mh900w1o25ezheuyycl,cmmx6howt0000bi1zgfsisou2,2026-05-13 20:49:08.273,74.48680351906158,26.7,67.0,85.63,7.0,23.0,33.0,66.0
cmp4j8p8v00w3o25et3kjnc8y,cmmx6howt0000bi1zgfsisou2,2026-05-13 20:49:11.836,74.48680351906158,26.7,67.0,85.63,7.0,23.0,33.0,66.0
cmp4j8rzz00w5o25e47myaqmi,cmmx6howt0000bi1zgfsisou2,2026-05-13 20:49:15.426,74.48680351906158,26.7,67.0,85.6,7.0,23.0,33.0,66.0
cmp4j8uqz00w7o25e6deeoy5c,cmmx6howt0000bi1zgfsisou2,2026-05-13 20:49:18.988,74.58455522971651,26.7,67.0,85.95,7.0,23.0,33.0,66.0
cmp4j8xh800w9o25er25qli7x,cmmx6howt0000bi1zgfsisou2,2026-05-13 20:49:22.525,73.60703812316716,26.7,67.0,86.17,7.0,23.0,33.0,66.0
cmp4j907h00wbo25eyf8ybmq8,cmmx6howt0000bi1zgfsisou2,2026-05-13 20:49:26.035,54.44770283479961,26.6,67.0,31.04,7.0,23.0,33.0,66.0
cmp4j92wj00wdo25eogau0rxe,cmmx6howt0000bi1zgfsisou2,2026-05-13 20:49:29.551,46.72531769305963,26.5,66.0,0.0,7.0,23.0,33.0,66.0
cmp4j95q000wfo25exkz2fuen,cmmx6howt0000bi1zgfsisou2,2026-05-13 20:49:33.178,52.88367546432062,26.6,67.0,0.0,7.0,23.0,32.0,65.0
cmp4j98hv00who25eradwta0n,cmmx6howt0000bi1zgfsisou2,2026-05-13 20:49:36.807,52.68817204301075,26.6,67.0,0.0,7.0,23.0,32.0,65.0
cmp4j9b9o00wjo25ec8mr0o81,cmmx6howt0000bi1zgfsisou2,2026-05-13 20:49:40.398,52.39491691104594,26.7,67.0,0.0,7.0,23.0,33.0,66.0
cmp4j9e1p00wlo25epc2qxcr1,cmmx6howt0000bi1zgfsisou2,2026-05-13 20:49:43.991,52.29716520039101,26.7,67.0,0.0,7.0,23.0,33.0,66.0
cmp4j9gud00wno25eg22ve832,cmmx6howt0000bi1zgfsisou2,2026-05-13 20:49:47.619,52.19941348973607,26.7,67.0,0.0,7.0,23.0,33.0,66.0
cmp4j9jni00wpo25erw48adc6,cmmx6howt0000bi1zgfsisou2,2026-05-13 20:49:51.246,52.19941348973607,26.6,67.0,0.0,7.0,23.0,33.0,66.0
cmp4j9mfn00wro25e6lvel1lo,cmmx6howt0000bi1zgfsisou2,2026-05-13 20:49:54.873,52.00391006842619,26.6,67.0,0.0,7.0,23.0,33.0,66.0
cmp4j9p6d00wto25ew2qok36g,cmmx6howt0000bi1zgfsisou2,2026-05-13 20:49:58.422,51.90615835777126,26.6,67.0,0.0,7.0,23.0,33.0,66.0
cmp4j9rz800wvo25ex1vbsyfm,cmmx6howt0000bi1zgfsisou2,2026-05-13 20:50:02.049,51.80840664711632,26.6,67.0,0.0,7.0,23.0,33.0,66.0
cmp4j9us800wxo25ep22v0nfp,cmmx6howt0000bi1zgfsisou2,2026-05-13 20:50:05.676,51.80840664711632,26.6,67.0,0.0,7.0,23.0,33.0,66.0
cmp4j9xl800wzo25e6n91keaf,cmmx6howt0000bi1zgfsisou2,2026-05-13 20:50:09.303,51.71065493646139,26.6,67.0,0.0,7.0,23.0,33.0,66.0
cmp4ja0ce00x1o25ebkipyl8j,cmmx6howt0000bi1zgfsisou2,2026-05-13 20:50:12.896,74.19354838709677,26.6,67.0,0.0,7.0,23.0,33.0,66.0
cmp4ja34z00x3o25erbou8u10,cmmx6howt0000bi1zgfsisou2,2026-05-13 20:50:16.524,74.09579667644184,26.6,67.0,0.0,7.0,23.0,33.0,66.0
cmp4ja5w100x5o25e4lm1nfu5,cmmx6howt0000bi1zgfsisou2,2026-05-13 20:50:20.038,74.19354838709677,26.6,67.0,0.0,7.0,23.0,33.0,66.0
cmp4ja8o700x7o25exzpfc53y,cmmx6howt0000bi1zgfsisou2,2026-05-13 20:50:23.665,73.70478983382209,26.6,67.0,0.0,7.0,23.0,32.0,66.0
cmp4jabgn00x9o25e9kh4tpkj,cmmx6howt0000bi1zgfsisou2,2026-05-13 20:50:27.284,74.29130009775172,26.6,67.0,0.0,7.0,23.0,33.0,66.0
cmp4jae5e00xbo25em6m0gl5p,cmmx6howt0000bi1zgfsisou2,2026-05-13 20:50:30.791,75.75757575757575,26.6,67.0,90.99,7.0,23.0,33.0,66.0
cmp4jagus00xdo25ej9326rrd,cmmx6howt0000bi1zgfsisou2,2026-05-13 20:50:34.301,75.95307917888563,26.7,67.0,90.42,7.0,23.0,33.0,66.0
cmp4jajkj00xfo25e887h6da9,cmmx6howt0000bi1zgfsisou2,2026-05-13 20:50:37.811,75.95307917888563,26.6,67.0,84.93,7.0,23.0,33.0,66.0
cmp4jam9w00xho25ehaqx34pa,cmmx6howt0000bi1zgfsisou2,2026-05-13 20:50:41.320,75.95307917888563,26.7,67.0,89.47,7.0,23.0,33.0,66.0
cmp4jaozc00xjo25e4jo1qex0,cmmx6howt0000bi1zgfsisou2,2026-05-13 20:50:44.830,76.05083088954056,26.7,67.0,92.86,7.0,23.0,33.0,66.0
cmp4jarp500xlo25e9bhejzxz,cmmx6howt0000bi1zgfsisou2,2026-05-13 20:50:48.339,75.56207233626589,26.6,67.0,87.56,7.0,23.0,33.0,66.0
cmp4jaueo00xno25e26rdr3jj,cmmx6howt0000bi1zgfsisou2,2026-05-13 20:50:51.849,76.1485826001955,26.6,67.0,89.24,7.0,23.0,33.0,66.0
cmp4jax3t00xpo25eyaa7ptu5,cmmx6howt0000bi1zgfsisou2,2026-05-13 20:50:55.358,76.1485826001955,26.6,67.0,89.66,7.0,23.0,33.0,66.0
cmp4jaztu00xro25euhtgjmu2,cmmx6howt0000bi1zgfsisou2,2026-05-13 20:50:58.869,76.24633431085044,26.7,67.0,80.09,7.0,23.0,33.0,66.0
cmp4jb2is00xto25eyju2okq3,cmmx6howt0000bi1zgfsisou2,2026-05-13 20:51:02.377,76.1485826001955,26.6,67.0,87.22,7.0,23.0,33.0,66.0
cmp4jb58800xvo25egxvv3de6,cmmx6howt0000bi1zgfsisou2,2026-05-13 20:51:05.886,76.1485826001955,26.6,67.0,89.66,7.0,23.0,33.0,66.0
cmp4jb7xp00xxo25eo8d7cbrd,cmmx6howt0000bi1zgfsisou2,2026-05-13 20:51:09.396,76.1485826001955,26.6,67.0,89.16,7.0,23.0,33.0,66.0
cmp4jban600xzo25eobh7y6hn,cmmx6howt0000bi1zgfsisou2,2026-05-13 20:51:12.905,76.05083088954056,26.6,66.0,89.7,7.0,23.0,33.0,66.0
cmp4jbdd100y1o25edq2z8evh,cmmx6howt0000bi1zgfsisou2,2026-05-13 20:51:16.421,73.31378299120234,26.6,66.0,0.0,7.0,23.0,33.0,66.0
cmp4jbg2v00y3o25eugtligoh,cmmx6howt0000bi1zgfsisou2,2026-05-13 20:51:19.928,60.41055718475074,26.6,66.0,100.0,7.0,23.0,33.0,66.0
cmp4jbisc00y5o25etgl6lksu,cmmx6howt0000bi1zgfsisou2,2026-05-13 20:51:23.437,49.26686217008798,26.5,66.0,100.0,7.0,23.0,33.0,66.0
cmp4jblh200y7o25eioygpzm2,cmmx6howt0000bi1zgfsisou2,2026-05-13 20:51:26.946,46.23655913978495,26.5,65.0,100.0,7.0,23.0,33.0,66.0
cmp4jbo6o00y9o25etczzqa4m,cmmx6howt0000bi1zgfsisou2,2026-05-13 20:51:30.455,47.89833822091887,26.5,66.0,100.0,7.0,23.0,33.0,66.0
cmp4jbqwb00ybo25eqp4z5hm3,cmmx6howt0000bi1zgfsisou2,2026-05-13 20:51:33.964,47.89833822091887,26.5,66.0,100.0,7.0,23.0,33.0,66.0
cmp4jbtme00ydo25eosg5rb3o,cmmx6howt0000bi1zgfsisou2,2026-05-13 20:51:37.472,48.09384164222874,26.5,66.0,100.0,7.0,23.0,33.0,66.0
cmp4jbwba00yfo25ewspbmf11,cmmx6howt0000bi1zgfsisou2,2026-05-13 20:51:40.982,47.99608993157381,26.5,66.0,100.0,7.0,23.0,33.0,66.0
cmp4jbz3800yho25eqtxlt4i7,cmmx6howt0000bi1zgfsisou2,2026-05-13 20:51:44.491,47.89833822091887,26.5,66.0,100.0,7.0,23.0,33.0,66.0
cmp4jc1q500yjo25e90vspsal,cmmx6howt0000bi1zgfsisou2,2026-05-13 20:51:48.000,47.99608993157381,26.5,66.0,100.0,7.0,23.0,33.0,66.0
cmp4jc4g500ylo25ejz9fu7xj,cmmx6howt0000bi1zgfsisou2,2026-05-13 20:51:51.508,47.89833822091887,26.5,66.0,100.0,7.0,23.0,33.0,66.0
cmp4jc74z00yno25e2ijso5br,cmmx6howt0000bi1zgfsisou2,2026-05-13 20:51:55.017,47.89833822091887,26.5,66.0,100.0,7.0,23.0,33.0,66.0
cmp4jc9uz00ypo25etw9rlidy,cmmx6howt0000bi1zgfsisou2,2026-05-13 20:51:58.526,47.89833822091887,26.5,66.0,100.0,7.0,23.0,33.0,66.0
cmp4jcckg00yro25efd2q3nca,cmmx6howt0000bi1zgfsisou2,2026-05-13 20:52:02.034,47.89833822091887,26.5,66.0,100.0,7.0,23.0,33.0,66.0
cmp4jcf9w00yto25earbdmgqz,cmmx6howt0000bi1zgfsisou2,2026-05-13 20:52:05.544,47.89833822091887,26.5,66.0,100.0,7.0,23.0,33.0,66.0
cmp4jchz100yvo25evi2durzu,cmmx6howt0000bi1zgfsisou2,2026-05-13 20:52:09.052,47.80058651026393,26.5,66.0,100.0,7.0,23.0,33.0,66.0
cmp4jckog00yxo25enwexb43s,cmmx6howt0000bi1zgfsisou2,2026-05-13 20:52:12.561,47.80058651026393,26.5,66.0,100.0,7.0,23.0,33.0,66.0
cmp4jcnds00yzo25ewazcqm4u,cmmx6howt0000bi1zgfsisou2,2026-05-13 20:52:16.070,47.89833822091887,26.5,66.0,100.0,7.0,23.0,33.0,66.0
cmp4jcq3h00z1o25ebeq1to5t,cmmx6howt0000bi1zgfsisou2,2026-05-13 20:52:19.578,47.80058651026393,26.5,66.0,100.0,7.0,23.0,33.0,66.0
cmp4jcssv00z3o25efl8slsoa,cmmx6howt0000bi1zgfsisou2,2026-05-13 20:52:23.088,47.89833822091887,26.5,66.0,100.0,7.0,23.0,33.0,66.0
cmp4jcvj600z5o25ednpvrsx5,cmmx6howt0000bi1zgfsisou2,2026-05-13 20:52:26.596,47.80058651026393,26.5,66.0,100.0,7.0,23.0,33.0,66.0
cmp4jcy8800z7o25ej3yiuscq,cmmx6howt0000bi1zgfsisou2,2026-05-13 20:52:30.105,47.80058651026393,26.5,66.0,100.0,7.0,23.0,33.0,66.0
cmp4jd0xa00z9o25ej1cj5xzu,cmmx6howt0000bi1zgfsisou2,2026-05-13 20:52:33.614,47.89833822091887,26.5,66.0,100.0,7.0,23.0,33.0,66.0
cmp4jd3mu00zbo25ejl5sog3i,cmmx6howt0000bi1zgfsisou2,2026-05-13 20:52:37.123,47.80058651026393,26.5,66.0,100.0,7.0,23.0,33.0,66.0
cmp4jd6dw00zdo25em1slpj76,cmmx6howt0000bi1zgfsisou2,2026-05-13 20:52:40.691,44.67253176930597,26.5,66.0,0.0,7.0,23.0,33.0,66.0
cmp4jd93900zfo25ekik2ttpk,cmmx6howt0000bi1zgfsisou2,2026-05-13 20:52:44.201,52.49266862170088,26.5,67.0,41.33,7.0,23.0,33.0,66.0
cmp4jdbsw00zho25ecynm05w1,cmmx6howt0000bi1zgfsisou2,2026-05-13 20:52:47.710,45.94330400782014,26.4,66.0,62.94,7.0,23.0,33.0,66.0
cmp4jdeil00zjo25e7xnssacj,cmmx6howt0000bi1zgfsisou2,2026-05-13 20:52:51.218,45.94330400782014,26.4,66.0,63.06,7.0,23.0,33.0,66.0
cmp4jdh7i00zlo25ec2p2u5qt,cmmx6howt0000bi1zgfsisou2,2026-05-13 20:52:54.727,64.32062561094818,26.5,66.0,73.77,7.0,23.0,33.0,66.0
cmp4jdjx100zno25enpmjmxpd,cmmx6howt0000bi1zgfsisou2,2026-05-13 20:52:58.235,66.66666666666667,26.5,66.0,94.5,7.0,23.0,33.0,66.0
cmp4jdmnt00zpo25ernvi9zx2,cmmx6howt0000bi1zgfsisou2,2026-05-13 20:53:01.743,66.56891495601174,26.5,66.0,100.0,7.0,23.0,32.0,65.0
cmp4jdpby00zro25e1ufquxz7,cmmx6howt0000bi1zgfsisou2,2026-05-13 20:53:05.252,66.56891495601174,26.5,66.0,100.0,7.0,23.0,32.0,65.0
cmp4jds1o00zto25e7h1mrjh4,cmmx6howt0000bi1zgfsisou2,2026-05-13 20:53:08.761,66.27565982404693,26.5,66.0,100.0,7.0,23.0,33.0,66.0
cmp4jdur600zvo25ex8j21u4r,cmmx6howt0000bi1zgfsisou2,2026-05-13 20:53:12.277,67.74193548387098,26.5,66.0,0.0,7.0,23.0,33.0,66.0
cmp4jdxgl00zxo25e23g1qqsx,cmmx6howt0000bi1zgfsisou2,2026-05-13 20:53:15.786,74.19354838709677,26.5,67.0,92.86,7.0,23.0,33.0,66.0
cmp4je06400zzo25ekf1rcw8r,cmmx6howt0000bi1zgfsisou2,2026-05-13 20:53:19.295,74.09579667644184,26.5,67.0,60.81,7.0,23.0,33.0,66.0
cmp4je2w70101o25e5uiwwkaw,cmmx6howt0000bi1zgfsisou2,2026-05-13 20:53:22.806,73.9980449657869,26.5,67.0,27.61,7.0,23.0,33.0,66.0
cmp4je5la0103o25e9a4jn6ks,cmmx6howt0000bi1zgfsisou2,2026-05-13 20:53:26.321,73.70478983382209,26.5,67.0,8.6,7.0,23.0,33.0,66.0
cmp4je8as0105o25e2rhcmchn,cmmx6howt0000bi1zgfsisou2,2026-05-13 20:53:29.834,73.9980449657869,26.5,67.0,8.82,7.0,23.0,33.0,66.0
cmp4jeb100107o25enk83d3st,cmmx6howt0000bi1zgfsisou2,2026-05-13 20:53:33.348,74.29130009775172,26.5,67.0,8.56,7.0,23.0,33.0,66.0
cmp4jedpu0109o25eyaj75s23,cmmx6howt0000bi1zgfsisou2,2026-05-13 20:53:36.858,74.29130009775172,26.5,67.0,27.61,7.0,23.0,33.0,66.0
cmp4jegfq010bo25eg0ivsxuw,cmmx6howt0000bi1zgfsisou2,2026-05-13 20:53:40.368,74.29130009775172,26.5,67.0,27.57,7.0,23.0,33.0,66.0
cmp4jej4w010do25evfjdciqi,cmmx6howt0000bi1zgfsisou2,2026-05-13 20:53:43.880,74.38905180840665,26.5,67.0,27.57,7.0,23.0,33.0,66.0
cmp4jelum010fo25e45rfg2nx,cmmx6howt0000bi1zgfsisou2,2026-05-13 20:53:47.391,74.38905180840665,26.5,67.0,27.61,7.0,23.0,33.0,66.0
cmp4jeok7010ho25eci0418j4,cmmx6howt0000bi1zgfsisou2,2026-05-13 20:53:50.902,74.38905180840665,26.5,67.0,27.42,7.0,23.0,33.0,66.0
cmp4jer9l010jo25e7mxjlk16,cmmx6howt0000bi1zgfsisou2,2026-05-13 20:53:54.413,74.38905180840665,26.5,67.0,27.35,7.0,23.0,33.0,66.0
cmp4jetyx010lo25eopoia2qe,cmmx6howt0000bi1zgfsisou2,2026-05-13 20:53:57.923,74.48680351906158,26.5,67.0,27.35,7.0,23.0,33.0,66.0
cmp4jewoh010no25emi7gtl4f,cmmx6howt0000bi1zgfsisou2,2026-05-13 20:54:01.434,74.38905180840665,26.5,67.0,27.61,7.0,23.0,33.0,66.0
cmp4jeze3010po25e5seav9rw,cmmx6howt0000bi1zgfsisou2,2026-05-13 20:54:04.945,74.48680351906158,26.5,67.0,27.61,7.0,23.0,33.0,66.0
cmp4jf23o010ro25eugqtyhbc,cmmx6howt0000bi1zgfsisou2,2026-05-13 20:54:08.456,73.90029325513197,26.5,67.0,27.57,7.0,23.0,33.0,66.0
cmp4jf4t1010to25ez00ppgsa,cmmx6howt0000bi1zgfsisou2,2026-05-13 20:54:11.967,74.48680351906158,26.6,67.0,27.69,7.0,23.0,33.0,66.0
cmp4jf7ih010vo25e21su8tb6,cmmx6howt0000bi1zgfsisou2,2026-05-13 20:54:15.478,74.58455522971651,26.5,67.0,27.61,7.0,23.0,33.0,66.0
cmp4jfa8i010xo25emz6bfmxa,cmmx6howt0000bi1zgfsisou2,2026-05-13 20:54:18.989,74.58455522971651,26.5,67.0,27.65,7.0,23.0,33.0,66.0
cmp4jfcxy010zo25ecg3lw1tr,cmmx6howt0000bi1zgfsisou2,2026-05-13 20:54:22.500,74.48680351906158,26.5,67.0,27.65,7.0,23.0,33.0,66.0
cmp4jffno0111o25es19wtwzj,cmmx6howt0000bi1zgfsisou2,2026-05-13 20:54:26.011,74.58455522971651,26.6,67.0,27.65,7.0,23.0,33.0,66.0
cmp4jficx0113o25e3xp0fael,cmmx6howt0000bi1zgfsisou2,2026-05-13 20:54:29.522,74.48680351906158,26.5,67.0,27.42,7.0,23.0,33.0,66.0
cmp4jfl2r0115o25ek0d9ep0n,cmmx6howt0000bi1zgfsisou2,2026-05-13 20:54:33.034,74.58455522971651,26.6,67.0,27.31,7.0,23.0,33.0,66.0
cmp4jfnru0117o25eylbtulxl,cmmx6howt0000bi1zgfsisou2,2026-05-13 20:54:36.544,74.58455522971651,26.6,67.0,27.61,7.0,23.0,33.0,66.0
cmp4jfqh10119o25evptxvhaz,cmmx6howt0000bi1zgfsisou2,2026-05-13 20:54:40.055,74.48680351906158,26.6,67.0,27.61,7.0,23.0,33.0,66.0
cmp4jft6s011bo25enxr6ivbj,cmmx6howt0000bi1zgfsisou2,2026-05-13 20:54:43.567,74.38905180840665,26.6,67.0,27.65,7.0,23.0,33.0,66.0
cmp4jfvwu011do25eocjpsrsm,cmmx6howt0000bi1zgfsisou2,2026-05-13 20:54:47.078,73.90029325513197,26.6,67.0,27.54,7.0,23.0,33.0,66.0
cmp4jfyls011fo25efhy7z4ma,cmmx6howt0000bi1zgfsisou2,2026-05-13 20:54:50.589,74.48680351906158,26.6,67.0,27.65,7.0,23.0,33.0,66.0
cmp4jg1bq011ho25e6u569qqt,cmmx6howt0000bi1zgfsisou2,2026-05-13 20:54:54.100,74.58455522971651,26.5,67.0,27.61,7.0,23.0,33.0,66.0
cmp4jg410011jo25ej6vv07j8,cmmx6howt0000bi1zgfsisou2,2026-05-13 20:54:57.610,74.48680351906158,26.6,67.0,27.57,7.0,23.0,33.0,66.0
cmp4jg6qf011lo25epykdlnh0,cmmx6howt0000bi1zgfsisou2,2026-05-13 20:55:01.122,74.58455522971651,26.6,67.0,27.35,7.0,23.0,33.0,66.0
cmp4jg9gc011no25e65i3pyb1,cmmx6howt0000bi1zgfsisou2,2026-05-13 20:55:04.633,74.58455522971651,26.6,67.0,27.58,7.0,23.0,33.0,66.0
cmp4jgc6c011po25ejnjh0yy6,cmmx6howt0000bi1zgfsisou2,2026-05-13 20:55:08.144,74.58455522971651,26.6,67.0,27.61,7.0,23.0,33.0,66.0
cmp4jgev6011ro25eg9i9wmwy,cmmx6howt0000bi1zgfsisou2,2026-05-13 20:55:11.655,74.58455522971651,26.6,67.0,27.58,7.0,23.0,33.0,66.0
cmp4jghki011to25efvbd4f58,cmmx6howt0000bi1zgfsisou2,2026-05-13 20:55:15.166,74.58455522971651,26.6,67.0,27.58,7.0,23.0,33.0,66.0
cmp4jgk9x011vo25eswmtatlh,cmmx6howt0000bi1zgfsisou2,2026-05-13 20:55:18.676,74.58455522971651,26.6,67.0,27.27,7.0,23.0,33.0,66.0
cmp4jgmzy011xo25erjwu8tcv,cmmx6howt0000bi1zgfsisou2,2026-05-13 20:55:22.188,74.48680351906158,26.6,67.0,27.57,7.0,23.0,33.0,66.0
cmp4jgpp5011zo25e3qvnrs1m,cmmx6howt0000bi1zgfsisou2,2026-05-13 20:55:25.699,74.19354838709677,26.6,67.0,27.65,7.0,23.0,33.0,66.0
cmp4jgseo0121o25ebi79zbz6,cmmx6howt0000bi1zgfsisou2,2026-05-13 20:55:29.210,74.48680351906158,26.6,67.0,27.61,7.0,23.0,33.0,66.0
cmp4jgv4l0123o25em2zseefc,cmmx6howt0000bi1zgfsisou2,2026-05-13 20:55:32.721,74.58455522971651,26.6,67.0,27.27,7.0,23.0,33.0,66.0
cmp4jgxts0125o25est1vy8qe,cmmx6howt0000bi1zgfsisou2,2026-05-13 20:55:36.232,74.58455522971651,26.6,67.0,27.61,7.0,23.0,33.0,66.0
cmp4jh0j50127o25e30k8fm28,cmmx6howt0000bi1zgfsisou2,2026-05-13 20:55:39.743,74.48680351906158,26.6,67.0,27.58,7.0,23.0,33.0,66.0
cmp4jh38s0129o25e44xfgt15,cmmx6howt0000bi1zgfsisou2,2026-05-13 20:55:43.254,74.58455522971651,26.6,67.0,27.31,7.0,23.0,33.0,66.0
cmp4jh5yt012bo25ezkl0oo5g,cmmx6howt0000bi1zgfsisou2,2026-05-13 20:55:46.765,74.58455522971651,26.6,67.0,27.58,7.0,23.0,33.0,66.0
cmp4jh8ob012do25exbyx6p3e,cmmx6howt0000bi1zgfsisou2,2026-05-13 20:55:50.276,74.58455522971651,26.6,67.0,27.57,7.0,23.0,33.0,66.0
cmp4jhbds012fo25epuog3oa1,cmmx6howt0000bi1zgfsisou2,2026-05-13 20:55:53.787,74.48680351906158,26.6,67.0,27.61,7.0,23.0,33.0,66.0
cmp4jhe2x012ho25e3nbnt4z1,cmmx6howt0000bi1zgfsisou2,2026-05-13 20:55:57.299,74.58455522971651,26.6,67.0,27.61,7.0,23.0,33.0,66.0
cmp4jhgss012jo25eezkrj1w6,cmmx6howt0000bi1zgfsisou2,2026-05-13 20:56:00.810,74.58455522971651,26.7,67.0,27.38,7.0,23.0,33.0,66.0
cmp4jhjil012lo25eaa63oa6u,cmmx6howt0000bi1zgfsisou2,2026-05-13 20:56:04.321,74.58455522971651,26.7,67.0,27.65,7.0,23.0,33.0,66.0
cmp4jhm7y012no25exbvk0hlu,cmmx6howt0000bi1zgfsisou2,2026-05-13 20:56:07.831,73.90029325513197,26.6,67.0,27.65,7.0,23.0,33.0,66.0
cmp4jhoxg012po25ec2qw23tg,cmmx6howt0000bi1zgfsisou2,2026-05-13 20:56:11.342,74.58455522971651,26.6,67.0,27.35,7.0,23.0,33.0,66.0
cmp4jhrmo012ro25en5sp2tje,cmmx6howt0000bi1zgfsisou2,2026-05-13 20:56:14.860,73.80254154447702,26.5,67.0,0.0,7.0,23.0,33.0,66.0
cmp4jhud5012to25eacrhheh8,cmmx6howt0000bi1zgfsisou2,2026-05-13 20:56:18.375,73.80254154447702,26.6,67.0,0.0,7.0,23.0,33.0,66.0
cmp4jhx2h012vo25efm9ft7ru,cmmx6howt0000bi1zgfsisou2,2026-05-13 20:56:21.889,73.70478983382209,26.6,67.0,0.0,7.0,23.0,33.0,66.0
cmp4jhzrx012xo25edvpl6x29,cmmx6howt0000bi1zgfsisou2,2026-05-13 20:56:25.404,73.80254154447702,26.6,67.0,0.0,7.0,23.0,33.0,66.0
cmp4ji2h3012zo25eqmyt5uyy,cmmx6howt0000bi1zgfsisou2,2026-05-13 20:56:28.919,73.70478983382209,26.6,67.0,0.0,7.0,23.0,33.0,66.0
cmp4ji57d0131o25e0qm12azu,cmmx6howt0000bi1zgfsisou2,2026-05-13 20:56:32.434,73.70478983382209,26.6,67.0,0.0,7.0,23.0,33.0,66.0
cmp4ji7wb0133o25ej149useu,cmmx6howt0000bi1zgfsisou2,2026-05-13 20:56:35.949,73.70478983382209,26.6,67.0,0.0,7.0,23.0,33.0,66.0
cmp4jiamj0135o25eq0lzisga,cmmx6howt0000bi1zgfsisou2,2026-05-13 20:56:39.464,73.70478983382209,26.6,67.0,0.0,7.0,23.0,33.0,66.0
cmp4jidbj0137o25esr3lmlmf,cmmx6howt0000bi1zgfsisou2,2026-05-13 20:56:42.974,73.02052785923753,26.6,67.0,31.46,7.0,23.0,33.0,66.0
cmp4jig1c0139o25eb3me4x3n,cmmx6howt0000bi1zgfsisou2,2026-05-13 20:56:46.485,73.50928641251222,26.6,67.0,23.5,7.0,23.0,33.0,66.0
cmp4jiir7013bo25eh5vbz38j,cmmx6howt0000bi1zgfsisou2,2026-05-13 20:56:49.996,73.70478983382209,26.6,67.0,31.46,7.0,23.0,33.0,66.0
cmp4jilgx013do25e52mxvacb,cmmx6howt0000bi1zgfsisou2,2026-05-13 20:56:53.513,73.60703812316716,26.6,67.0,0.0,7.0,23.0,33.0,66.0
cmp4jio5u013fo25esp2c3o05,cmmx6howt0000bi1zgfsisou2,2026-05-13 20:56:57.026,73.70478983382209,26.6,67.0,0.0,7.0,23.0,33.0,66.0
cmp4jiqvb013ho25es50gtqum,cmmx6howt0000bi1zgfsisou2,2026-05-13 20:57:00.535,73.70478983382209,26.6,67.0,31.2,7.0,23.0,33.0,66.0
cmp4jitl2013jo25eceb0k852,cmmx6howt0000bi1zgfsisou2,2026-05-13 20:57:04.051,73.50928641251222,26.6,67.0,0.94,7.0,23.0,33.0,66.0
cmp4jiwas013lo25e689rfb2k,cmmx6howt0000bi1zgfsisou2,2026-05-13 20:57:07.560,73.60703812316716,26.5,67.0,16.22,7.0,23.0,33.0,66.0
cmp4jiz0k013no25e3ccz4tfa,cmmx6howt0000bi1zgfsisou2,2026-05-13 20:57:11.078,73.21603128054741,26.6,67.0,1.24,7.0,23.0,33.0,66.0
cmp4jj1pv013po25e8zb3ylqs,cmmx6howt0000bi1zgfsisou2,2026-05-13 20:57:14.588,73.11827956989248,26.6,67.0,16.14,7.0,23.0,33.0,66.0
cmp4jj4ga013ro25eddp8w6bc,cmmx6howt0000bi1zgfsisou2,2026-05-13 20:57:18.105,72.53176930596285,26.6,67.0,0.0,7.0,23.0,33.0,66.0
cmp4jj752013to25ez3fvbesf,cmmx6howt0000bi1zgfsisou2,2026-05-13 20:57:21.620,72.72727272727273,26.6,67.0,0.0,7.0,23.0,33.0,66.0
cmp4jj9v9013vo25ei3px0ggx,cmmx6howt0000bi1zgfsisou2,2026-05-13 20:57:25.134,73.02052785923753,26.6,67.0,0.0,7.0,23.0,33.0,66.0
cmp4jjckd013xo25e6pcz0ozr,cmmx6howt0000bi1zgfsisou2,2026-05-13 20:57:28.648,73.21603128054741,26.6,67.0,0.0,7.0,23.0,33.0,66.0
cmp4jjfab013zo25ew7t1tkfj,cmmx6howt0000bi1zgfsisou2,2026-05-13 20:57:32.162,73.11827956989248,26.6,66.0,1.09,7.0,23.0,33.0,66.0
cmp4jji010141o25ewsj4ubtc,cmmx6howt0000bi1zgfsisou2,2026-05-13 20:57:35.677,73.11827956989248,26.6,66.0,0.0,7.0,23.0,33.0,66.0
cmp4jjkpb0143o25egww5xqeq,cmmx6howt0000bi1zgfsisou2,2026-05-13 20:57:39.192,73.11827956989248,26.6,66.0,0.0,7.0,23.0,33.0,66.0
cmp4jjnfc0145o25eg3lklzqe,cmmx6howt0000bi1zgfsisou2,2026-05-13 20:57:42.701,73.21603128054741,26.6,66.0,31.16,7.0,23.0,33.0,66.0
cmp4jjq4y0147o25e6gjrea92,cmmx6howt0000bi1zgfsisou2,2026-05-13 20:57:46.212,73.11827956989248,26.6,66.0,27.65,7.0,23.0,33.0,66.0
cmp4jjsus0149o25edfhyuwku,cmmx6howt0000bi1zgfsisou2,2026-05-13 20:57:49.723,73.11827956989248,26.6,66.0,31.46,7.0,23.0,33.0,66.0
cmp4jjvjo014bo25ei4e2ojas,cmmx6howt0000bi1zgfsisou2,2026-05-13 20:57:53.234,73.02052785923753,26.6,66.0,16.45,7.0,23.0,33.0,66.0
cmp4jjy8t014do25es4lmsthg,cmmx6howt0000bi1zgfsisou2,2026-05-13 20:57:56.746,73.11827956989248,26.5,67.0,31.27,7.0,23.0,33.0,66.0
cmp4jk0y6014fo25ekuh8uznt,cmmx6howt0000bi1zgfsisou2,2026-05-13 20:58:00.256,73.02052785923753,26.6,67.0,31.16,7.0,23.0,33.0,66.0
cmp4jk3og014ho25e4z063rvo,cmmx6howt0000bi1zgfsisou2,2026-05-13 20:58:03.768,73.41153470185728,26.5,67.0,31.46,7.0,23.0,33.0,66.0
cmp4jk6e7014jo25egylfmnm2,cmmx6howt0000bi1zgfsisou2,2026-05-13 20:58:07.279,73.41153470185728,26.6,67.0,20.18,7.0,23.0,33.0,66.0
cmp4jk932014lo25evk93vvtr,cmmx6howt0000bi1zgfsisou2,2026-05-13 20:58:10.791,73.41153470185728,26.5,67.0,19.91,7.0,23.0,33.0,66.0
cmp4jkbsd014no25e690oqcg3,cmmx6howt0000bi1zgfsisou2,2026-05-13 20:58:14.302,73.41153470185728,26.5,67.0,31.35,7.0,23.0,33.0,66.0
cmp4jkeio014po25evt8o33zd,cmmx6howt0000bi1zgfsisou2,2026-05-13 20:58:17.813,73.41153470185728,26.5,67.0,27.61,7.0,23.0,33.0,66.0
cmp4jkh7m014ro25ec48t7oo3,cmmx6howt0000bi1zgfsisou2,2026-05-13 20:58:21.325,73.31378299120234,26.5,67.0,31.16,7.0,23.0,33.0,66.0
cmp4jkjxo014to25el9mrwqr3,cmmx6howt0000bi1zgfsisou2,2026-05-13 20:58:24.837,73.31378299120234,26.6,67.0,31.12,7.0,23.0,33.0,66.0
cmp4jkmn3014vo25e3cwe9qe6,cmmx6howt0000bi1zgfsisou2,2026-05-13 20:58:28.347,73.31378299120234,26.5,67.0,23.57,7.0,23.0,33.0,66.0
cmp4jkpce014xo25ewxjorro6,cmmx6howt0000bi1zgfsisou2,2026-05-13 20:58:31.864,73.21603128054741,26.5,67.0,0.0,7.0,23.0,33.0,66.0
cmp4jks27014zo25egwdx9m9p,cmmx6howt0000bi1zgfsisou2,2026-05-13 20:58:35.379,73.11827956989248,26.6,67.0,0.0,7.0,23.0,33.0,66.0
cmp4jkurv0151o25e82wuujp1,cmmx6howt0000bi1zgfsisou2,2026-05-13 20:58:38.894,72.62952101661779,26.5,67.0,0.0,7.0,23.0,33.0,66.0
cmp4jkxhg0153o25enu70bvcx,cmmx6howt0000bi1zgfsisou2,2026-05-13 20:58:42.408,73.11827956989248,26.5,67.0,0.0,7.0,23.0,33.0,66.0
cmp4jl0750155o25esuuj819s,cmmx6howt0000bi1zgfsisou2,2026-05-13 20:58:45.917,73.21603128054741,26.6,67.0,19.69,7.0,23.0,33.0,66.0
cmp4jl2x00157o25e49ear6dk,cmmx6howt0000bi1zgfsisou2,2026-05-13 20:58:49.436,73.11827956989248,26.5,66.0,0.0,7.0,23.0,33.0,66.0
cmp4jl5ne0159o25eb5j7quh3,cmmx6howt0000bi1zgfsisou2,2026-05-13 20:58:52.951,73.21603128054741,26.6,67.0,0.0,7.0,23.0,33.0,66.0
cmp4jl8bv015bo25eo8bs2p4o,cmmx6howt0000bi1zgfsisou2,2026-05-13 20:58:56.461,73.21603128054741,26.5,67.0,19.99,7.0,23.0,33.0,66.0
cmp4jlb1a015do25euhsxp90o,cmmx6howt0000bi1zgfsisou2,2026-05-13 20:58:59.977,73.41153470185728,26.5,67.0,0.0,7.0,23.0,33.0,66.0
cmp4jldtu015fo25emagfxi11,cmmx6howt0000bi1zgfsisou2,2026-05-13 20:59:03.566,73.21603128054741,26.5,67.0,30.81,7.0,23.0,33.0,66.0
cmp4jlgm0015ho25epvc1j6so,cmmx6howt0000bi1zgfsisou2,2026-05-13 20:59:07.195,73.41153470185728,26.5,67.0,0.0,7.0,23.0,33.0,66.0
cmp4jljef015jo25erfp93wgd,cmmx6howt0000bi1zgfsisou2,2026-05-13 20:59:10.810,73.31378299120234,26.5,67.0,11.76,7.0,23.0,33.0,66.0
cmp4jlm7i015lo25eqglpco0l,cmmx6howt0000bi1zgfsisou2,2026-05-13 20:59:14.440,73.31378299120234,26.5,67.0,0.0,7.0,23.0,33.0,66.0
cmp4jlowx015no25eoem554x6,cmmx6howt0000bi1zgfsisou2,2026-05-13 20:59:17.949,73.41153470185728,26.5,67.0,12.56,7.0,23.0,33.0,66.0
cmp4jlrm6015po25e0dqgp531,cmmx6howt0000bi1zgfsisou2,2026-05-13 20:59:21.461,73.31378299120234,26.5,67.0,31.27,7.0,23.0,33.0,66.0
cmp4jlubw015ro25e3s3f5uvh,cmmx6howt0000bi1zgfsisou2,2026-05-13 20:59:24.973,72.62952101661779,26.6,67.0,16.22,7.0,23.0,33.0,66.0
cmp4jlx5l015to25epq954vt8,cmmx6howt0000bi1zgfsisou2,2026-05-13 20:59:28.602,73.31378299120234,26.5,67.0,0.0,7.0,23.0,33.0,66.0
cmp4jlzx5015vo25e1e0mnaep,cmmx6howt0000bi1zgfsisou2,2026-05-13 20:59:32.217,73.31378299120234,26.5,67.0,31.96,7.0,23.0,33.0,66.0
cmp4jm2op015xo25ezbs8k4oj,cmmx6howt0000bi1zgfsisou2,2026-05-13 20:59:35.807,73.50928641251222,26.6,67.0,22.33,7.0,23.0,33.0,66.0
cmp4jm5hv015zo25ee9dlf5yd,cmmx6howt0000bi1zgfsisou2,2026-05-13 20:59:39.436,73.02052785923753,26.5,67.0,0.0,7.0,23.0,33.0,66.0
cmp4jm8740161o25ep3mj5bt1,cmmx6howt0000bi1zgfsisou2,2026-05-13 20:59:42.945,73.80254154447702,26.5,67.0,12.37,7.0,23.0,33.0,66.0
cmp4jmb010163o25esoq0cqvv,cmmx6howt0000bi1zgfsisou2,2026-05-13 20:59:46.575,73.70478983382209,26.5,67.0,0.0,7.0,23.0,33.0,66.0
cmp4jmdsp0165o25ez2f4jyam,cmmx6howt0000bi1zgfsisou2,2026-05-13 20:59:50.202,73.80254154447702,26.6,67.0,0.0,7.0,23.0,33.0,66.0
cmp4jmglf0167o25erl0efrzp,cmmx6howt0000bi1zgfsisou2,2026-05-13 20:59:53.829,73.11827956989248,26.5,67.0,0.0,7.0,23.0,33.0,66.0
cmp4jmjd50169o25ealomj74b,cmmx6howt0000bi1zgfsisou2,2026-05-13 20:59:57.418,73.80254154447702,26.5,67.0,12.24,7.0,23.0,33.0,66.0
cmp4jmm6i016bo25e64nuuuq9,cmmx6howt0000bi1zgfsisou2,2026-05-13 21:00:01.048,73.80254154447702,26.5,67.0,0.0,7.0,23.0,33.0,66.0
cmp4jmoyn016do25e8awl95oh,cmmx6howt0000bi1zgfsisou2,2026-05-13 21:00:04.675,73.70478983382209,26.5,67.0,0.0,7.0,23.0,33.0,66.0
cmp4jmroy016fo25e79xgw00q,cmmx6howt0000bi1zgfsisou2,2026-05-13 21:00:08.210,73.90029325513197,26.5,67.0,31.24,7.0,23.0,33.0,66.0
cmp4jmuhr016ho25e7fbo3pa4,cmmx6howt0000bi1zgfsisou2,2026-05-13 21:00:11.839,73.80254154447702,26.5,67.0,0.0,7.0,23.0,33.0,66.0
cmp4jmxa9016jo25epre47fnj,cmmx6howt0000bi1zgfsisou2,2026-05-13 21:00:15.466,73.90029325513197,26.5,67.0,0.0,7.0,23.0,33.0,66.0
cmp4jmzzr016lo25eodyii4ip,cmmx6howt0000bi1zgfsisou2,2026-05-13 21:00:18.975,73.31378299120234,26.5,67.0,31.23,7.0,23.0,33.0,66.0
cmp4jn2qr016no25e51tfe7bm,cmmx6howt0000bi1zgfsisou2,2026-05-13 21:00:22.539,73.80254154447702,26.5,67.0,31.07,7.0,23.0,33.0,66.0
cmp4jn5jb016po25enxao6av0,cmmx6howt0000bi1zgfsisou2,2026-05-13 21:00:26.155,73.80254154447702,26.5,67.0,31.96,7.0,23.0,33.0,66.0
cmp4jn8a1016ro25eixdenbjm,cmmx6howt0000bi1zgfsisou2,2026-05-13 21:00:29.693,73.80254154447702,26.5,67.0,12.19,7.0,23.0,33.0,66.0
cmp4jnb23016to25eicim1srf,cmmx6howt0000bi1zgfsisou2,2026-05-13 21:00:33.310,73.80254154447702,26.5,67.0,12.71,7.0,23.0,33.0,66.0
cmp4jndv8016vo25e5gjweh5h,cmmx6howt0000bi1zgfsisou2,2026-05-13 21:00:36.941,73.80254154447702,26.5,67.0,0.0,7.0,23.0,33.0,66.0
cmp4jngnn016xo25eh2jdkxfz,cmmx6howt0000bi1zgfsisou2,2026-05-13 21:00:40.567,73.90029325513197,26.5,67.0,0.0,7.0,23.0,33.0,66.0
cmp4jnjd4016zo25e5rnplx1m,cmmx6howt0000bi1zgfsisou2,2026-05-13 21:00:44.077,73.80254154447702,26.5,67.0,12.41,7.0,23.0,33.0,66.0
cmp4jnm390171o25ejvv77dq6,cmmx6howt0000bi1zgfsisou2,2026-05-13 21:00:47.589,73.80254154447702,26.5,67.0,12.25,7.0,23.0,33.0,66.0
cmp4jnovj0173o25ehu4zkldd,cmmx6howt0000bi1zgfsisou2,2026-05-13 21:00:51.220,73.70478983382209,26.5,67.0,0.0,7.0,23.0,33.0,66.0
cmp4jnroi0175o25es6tk4k8o,cmmx6howt0000bi1zgfsisou2,2026-05-13 21:00:54.846,73.80254154447702,26.5,67.0,0.0,7.0,23.0,33.0,66.0
cmp4jnuhe0177o25ecjt6c6vd,cmmx6howt0000bi1zgfsisou2,2026-05-13 21:00:58.474,73.90029325513197,26.5,67.0,0.0,7.0,23.0,33.0,66.0
cmp4jnx9z0179o25e60vircnn,cmmx6howt0000bi1zgfsisou2,2026-05-13 21:01:02.101,73.90029325513197,26.5,67.0,0.0,7.0,23.0,33.0,66.0
cmp4jo02h017bo25ese01y2xt,cmmx6howt0000bi1zgfsisou2,2026-05-13 21:01:05.728,73.80254154447702,26.5,67.0,0.0,7.0,23.0,33.0,66.0
cmp4jo2v9017do25e1wbw9zus,cmmx6howt0000bi1zgfsisou2,2026-05-13 21:01:09.342,73.80254154447702,26.5,67.0,31.96,7.0,23.0,33.0,66.0
cmp4jo5oe017fo25ez2yswaia,cmmx6howt0000bi1zgfsisou2,2026-05-13 21:01:12.958,73.90029325513197,26.5,67.0,31.96,7.0,23.0,33.0,66.0
cmp4jo8g0017ho25e6zc3x01m,cmmx6howt0000bi1zgfsisou2,2026-05-13 21:01:16.587,73.70478983382209,26.5,67.0,0.0,7.0,23.0,33.0,66.0
cmp4job7q017jo25ee6fgs94t,cmmx6howt0000bi1zgfsisou2,2026-05-13 21:01:20.167,73.70478983382209,26.5,67.0,0.0,7.0,23.0,33.0,66.0
cmp4joe0e017lo25eirfuys0h,cmmx6howt0000bi1zgfsisou2,2026-05-13 21:01:23.783,73.70478983382209,26.5,67.0,31.96,7.0,23.0,33.0,66.0
cmp4jogqh017no25eg3s3pa8o,cmmx6howt0000bi1zgfsisou2,2026-05-13 21:01:27.319,73.11827956989248,26.5,67.0,17.0,7.0,23.0,33.0,66.0
cmp4jojjm017po25esj4dxkc2,cmmx6howt0000bi1zgfsisou2,2026-05-13 21:01:30.950,73.80254154447702,26.6,67.0,0.0,7.0,23.0,33.0,66.0
cmp4jom8p017ro25epynmydiv,cmmx6howt0000bi1zgfsisou2,2026-05-13 21:01:34.459,73.70478983382209,26.6,67.0,15.87,7.0,23.0,33.0,66.0
cmp4jooyn017to25etu5rtesd,cmmx6howt0000bi1zgfsisou2,2026-05-13 21:01:37.971,73.70478983382209,26.5,67.0,16.22,7.0,23.0,33.0,66.0
cmp4joro3017vo25evsgm3smi,cmmx6howt0000bi1zgfsisou2,2026-05-13 21:01:41.485,73.70478983382209,26.5,67.0,12.37,7.0,23.0,33.0,66.0
cmp4joudo017xo25eufw7m6zh,cmmx6howt0000bi1zgfsisou2,2026-05-13 21:01:44.997,73.70478983382209,26.5,67.0,12.37,7.0,23.0,33.0,66.0
cmp4jox38017zo25ej9zf2mmb,cmmx6howt0000bi1zgfsisou2,2026-05-13 21:01:48.515,73.60703812316716,26.6,67.0,0.0,7.0,23.0,33.0,66.0
cmp4jozsy0181o25e02mi5rdo,cmmx6howt0000bi1zgfsisou2,2026-05-13 21:01:52.024,73.60703812316716,26.5,67.0,12.29,7.0,23.0,33.0,66.0
cmp4jp2i40183o25ee5u5fum2,cmmx6howt0000bi1zgfsisou2,2026-05-13 21:01:55.537,72.9227761485826,26.5,67.0,12.33,7.0,23.0,33.0,66.0
cmp4jp57j0185o25e48ag3hwg,cmmx6howt0000bi1zgfsisou2,2026-05-13 21:01:59.049,73.41153470185728,26.6,67.0,12.33,7.0,23.0,33.0,66.0
cmp4jp60s0187o25eckon28jb,cmmx6howt0000bi1zgfsisou2,2026-05-13 21:02:00.085,73.41153470185728,26.5,67.0,12.37,7.0,23.0,33.0,66.0
cmp4jp8s00189o25etap8kdzy,cmmx6howt0000bi1zgfsisou2,2026-05-13 21:02:03.661,73.31378299120234,26.5,67.0,0.0,7.0,23.0,33.0,66.0
cmp4jpbkr018bo25e3q2xz99p,cmmx6howt0000bi1zgfsisou2,2026-05-13 21:02:07.289,73.41153470185728,26.6,67.0,0.0,7.0,23.0,33.0,66.0
cmp4jpead018do25e07bndlon,cmmx6howt0000bi1zgfsisou2,2026-05-13 21:02:10.824,73.41153470185728,26.6,67.0,17.0,7.0,23.0,33.0,66.0
cmp4jph0q018fo25ealmraheo,cmmx6howt0000bi1zgfsisou2,2026-05-13 21:02:14.337,73.50928641251222,26.6,67.0,12.33,7.0,23.0,33.0,66.0
cmp4jpjsr018ho25eyd8qs665,cmmx6howt0000bi1zgfsisou2,2026-05-13 21:02:17.961,72.9227761485826,26.6,67.0,0.0,7.0,23.0,33.0,66.0
cmp4jpmlm018jo25e0kvrxdtj,cmmx6howt0000bi1zgfsisou2,2026-05-13 21:02:21.588,73.41153470185728,26.5,67.0,0.0,7.0,23.0,33.0,66.0
cmp4jppe7018lo25esxrzmwd6,cmmx6howt0000bi1zgfsisou2,2026-05-13 21:02:25.209,73.50928641251222,26.5,67.0,0.0,7.0,23.0,33.0,66.0
cmp4jps5a018no25ejl74431d,cmmx6howt0000bi1zgfsisou2,2026-05-13 21:02:28.772,72.9227761485826,26.5,67.0,12.46,7.0,23.0,33.0,66.0
cmp4jpuva018po25ezctnoedy,cmmx6howt0000bi1zgfsisou2,2026-05-13 21:02:32.310,73.50928641251222,26.5,67.0,12.52,7.0,23.0,33.0,66.0
cmp4jpxlx018ro25e0r99axgl,cmmx6howt0000bi1zgfsisou2,2026-05-13 21:02:35.848,73.41153470185728,26.5,67.0,12.28,7.0,23.0,32.0,65.0
cmp4jq0bg018to25eemrq77c3,cmmx6howt0000bi1zgfsisou2,2026-05-13 21:02:39.361,73.41153470185728,26.6,67.0,12.29,7.0,23.0,33.0,66.0
cmp4jq31i018vo25ejcprazs0,cmmx6howt0000bi1zgfsisou2,2026-05-13 21:02:42.899,73.41153470185728,26.5,67.0,12.24,7.0,23.0,33.0,66.0
cmp4jq5r2018xo25earqwiqhj,cmmx6howt0000bi1zgfsisou2,2026-05-13 21:02:46.412,73.41153470185728,26.5,67.0,12.37,7.0,23.0,33.0,66.0
cmp4jq8ir018zo25ewkddpq4d,cmmx6howt0000bi1zgfsisou2,2026-05-13 21:02:49.978,73.41153470185728,26.5,67.0,12.08,7.0,23.0,33.0,66.0
cmp4jqb8p0191o25e5zzid6nm,cmmx6howt0000bi1zgfsisou2,2026-05-13 21:02:53.507,72.72727272727273,26.5,67.0,0.0,7.0,23.0,33.0,66.0
cmp4jqdyc0193o25eriicfn39,cmmx6howt0000bi1zgfsisou2,2026-05-13 21:02:57.042,73.41153470185728,26.5,67.0,12.47,7.0,23.0,33.0,66.0
cmp4jqgnx0195o25ekchzt84m,cmmx6howt0000bi1zgfsisou2,2026-05-13 21:03:00.555,73.50928641251222,26.5,67.0,12.64,7.0,23.0,32.0,65.0
cmp4jqjdw0197o25e7fmar0jv,cmmx6howt0000bi1zgfsisou2,2026-05-13 21:03:04.067,73.50928641251222,26.5,67.0,12.06,7.0,23.0,33.0,66.0
cmp4jqm6n0199o25ezv57dryt,cmmx6howt0000bi1zgfsisou2,2026-05-13 21:03:07.698,73.50928641251222,26.5,67.0,0.0,7.0,23.0,33.0,66.0
cmp4jqowj019bo25e01l26mrp,cmmx6howt0000bi1zgfsisou2,2026-05-13 21:03:11.221,73.41153470185728,26.5,67.0,0.0,7.0,23.0,33.0,66.0
cmp4jqrn0019do25evvt2w883,cmmx6howt0000bi1zgfsisou2,2026-05-13 21:03:14.774,73.31378299120234,26.6,67.0,0.0,7.0,23.0,33.0,66.0
cmp4jqudj019fo25ezatgvler,cmmx6howt0000bi1zgfsisou2,2026-05-13 21:03:18.301,73.11827956989248,26.6,67.0,0.0,7.0,23.0,33.0,66.0
cmp4jqx4g019ho25e1uytx6t3,cmmx6howt0000bi1zgfsisou2,2026-05-13 21:03:21.855,73.31378299120234,26.5,67.0,0.0,7.0,23.0,33.0,66.0
cmp4jqzuq019jo25e9kpvz7cv,cmmx6howt0000bi1zgfsisou2,2026-05-13 21:03:25.409,73.41153470185728,26.5,67.0,0.0,7.0,23.0,33.0,66.0
cmp4jr2kh019lo25eetzvavx8,cmmx6howt0000bi1zgfsisou2,2026-05-13 21:03:28.939,73.50928641251222,26.5,67.0,0.0,7.0,23.0,33.0,66.0
cmp4jr5ap019no25ej8ybz4qa,cmmx6howt0000bi1zgfsisou2,2026-05-13 21:03:32.456,73.50928641251222,26.5,67.0,0.0,7.0,23.0,33.0,66.0
cmp4jr809019po25ezppx392s,cmmx6howt0000bi1zgfsisou2,2026-05-13 21:03:35.965,73.41153470185728,26.5,67.0,12.18,7.0,23.0,33.0,66.0
cmp4jraqc019ro25ewhrrzl5q,cmmx6howt0000bi1zgfsisou2,2026-05-13 21:03:39.499,73.41153470185728,26.5,67.0,0.0,7.0,23.0,33.0,66.0
cmp4jrdgw019to25e3tk8echi,cmmx6howt0000bi1zgfsisou2,2026-05-13 21:03:43.052,73.02052785923753,26.5,67.0,0.0,7.0,23.0,33.0,66.0
cmp4jrg69019vo25expmgmij6,cmmx6howt0000bi1zgfsisou2,2026-05-13 21:03:46.563,73.50928641251222,26.5,67.0,12.14,7.0,23.0,33.0,66.0
cmp4jriwx019xo25e4yu2bk7a,cmmx6howt0000bi1zgfsisou2,2026-05-13 21:03:50.085,73.41153470185728,26.5,67.0,0.0,7.0,23.0,33.0,66.0
cmp4jrlm1019zo25e99bt90oo,cmmx6howt0000bi1zgfsisou2,2026-05-13 21:03:53.596,73.41153470185728,26.5,67.0,12.56,7.0,23.0,33.0,66.0
cmp4jrob301a1o25e7tphk5y8,cmmx6howt0000bi1zgfsisou2,2026-05-13 21:03:57.108,73.41153470185728,26.5,67.0,12.03,7.0,23.0,33.0,66.0
cmp4jrr1e01a3o25e51tr7fho,cmmx6howt0000bi1zgfsisou2,2026-05-13 21:04:00.620,73.50928641251222,26.5,67.0,12.56,7.0,23.0,33.0,66.0
cmp4jrtq301a5o25edr8aud0x,cmmx6howt0000bi1zgfsisou2,2026-05-13 21:04:04.132,73.50928641251222,26.5,67.0,15.87,7.0,23.0,33.0,66.0
cmp4jrwfq01a7o25e3byf4dv7,cmmx6howt0000bi1zgfsisou2,2026-05-13 21:04:07.645,73.50928641251222,26.5,67.0,12.37,7.0,23.0,33.0,66.0
cmp4jrz5j01a9o25e0rp06vb9,cmmx6howt0000bi1zgfsisou2,2026-05-13 21:04:11.156,73.50928641251222,26.5,67.0,12.37,7.0,23.0,33.0,66.0
cmp4js1w101abo25eqsyk39b9,cmmx6howt0000bi1zgfsisou2,2026-05-13 21:04:14.690,73.31378299120234,26.5,67.0,0.0,7.0,23.0,33.0,66.0
cmp4js4ms01ado25eqx5minxq,cmmx6howt0000bi1zgfsisou2,2026-05-13 21:04:18.265,72.9227761485826,26.5,67.0,0.0,7.0,23.0,33.0,66.0
cmp4js7fd01afo25es2hez90m,cmmx6howt0000bi1zgfsisou2,2026-05-13 21:04:21.893,73.41153470185728,26.5,67.0,0.0,7.0,23.0,33.0,66.0
cmp4jsa7601aho25eqx42fvdf,cmmx6howt0000bi1zgfsisou2,2026-05-13 21:04:25.490,73.50928641251222,26.5,67.0,0.0,7.0,23.0,33.0,66.0
cmp4jsczd01ajo25emshof5vt,cmmx6howt0000bi1zgfsisou2,2026-05-13 21:04:29.088,73.41153470185728,26.5,67.0,0.0,7.0,23.0,33.0,66.0
cmp4jsfru01alo25es3lk44l9,cmmx6howt0000bi1zgfsisou2,2026-05-13 21:04:32.715,73.41153470185728,26.5,67.0,0.0,7.0,23.0,32.0,65.0
cmp4jsila01ano25e8044gio0,cmmx6howt0000bi1zgfsisou2,2026-05-13 21:04:36.343,73.50928641251222,26.5,67.0,0.0,7.0,23.0,33.0,66.0
cmp4jsldz01apo25e44wpore1,cmmx6howt0000bi1zgfsisou2,2026-05-13 21:04:39.969,73.41153470185728,26.5,67.0,0.0,7.0,23.0,33.0,66.0
cmp4jso2x01aro25ec3wsgahw,cmmx6howt0000bi1zgfsisou2,2026-05-13 21:04:43.478,73.31378299120234,26.5,67.0,16.18,7.0,23.0,33.0,66.0
cmp4jsqsj01ato25ejzlhj0om,cmmx6howt0000bi1zgfsisou2,2026-05-13 21:04:46.991,73.41153470185728,26.5,67.0,20.14,7.0,23.0,33.0,66.0
cmp4jstko01avo25e0qpfq1qm,cmmx6howt0000bi1zgfsisou2,2026-05-13 21:04:50.568,73.50928641251222,26.5,67.0,0.0,7.0,23.0,33.0,66.0
cmp4jswcw01axo25e1zj617i0,cmmx6howt0000bi1zgfsisou2,2026-05-13 21:04:54.197,73.31378299120234,26.5,67.0,0.0,7.0,23.0,33.0,66.0
cmp4jsz2k01azo25eemhgf47f,cmmx6howt0000bi1zgfsisou2,2026-05-13 21:04:57.705,73.41153470185728,26.5,67.0,23.54,7.0,23.0,33.0,66.0
cmp4jt1ro01b1o25e4v6ukcbd,cmmx6howt0000bi1zgfsisou2,2026-05-13 21:05:01.217,73.41153470185728,26.5,67.0,12.33,7.0,23.0,33.0,66.0
cmp4jt4kj01b3o25e5psxrgnr,cmmx6howt0000bi1zgfsisou2,2026-05-13 21:05:04.847,72.82502443792767,26.5,67.0,0.0,7.0,23.0,33.0,66.0
cmp4jt7d501b5o25ewxkmhxz9,cmmx6howt0000bi1zgfsisou2,2026-05-13 21:05:08.468,73.41153470185728,26.5,67.0,0.0,7.0,23.0,32.0,65.0
cmp4jta5l01b7o25ejopj7sqp,cmmx6howt0000bi1zgfsisou2,2026-05-13 21:05:12.067,73.41153470185728,26.5,67.0,0.0,7.0,23.0,32.0,65.0
cmp4jtcya01b9o25eze6kqbgr,cmmx6howt0000bi1zgfsisou2,2026-05-13 21:05:15.695,73.41153470185728,26.5,67.0,0.0,7.0,23.0,33.0,66.0
cmp4jtfpb01bbo25ehki8yotr,cmmx6howt0000bi1zgfsisou2,2026-05-13 21:05:19.246,73.50928641251222,26.5,67.0,0.0,7.0,23.0,33.0,66.0
cmp4jtiez01bdo25entckefex,cmmx6howt0000bi1zgfsisou2,2026-05-13 21:05:22.764,73.50928641251222,26.5,67.0,0.0,7.0,23.0,33.0,66.0
cmp4jtl4501bfo25enga2vjf4,cmmx6howt0000bi1zgfsisou2,2026-05-13 21:05:26.290,73.41153470185728,26.5,67.0,0.0,7.0,23.0,33.0,66.0
cmp4jtnue01bho25e7xpga154,cmmx6howt0000bi1zgfsisou2,2026-05-13 21:05:29.817,73.41153470185728,26.5,67.0,0.0,7.0,23.0,33.0,66.0
cmp4jtqk501bjo25edgwy9hyq,cmmx6howt0000bi1zgfsisou2,2026-05-13 21:05:33.342,73.50928641251222,26.6,67.0,0.0,7.0,23.0,33.0,66.0
cmp4jttam01blo25eve8w93a2,cmmx6howt0000bi1zgfsisou2,2026-05-13 21:05:36.869,73.41153470185728,26.5,67.0,0.0,7.0,23.0,32.0,65.0
cmp4jtw0n01bno25eksaaqnl1,cmmx6howt0000bi1zgfsisou2,2026-05-13 21:05:40.421,73.41153470185728,26.5,67.0,0.0,7.0,23.0,32.0,65.0
cmp4jtyqm01bpo25enc34q2y9,cmmx6howt0000bi1zgfsisou2,2026-05-13 21:05:43.931,73.41153470185728,26.6,67.0,12.6,7.0,23.0,32.0,65.0
cmp4ju1fs01bro25eyad4zxdo,cmmx6howt0000bi1zgfsisou2,2026-05-13 21:05:47.445,73.41153470185728,26.5,67.0,12.41,7.0,23.0,32.0,65.0
cmp4ju45m01bto25e3zjp5ula,cmmx6howt0000bi1zgfsisou2,2026-05-13 21:05:50.969,73.41153470185728,26.5,67.0,0.0,7.0,23.0,32.0,65.0
cmp4ju6vw01bvo25egy8f2x3s,cmmx6howt0000bi1zgfsisou2,2026-05-13 21:05:54.500,73.60703812316716,26.5,67.0,0.0,7.0,23.0,33.0,66.0
cmp4ju9l901bxo25e7wezftyh,cmmx6howt0000bi1zgfsisou2,2026-05-13 21:05:58.009,73.50928641251222,26.5,67.0,12.33,7.0,23.0,33.0,66.0
cmp4jucbc01bzo25edtroypp4,cmmx6howt0000bi1zgfsisou2,2026-05-13 21:06:01.535,73.50928641251222,26.5,67.0,0.0,7.0,23.0,33.0,66.0
cmp4juf1d01c1o25e34g9oacz,cmmx6howt0000bi1zgfsisou2,2026-05-13 21:06:05.059,73.50928641251222,26.5,67.0,0.0,7.0,23.0,33.0,66.0
cmp4juhsj01c3o25ejf2g16lm,cmmx6howt0000bi1zgfsisou2,2026-05-13 21:06:08.635,73.50928641251222,26.5,67.0,0.0,7.0,23.0,32.0,65.0
cmp4jukid01c5o25ehl7qhih9,cmmx6howt0000bi1zgfsisou2,2026-05-13 21:06:12.162,73.50928641251222,26.5,67.0,0.0,7.0,23.0,32.0,65.0
cmp4jun8501c7o25eej93tylf,cmmx6howt0000bi1zgfsisou2,2026-05-13 21:06:15.681,73.50928641251222,26.5,67.0,0.0,7.0,23.0,33.0,66.0
cmp4jupyu01c9o25estboiwo9,cmmx6howt0000bi1zgfsisou2,2026-05-13 21:06:19.205,73.60703812316716,26.5,67.0,0.0,7.0,23.0,33.0,66.0
cmp4jusnc01cbo25ef79jup5q,cmmx6howt0000bi1zgfsisou2,2026-05-13 21:06:22.714,73.50928641251222,26.5,67.0,31.35,7.0,23.0,33.0,66.0
cmp4juvdl01cdo25eqv2ndlld,cmmx6howt0000bi1zgfsisou2,2026-05-13 21:06:26.225,73.50928641251222,26.5,67.0,31.2,7.0,23.0,33.0,66.0
cmp4juy2n01cfo25evgyev9zh,cmmx6howt0000bi1zgfsisou2,2026-05-13 21:06:29.735,73.50928641251222,26.5,67.0,31.23,7.0,23.0,33.0,66.0
cmp4jv0ry01cho25ektru16u6,cmmx6howt0000bi1zgfsisou2,2026-05-13 21:06:33.246,73.50928641251222,26.5,67.0,24.03,7.0,23.0,33.0,66.0
cmp4jv3ih01cjo25evvrz3in0,cmmx6howt0000bi1zgfsisou2,2026-05-13 21:06:36.758,73.50928641251222,26.5,67.0,31.2,7.0,23.0,33.0,66.0
cmp4jv67b01clo25eoq9ibvcy,cmmx6howt0000bi1zgfsisou2,2026-05-13 21:06:40.276,73.50928641251222,26.5,67.0,0.0,7.0,23.0,33.0,66.0
cmp4jv8wl01cno25ee6xxhudi,cmmx6howt0000bi1zgfsisou2,2026-05-13 21:06:43.784,73.50928641251222,26.5,67.0,31.2,7.0,23.0,33.0,66.0
cmp4jvbmi01cpo25e4ooi6lty,cmmx6howt0000bi1zgfsisou2,2026-05-13 21:06:47.302,72.82502443792767,26.5,67.0,0.0,7.0,23.0,33.0,66.0
cmp4jvedm01cro25ew8yygq7z,cmmx6howt0000bi1zgfsisou2,2026-05-13 21:06:50.854,73.50928641251222,26.5,67.0,0.0,7.0,23.0,33.0,66.0
cmp4jvh5401cto25e9102y1bk,cmmx6howt0000bi1zgfsisou2,2026-05-13 21:06:54.432,73.41153470185728,26.5,67.0,0.0,7.0,23.0,33.0,66.0
cmp4jvjug01cvo25e6ow7bcut,cmmx6howt0000bi1zgfsisou2,2026-05-13 21:06:57.957,73.50928641251222,26.5,67.0,0.0,7.0,23.0,33.0,66.0
cmp4jvmjz01cxo25ei0lqqcf6,cmmx6howt0000bi1zgfsisou2,2026-05-13 21:07:01.466,73.50928641251222,26.5,67.0,31.39,7.0,23.0,33.0,66.0
cmp4jvp9y01czo25eroumwpd8,cmmx6howt0000bi1zgfsisou2,2026-05-13 21:07:04.990,73.41153470185728,26.5,67.0,0.0,7.0,23.0,33.0,66.0
cmp4jvs0j01d1o25eyyr9fjc7,cmmx6howt0000bi1zgfsisou2,2026-05-13 21:07:08.520,73.50928641251222,26.5,67.0,0.0,7.0,23.0,33.0,66.0
cmp4jvuqx01d3o25eg839vzey,cmmx6howt0000bi1zgfsisou2,2026-05-13 21:07:12.050,72.82502443792767,26.5,67.0,0.0,7.0,23.0,33.0,66.0
cmp4jvxgn01d5o25e8u7ppcmz,cmmx6howt0000bi1zgfsisou2,2026-05-13 21:07:15.579,73.41153470185728,26.5,67.0,0.0,7.0,23.0,33.0,66.0
cmp4jw07k01d7o25e26i54gdr,cmmx6howt0000bi1zgfsisou2,2026-05-13 21:07:19.143,73.41153470185728,26.6,67.0,0.0,7.0,23.0,33.0,66.0
cmp4jw31901d9o25ezucrq9oo,cmmx6howt0000bi1zgfsisou2,2026-05-13 21:07:22.771,73.41153470185728,26.6,67.0,0.0,7.0,23.0,33.0,66.0
cmp4jw5py01dbo25e2czolou3,cmmx6howt0000bi1zgfsisou2,2026-05-13 21:07:26.280,73.41153470185728,26.5,67.0,27.61,7.0,23.0,33.0,66.0
cmp4jw8gm01ddo25ehfkurzv9,cmmx6howt0000bi1zgfsisou2,2026-05-13 21:07:29.857,73.41153470185728,26.5,67.0,0.0,7.0,23.0,33.0,66.0
cmp4jwb6s01dfo25ehzulbmgm,cmmx6howt0000bi1zgfsisou2,2026-05-13 21:07:33.373,73.21603128054741,26.5,67.0,0.0,7.0,23.0,33.0,66.0
cmp4jwdwf01dho25ek0awsce7,cmmx6howt0000bi1zgfsisou2,2026-05-13 21:07:36.882,73.41153470185728,26.5,67.0,31.39,7.0,23.0,33.0,66.0
cmp4jwglw01djo25ecfsovl4c,cmmx6howt0000bi1zgfsisou2,2026-05-13 21:07:40.393,73.41153470185728,26.6,67.0,31.2,7.0,23.0,33.0,66.0
cmp4jwjbm01dlo25e66vstzq5,cmmx6howt0000bi1zgfsisou2,2026-05-13 21:07:43.905,73.41153470185728,26.6,67.0,27.61,7.0,23.0,33.0,66.0
cmp4jwm1s01dno25eo6is5ztx,cmmx6howt0000bi1zgfsisou2,2026-05-13 21:07:47.442,73.31378299120234,26.5,67.0,31.39,7.0,23.0,33.0,66.0
cmp4jworf01dpo25e86bpxh77,cmmx6howt0000bi1zgfsisou2,2026-05-13 21:07:50.952,73.41153470185728,26.5,67.0,31.23,7.0,23.0,33.0,66.0
cmp4jwrgv01dro25esalh5c7z,cmmx6howt0000bi1zgfsisou2,2026-05-13 21:07:54.463,73.41153470185728,26.6,67.0,31.46,7.0,23.0,33.0,66.0
cmp4jwu6g01dto25e1fxg1632,cmmx6howt0000bi1zgfsisou2,2026-05-13 21:07:57.975,73.50928641251222,26.7,67.0,31.46,7.0,23.0,32.0,65.0
cmp4jwwx901dvo25ek4lritu7,cmmx6howt0000bi1zgfsisou2,2026-05-13 21:08:01.538,73.41153470185728,26.6,67.0,31.58,7.0,23.0,33.0,66.0
cmp4jwzma01dxo25e9xlzswyr,cmmx6howt0000bi1zgfsisou2,2026-05-13 21:08:05.050,72.9227761485826,26.7,67.0,31.46,7.0,23.0,32.0,65.0
cmp4jx2ci01dzo25ep73z0s6n,cmmx6howt0000bi1zgfsisou2,2026-05-13 21:08:08.572,73.41153470185728,26.6,67.0,0.0,7.0,23.0,33.0,66.0
cmp4jx53s01e1o25eos1wdv0q,cmmx6howt0000bi1zgfsisou2,2026-05-13 21:08:12.143,73.50928641251222,26.6,67.0,0.0,7.0,23.0,33.0,66.0
cmp4jx7vd01e3o25eorc8ohf6,cmmx6howt0000bi1zgfsisou2,2026-05-13 21:08:15.737,73.41153470185728,26.6,67.0,0.0,7.0,23.0,33.0,66.0
cmp4jxakz01e5o25eedtc7son,cmmx6howt0000bi1zgfsisou2,2026-05-13 21:08:19.260,73.41153470185728,26.6,67.0,0.0,7.0,23.0,33.0,66.0
cmp4jxdc901e7o25ehetbd1da,cmmx6howt0000bi1zgfsisou2,2026-05-13 21:08:22.812,73.41153470185728,26.7,67.0,0.0,7.0,23.0,33.0,66.0
cmp4jxg2301e9o25eeuhblfvz,cmmx6howt0000bi1zgfsisou2,2026-05-13 21:08:26.344,72.9227761485826,26.6,67.0,0.0,7.0,23.0,33.0,66.0
cmp4jxiru01ebo25e8xsn6m94,cmmx6howt0000bi1zgfsisou2,2026-05-13 21:08:29.873,73.41153470185728,26.7,67.0,0.0,7.0,23.0,32.0,65.0
cmp4jxlhn01edo25exhc63nsa,cmmx6howt0000bi1zgfsisou2,2026-05-13 21:08:33.396,73.41153470185728,26.6,67.0,0.0,7.0,23.0,32.0,65.0
cmp4jxo8601efo25eoikhg6p1,cmmx6howt0000bi1zgfsisou2,2026-05-13 21:08:36.923,73.50928641251222,26.6,67.0,0.0,7.0,23.0,33.0,66.0
cmp4jxqxf01eho25e3gsoh0p1,cmmx6howt0000bi1zgfsisou2,2026-05-13 21:08:40.452,73.41153470185728,26.6,67.0,0.0,7.0,23.0,33.0,66.0
cmp4jxtnr01ejo25euzklg2g7,cmmx6howt0000bi1zgfsisou2,2026-05-13 21:08:43.974,73.41153470185728,26.6,67.0,0.0,7.0,23.0,33.0,66.0
cmp4jxwdn01elo25e6dpspqxd,cmmx6howt0000bi1zgfsisou2,2026-05-13 21:08:47.504,73.41153470185728,26.6,67.0,0.0,7.0,23.0,32.0,65.0
cmp4jxz4101eno25ecacjfl0o,cmmx6howt0000bi1zgfsisou2,2026-05-13 21:08:51.033,73.41153470185728,26.6,67.0,0.0,7.0,23.0,32.0,65.0
cmp4jy1u101epo25eqcs9jqiq,cmmx6howt0000bi1zgfsisou2,2026-05-13 21:08:54.586,73.41153470185728,26.6,67.0,0.0,7.0,23.0,32.0,65.0
cmp4jy4kp01ero25eczrdlysm,cmmx6howt0000bi1zgfsisou2,2026-05-13 21:08:58.116,73.50928641251222,26.6,67.0,0.0,7.0,23.0,33.0,66.0
cmp4jy7ae01eto25ezf8fxwim,cmmx6howt0000bi1zgfsisou2,2026-05-13 21:09:01.644,73.50928641251222,26.7,67.0,0.0,7.0,23.0,33.0,66.0
cmp4jya0h01evo25e7ri0xa9p,cmmx6howt0000bi1zgfsisou2,2026-05-13 21:09:05.173,73.41153470185728,26.6,67.0,0.0,7.0,23.0,33.0,66.0
cmp4jycqj01exo25eb8ajv39j,cmmx6howt0000bi1zgfsisou2,2026-05-13 21:09:08.689,73.41153470185728,26.6,67.0,0.0,7.0,23.0,33.0,66.0
cmp4jyfg101ezo25ejt4qf76q,cmmx6howt0000bi1zgfsisou2,2026-05-13 21:09:12.215,73.41153470185728,26.6,67.0,0.0,7.0,23.0,33.0,66.0
cmp4jyi6b01f1o25es02xboum,cmmx6howt0000bi1zgfsisou2,2026-05-13 21:09:15.745,73.41153470185728,26.6,67.0,0.0,7.0,23.0,33.0,65.0
cmp4jykws01f3o25em2idasnc,cmmx6howt0000bi1zgfsisou2,2026-05-13 21:09:19.276,73.41153470185728,26.6,67.0,0.0,7.0,23.0,33.0,66.0
cmp4jynmt01f5o25e69y7sevg,cmmx6howt0000bi1zgfsisou2,2026-05-13 21:09:22.802,73.02052785923753,26.6,67.0,0.0,7.0,23.0,33.0,66.0
cmp4jyqcj01f7o25e0ls75o78,cmmx6howt0000bi1zgfsisou2,2026-05-13 21:09:26.332,73.41153470185728,26.6,67.0,0.0,7.0,23.0,33.0,66.0
cmp4jyt1r01f9o25ed5s2028k,cmmx6howt0000bi1zgfsisou2,2026-05-13 21:09:29.852,73.41153470185728,26.6,67.0,0.0,7.0,23.0,33.0,66.0
cmp4jyvtj01fbo25e6ud5bg5l,cmmx6howt0000bi1zgfsisou2,2026-05-13 21:09:33.450,73.31378299120234,26.6,67.0,0.0,7.0,23.0,33.0,66.0
cmp4jyyj301fdo25e3bt4irn6,cmmx6howt0000bi1zgfsisou2,2026-05-13 21:09:36.959,73.31378299120234,26.6,67.0,31.2,7.0,23.0,33.0,66.0
cmp4jz1bo01ffo25epks1kpz4,cmmx6howt0000bi1zgfsisou2,2026-05-13 21:09:40.576,73.31378299120234,26.7,67.0,30.62,7.0,23.0,32.0,65.0
cmp4jz44e01fho25er12m1kum,cmmx6howt0000bi1zgfsisou2,2026-05-13 21:09:44.206,72.82502443792767,26.6,67.0,0.0,7.0,23.0,32.0,65.0
cmp4jz6uu01fjo25eek10jwa6,cmmx6howt0000bi1zgfsisou2,2026-05-13 21:09:47.722,73.41153470185728,26.7,67.0,0.0,7.0,23.0,33.0,66.0
cmp4jz9k401flo25enf258cu4,cmmx6howt0000bi1zgfsisou2,2026-05-13 21:09:51.232,73.41153470185728,26.6,67.0,31.46,7.0,23.0,32.0,65.0
cmp4jzc9s01fno25e8hxhuokb,cmmx6howt0000bi1zgfsisou2,2026-05-13 21:09:54.751,73.41153470185728,26.6,67.0,0.0,7.0,23.0,33.0,66.0
cmp4jzezn01fpo25evd75x7vm,cmmx6howt0000bi1zgfsisou2,2026-05-13 21:09:58.286,73.41153470185728,26.7,67.0,31.29,7.0,23.0,33.0,66.0
cmp4jzhre01fro25e2v64al42,cmmx6howt0000bi1zgfsisou2,2026-05-13 21:10:01.850,73.41153470185728,26.7,67.0,31.89,7.0,23.0,33.0,66.0
cmp4jzkho01fto25ed2c6o1bg,cmmx6howt0000bi1zgfsisou2,2026-05-13 21:10:05.419,73.31378299120234,26.6,67.0,0.0,7.0,23.0,33.0,66.0
cmp4jzn9801fvo25e69dhdxgw,cmmx6howt0000bi1zgfsisou2,2026-05-13 21:10:09.007,73.41153470185728,26.6,67.0,31.29,7.0,23.0,33.0,66.0
cmp4jzpzw01fxo25efmzhbfia,cmmx6howt0000bi1zgfsisou2,2026-05-13 21:10:12.551,73.41153470185728,26.7,67.0,0.0,7.0,23.0,33.0,66.0
cmp4jzsqt01fzo25emfvglm9t,cmmx6howt0000bi1zgfsisou2,2026-05-13 21:10:16.094,73.41153470185728,26.6,67.0,0.0,7.0,23.0,33.0,66.0
cmp4jzvii01g1o25ezl5kg4zn,cmmx6howt0000bi1zgfsisou2,2026-05-13 21:10:19.690,73.31378299120234,26.6,67.0,0.0,7.0,23.0,32.0,65.0
cmp4jzyas01g3o25ec9ui3ci8,cmmx6howt0000bi1zgfsisou2,2026-05-13 21:10:23.311,73.41153470185728,26.6,67.0,0.0,7.0,23.0,33.0,66.0
cmp4k011x01g5o25e0c8j1q7d,cmmx6howt0000bi1zgfsisou2,2026-05-13 21:10:26.857,73.41153470185728,26.6,67.0,0.0,7.0,23.0,33.0,66.0
cmp4k03tx01g7o25ejlmk6gr7,cmmx6howt0000bi1zgfsisou2,2026-05-13 21:10:30.484,73.31378299120234,26.6,66.0,0.0,7.0,23.0,33.0,66.0
cmp4k06mz01g9o25enq1z7obi,cmmx6howt0000bi1zgfsisou2,2026-05-13 21:10:34.111,73.31378299120234,26.6,67.0,0.0,7.0,23.0,33.0,66.0
cmp4k09fk01gbo25ec4ou0igp,cmmx6howt0000bi1zgfsisou2,2026-05-13 21:10:37.739,73.41153470185728,26.6,67.0,0.0,7.0,23.0,33.0,66.0
cmp4k0c8r01gdo25e4cdmfgq5,cmmx6howt0000bi1zgfsisou2,2026-05-13 21:10:41.366,73.41153470185728,26.6,67.0,0.0,7.0,23.0,33.0,66.0
cmp4k0f1601gfo25eeuk2njrs,cmmx6howt0000bi1zgfsisou2,2026-05-13 21:10:44.993,73.41153470185728,26.6,67.0,0.0,7.0,23.0,32.0,65.0
cmp4k0htn01gho25e44w1vybq,cmmx6howt0000bi1zgfsisou2,2026-05-13 21:10:48.614,72.82502443792767,26.7,66.0,0.0,7.0,23.0,32.0,65.0
cmp4k0kmo01gjo25eav2e8j7g,cmmx6howt0000bi1zgfsisou2,2026-05-13 21:10:52.241,73.50928641251222,26.6,66.0,0.0,7.0,23.0,32.0,65.0
cmp4k0nft01glo25e9ki9ihuq,cmmx6howt0000bi1zgfsisou2,2026-05-13 21:10:55.868,73.50928641251222,26.7,66.0,0.0,7.0,23.0,32.0,65.0
cmp4k0q7p01gno25eaj2fjcz1,cmmx6howt0000bi1zgfsisou2,2026-05-13 21:10:59.489,72.9227761485826,26.7,67.0,0.0,7.0,23.0,33.0,66.0
cmp4k0szp01gpo25epdampb4e,cmmx6howt0000bi1zgfsisou2,2026-05-13 21:11:03.087,73.50928641251222,26.6,67.0,0.0,7.0,23.0,33.0,66.0
cmp4k0vsm01gro25ef5wy99cu,cmmx6howt0000bi1zgfsisou2,2026-05-13 21:11:06.715,73.50928641251222,26.6,67.0,0.0,7.0,23.0,33.0,66.0
cmp4k0yio01gto25eon2ifbp3,cmmx6howt0000bi1zgfsisou2,2026-05-13 21:11:10.242,73.50928641251222,26.6,67.0,0.0,7.0,23.0,33.0,66.0
cmp4k118c01gvo25e707nj9yx,cmmx6howt0000bi1zgfsisou2,2026-05-13 21:11:13.767,72.82502443792767,26.7,67.0,0.0,7.0,23.0,33.0,66.0
cmp55d9090001m9gp7fxwgoy3,cmmx6howt0000bi1zgfsisou2,2026-05-14 07:08:35.633,51.02639296187683,23.6,84.0,100.0,7.0,0.0,0.0,0.0
cmp55dc7w0003m9gp685h2ihg,cmmx6howt0000bi1zgfsisou2,2026-05-14 07:08:39.814,42.9130009775171,23.6,84.0,100.0,7.0,0.0,0.0,0.0
cmp55dffx0005m9gpow4h2k4q,cmmx6howt0000bi1zgfsisou2,2026-05-14 07:08:43.967,43.01075268817204,23.6,84.0,100.0,7.0,0.0,0.0,0.0
cmp55dimw0007m9gp11p6fasw,cmmx6howt0000bi1zgfsisou2,2026-05-14 07:08:48.108,43.01075268817204,23.6,84.0,100.0,7.0,0.0,0.0,0.0
cmp55dlup0009m9gp4u9weecg,cmmx6howt0000bi1zgfsisou2,2026-05-14 07:08:52.278,43.01075268817204,23.6,84.0,100.0,7.0,0.0,0.0,0.0
cmp55dp2i000bm9gp7wt6iw2j,cmmx6howt0000bi1zgfsisou2,2026-05-14 07:08:56.447,43.01075268817204,23.6,84.0,100.0,7.0,0.0,0.0,0.0
cmp55ds96000dm9gpu53yxtq9,cmmx6howt0000bi1zgfsisou2,2026-05-14 07:09:00.573,43.10850439882697,23.6,84.0,100.0,7.0,0.0,0.0,0.0
cmp55dvgi000fm9gpxuk5ij25,cmmx6howt0000bi1zgfsisou2,2026-05-14 07:09:04.728,43.01075268817204,23.6,84.0,100.0,7.0,0.0,0.0,0.0
cmp55dymy000hm9gpx62zg5uu,cmmx6howt0000bi1zgfsisou2,2026-05-14 07:09:08.880,43.10850439882697,23.6,84.0,100.0,7.0,0.0,0.0,0.0
cmp55e1tp000jm9gpkm93783j,cmmx6howt0000bi1zgfsisou2,2026-05-14 07:09:12.976,43.01075268817204,23.6,84.0,100.0,7.0,0.0,0.0,0.0
cmp55e514000lm9gpvivil0ny,cmmx6howt0000bi1zgfsisou2,2026-05-14 07:09:17.131,45.74780058651027,23.6,84.0,100.0,7.0,0.0,0.0,0.0
cmp55e88n000nm9gp8jc7mc5l,cmmx6howt0000bi1zgfsisou2,2026-05-14 07:09:21.288,45.84555229716521,23.6,84.0,100.0,7.0,0.0,0.0,0.0
cmp55ebf0000pm9gpz4c76nu4,cmmx6howt0000bi1zgfsisou2,2026-05-14 07:09:25.410,46.04105571847508,23.6,84.0,100.0,7.0,0.0,0.0,0.0
cmp55eemd000rm9gp2bqszcrr,cmmx6howt0000bi1zgfsisou2,2026-05-14 07:09:29.562,46.13880742913001,23.6,84.0,100.0,7.0,0.0,0.0,0.0
cmp55ehsd000tm9gpytrc2v6d,cmmx6howt0000bi1zgfsisou2,2026-05-14 07:09:33.666,46.33431085043988,23.6,84.0,100.0,7.0,0.0,0.0,0.0
cmp55el0k000vm9gp9vd65lg9,cmmx6howt0000bi1zgfsisou2,2026-05-14 07:09:37.850,46.23655913978495,23.6,84.0,100.0,7.0,0.0,0.0,0.0
cmp55eo8j000xm9gpkjtml2kr,cmmx6howt0000bi1zgfsisou2,2026-05-14 07:09:42.006,60.60606060606061,23.6,84.0,100.0,7.0,0.0,0.0,0.0
cmp55erfe000zm9gpr1301qez,cmmx6howt0000bi1zgfsisou2,2026-05-14 07:09:46.159,42.71749755620723,23.6,84.0,100.0,7.0,0.0,0.0,0.0
cmp55eumc0011m9gpz1vfisbq,cmmx6howt0000bi1zgfsisou2,2026-05-14 07:09:50.301,38.41642228739003,23.6,84.0,100.0,7.0,0.0,0.0,0.0
cmp55exv40013m9gpbvf5w4id,cmmx6howt0000bi1zgfsisou2,2026-05-14 07:09:54.500,65.59139784946237,23.5,84.0,100.0,7.0,0.0,0.0,0.0
cmp55f12s0015m9gptorp4xer,cmmx6howt0000bi1zgfsisou2,2026-05-14 07:09:58.667,69.99022482893452,23.5,84.0,78.53,7.0,0.0,0.0,0.0
cmp55f4aw0017m9gpttij4kvw,cmmx6howt0000bi1zgfsisou2,2026-05-14 07:10:02.843,49.85337243401759,23.6,84.0,78.61,7.0,0.0,0.0,0.0
cmp55f7ie0019m9gpnrch725r,cmmx6howt0000bi1zgfsisou2,2026-05-14 07:10:07.012,45.65004887585533,23.5,85.0,46.36,7.0,0.0,0.0,0.0
cmp55fap9001bm9gppwk36rv4,cmmx6howt0000bi1zgfsisou2,2026-05-14 07:10:11.138,51.02639296187683,23.6,85.0,46.14,7.0,0.0,0.0,0.0
cmp55fdw5001dm9gphmp5kwtd,cmmx6howt0000bi1zgfsisou2,2026-05-14 07:10:15.301,50.14662756598241,23.6,85.0,45.91,7.0,0.0,0.0,0.0
cmp55fh3b001fm9gpdkrjvouz,cmmx6howt0000bi1zgfsisou2,2026-05-14 07:10:19.441,51.80840664711632,23.6,85.0,46.4,7.0,0.0,0.0,0.0
cmp55fkac001hm9gpw21dxul5,cmmx6howt0000bi1zgfsisou2,2026-05-14 07:10:23.559,52.29716520039101,23.6,84.0,46.14,7.0,0.0,0.0,0.0
cmp55fnix001jm9gpuooqsah2,cmmx6howt0000bi1zgfsisou2,2026-05-14 07:10:27.763,51.31964809384164,23.6,84.0,84.59,7.0,0.0,0.0,0.0
cmp55fqq0001lm9gptetqiqfy,cmmx6howt0000bi1zgfsisou2,2026-05-14 07:10:31.899,48.58260019550342,23.6,84.0,92.74,7.0,0.0,0.0,0.0
cmp55ftwt001nm9gp9egmv0mf,cmmx6howt0000bi1zgfsisou2,2026-05-14 07:10:36.043,49.85337243401759,23.6,84.0,93.35,7.0,1.0,3.0,7.0
cmp55fx3r001pm9gpy8ql3lsi,cmmx6howt0000bi1zgfsisou2,2026-05-14 07:10:40.181,47.21407624633432,23.6,84.0,92.78,7.0,4.0,7.0,16.0
cmp55g0a5001rm9gpx04tnl29,cmmx6howt0000bi1zgfsisou2,2026-05-14 07:10:44.297,46.9208211143695,23.6,84.0,91.18,7.0,7.0,11.0,23.0
cmp55g3fw001tm9gpufyhrcfw,cmmx6howt0000bi1zgfsisou2,2026-05-14 07:10:48.407,53.27468230694037,23.6,84.0,76.85,7.0,8.0,12.0,24.0
cmp55g6mp001vm9gpyzp0e0k3,cmmx6howt0000bi1zgfsisou2,2026-05-14 07:10:52.518,52.00391006842619,23.7,84.0,60.88,7.0,8.0,12.0,24.0
cmp55g9u4001xm9gp4d6edfgf,cmmx6howt0000bi1zgfsisou2,2026-05-14 07:10:56.668,52.10166177908113,23.6,84.0,60.69,7.0,8.0,12.0,24.0
cmp55gd1i001zm9gpv9h6n0j6,cmmx6howt0000bi1zgfsisou2,2026-05-14 07:11:00.828,51.12414467253177,23.6,84.0,0.0,7.0,8.0,11.0,23.0
cmp55gg8f0021m9gp6byiwjzc,cmmx6howt0000bi1zgfsisou2,2026-05-14 07:11:04.972,57.08699902248289,23.6,85.0,0.0,7.0,8.0,11.0,23.0
cmp55gjeq0023m9gpmg5iembk,cmmx6howt0000bi1zgfsisou2,2026-05-14 07:11:09.075,56.69599217986314,23.6,85.0,64.01,7.0,8.0,11.0,23.0
cmp55gmlv0025m9gpb899h8s1,cmmx6howt0000bi1zgfsisou2,2026-05-14 07:11:13.218,49.26686217008798,23.6,84.0,64.31,7.0,8.0,11.0,23.0
cmp55gps00027m9gpor6whdga,cmmx6howt0000bi1zgfsisou2,2026-05-14 07:11:17.355,48.97360703812317,23.6,84.0,64.39,7.0,8.0,11.0,23.0
cmp55gsz10029m9gpvfqrrgg1,cmmx6howt0000bi1zgfsisou2,2026-05-14 07:11:21.482,49.65786901270772,23.6,84.0,64.35,7.0,8.0,11.0,23.0
cmp55gw69002bm9gp9gsbg2yz,cmmx6howt0000bi1zgfsisou2,2026-05-14 07:11:25.620,49.16911045943304,23.6,84.0,64.24,7.0,8.0,11.0,23.0
cmp55gzde002dm9gpuyh7eks5,cmmx6howt0000bi1zgfsisou2,2026-05-14 07:11:29.766,49.36461388074292,23.6,84.0,64.39,7.0,8.0,11.0,23.0
cmp55h2l2002fm9gpodvibyf6,cmmx6howt0000bi1zgfsisou2,2026-05-14 07:11:33.928,49.26686217008798,23.6,84.0,64.31,7.0,8.0,11.0,23.0
cmp55h5re002hm9gpht1k8elp,cmmx6howt0000bi1zgfsisou2,2026-05-14 07:11:38.065,48.58260019550342,23.6,84.0,64.31,7.0,8.0,11.0,23.0
cmp55h8xz002jm9gp3xbp9wml,cmmx6howt0000bi1zgfsisou2,2026-05-14 07:11:42.196,47.89833822091887,23.6,84.0,64.28,7.0,8.0,11.0,23.0
cmp55hc6g002lm9gponu7c9rh,cmmx6howt0000bi1zgfsisou2,2026-05-14 07:11:46.317,47.40957966764419,23.6,84.0,64.12,7.0,8.0,11.0,23.0
cmp55hffb002nm9gpgm69ofyw,cmmx6howt0000bi1zgfsisou2,2026-05-14 07:11:50.573,48.68035190615836,23.5,84.0,64.09,7.0,8.0,11.0,23.0
cmp55himm002pm9gpnpe0gk2e,cmmx6howt0000bi1zgfsisou2,2026-05-14 07:11:54.723,48.7781036168133,23.6,84.0,64.31,7.0,8.0,11.0,23.0
cmp55hltp002rm9gp63d3i3l1,cmmx6howt0000bi1zgfsisou2,2026-05-14 07:11:58.866,48.7781036168133,23.5,84.0,64.09,7.0,8.0,11.0,23.0
cmp55hp1k002tm9gplpcr4d07,cmmx6howt0000bi1zgfsisou2,2026-05-14 07:12:03.036,49.36461388074292,23.5,84.0,64.39,7.0,8.0,11.0,23.0
cmp55hs9h002vm9gpp5bmo1i0,cmmx6howt0000bi1zgfsisou2,2026-05-14 07:12:07.208,49.56011730205279,23.5,84.0,64.39,7.0,8.0,11.0,23.0
cmp55hvh8002xm9gpsdvvdqhe,cmmx6howt0000bi1zgfsisou2,2026-05-14 07:12:11.377,49.65786901270772,23.5,84.0,64.39,7.0,8.0,11.0,23.0
cmp55hyoh002zm9gpg81qagwj,cmmx6howt0000bi1zgfsisou2,2026-05-14 07:12:15.543,49.75562072336266,23.5,84.0,64.43,7.0,8.0,11.0,23.0
cmp55i1v70031m9gptruofb5u,cmmx6howt0000bi1zgfsisou2,2026-05-14 07:12:19.665,49.36461388074292,23.5,84.0,64.24,7.0,8.0,11.0,23.0
cmp55i52t0033m9gpiadujm3f,cmmx6howt0000bi1zgfsisou2,2026-05-14 07:12:23.825,49.46236559139785,23.5,84.0,64.12,7.0,8.0,11.0,23.0
cmp55i89p0035m9gpeyaqgfoc,cmmx6howt0000bi1zgfsisou2,2026-05-14 07:12:27.959,49.65786901270772,23.5,84.0,64.35,7.0,8.0,11.0,23.0
cmp55ibg50037m9gpxolqu9ei,cmmx6howt0000bi1zgfsisou2,2026-05-14 07:12:32.105,49.46236559139785,23.5,84.0,64.28,7.0,8.0,11.0,23.0
cmp55ienj0039m9gpxkxk6ks2,cmmx6howt0000bi1zgfsisou2,2026-05-14 07:12:36.227,49.56011730205279,23.5,84.0,64.28,7.0,8.0,11.0,23.0
cmp55ihuz003bm9gpxmkt2z8i,cmmx6howt0000bi1zgfsisou2,2026-05-14 07:12:40.385,44.57478005865103,23.5,84.0,53.49,7.0,8.0,11.0,23.0
cmp55il1w003dm9gpi0wqmqe4,cmmx6howt0000bi1zgfsisou2,2026-05-14 07:12:44.543,45.45454545454546,23.5,84.0,6.88,7.0,8.0,11.0,23.0
cmp55io9g003fm9gp85q4iwmt,cmmx6howt0000bi1zgfsisou2,2026-05-14 07:12:48.681,57.47800586510263,23.5,85.0,0.0,7.0,8.0,11.0,23.0
cmp55irft003hm9gpfyszwayj,cmmx6howt0000bi1zgfsisou2,2026-05-14 07:12:52.794,55.71847507331378,23.8,85.0,96.48,7.0,7.0,10.0,19.0
cmp55ium0003jm9gpkcqxf0ch,cmmx6howt0000bi1zgfsisou2,2026-05-14 07:12:56.922,49.85337243401759,23.5,84.0,96.67,7.0,4.0,6.0,12.0
cmp55ixub003lm9gp7rznja17,cmmx6howt0000bi1zgfsisou2,2026-05-14 07:13:01.072,52.29716520039101,23.5,81.0,96.71,7.0,1.0,2.0,4.0
cmp55j11f003nm9gp289i0oik,cmmx6howt0000bi1zgfsisou2,2026-05-14 07:13:05.235,63.5386119257087,23.5,84.0,100.0,7.0,0.0,0.0,0.0
cmp55j47v003pm9gpmgtda4p4,cmmx6howt0000bi1zgfsisou2,2026-05-14 07:13:09.377,62.17008797653959,23.5,81.0,100.0,7.0,8.0,15.0,30.0
cmp55j7eu003rm9gpke2g544g,cmmx6howt0000bi1zgfsisou2,2026-05-14 07:13:13.496,63.92961876832845,23.5,85.0,100.0,7.0,22.0,33.0,66.0
cmp55jam7003tm9gpx6tkp3qb,cmmx6howt0000bi1zgfsisou2,2026-05-14 07:13:17.652,64.32062561094818,23.5,85.0,100.0,7.0,30.0,43.0,86.0
cmp55jdt4003vm9gpgt8domcd,cmmx6howt0000bi1zgfsisou2,2026-05-14 07:13:21.815,65.39589442815249,23.5,85.0,100.0,7.0,33.0,46.0,93.0
cmp55jh05003xm9gpuxd3sd87,cmmx6howt0000bi1zgfsisou2,2026-05-14 07:13:25.947,65.49364613880742,23.6,85.0,100.0,7.0,33.0,46.0,93.0
cmp55jk7k003zm9gpwoelapve,cmmx6howt0000bi1zgfsisou2,2026-05-14 07:13:30.086,64.71163245356793,23.5,85.0,100.0,7.0,33.0,46.0,92.0
cmp55jneb0041m9gp24myqial,cmmx6howt0000bi1zgfsisou2,2026-05-14 07:13:34.238,64.613880742913,23.6,85.0,100.0,7.0,32.0,46.0,92.0
cmp55jqka0043m9gp7e33dkzw,cmmx6howt0000bi1zgfsisou2,2026-05-14 07:13:38.344,64.22287390029325,23.5,85.0,100.0,7.0,32.0,45.0,91.0
cmp55jtsb0045m9gpl8w9c523,cmmx6howt0000bi1zgfsisou2,2026-05-14 07:13:42.496,64.32062561094818,23.5,85.0,100.0,7.0,32.0,45.0,91.0
cmp55jwzb0047m9gptu8gblv8,cmmx6howt0000bi1zgfsisou2,2026-05-14 07:13:46.642,64.22287390029325,23.6,85.0,100.0,7.0,32.0,45.0,91.0
cmp55k06m0049m9gpew3b5o79,cmmx6howt0000bi1zgfsisou2,2026-05-14 07:13:50.786,64.02737047898339,23.6,85.0,100.0,7.0,32.0,45.0,91.0
cmp55k3eu004bm9gpqqtvb28r,cmmx6howt0000bi1zgfsisou2,2026-05-14 07:13:54.960,64.02737047898339,23.6,85.0,100.0,7.0,32.0,45.0,91.0
cmp55k6n4004dm9gpvdf7nzv9,cmmx6howt0000bi1zgfsisou2,2026-05-14 07:13:59.154,63.83186705767351,23.6,85.0,100.0,7.0,32.0,45.0,91.0
cmp55k9ue004fm9gp3kjcr0ba,cmmx6howt0000bi1zgfsisou2,2026-05-14 07:14:03.303,63.92961876832845,23.6,85.0,100.0,7.0,32.0,45.0,91.0
cmp55kd1z004hm9gpxttzc1fi,cmmx6howt0000bi1zgfsisou2,2026-05-14 07:14:07.468,64.12512218963832,23.6,85.0,100.0,7.0,32.0,45.0,91.0
cmp55kg94004jm9gpf89lhz4u,cmmx6howt0000bi1zgfsisou2,2026-05-14 07:14:11.611,63.92961876832845,23.6,85.0,100.0,7.0,32.0,45.0,91.0
cmp55kjgs004lm9gpfcesipez,cmmx6howt0000bi1zgfsisou2,2026-05-14 07:14:15.784,64.02737047898339,23.6,85.0,100.0,7.0,32.0,45.0,91.0
cmp55kmo3004nm9gpaqwz1mbm,cmmx6howt0000bi1zgfsisou2,2026-05-14 07:14:19.931,64.02737047898339,23.6,85.0,100.0,7.0,32.0,45.0,91.0
cmp55kpw3004pm9gpjqseto3c,cmmx6howt0000bi1zgfsisou2,2026-05-14 07:14:24.102,63.92961876832845,23.6,85.0,100.0,7.0,32.0,45.0,91.0
cmp55kt4e004rm9gpt5r6gtbp,cmmx6howt0000bi1zgfsisou2,2026-05-14 07:14:28.289,64.02737047898339,23.6,85.0,100.0,7.0,32.0,45.0,91.0
cmp55kwcg004tm9gpvb5xhe6k,cmmx6howt0000bi1zgfsisou2,2026-05-14 07:14:32.470,63.83186705767351,23.6,85.0,100.0,7.0,32.0,45.0,91.0
cmp55kzjq004vm9gpuy8dtyxn,cmmx6howt0000bi1zgfsisou2,2026-05-14 07:14:36.618,63.83186705767351,23.6,85.0,100.0,7.0,32.0,45.0,91.0
cmp55l2s2004xm9gpx0qpqy63,cmmx6howt0000bi1zgfsisou2,2026-05-14 07:14:40.806,63.63636363636363,23.6,85.0,100.0,7.0,32.0,45.0,91.0
cmp55l601004zm9gp7ad41wkn,cmmx6howt0000bi1zgfsisou2,2026-05-14 07:14:44.974,63.63636363636363,23.6,85.0,100.0,7.0,32.0,45.0,91.0
cmp55l9750051m9gpmty7uuvx,cmmx6howt0000bi1zgfsisou2,2026-05-14 07:14:49.125,63.73411534701857,23.6,85.0,100.0,7.0,32.0,45.0,91.0
cmp55lce50053m9gp4xykkiiu,cmmx6howt0000bi1zgfsisou2,2026-05-14 07:14:53.274,63.34310850439883,23.6,85.0,100.0,7.0,32.0,45.0,91.0
cmp55lfkp0055m9gp9e7qat67,cmmx6howt0000bi1zgfsisou2,2026-05-14 07:14:57.417,63.5386119257087,23.6,85.0,100.0,7.0,32.0,45.0,91.0
cmp55liry0057m9gp2rxxzxji,cmmx6howt0000bi1zgfsisou2,2026-05-14 07:15:01.540,63.73411534701857,23.6,85.0,100.0,7.0,32.0,45.0,91.0
cmp55llyo0059m9gpuyg7ny6b,cmmx6howt0000bi1zgfsisou2,2026-05-14 07:15:05.678,63.83186705767351,23.6,84.0,100.0,7.0,32.0,45.0,91.0
cmp55lp4n005bm9gphbkd0zum,cmmx6howt0000bi1zgfsisou2,2026-05-14 07:15:09.771,63.83186705767351,23.6,84.0,100.0,7.0,32.0,45.0,91.0
cmp55lsas005dm9gpoxh1w41i,cmmx6howt0000bi1zgfsisou2,2026-05-14 07:15:13.881,63.83186705767351,23.6,84.0,100.0,7.0,32.0,45.0,91.0
cmp55lvi3005fm9gp5qv8usre,cmmx6howt0000bi1zgfsisou2,2026-05-14 07:15:18.031,63.92961876832845,23.6,84.0,100.0,7.0,32.0,45.0,91.0
cmp55lyoj005hm9gpx340sfsm,cmmx6howt0000bi1zgfsisou2,2026-05-14 07:15:22.156,64.02737047898339,23.6,84.0,100.0,7.0,32.0,45.0,91.0
cmp55m1w5005jm9gpgf1sykdm,cmmx6howt0000bi1zgfsisou2,2026-05-14 07:15:26.328,64.12512218963832,23.6,84.0,100.0,7.0,32.0,45.0,91.0
cmp55m53j005lm9gpau99heyy,cmmx6howt0000bi1zgfsisou2,2026-05-14 07:15:30.488,64.02737047898339,23.5,84.0,100.0,7.0,32.0,45.0,91.0
cmp55m8ao005nm9gpbo92gwtt,cmmx6howt0000bi1zgfsisou2,2026-05-14 07:15:34.610,64.12512218963832,23.6,84.0,100.0,7.0,32.0,45.0,91.0
cmp55mbi5005pm9gp0hd5x46j,cmmx6howt0000bi1zgfsisou2,2026-05-14 07:15:38.768,64.12512218963832,23.6,84.0,100.0,7.0,32.0,45.0,91.0
cmp55mep2005rm9gpjpy6qinl,cmmx6howt0000bi1zgfsisou2,2026-05-14 07:15:42.925,63.92961876832845,23.6,84.0,100.0,7.0,32.0,45.0,91.0
cmp55mhwz005tm9gpikcgogz5,cmmx6howt0000bi1zgfsisou2,2026-05-14 07:15:47.079,63.92961876832845,23.6,84.0,100.0,7.0,32.0,45.0,91.0
cmp55ml5l005vm9gp0hcj7hb2,cmmx6howt0000bi1zgfsisou2,2026-05-14 07:15:51.278,63.92961876832845,23.6,84.0,100.0,7.0,32.0,45.0,90.0
cmp55mocu005xm9gp7bol0p11,cmmx6howt0000bi1zgfsisou2,2026-05-14 07:15:55.425,63.92961876832845,23.6,84.0,100.0,7.0,32.0,45.0,90.0
cmp55mrjy005zm9gp8gy5wibp,cmmx6howt0000bi1zgfsisou2,2026-05-14 07:15:59.568,63.83186705767351,23.6,84.0,100.0,7.0,32.0,45.0,90.0
cmp55mur80061m9gpalwllmyl,cmmx6howt0000bi1zgfsisou2,2026-05-14 07:16:03.721,63.83186705767351,23.5,84.0,100.0,7.0,32.0,45.0,90.0
cmp55mxyc0063m9gp3g2q4fxj,cmmx6howt0000bi1zgfsisou2,2026-05-14 07:16:07.862,63.92961876832845,23.6,84.0,100.0,7.0,32.0,45.0,90.0
cmp55n1570065m9gp1jq6tn2u,cmmx6howt0000bi1zgfsisou2,2026-05-14 07:16:12.017,63.92961876832845,23.5,84.0,100.0,7.0,32.0,45.0,90.0
cmp55n4c00067m9gp5i74l8dd,cmmx6howt0000bi1zgfsisou2,2026-05-14 07:16:16.136,63.83186705767351,23.5,84.0,100.0,7.0,32.0,45.0,90.0
cmp55n7jl0069m9gpf43sewva,cmmx6howt0000bi1zgfsisou2,2026-05-14 07:16:20.301,63.83186705767351,23.6,84.0,100.0,7.0,32.0,45.0,90.0
cmp55naqi006bm9gp9ooyb949,cmmx6howt0000bi1zgfsisou2,2026-05-14 07:16:24.430,63.63636363636363,23.6,84.0,100.0,7.0,32.0,45.0,90.0
cmp55ndxb006dm9gp153gd9ix,cmmx6howt0000bi1zgfsisou2,2026-05-14 07:16:28.584,63.83186705767351,23.5,84.0,100.0,7.0,32.0,45.0,90.0
cmp55svfe0001bg1up3u36gzw,cmmx6howt0000bi1zgfsisou2,2026-05-14 07:20:26.520,61.29032258064516,23.6,84.0,100.0,7.0,32.0,44.0,89.0
cmp55t3fo0003bg1uzlcjo24x,cmmx6howt0000bi1zgfsisou2,2026-05-14 07:20:48.697,61.77908113391985,23.6,84.0,100.0,7.0,32.0,44.0,89.0
cmp55t6su0005bg1uj1gxh8p4,cmmx6howt0000bi1zgfsisou2,2026-05-14 07:20:59.255,62.17008797653959,23.6,84.0,100.0,7.0,32.0,44.0,89.0
cmp55t9zx0007bg1ujb24gx67,cmmx6howt0000bi1zgfsisou2,2026-05-14 07:21:03.409,62.26783968719452,23.6,83.0,100.0,7.0,32.0,45.0,90.0
cmp55td7u0009bg1uip0vrisa,cmmx6howt0000bi1zgfsisou2,2026-05-14 07:21:07.574,62.36559139784946,23.6,83.0,100.0,7.0,32.0,45.0,90.0
cmp55tgej000bbg1us39h57p7,cmmx6howt0000bi1zgfsisou2,2026-05-14 07:21:11.714,62.26783968719452,23.6,83.0,100.0,7.0,32.0,45.0,90.0
cmp55tjm4000dbg1ukr56332v,cmmx6howt0000bi1zgfsisou2,2026-05-14 07:21:15.876,62.17008797653959,23.6,83.0,100.0,7.0,32.0,45.0,90.0
cmp55tmul000fbg1um5ul3mim,cmmx6howt0000bi1zgfsisou2,2026-05-14 07:21:20.063,62.26783968719452,23.6,83.0,100.0,7.0,32.0,44.0,89.0
cmp55tq1p000hbg1u4q06qffw,cmmx6howt0000bi1zgfsisou2,2026-05-14 07:21:24.226,62.26783968719452,23.6,83.0,100.0,7.0,32.0,44.0,89.0
cmp55tt9o000jbg1uikys9xsh,cmmx6howt0000bi1zgfsisou2,2026-05-14 07:21:28.380,62.26783968719452,23.6,83.0,100.0,7.0,32.0,44.0,89.0
cmp55twgx000lbg1uecxavn2m,cmmx6howt0000bi1zgfsisou2,2026-05-14 07:21:32.532,62.17008797653959,23.6,84.0,100.0,7.0,32.0,44.0,89.0
cmp55tznb000nbg1ui72gwsr0,cmmx6howt0000bi1zgfsisou2,2026-05-14 07:21:36.658,62.26783968719452,23.6,84.0,100.0,7.0,32.0,44.0,89.0
cmp55u2v5000pbg1u1fvmxd3p,cmmx6howt0000bi1zgfsisou2,2026-05-14 07:21:40.821,62.07233626588465,23.6,84.0,100.0,7.0,32.0,44.0,89.0
cmp55u62n000rbg1upn3cjwbf,cmmx6howt0000bi1zgfsisou2,2026-05-14 07:21:44.982,62.17008797653959,23.6,84.0,100.0,7.0,32.0,44.0,89.0
cmp55u99m000tbg1u24nqosrj,cmmx6howt0000bi1zgfsisou2,2026-05-14 07:21:49.116,63.24535679374389,23.6,84.0,100.0,7.0,32.0,45.0,90.0
cmp55ucg5000vbg1u5p5rxqie,cmmx6howt0000bi1zgfsisou2,2026-05-14 07:21:53.261,63.34310850439883,23.6,84.0,100.0,7.0,32.0,44.0,89.0
cmp55ufne000xbg1u7hdm43az,cmmx6howt0000bi1zgfsisou2,2026-05-14 07:21:57.385,64.02737047898339,23.6,84.0,100.0,7.0,32.0,44.0,89.0
cmp55uitg000zbg1ugct35f5y,cmmx6howt0000bi1zgfsisou2,2026-05-14 07:22:01.525,63.83186705767351,23.6,84.0,100.0,7.0,32.0,44.0,89.0
cmp55um0y0011bg1ue7lh7j60,cmmx6howt0000bi1zgfsisou2,2026-05-14 07:22:05.653,64.02737047898339,23.6,84.0,100.0,7.0,32.0,44.0,89.0
cmp55up7p0013bg1ufnngk942,cmmx6howt0000bi1zgfsisou2,2026-05-14 07:22:09.804,64.02737047898339,23.6,84.0,100.0,7.0,32.0,44.0,89.0
cmp55usfk0015bg1uh3oxbwsx,cmmx6howt0000bi1zgfsisou2,2026-05-14 07:22:13.955,64.02737047898339,23.6,84.0,100.0,7.0,32.0,44.0,89.0
cmp55uvmg0017bg1ugcpzhkfu,cmmx6howt0000bi1zgfsisou2,2026-05-14 07:22:18.093,64.12512218963832,23.6,84.0,100.0,7.0,32.0,44.0,89.0
cmp55uytc0019bg1uqa6roz40,cmmx6howt0000bi1zgfsisou2,2026-05-14 07:22:22.255,63.92961876832845,23.6,84.0,100.0,7.0,32.0,44.0,89.0
cmp55v20x001bbg1uhzxb1sna,cmmx6howt0000bi1zgfsisou2,2026-05-14 07:22:26.391,64.02737047898339,23.6,84.0,100.0,7.0,32.0,44.0,89.0
cmp55v592001dbg1u2km8xrh2,cmmx6howt0000bi1zgfsisou2,2026-05-14 07:22:30.573,64.02737047898339,23.6,84.0,100.0,7.0,32.0,44.0,89.0
cmp55v8g8001fbg1uhtonqb5p,cmmx6howt0000bi1zgfsisou2,2026-05-14 07:22:34.720,63.92961876832845,23.6,84.0,100.0,7.0,32.0,44.0,89.0
cmp55vbns001hbg1u2z45pgjr,cmmx6howt0000bi1zgfsisou2,2026-05-14 07:22:38.872,64.02737047898339,23.5,84.0,100.0,7.0,32.0,44.0,89.0
cmp55veup001jbg1utfqpm96y,cmmx6howt0000bi1zgfsisou2,2026-05-14 07:22:43.019,64.02737047898339,23.6,84.0,100.0,7.0,32.0,44.0,89.0
cmp55vi18001lbg1uavnw5kh8,cmmx6howt0000bi1zgfsisou2,2026-05-14 07:22:47.141,64.12512218963832,23.6,84.0,100.0,7.0,32.0,44.0,89.0
cmp55vla0001nbg1ufakahhft,cmmx6howt0000bi1zgfsisou2,2026-05-14 07:22:51.319,64.12512218963832,23.6,84.0,100.0,7.0,32.0,44.0,89.0
cmp55vohf001pbg1ux643atb1,cmmx6howt0000bi1zgfsisou2,2026-05-14 07:22:55.506,64.12512218963832,23.6,84.0,100.0,7.0,32.0,44.0,89.0
cmp55vrnt001rbg1ur8scxxe8,cmmx6howt0000bi1zgfsisou2,2026-05-14 07:22:59.620,64.12512218963832,23.6,84.0,100.0,7.0,32.0,44.0,89.0
cmp55vuv1001tbg1u692u6u7s,cmmx6howt0000bi1zgfsisou2,2026-05-14 07:23:03.759,64.12512218963832,23.6,84.0,100.0,7.0,32.0,44.0,89.0
cmp55vy0u001vbg1u9rk36scf,cmmx6howt0000bi1zgfsisou2,2026-05-14 07:23:07.884,64.12512218963832,23.6,84.0,100.0,7.0,32.0,44.0,89.0
cmp55w18k001xbg1ueifrjmw8,cmmx6howt0000bi1zgfsisou2,2026-05-14 07:23:12.051,64.12512218963832,23.6,84.0,100.0,7.0,32.0,44.0,89.0
cmp55w4gu001zbg1u7drdc57n,cmmx6howt0000bi1zgfsisou2,2026-05-14 07:23:16.220,64.12512218963832,23.7,84.0,100.0,7.0,32.0,44.0,89.0
cmp55w7n90021bg1ugvu3bbo9,cmmx6howt0000bi1zgfsisou2,2026-05-14 07:23:20.363,64.12512218963832,23.7,84.0,100.0,7.0,32.0,44.0,89.0
cmp55watx0023bg1u8ndxd966,cmmx6howt0000bi1zgfsisou2,2026-05-14 07:23:24.454,64.12512218963832,23.7,84.0,100.0,7.0,32.0,44.0,89.0
cmp55we030025bg1u31rpnqf8,cmmx6howt0000bi1zgfsisou2,2026-05-14 07:23:28.582,64.02737047898339,23.7,84.0,100.0,7.0,32.0,44.0,89.0
cmp55wh7i0027bg1uhoiinml6,cmmx6howt0000bi1zgfsisou2,2026-05-14 07:23:32.728,63.92961876832845,23.6,84.0,100.0,7.0,32.0,44.0,89.0
cmp55wkf20029bg1uzujdf63y,cmmx6howt0000bi1zgfsisou2,2026-05-14 07:23:36.881,64.12512218963832,23.7,84.0,100.0,7.0,32.0,44.0,89.0
cmp55wnkc002bbg1ufr8tjey6,cmmx6howt0000bi1zgfsisou2,2026-05-14 07:23:40.993,64.02737047898339,23.7,84.0,100.0,7.0,32.0,44.0,89.0
cmp55wqs6002dbg1unj1jzlv7,cmmx6howt0000bi1zgfsisou2,2026-05-14 07:23:45.135,64.12512218963832,23.7,84.0,100.0,7.0,32.0,44.0,89.0
cmp55wtze002fbg1uzetvo9bx,cmmx6howt0000bi1zgfsisou2,2026-05-14 07:23:49.278,64.12512218963832,23.7,84.0,100.0,7.0,32.0,44.0,89.0
cmp55wx6v002hbg1u3pvabavl,cmmx6howt0000bi1zgfsisou2,2026-05-14 07:23:53.434,64.12512218963832,23.7,84.0,100.0,7.0,32.0,44.0,89.0
cmp55x0dt002jbg1uq9znr12g,cmmx6howt0000bi1zgfsisou2,2026-05-14 07:23:57.577,64.12512218963832,23.7,84.0,100.0,7.0,32.0,44.0,89.0
cmp55x3li002lbg1unxz5err9,cmmx6howt0000bi1zgfsisou2,2026-05-14 07:24:01.746,64.12512218963832,23.7,84.0,100.0,7.0,32.0,45.0,90.0
cmp55x6t3002nbg1uq7vuyfl1,cmmx6howt0000bi1zgfsisou2,2026-05-14 07:24:05.899,63.92961876832845,23.7,84.0,100.0,7.0,32.0,45.0,90.0
cmp55xa1q002pbg1u14cbs0cl,cmmx6howt0000bi1zgfsisou2,2026-05-14 07:24:10.094,67.74193548387098,23.7,84.0,100.0,7.0,32.0,45.0,90.0
cmp55xd9p002rbg1u7adlv0zw,cmmx6howt0000bi1zgfsisou2,2026-05-14 07:24:14.275,67.74193548387098,23.7,84.0,100.0,7.0,32.0,45.0,90.0
cmp55xgi2002tbg1uigr30lbz,cmmx6howt0000bi1zgfsisou2,2026-05-14 07:24:18.463,67.35092864125123,23.7,84.0,100.0,7.0,32.0,44.0,89.0
cmp55xjot002vbg1ug74uu3j4,cmmx6howt0000bi1zgfsisou2,2026-05-14 07:24:22.599,67.44868035190616,23.7,84.0,100.0,7.0,32.0,44.0,89.0
cmp55xmx2002xbg1ul21fz9qn,cmmx6howt0000bi1zgfsisou2,2026-05-14 07:24:26.780,67.35092864125123,23.7,84.0,100.0,7.0,32.0,44.0,89.0
cmp55xq4c002zbg1uewucklxe,cmmx6howt0000bi1zgfsisou2,2026-05-14 07:24:30.930,67.44868035190616,23.7,84.0,100.0,7.0,32.0,44.0,89.0
cmp55xtbn0031bg1u8ylkar2i,cmmx6howt0000bi1zgfsisou2,2026-05-14 07:24:35.079,67.44868035190616,23.7,84.0,100.0,7.0,32.0,44.0,89.0
cmp55xwie0033bg1uwx1qt5hj,cmmx6howt0000bi1zgfsisou2,2026-05-14 07:24:39.223,67.5464320625611,23.8,84.0,100.0,7.0,32.0,44.0,89.0
cmp55xzp60035bg1unwup4ece,cmmx6howt0000bi1zgfsisou2,2026-05-14 07:24:43.342,67.5464320625611,23.7,84.0,100.0,7.0,32.0,44.0,89.0
cmp55y2w10037bg1u98wiux6w,cmmx6howt0000bi1zgfsisou2,2026-05-14 07:24:47.505,67.44868035190616,23.7,84.0,100.0,7.0,32.0,45.0,90.0
cmp55y62t0039bg1uv079jrso,cmmx6howt0000bi1zgfsisou2,2026-05-14 07:24:51.608,67.5464320625611,23.7,84.0,100.0,7.0,32.0,45.0,90.0
cmp55y99l003bbg1u3c5p875r,cmmx6howt0000bi1zgfsisou2,2026-05-14 07:24:55.768,67.5464320625611,23.7,84.0,100.0,7.0,32.0,45.0,90.0
cmp55ycg4003dbg1udli5pyo5,cmmx6howt0000bi1zgfsisou2,2026-05-14 07:24:59.873,67.5464320625611,23.7,84.0,100.0,7.0,32.0,45.0,90.0
cmp55yfmu003fbg1uojax0wgt,cmmx6howt0000bi1zgfsisou2,2026-05-14 07:25:03.997,67.5464320625611,23.7,84.0,100.0,7.0,32.0,45.0,90.0
cmp55yiui003hbg1uyia63no5,cmmx6howt0000bi1zgfsisou2,2026-05-14 07:25:08.183,67.64418377321604,23.7,84.0,100.0,7.0,32.0,45.0,90.0
cmp55ym1d003jbg1urjh9xvdy,cmmx6howt0000bi1zgfsisou2,2026-05-14 07:25:12.295,67.5464320625611,23.8,84.0,100.0,7.0,32.0,45.0,90.0
cmp55yp8x003lbg1upsg4fvh4,cmmx6howt0000bi1zgfsisou2,2026-05-14 07:25:16.454,67.64418377321604,23.8,84.0,100.0,7.0,32.0,45.0,90.0
cmp55ysg6003nbg1u1dgws95a,cmmx6howt0000bi1zgfsisou2,2026-05-14 07:25:20.605,67.44868035190616,23.7,83.0,100.0,7.0,32.0,45.0,90.0
cmp55yvnh003pbg1u0srm6wyo,cmmx6howt0000bi1zgfsisou2,2026-05-14 07:25:24.755,67.5464320625611,23.8,83.0,100.0,7.0,32.0,45.0,90.0
cmp55yytr003rbg1usmhc3gbs,cmmx6howt0000bi1zgfsisou2,2026-05-14 07:25:28.891,67.5464320625611,23.8,83.0,100.0,7.0,32.0,45.0,90.0
cmp55z219003tbg1uqxeoflje,cmmx6howt0000bi1zgfsisou2,2026-05-14 07:25:33.026,67.64418377321604,23.8,83.0,100.0,7.0,32.0,45.0,90.0
cmp55z58q003vbg1uciirn99k,cmmx6howt0000bi1zgfsisou2,2026-05-14 07:25:37.188,67.5464320625611,23.8,83.0,100.0,7.0,32.0,45.0,90.0
cmp55z8h9003xbg1udaqr7oc7,cmmx6howt0000bi1zgfsisou2,2026-05-14 07:25:41.384,67.5464320625611,23.8,83.0,100.0,7.0,32.0,45.0,90.0
cmp55zbou003zbg1upt4hz3y7,cmmx6howt0000bi1zgfsisou2,2026-05-14 07:25:45.533,67.5464320625611,23.8,83.0,100.0,7.0,32.0,45.0,90.0
cmp55zevu0041bg1uuneepnmt,cmmx6howt0000bi1zgfsisou2,2026-05-14 07:25:49.708,67.5464320625611,23.8,83.0,100.0,7.0,32.0,45.0,90.0
cmp55zi2k0043bg1uykrjrhlv,cmmx6howt0000bi1zgfsisou2,2026-05-14 07:25:53.830,67.5464320625611,23.8,83.0,100.0,7.0,32.0,45.0,90.0
cmp55zlac0045bg1unpxhjvds,cmmx6howt0000bi1zgfsisou2,2026-05-14 07:25:57.937,67.5464320625611,23.8,83.0,100.0,7.0,32.0,45.0,90.0
cmp55zogt0047bg1uc9ciuny0,cmmx6howt0000bi1zgfsisou2,2026-05-14 07:26:02.107,67.5464320625611,23.8,83.0,100.0,7.0,32.0,45.0,90.0
cmp55zrny0049bg1uotijz4n7,cmmx6howt0000bi1zgfsisou2,2026-05-14 07:26:06.268,67.44868035190616,23.8,83.0,100.0,7.0,32.0,45.0,90.0
cmp55zuvu004bbg1u7p8h8tzr,cmmx6howt0000bi1zgfsisou2,2026-05-14 07:26:10.413,67.2531769305963,23.8,83.0,100.0,7.0,32.0,45.0,90.0
cmp55zy3o004dbg1ufjrstw4m,cmmx6howt0000bi1zgfsisou2,2026-05-14 07:26:14.585,67.44868035190616,23.8,83.0,100.0,7.0,32.0,45.0,90.0
cmp5601ag004fbg1u96r3gvib,cmmx6howt0000bi1zgfsisou2,2026-05-14 07:26:18.742,67.5464320625611,23.8,83.0,100.0,7.0,32.0,45.0,90.0
cmp5604i5004hbg1u28q31idd,cmmx6howt0000bi1zgfsisou2,2026-05-14 07:26:22.885,67.44868035190616,23.8,83.0,100.0,7.0,32.0,45.0,90.0
cmp5607py004jbg1ugdkostw4,cmmx6howt0000bi1zgfsisou2,2026-05-14 07:26:27.054,67.5464320625611,23.8,83.0,100.0,7.0,32.0,45.0,90.0
cmp560axn004lbg1u37896q94,cmmx6howt0000bi1zgfsisou2,2026-05-14 07:26:31.222,67.5464320625611,23.8,83.0,100.0,7.0,32.0,44.0,89.0
cmp560e52004nbg1u2iid0lek,cmmx6howt0000bi1zgfsisou2,2026-05-14 07:26:35.377,67.5464320625611,23.8,83.0,100.0,7.0,32.0,45.0,90.0
cmp560hc7004pbg1ulv5ka9ml,cmmx6howt0000bi1zgfsisou2,2026-05-14 07:26:39.517,67.5464320625611,23.8,83.0,100.0,7.0,32.0,45.0,90.0
cmp560kjx004rbg1uqv0rqgrn,cmmx6howt0000bi1zgfsisou2,2026-05-14 07:26:43.682,67.5464320625611,23.8,83.0,100.0,7.0,32.0,45.0,90.0
cmp560nqk004tbg1uqmwfw8gz,cmmx6howt0000bi1zgfsisou2,2026-05-14 07:26:47.828,67.5464320625611,23.8,83.0,100.0,7.0,32.0,45.0,90.0
cmp560qxk004vbg1u9qolz8wl,cmmx6howt0000bi1zgfsisou2,2026-05-14 07:26:51.972,67.44868035190616,23.8,84.0,100.0,7.0,32.0,45.0,90.0
cmp560u4z004xbg1utt1g32xq,cmmx6howt0000bi1zgfsisou2,2026-05-14 07:26:56.105,67.5464320625611,23.8,83.0,100.0,7.0,32.0,45.0,90.0
cmp560xbr004zbg1uvsk88v53,cmmx6howt0000bi1zgfsisou2,2026-05-14 07:27:00.242,67.5464320625611,23.8,83.0,100.0,7.0,32.0,45.0,90.0
cmp5610jc0051bg1u555td6j7,cmmx6howt0000bi1zgfsisou2,2026-05-14 07:27:04.395,67.35092864125123,23.8,83.0,100.0,7.0,32.0,45.0,90.0
cmp5613q50053bg1uljjf8n31,cmmx6howt0000bi1zgfsisou2,2026-05-14 07:27:08.555,67.2531769305963,23.8,83.0,100.0,7.0,32.0,45.0,90.0
cmp5616yp0055bg1ufi2vm115,cmmx6howt0000bi1zgfsisou2,2026-05-14 07:27:12.725,66.56891495601174,23.8,83.0,100.0,7.0,32.0,45.0,90.0
cmp561a6b0057bg1u1amfyn0v,cmmx6howt0000bi1zgfsisou2,2026-05-14 07:27:16.891,66.56891495601174,23.8,83.0,100.0,7.0,32.0,45.0,90.0
cmp561ddm0059bg1u0n1nif0k,cmmx6howt0000bi1zgfsisou2,2026-05-14 07:27:21.042,66.7644183773216,23.8,83.0,92.78,7.0,32.0,45.0,90.0
cmp561glk005bbg1u6hdawpfm,cmmx6howt0000bi1zgfsisou2,2026-05-14 07:27:25.215,68.13294232649072,23.8,83.0,93.01,7.0,32.0,45.0,90.0
cmp561jsu005dbg1u0gnjoyir,cmmx6howt0000bi1zgfsisou2,2026-05-14 07:27:29.363,68.13294232649072,23.8,83.0,93.01,7.0,32.0,45.0,90.0
cmp561mzo005fbg1uxv7y2vew,cmmx6howt0000bi1zgfsisou2,2026-05-14 07:27:33.516,68.03519061583579,23.8,83.0,93.09,7.0,32.0,45.0,90.0
cmp561q5p005hbg1u3x6t806q,cmmx6howt0000bi1zgfsisou2,2026-05-14 07:27:37.631,67.93743890518084,23.8,83.0,93.01,7.0,32.0,45.0,90.0
cmp561tco005jbg1uy790xstq,cmmx6howt0000bi1zgfsisou2,2026-05-14 07:27:41.751,67.93743890518084,23.8,83.0,93.13,7.0,32.0,45.0,90.0
cmp561wkj005lbg1ua62veovx,cmmx6howt0000bi1zgfsisou2,2026-05-14 07:27:45.910,67.93743890518084,23.8,83.0,93.32,7.0,32.0,45.0,90.0
cmp561zsi005nbg1uf8rhdv20,cmmx6howt0000bi1zgfsisou2,2026-05-14 07:27:50.084,67.93743890518084,23.8,83.0,93.13,7.0,32.0,45.0,90.0
cmp5622zu005pbg1ue6utqk9z,cmmx6howt0000bi1zgfsisou2,2026-05-14 07:27:54.233,68.03519061583579,23.8,83.0,93.24,7.0,32.0,45.0,90.0
cmp56267d005rbg1uw5mrbsmg,cmmx6howt0000bi1zgfsisou2,2026-05-14 07:27:58.395,67.74193548387098,23.8,83.0,93.13,7.0,32.0,45.0,90.0
cmp5629ep005tbg1ujt1fzfok,cmmx6howt0000bi1zgfsisou2,2026-05-14 07:28:02.549,67.83968719452591,23.7,83.0,93.13,7.0,32.0,45.0,90.0
cmp562cla005vbg1u5abrfle1,cmmx6howt0000bi1zgfsisou2,2026-05-14 07:28:06.672,67.93743890518084,23.7,83.0,92.78,7.0,32.0,45.0,90.0
cmp562fsg005xbg1uxv8y3id0,cmmx6howt0000bi1zgfsisou2,2026-05-14 07:28:10.828,67.93743890518084,23.8,83.0,93.24,7.0,32.0,45.0,90.0
cmp562j02005zbg1uu97f07k1,cmmx6howt0000bi1zgfsisou2,2026-05-14 07:28:14.995,67.83968719452591,23.8,83.0,93.05,7.0,32.0,45.0,90.0
cmp562m690061bg1u3lx2dhzi,cmmx6howt0000bi1zgfsisou2,2026-05-14 07:28:19.117,67.93743890518084,23.8,83.0,93.01,7.0,32.0,45.0,90.0
cmp562pck0063bg1uovvzi0mh,cmmx6howt0000bi1zgfsisou2,2026-05-14 07:28:23.230,67.93743890518084,23.8,83.0,93.05,7.0,32.0,45.0,90.0
cmp562sj80065bg1ucci0yhjo,cmmx6howt0000bi1zgfsisou2,2026-05-14 07:28:27.343,67.83968719452591,23.8,83.0,92.97,7.0,32.0,45.0,90.0
cmp562vqe0067bg1uota1g0yb,cmmx6howt0000bi1zgfsisou2,2026-05-14 07:28:31.505,67.83968719452591,23.8,83.0,93.32,7.0,32.0,45.0,90.0
cmp562yxs0069bg1uw8i1g5y9,cmmx6howt0000bi1zgfsisou2,2026-05-14 07:28:35.652,67.93743890518084,23.7,83.0,92.82,7.0,32.0,45.0,90.0
cmp56324t006bbg1u5a1pjigu,cmmx6howt0000bi1zgfsisou2,2026-05-14 07:28:39.789,67.83968719452591,23.8,83.0,93.09,7.0,32.0,45.0,90.0
cmp5635bo006dbg1uecld2nr4,cmmx6howt0000bi1zgfsisou2,2026-05-14 07:28:43.928,67.93743890518084,23.8,83.0,93.01,7.0,32.0,45.0,90.0
cmp5638ip006fbg1uawilo4sr,cmmx6howt0000bi1zgfsisou2,2026-05-14 07:28:48.044,67.83968719452591,23.8,83.0,93.01,7.0,32.0,45.0,90.0
cmp563bqs006hbg1ulr4s7644,cmmx6howt0000bi1zgfsisou2,2026-05-14 07:28:52.243,67.93743890518084,23.8,83.0,93.16,7.0,32.0,45.0,90.0
cmp563eyx006jbg1ugcf2o4g9,cmmx6howt0000bi1zgfsisou2,2026-05-14 07:28:56.420,67.74193548387098,23.8,83.0,92.97,7.0,32.0,45.0,90.0
cmp563i7j006lbg1u826653um,cmmx6howt0000bi1zgfsisou2,2026-05-14 07:29:00.602,67.93743890518084,23.8,83.0,93.24,7.0,32.0,45.0,90.0
cmp563le6006nbg1uijpv7qog,cmmx6howt0000bi1zgfsisou2,2026-05-14 07:29:04.757,67.83968719452591,23.8,83.0,93.01,7.0,32.0,45.0,90.0
cmp563ol7006pbg1ui79q1phh,cmmx6howt0000bi1zgfsisou2,2026-05-14 07:29:08.896,67.83968719452591,23.9,83.0,93.13,7.0,32.0,45.0,90.0
cmp563rtb006rbg1un2yckqlb,cmmx6howt0000bi1zgfsisou2,2026-05-14 07:29:13.043,67.83968719452591,23.8,83.0,93.01,7.0,32.0,45.0,90.0
cmp563v0y006tbg1uh8rt6ltq,cmmx6howt0000bi1zgfsisou2,2026-05-14 07:29:17.220,67.83968719452591,23.8,83.0,93.01,7.0,32.0,45.0,90.0
cmp563y7k006vbg1udaxtaj8r,cmmx6howt0000bi1zgfsisou2,2026-05-14 07:29:21.366,67.83968719452591,23.8,83.0,93.09,7.0,32.0,45.0,90.0
cmp5641em006xbg1upezh0txz,cmmx6howt0000bi1zgfsisou2,2026-05-14 07:29:25.510,67.74193548387098,23.8,83.0,93.09,7.0,32.0,45.0,90.0
cmp5644m1006zbg1u7appa6dr,cmmx6howt0000bi1zgfsisou2,2026-05-14 07:29:29.639,67.83968719452591,23.8,83.0,93.35,7.0,32.0,45.0,90.0
cmp5647td0071bg1ulr3robaa,cmmx6howt0000bi1zgfsisou2,2026-05-14 07:29:33.818,67.83968719452591,23.8,83.0,93.13,7.0,32.0,45.0,90.0
cmp564b0d0073bg1u7zo1s7ro,cmmx6howt0000bi1zgfsisou2,2026-05-14 07:29:37.954,67.74193548387098,23.9,83.0,93.05,7.0,32.0,45.0,90.0
cmp564e7a0075bg1u6wa39qme,cmmx6howt0000bi1zgfsisou2,2026-05-14 07:29:42.096,67.74193548387098,23.9,83.0,92.78,7.0,32.0,45.0,90.0
cmp564hd60077bg1uqun8811s,cmmx6howt0000bi1zgfsisou2,2026-05-14 07:29:46.187,67.74193548387098,23.9,83.0,93.24,7.0,32.0,45.0,90.0
cmp564kjf0079bg1uwkzivll5,cmmx6howt0000bi1zgfsisou2,2026-05-14 07:29:50.312,67.5464320625611,23.8,83.0,92.86,7.0,32.0,45.0,90.0
cmp564nr0007bbg1ub74r5c5v,cmmx6howt0000bi1zgfsisou2,2026-05-14 07:29:54.448,67.64418377321604,23.9,83.0,93.09,7.0,32.0,45.0,90.0
cmp564qyo007dbg1uurogij2y,cmmx6howt0000bi1zgfsisou2,2026-05-14 07:29:58.615,67.64418377321604,23.9,83.0,93.09,7.0,32.0,45.0,90.0
cmp564u52007fbg1uvo0ftl1v,cmmx6howt0000bi1zgfsisou2,2026-05-14 07:30:02.753,67.74193548387098,23.8,83.0,93.16,7.0,32.0,45.0,90.0
cmp564xc3007hbg1uupw1gzlq,cmmx6howt0000bi1zgfsisou2,2026-05-14 07:30:06.870,68.81720430107528,23.9,83.0,93.09,7.0,32.0,45.0,90.0
cmp5650i1007jbg1u45lpto7f,cmmx6howt0000bi1zgfsisou2,2026-05-14 07:30:10.991,68.81720430107528,23.8,83.0,93.05,7.0,32.0,45.0,90.0
cmp5653pi007lbg1uvr34e3jn,cmmx6howt0000bi1zgfsisou2,2026-05-14 07:30:15.131,68.71945259042033,23.8,83.0,93.05,7.0,32.0,45.0,90.0
cmp5656wl007nbg1uyjuy2l3j,cmmx6howt0000bi1zgfsisou2,2026-05-14 07:30:19.271,68.81720430107528,23.9,83.0,92.78,7.0,32.0,45.0,90.0
cmp565a3y007pbg1udt7djhh0,cmmx6howt0000bi1zgfsisou2,2026-05-14 07:30:23.450,68.71945259042033,23.8,83.0,92.97,7.0,32.0,45.0,90.0
cmp565db4007rbg1uf6ac1p8c,cmmx6howt0000bi1zgfsisou2,2026-05-14 07:30:27.573,68.71945259042033,23.9,83.0,93.09,7.0,32.0,45.0,90.0
cmp565giz007tbg1ulrevw2fy,cmmx6howt0000bi1zgfsisou2,2026-05-14 07:30:31.755,68.52394916911047,23.9,83.0,93.28,7.0,32.0,45.0,90.0
cmp565jqk007vbg1u81auud4t,cmmx6howt0000bi1zgfsisou2,2026-05-14 07:30:35.900,68.6217008797654,23.9,83.0,93.09,7.0,32.0,45.0,90.0
cmp565myo007xbg1ul2b2jkl8,cmmx6howt0000bi1zgfsisou2,2026-05-14 07:30:40.082,68.6217008797654,23.9,83.0,93.01,7.0,32.0,45.0,90.0
cmp565q6k007zbg1uunl812bx,cmmx6howt0000bi1zgfsisou2,2026-05-14 07:30:44.257,68.52394916911047,23.9,83.0,93.05,7.0,32.0,45.0,90.0
cmp565te00081bg1uwdecjda5,cmmx6howt0000bi1zgfsisou2,2026-05-14 07:30:48.415,68.52394916911047,23.9,83.0,93.09,7.0,32.0,45.0,90.0
cmp565wli0083bg1u6s9tjiyw,cmmx6howt0000bi1zgfsisou2,2026-05-14 07:30:52.568,68.52394916911047,23.9,83.0,92.94,7.0,32.0,45.0,90.0
cmp565zt00085bg1ufo7ppoee,cmmx6howt0000bi1zgfsisou2,2026-05-14 07:30:56.750,68.52394916911047,23.9,83.0,93.13,7.0,32.0,45.0,90.0
cmp5662zi0087bg1uis1o16xl,cmmx6howt0000bi1zgfsisou2,2026-05-14 07:31:00.872,68.52394916911047,23.9,83.0,92.74,7.0,32.0,45.0,90.0
cmp5666780089bg1u6c71v8fp,cmmx6howt0000bi1zgfsisou2,2026-05-14 07:31:05.017,68.42619745845553,23.9,83.0,93.24,7.0,32.0,45.0,90.0
cmp5669ew008bbg1uy4pqg0se,cmmx6howt0000bi1zgfsisou2,2026-05-14 07:31:09.181,68.42619745845553,23.9,83.0,92.9,7.0,32.0,45.0,90.0
cmp566cmm008dbg1uu60udlz7,cmmx6howt0000bi1zgfsisou2,2026-05-14 07:31:13.348,68.42619745845553,24.0,83.0,93.09,7.0,32.0,45.0,90.0
cmp566fuf008fbg1u1nf6i1gv,cmmx6howt0000bi1zgfsisou2,2026-05-14 07:31:17.514,68.32844574780059,24.0,83.0,93.09,7.0,32.0,45.0,90.0
cmp566j0o008hbg1uvcsaoflu,cmmx6howt0000bi1zgfsisou2,2026-05-14 07:31:21.653,68.32844574780059,23.9,83.0,93.13,7.0,32.0,45.0,90.0
cmp566m7j008jbg1ufog4vg7p,cmmx6howt0000bi1zgfsisou2,2026-05-14 07:31:25.796,68.32844574780059,23.9,83.0,93.01,7.0,32.0,45.0,90.0
cmp566pfu008lbg1uzi4jc17b,cmmx6howt0000bi1zgfsisou2,2026-05-14 07:31:29.955,68.32844574780059,23.9,83.0,93.05,7.0,32.0,45.0,90.0
cmp566so0008nbg1u87gc8f2h,cmmx6howt0000bi1zgfsisou2,2026-05-14 07:31:34.147,68.42619745845553,24.0,83.0,93.01,7.0,32.0,45.0,90.0
cmp566vuf008pbg1ui4jf8v0k,cmmx6howt0000bi1zgfsisou2,2026-05-14 07:31:38.275,68.23069403714565,24.0,83.0,92.82,7.0,32.0,45.0,90.0
cmp566z0u008rbg1uveiewtsp,cmmx6howt0000bi1zgfsisou2,2026-05-14 07:31:42.391,68.32844574780059,24.0,83.0,93.32,7.0,32.0,45.0,90.0
cmp56728z008tbg1u6gb4fi7v,cmmx6howt0000bi1zgfsisou2,2026-05-14 07:31:46.551,68.32844574780059,24.0,83.0,93.01,7.0,32.0,45.0,90.0
cmp5675hv008vbg1udkhzrpm2,cmmx6howt0000bi1zgfsisou2,2026-05-14 07:31:50.759,68.32844574780059,24.0,83.0,92.74,7.0,32.0,45.0,90.0
cmp5678pl008xbg1u1dx5qttf,cmmx6howt0000bi1zgfsisou2,2026-05-14 07:31:54.953,68.32844574780059,24.0,83.0,93.09,7.0,32.0,45.0,90.0
cmp567bwv008zbg1ukia5gfma,cmmx6howt0000bi1zgfsisou2,2026-05-14 07:31:59.094,68.32844574780059,24.0,83.0,93.09,7.0,32.0,45.0,90.0
cmp567f4p0091bg1ui71ocmo8,cmmx6howt0000bi1zgfsisou2,2026-05-14 07:32:03.245,68.32844574780059,24.0,83.0,93.13,7.0,32.0,45.0,90.0
cmp567icr0093bg1utqj0qzvj,cmmx6howt0000bi1zgfsisou2,2026-05-14 07:32:07.428,68.32844574780059,24.0,83.0,93.05,7.0,32.0,45.0,91.0
cmp567ll70095bg1u1h7w7tz9,cmmx6howt0000bi1zgfsisou2,2026-05-14 07:32:11.616,68.32844574780059,24.0,83.0,93.09,7.0,32.0,45.0,91.0
cmp567orv0097bg1urgbqbqn6,cmmx6howt0000bi1zgfsisou2,2026-05-14 07:32:15.757,68.32844574780059,24.0,83.0,93.13,7.0,32.0,45.0,90.0
cmp567ryk0099bg1uega6mpsf,cmmx6howt0000bi1zgfsisou2,2026-05-14 07:32:19.879,68.32844574780059,24.0,83.0,93.05,7.0,32.0,45.0,90.0
cmp567v5d009bbg1ug9cpujuq,cmmx6howt0000bi1zgfsisou2,2026-05-14 07:32:24.024,68.23069403714565,24.0,83.0,93.01,7.0,32.0,45.0,90.0
cmp567yc9009dbg1u7esb8n10,cmmx6howt0000bi1zgfsisou2,2026-05-14 07:32:28.145,68.32844574780059,24.0,83.0,93.13,7.0,32.0,45.0,90.0
cmp5681iw009fbg1u480d9gut,cmmx6howt0000bi1zgfsisou2,2026-05-14 07:32:32.291,68.13294232649072,24.0,82.0,93.01,7.0,32.0,45.0,90.0
cmp5684ph009hbg1ui373ks06,cmmx6howt0000bi1zgfsisou2,2026-05-14 07:32:36.402,68.23069403714565,24.0,82.0,93.05,7.0,32.0,45.0,90.0
cmp5687ws009jbg1umtfo3ipk,cmmx6howt0000bi1zgfsisou2,2026-05-14 07:32:40.545,68.32844574780059,24.0,82.0,93.13,7.0,32.0,45.0,91.0
cmp568b3w009lbg1uovhyb1zl,cmmx6howt0000bi1zgfsisou2,2026-05-14 07:32:44.699,68.32844574780059,24.0,82.0,93.13,7.0,32.0,45.0,90.0
cmp568ebp009nbg1ule3av1ts,cmmx6howt0000bi1zgfsisou2,2026-05-14 07:32:48.856,68.32844574780059,24.0,82.0,93.01,7.0,32.0,45.0,90.0
cmp568hiw009pbg1uuw4efmwb,cmmx6howt0000bi1zgfsisou2,2026-05-14 07:32:53.008,68.42619745845553,24.0,82.0,93.28,7.0,32.0,45.0,90.0
cmp568kqi009rbg1uycrp2tw4,cmmx6howt0000bi1zgfsisou2,2026-05-14 07:32:57.177,68.32844574780059,24.0,82.0,93.05,7.0,32.0,45.0,90.0
cmp568nyq009tbg1up6gchyqm,cmmx6howt0000bi1zgfsisou2,2026-05-14 07:33:01.351,68.32844574780059,24.0,82.0,93.01,7.0,32.0,45.0,90.0
cmp568r71009vbg1utnmgivqi,cmmx6howt0000bi1zgfsisou2,2026-05-14 07:33:05.543,68.13294232649072,24.0,82.0,93.05,7.0,32.0,45.0,90.0
cmp568ue4009xbg1u9okq2v9i,cmmx6howt0000bi1zgfsisou2,2026-05-14 07:33:09.694,68.32844574780059,24.0,82.0,93.13,7.0,32.0,45.0,90.0
cmp568xlc009zbg1ub9rj24pm,cmmx6howt0000bi1zgfsisou2,2026-05-14 07:33:13.835,68.23069403714565,24.0,82.0,93.24,7.0,32.0,45.0,90.0
cmp5690tm00a1bg1ul6t7e2v5,cmmx6howt0000bi1zgfsisou2,2026-05-14 07:33:17.989,68.13294232649072,24.0,83.0,92.86,7.0,32.0,45.0,90.0
cmp56940i00a3bg1umrmvj7vw,cmmx6howt0000bi1zgfsisou2,2026-05-14 07:33:22.158,68.23069403714565,24.0,83.0,93.05,7.0,32.0,45.0,91.0
cmp56977x00a5bg1uqrczd67e,cmmx6howt0000bi1zgfsisou2,2026-05-14 07:33:26.320,68.03519061583579,24.0,83.0,100.0,7.0,32.0,45.0,91.0
cmp569afx00a7bg1uor5mexkb,cmmx6howt0000bi1zgfsisou2,2026-05-14 07:33:30.489,68.13294232649072,24.0,83.0,100.0,7.0,32.0,45.0,91.0
cmp569do400a9bg1ujur76faz,cmmx6howt0000bi1zgfsisou2,2026-05-14 07:33:34.647,68.42619745845553,24.0,83.0,100.0,7.0,32.0,45.0,91.0
cmp569gus00abbg1u6n3s1ulp,cmmx6howt0000bi1zgfsisou2,2026-05-14 07:33:38.805,68.42619745845553,24.0,83.0,100.0,7.0,32.0,45.0,91.0
cmp569k2a00adbg1uxcjxx2i3,cmmx6howt0000bi1zgfsisou2,2026-05-14 07:33:42.965,68.42619745845553,23.9,82.0,100.0,7.0,32.0,45.0,91.0
cmp569nb400afbg1u4ixupsg8,cmmx6howt0000bi1zgfsisou2,2026-05-14 07:33:47.144,68.42619745845553,24.0,82.0,100.0,7.0,32.0,45.0,91.0
cmp569qjb00ahbg1uw046nel0,cmmx6howt0000bi1zgfsisou2,2026-05-14 07:33:51.346,68.42619745845553,24.0,82.0,100.0,7.0,32.0,45.0,91.0
cmp569tpz00ajbg1u62kup4c7,cmmx6howt0000bi1zgfsisou2,2026-05-14 07:33:55.485,68.32844574780059,24.0,82.0,100.0,7.0,32.0,45.0,91.0
cmp569wx700albg1ufshd6tir,cmmx6howt0000bi1zgfsisou2,2026-05-14 07:33:59.629,68.32844574780059,24.0,82.0,100.0,7.0,32.0,45.0,91.0
cmp56a04c00anbg1unnnaww9t,cmmx6howt0000bi1zgfsisou2,2026-05-14 07:34:03.779,68.23069403714565,24.0,82.0,100.0,7.0,32.0,45.0,91.0
cmp56a3ba00apbg1ue9jwyntp,cmmx6howt0000bi1zgfsisou2,2026-05-14 07:34:07.914,68.23069403714565,24.0,82.0,100.0,7.0,32.0,45.0,91.0
cmp56a6iv00arbg1untk703yv,cmmx6howt0000bi1zgfsisou2,2026-05-14 07:34:12.072,68.23069403714565,24.0,82.0,100.0,7.0,32.0,45.0,91.0
cmp56a9qw00atbg1uoksw4dvp,cmmx6howt0000bi1zgfsisou2,2026-05-14 07:34:16.227,67.35092864125123,24.0,82.0,100.0,7.0,32.0,45.0,91.0
cmp56acx900avbg1uqp5awdh9,cmmx6howt0000bi1zgfsisou2,2026-05-14 07:34:20.370,67.35092864125123,24.0,82.0,100.0,7.0,32.0,45.0,91.0
cmp56ag5d00axbg1udpjx7ej5,cmmx6howt0000bi1zgfsisou2,2026-05-14 07:34:24.547,67.15542521994135,24.0,82.0,100.0,7.0,32.0,45.0,91.0
cmp56ajco00azbg1utxin9tei,cmmx6howt0000bi1zgfsisou2,2026-05-14 07:34:28.703,67.64418377321604,24.0,82.0,100.0,7.0,32.0,45.0,91.0
cmp56amke00b1bg1u0140dltx,cmmx6howt0000bi1zgfsisou2,2026-05-14 07:34:32.852,67.15542521994135,24.0,82.0,100.0,7.0,32.0,45.0,91.0
cmp56apsu00b3bg1uedn0hl28,cmmx6howt0000bi1zgfsisou2,2026-05-14 07:34:37.041,67.2531769305963,24.0,82.0,100.0,7.0,32.0,45.0,91.0
cmp56at1100b5bg1uohvqpgiw,cmmx6howt0000bi1zgfsisou2,2026-05-14 07:34:41.225,67.5464320625611,24.0,82.0,100.0,7.0,32.0,45.0,91.0
cmp56aw7700b7bg1u834pkkm3,cmmx6howt0000bi1zgfsisou2,2026-05-14 07:34:45.360,67.64418377321604,24.0,82.0,100.0,7.0,32.0,45.0,91.0
cmp56azdn00b9bg1u4m2qfiaj,cmmx6howt0000bi1zgfsisou2,2026-05-14 07:34:49.457,67.15542521994135,24.0,82.0,100.0,7.0,32.0,45.0,91.0
cmp56b2lq00bbbg1u1f9bp29p,cmmx6howt0000bi1zgfsisou2,2026-05-14 07:34:53.628,67.93743890518084,24.0,82.0,100.0,7.0,32.0,45.0,91.0
cmp56b5sc00bdbg1ugs3xhi21,cmmx6howt0000bi1zgfsisou2,2026-05-14 07:34:57.778,68.13294232649072,24.0,83.0,100.0,7.0,32.0,45.0,91.0
cmp56b8yt00bfbg1uj484j3js,cmmx6howt0000bi1zgfsisou2,2026-05-14 07:35:01.882,67.93743890518084,24.0,83.0,100.0,7.0,32.0,45.0,91.0
cmp56bc4y00bhbg1usa7h0r18,cmmx6howt0000bi1zgfsisou2,2026-05-14 07:35:06.008,67.93743890518084,24.0,82.0,100.0,7.0,32.0,45.0,91.0
cmp56bfcm00bjbg1udswlj76z,cmmx6howt0000bi1zgfsisou2,2026-05-14 07:35:10.158,68.03519061583579,24.0,82.0,100.0,7.0,32.0,45.0,91.0
cmp56bik100blbg1u7nuhs3nx,cmmx6howt0000bi1zgfsisou2,2026-05-14 07:35:14.339,67.83968719452591,24.0,82.0,100.0,7.0,32.0,45.0,91.0
cmp56blrn00bnbg1uxybu5vni,cmmx6howt0000bi1zgfsisou2,2026-05-14 07:35:18.492,67.83968719452591,24.0,82.0,100.0,7.0,32.0,45.0,91.0
cmp56bozg00bpbg1uht4u6ysd,cmmx6howt0000bi1zgfsisou2,2026-05-14 07:35:22.644,68.42619745845553,24.0,83.0,100.0,7.0,32.0,45.0,91.0
cmp56bs7700brbg1u8bcuzrtn,cmmx6howt0000bi1zgfsisou2,2026-05-14 07:35:26.811,68.6217008797654,24.0,83.0,100.0,7.0,32.0,45.0,91.0
cmp56bveq00btbg1uc31zshj3,cmmx6howt0000bi1zgfsisou2,2026-05-14 07:35:30.964,68.52394916911047,24.0,82.0,100.0,7.0,32.0,45.0,91.0
cmp56bym300bvbg1ujs2zyps6,cmmx6howt0000bi1zgfsisou2,2026-05-14 07:35:35.124,68.42619745845553,24.0,83.0,100.0,7.0,32.0,45.0,91.0
cmp56c1tl00bxbg1ut1hf4tf0,cmmx6howt0000bi1zgfsisou2,2026-05-14 07:35:39.295,68.42619745845553,24.0,82.0,100.0,7.0,32.0,45.0,91.0
cmp56c51s00bzbg1uyn4lioo5,cmmx6howt0000bi1zgfsisou2,2026-05-14 07:35:43.458,68.42619745845553,24.0,83.0,100.0,7.0,32.0,45.0,91.0
cmp56c88300c1bg1u7173zqpy,cmmx6howt0000bi1zgfsisou2,2026-05-14 07:35:47.598,68.32844574780059,24.0,82.0,100.0,7.0,32.0,45.0,91.0
cmp56cbes00c3bg1ubm0fxfd2,cmmx6howt0000bi1zgfsisou2,2026-05-14 07:35:51.708,68.03519061583579,24.0,82.0,100.0,7.0,32.0,45.0,91.0
cmp56cemp00c5bg1uhdihc2m4,cmmx6howt0000bi1zgfsisou2,2026-05-14 07:35:55.878,68.52394916911047,24.0,82.0,100.0,7.0,32.0,45.0,91.0
cmp56chuw00c7bg1u2s1n3bhb,cmmx6howt0000bi1zgfsisou2,2026-05-14 07:36:00.059,68.52394916911047,24.0,82.0,100.0,7.0,32.0,45.0,91.0
cmp56cl2600c9bg1u1twhorsm,cmmx6howt0000bi1zgfsisou2,2026-05-14 07:36:04.215,68.52394916911047,24.0,82.0,100.0,7.0,32.0,45.0,91.0
cmp56coaq00cbbg1uqh1upgwm,cmmx6howt0000bi1zgfsisou2,2026-05-14 07:36:08.405,68.32844574780059,24.0,83.0,100.0,7.0,32.0,45.0,91.0
cmp56crif00cdbg1uq5660v3g,cmmx6howt0000bi1zgfsisou2,2026-05-14 07:36:12.572,68.42619745845553,24.0,83.0,100.0,7.0,32.0,45.0,91.0
cmp56cur700cfbg1uxzc3znqa,cmmx6howt0000bi1zgfsisou2,2026-05-14 07:36:16.778,68.42619745845553,24.0,83.0,100.0,7.0,32.0,45.0,91.0
cmp56cxyj00chbg1ud01fn47m,cmmx6howt0000bi1zgfsisou2,2026-05-14 07:36:20.926,68.42619745845553,24.1,83.0,100.0,7.0,32.0,45.0,91.0
cmp56d15o00cjbg1uon7kfcam,cmmx6howt0000bi1zgfsisou2,2026-05-14 07:36:25.072,68.32844574780059,24.1,83.0,100.0,7.0,32.0,45.0,91.0
cmp56d4dh00clbg1u1794bm5r,cmmx6howt0000bi1zgfsisou2,2026-05-14 07:36:29.264,68.42619745845553,24.1,83.0,100.0,7.0,32.0,45.0,91.0
cmp56d7kn00cnbg1uifmpetr8,cmmx6howt0000bi1zgfsisou2,2026-05-14 07:36:33.388,68.32844574780059,24.0,82.0,100.0,7.0,32.0,45.0,91.0
cmp56das700cpbg1ubmnlcv2m,cmmx6howt0000bi1zgfsisou2,2026-05-14 07:36:37.547,68.32844574780059,24.1,82.0,100.0,7.0,32.0,45.0,91.0
cmp56de0g00crbg1u9jqovdla,cmmx6howt0000bi1zgfsisou2,2026-05-14 07:36:41.737,68.32844574780059,24.1,82.0,100.0,7.0,32.0,45.0,91.0
cmp56dh7o00ctbg1u4ukrreki,cmmx6howt0000bi1zgfsisou2,2026-05-14 07:36:45.902,68.42619745845553,24.1,82.0,100.0,7.0,32.0,45.0,91.0
cmp56dkfe00cvbg1uyg13cmva,cmmx6howt0000bi1zgfsisou2,2026-05-14 07:36:50.046,68.42619745845553,24.1,82.0,100.0,7.0,32.0,45.0,91.0
cmp56dnmu00cxbg1upojvt0ge,cmmx6howt0000bi1zgfsisou2,2026-05-14 07:36:54.206,68.42619745845553,24.1,82.0,100.0,7.0,32.0,45.0,91.0
cmp56dquo00czbg1ufahmym96,cmmx6howt0000bi1zgfsisou2,2026-05-14 07:36:58.384,68.23069403714565,24.1,82.0,100.0,7.0,32.0,45.0,91.0
cmp56du2100d1bg1uj73eh3e3,cmmx6howt0000bi1zgfsisou2,2026-05-14 07:37:02.539,68.23069403714565,24.1,82.0,100.0,7.0,32.0,45.0,91.0
cmp56dx9700d3bg1uypqypyvv,cmmx6howt0000bi1zgfsisou2,2026-05-14 07:37:06.689,67.93743890518084,24.1,82.0,100.0,7.0,32.0,45.0,91.0
cmp56e0gg00d5bg1uwhcg88xl,cmmx6howt0000bi1zgfsisou2,2026-05-14 07:37:10.835,67.83968719452591,24.1,82.0,100.0,7.0,32.0,45.0,91.0
cmp56e3o900d7bg1uy7duwa7o,cmmx6howt0000bi1zgfsisou2,2026-05-14 07:37:15.008,67.93743890518084,24.1,82.0,100.0,7.0,32.0,45.0,91.0
cmp56e6uq00d9bg1ui66dpcsy,cmmx6howt0000bi1zgfsisou2,2026-05-14 07:37:19.125,67.83968719452591,24.1,82.0,100.0,7.0,32.0,45.0,91.0
cmp56ea1300dbbg1uy07uk1s4,cmmx6howt0000bi1zgfsisou2,2026-05-14 07:37:23.245,67.83968719452591,24.1,82.0,100.0,7.0,32.0,45.0,91.0
cmp56ed8p00ddbg1u84h8lfuk,cmmx6howt0000bi1zgfsisou2,2026-05-14 07:37:27.398,67.74193548387098,24.1,82.0,100.0,7.0,32.0,45.0,91.0
cmp56eggd00dfbg1upl4mq0e4,cmmx6howt0000bi1zgfsisou2,2026-05-14 07:37:31.563,67.83968719452591,24.1,82.0,100.0,7.0,32.0,45.0,91.0
cmp56ejo900dhbg1u9o83l3o3,cmmx6howt0000bi1zgfsisou2,2026-05-14 07:37:35.729,67.64418377321604,24.1,82.0,100.0,7.0,32.0,45.0,91.0
cmp56emvb00djbg1u40koty78,cmmx6howt0000bi1zgfsisou2,2026-05-14 07:37:39.882,67.74193548387098,24.1,82.0,100.0,7.0,32.0,45.0,91.0
cmp56eq3700dlbg1uqz7mbf85,cmmx6howt0000bi1zgfsisou2,2026-05-14 07:37:44.048,67.64418377321604,24.1,82.0,100.0,7.0,32.0,45.0,91.0
cmp56etam00dnbg1uvqyy47ur,cmmx6howt0000bi1zgfsisou2,2026-05-14 07:37:48.212,67.64418377321604,24.1,82.0,100.0,7.0,32.0,45.0,91.0
cmp56ewgy00dpbg1u0nx7cju0,cmmx6howt0000bi1zgfsisou2,2026-05-14 07:37:52.325,67.64418377321604,24.1,82.0,100.0,7.0,32.0,45.0,91.0
cmp56ezni00drbg1uum9klmac,cmmx6howt0000bi1zgfsisou2,2026-05-14 07:37:56.432,67.64418377321604,24.1,82.0,100.0,7.0,32.0,45.0,91.0
cmp56f2vh00dtbg1uvbzdzohj,cmmx6howt0000bi1zgfsisou2,2026-05-14 07:38:00.621,67.74193548387098,24.1,82.0,100.0,7.0,32.0,45.0,91.0
cmp56f62f00dvbg1uqdtgb9ri,cmmx6howt0000bi1zgfsisou2,2026-05-14 07:38:04.767,67.64418377321604,24.1,82.0,100.0,7.0,32.0,45.0,91.0
cmp56f99w00dxbg1uayowjkdh,cmmx6howt0000bi1zgfsisou2,2026-05-14 07:38:08.913,67.64418377321604,24.1,82.0,100.0,7.0,32.0,45.0,91.0
cmp56fcg700dzbg1ukx4prued,cmmx6howt0000bi1zgfsisou2,2026-05-14 07:38:13.036,67.64418377321604,24.1,82.0,100.0,7.0,32.0,45.0,91.0
cmp56ffm700e1bg1uzys9q27q,cmmx6howt0000bi1zgfsisou2,2026-05-14 07:38:17.139,67.74193548387098,24.1,82.0,100.0,7.0,32.0,45.0,91.0
cmp56fiub00e3bg1uwt5ciljc,cmmx6howt0000bi1zgfsisou2,2026-05-14 07:38:21.313,67.64418377321604,24.1,82.0,100.0,7.0,32.0,45.0,91.0
cmp56fm1800e5bg1uge0fpx7u,cmmx6howt0000bi1zgfsisou2,2026-05-14 07:38:25.454,67.64418377321604,24.1,82.0,100.0,7.0,32.0,45.0,91.0
cmp56fp8o00e7bg1urox7jnkm,cmmx6howt0000bi1zgfsisou2,2026-05-14 07:38:29.616,67.64418377321604,24.1,82.0,100.0,7.0,32.0,45.0,91.0
cmp56fsfl00e9bg1uvkgie3la,cmmx6howt0000bi1zgfsisou2,2026-05-14 07:38:33.735,67.5464320625611,24.1,82.0,100.0,7.0,32.0,45.0,91.0
cmp56fvnd00ebbg1up4gwb0xj,cmmx6howt0000bi1zgfsisou2,2026-05-14 07:38:37.907,67.5464320625611,24.1,82.0,100.0,7.0,32.0,45.0,91.0
cmp56fyvu00edbg1uh17ata0c,cmmx6howt0000bi1zgfsisou2,2026-05-14 07:38:42.097,67.5464320625611,24.2,82.0,100.0,7.0,32.0,45.0,91.0
cmp56g24e00efbg1uubt381yb,cmmx6howt0000bi1zgfsisou2,2026-05-14 07:38:46.291,67.5464320625611,24.1,82.0,100.0,7.0,32.0,45.0,91.0
cmp56g5cs00ehbg1ugimokv2k,cmmx6howt0000bi1zgfsisou2,2026-05-14 07:38:50.461,67.5464320625611,24.1,82.0,100.0,7.0,32.0,45.0,91.0
cmp56g8js00ejbg1uvlivrfrf,cmmx6howt0000bi1zgfsisou2,2026-05-14 07:38:54.644,67.5464320625611,24.1,82.0,100.0,7.0,32.0,45.0,91.0
cmp56gbr000elbg1ugmd5t6wn,cmmx6howt0000bi1zgfsisou2,2026-05-14 07:38:58.788,67.5464320625611,24.1,82.0,100.0,7.0,32.0,45.0,91.0
cmp56geys00enbg1ubrmkiahq,cmmx6howt0000bi1zgfsisou2,2026-05-14 07:39:02.939,67.5464320625611,24.1,82.0,100.0,7.0,32.0,45.0,91.0
cmp56gi7000epbg1ui7jmrox4,cmmx6howt0000bi1zgfsisou2,2026-05-14 07:39:07.118,67.5464320625611,24.1,82.0,100.0,7.0,32.0,45.0,91.0
cmp56glcr00erbg1uu94p1fog,cmmx6howt0000bi1zgfsisou2,2026-05-14 07:39:11.246,67.44868035190616,24.1,82.0,100.0,7.0,32.0,45.0,91.0
cmp56goiw00etbg1u8dzqqvln,cmmx6howt0000bi1zgfsisou2,2026-05-14 07:39:15.322,67.44868035190616,24.1,82.0,100.0,7.0,32.0,45.0,91.0
cmp56grqf00evbg1ul9cehnv2,cmmx6howt0000bi1zgfsisou2,2026-05-14 07:39:19.494,67.5464320625611,24.1,82.0,100.0,7.0,32.0,45.0,91.0
cmp56guxm00exbg1u4wf9479n,cmmx6howt0000bi1zgfsisou2,2026-05-14 07:39:23.624,67.44868035190616,24.1,82.0,100.0,7.0,32.0,45.0,91.0
cmp56gy4x00ezbg1uc4nqjcd2,cmmx6howt0000bi1zgfsisou2,2026-05-14 07:39:27.780,67.5464320625611,24.2,82.0,100.0,7.0,32.0,45.0,91.0
cmp56h1br00f1bg1u3qui78hd,cmmx6howt0000bi1zgfsisou2,2026-05-14 07:39:31.937,67.44868035190616,24.1,82.0,100.0,7.0,32.0,45.0,91.0
cmp56h4j100f3bg1u3gnkdyn0,cmmx6howt0000bi1zgfsisou2,2026-05-14 07:39:36.072,67.35092864125123,24.2,82.0,100.0,7.0,32.0,45.0,91.0
cmp56h7q900f5bg1u5cn17eze,cmmx6howt0000bi1zgfsisou2,2026-05-14 07:39:40.236,67.44868035190616,24.1,82.0,100.0,7.0,32.0,45.0,91.0
cmp56haxk00f7bg1ua32rkndh,cmmx6howt0000bi1zgfsisou2,2026-05-14 07:39:44.365,67.44868035190616,24.1,82.0,100.0,7.0,32.0,45.0,91.0
cmp56he3w00f9bg1urrry8pav,cmmx6howt0000bi1zgfsisou2,2026-05-14 07:39:48.480,67.35092864125123,24.1,82.0,100.0,7.0,32.0,45.0,91.0
cmp56hhaw00fbbg1u7kpkgz93,cmmx6howt0000bi1zgfsisou2,2026-05-14 07:39:52.619,67.5464320625611,24.1,82.0,100.0,7.0,32.0,45.0,91.0
cmp56hkj200fdbg1uxde0qz6p,cmmx6howt0000bi1zgfsisou2,2026-05-14 07:39:56.803,67.44868035190616,24.1,82.0,100.0,7.0,32.0,45.0,91.0
cmp56hnri00ffbg1ubigsyhbh,cmmx6howt0000bi1zgfsisou2,2026-05-14 07:40:00.994,67.5464320625611,24.1,82.0,100.0,7.0,32.0,45.0,91.0
cmp56hqys00fhbg1udzhbfsbs,cmmx6howt0000bi1zgfsisou2,2026-05-14 07:40:05.141,67.44868035190616,24.2,82.0,100.0,7.0,32.0,45.0,91.0
cmp56hu6i00fjbg1uydy8om22,cmmx6howt0000bi1zgfsisou2,2026-05-14 07:40:09.310,67.83968719452591,24.2,82.0,100.0,7.0,32.0,45.0,91.0
cmp56hxem00flbg1u2mtlmkk5,cmmx6howt0000bi1zgfsisou2,2026-05-14 07:40:13.489,67.83968719452591,24.2,82.0,100.0,7.0,32.0,45.0,91.0
cmp56i0m500fnbg1ubnfz3jbw,cmmx6howt0000bi1zgfsisou2,2026-05-14 07:40:17.648,67.5464320625611,24.1,82.0,100.0,7.0,32.0,45.0,91.0
cmp56i3si00fpbg1u2tee9c5j,cmmx6howt0000bi1zgfsisou2,2026-05-14 07:40:21.778,67.64418377321604,24.2,82.0,100.0,7.0,32.0,45.0,91.0
cmp56i6zj00frbg1ueh4r6iui,cmmx6howt0000bi1zgfsisou2,2026-05-14 07:40:25.903,67.64418377321604,24.2,82.0,100.0,7.0,32.0,45.0,91.0
cmp56ia7u00ftbg1uwnwpfquz,cmmx6howt0000bi1zgfsisou2,2026-05-14 07:40:30.094,67.64418377321604,24.2,82.0,100.0,7.0,32.0,45.0,91.0
cmp56idf300fvbg1u3d6j4q0e,cmmx6howt0000bi1zgfsisou2,2026-05-14 07:40:34.248,67.44868035190616,24.2,82.0,100.0,7.0,32.0,45.0,91.0
cmp56igml00fxbg1u307r0x4i,cmmx6howt0000bi1zgfsisou2,2026-05-14 07:40:38.399,67.5464320625611,24.2,82.0,100.0,7.0,32.0,45.0,91.0
cmp56ijub00fzbg1ulgly9q69,cmmx6howt0000bi1zgfsisou2,2026-05-14 07:40:42.587,67.74193548387098,24.2,82.0,100.0,7.0,32.0,45.0,91.0
cmp56in1n00g1bg1ud7jjysdd,cmmx6howt0000bi1zgfsisou2,2026-05-14 07:40:46.720,67.64418377321604,24.2,82.0,100.0,7.0,32.0,45.0,91.0
cmp56iq9a00g3bg1un29kqlao,cmmx6howt0000bi1zgfsisou2,2026-05-14 07:40:50.885,67.64418377321604,24.2,82.0,100.0,7.0,32.0,45.0,91.0
cmp56itgx00g5bg1u1s8xrvcg,cmmx6howt0000bi1zgfsisou2,2026-05-14 07:40:55.049,67.64418377321604,24.1,81.0,100.0,7.0,32.0,45.0,91.0
cmp56iwne00g7bg1upc0mpgns,cmmx6howt0000bi1zgfsisou2,2026-05-14 07:40:59.169,67.5464320625611,24.2,81.0,100.0,7.0,32.0,45.0,91.0
cmp56izv400g9bg1uaxyq0rb8,cmmx6howt0000bi1zgfsisou2,2026-05-14 07:41:03.332,67.64418377321604,24.1,81.0,100.0,7.0,32.0,45.0,91.0
cmp56j32g00gbbg1ui2hyk9j5,cmmx6howt0000bi1zgfsisou2,2026-05-14 07:41:07.489,67.44868035190616,24.2,81.0,100.0,7.0,32.0,45.0,91.0
cmp56j68y00gdbg1us16dlzij,cmmx6howt0000bi1zgfsisou2,2026-05-14 07:41:11.636,67.64418377321604,24.2,81.0,100.0,7.0,32.0,45.0,91.0
cmp56j9gv00gfbg1u8h7fg67s,cmmx6howt0000bi1zgfsisou2,2026-05-14 07:41:15.793,67.5464320625611,24.1,81.0,100.0,7.0,32.0,45.0,91.0
cmp56jcnx00ghbg1utflf9081,cmmx6howt0000bi1zgfsisou2,2026-05-14 07:41:19.941,67.64418377321604,24.2,81.0,100.0,7.0,32.0,45.0,91.0
cmp56jfv600gjbg1u6z8zzeeu,cmmx6howt0000bi1zgfsisou2,2026-05-14 07:41:24.063,67.64418377321604,24.2,81.0,100.0,7.0,32.0,45.0,91.0
cmp56jj2100glbg1ugxm8jjsb,cmmx6howt0000bi1zgfsisou2,2026-05-14 07:41:28.206,67.35092864125123,24.1,81.0,100.0,7.0,32.0,45.0,91.0
cmp56jma300gnbg1u0r7vlle3,cmmx6howt0000bi1zgfsisou2,2026-05-14 07:41:32.384,67.5464320625611,24.2,81.0,100.0,7.0,32.0,45.0,91.0
cmp56jph500gpbg1u9u1318mv,cmmx6howt0000bi1zgfsisou2,2026-05-14 07:41:36.527,67.64418377321604,24.1,81.0,100.0,7.0,32.0,45.0,91.0
cmp56jsp100grbg1uwkq98g7y,cmmx6howt0000bi1zgfsisou2,2026-05-14 07:41:40.700,67.44868035190616,24.1,81.0,100.0,7.0,32.0,45.0,91.0
cmp56jvwu00gtbg1udydwnfcr,cmmx6howt0000bi1zgfsisou2,2026-05-14 07:41:44.885,67.64418377321604,24.1,81.0,100.0,7.0,32.0,45.0,91.0
cmp56jz5a00gvbg1uno4ooxw7,cmmx6howt0000bi1zgfsisou2,2026-05-14 07:41:49.057,67.64418377321604,24.1,81.0,100.0,7.0,32.0,45.0,91.0
cmp56k2cy00gxbg1uixb9e7gb,cmmx6howt0000bi1zgfsisou2,2026-05-14 07:41:53.219,67.64418377321604,24.1,81.0,100.0,7.0,32.0,45.0,91.0
cmp56k5ka00gzbg1uevz2lpdj,cmmx6howt0000bi1zgfsisou2,2026-05-14 07:41:57.398,67.64418377321604,24.1,81.0,100.0,7.0,32.0,45.0,91.0
cmp56k8rp00h1bg1uya049e33,cmmx6howt0000bi1zgfsisou2,2026-05-14 07:42:01.520,67.64418377321604,24.1,82.0,100.0,7.0,32.0,45.0,91.0
cmp56kbz200h3bg1ujpkyd8r1,cmmx6howt0000bi1zgfsisou2,2026-05-14 07:42:05.691,67.64418377321604,24.2,82.0,100.0,7.0,32.0,45.0,91.0
cmp56kf6500h5bg1ub55kcy0j,cmmx6howt0000bi1zgfsisou2,2026-05-14 07:42:09.853,67.74193548387098,24.2,82.0,100.0,7.0,32.0,45.0,91.0
cmp56kidn00h7bg1uce5yw1e2,cmmx6howt0000bi1zgfsisou2,2026-05-14 07:42:13.974,67.64418377321604,24.2,82.0,100.0,7.0,32.0,45.0,91.0
cmp56klk600h9bg1u89a17dnw,cmmx6howt0000bi1zgfsisou2,2026-05-14 07:42:18.105,67.74193548387098,24.1,82.0,100.0,7.0,32.0,45.0,92.0
cmp56korn00hbbg1u7gc0fws8,cmmx6howt0000bi1zgfsisou2,2026-05-14 07:42:22.268,67.5464320625611,24.2,82.0,100.0,7.0,32.0,45.0,91.0
cmp56kryd00hdbg1ulid8hc6c,cmmx6howt0000bi1zgfsisou2,2026-05-14 07:42:26.401,67.64418377321604,24.1,82.0,100.0,7.0,32.0,46.0,92.0
cmp56kv4i00hfbg1uqbhjxzlk,cmmx6howt0000bi1zgfsisou2,2026-05-14 07:42:30.525,67.5464320625611,24.1,82.0,100.0,7.0,32.0,46.0,92.0
cmp56kybw00hhbg1uvhtk31px,cmmx6howt0000bi1zgfsisou2,2026-05-14 07:42:34.657,67.64418377321604,24.1,82.0,100.0,7.0,32.0,46.0,92.0
cmp56l1jm00hjbg1uacf5xsjr,cmmx6howt0000bi1zgfsisou2,2026-05-14 07:42:38.822,67.64418377321604,24.2,82.0,100.0,7.0,32.0,46.0,92.0
cmp56l4rb00hlbg1uqbp456f6,cmmx6howt0000bi1zgfsisou2,2026-05-14 07:42:42.993,67.5464320625611,24.2,81.0,100.0,7.0,32.0,46.0,92.0
cmp56l7yd00hnbg1umtktqnxk,cmmx6howt0000bi1zgfsisou2,2026-05-14 07:42:47.130,67.64418377321604,24.1,81.0,100.0,7.0,32.0,46.0,92.0
cmp56lb6500hpbg1ueied3300,cmmx6howt0000bi1zgfsisou2,2026-05-14 07:42:51.304,67.74193548387098,24.1,81.0,100.0,7.0,32.0,46.0,92.0
cmp56leda00hrbg1uastpu02r,cmmx6howt0000bi1zgfsisou2,2026-05-14 07:42:55.464,67.5464320625611,24.2,81.0,100.0,7.0,32.0,46.0,92.0
cmp56lhox00htbg1utecmrqgp,cmmx6howt0000bi1zgfsisou2,2026-05-14 07:42:59.606,67.5464320625611,24.2,81.0,100.0,7.0,32.0,46.0,92.0
cmp56lkwo00hvbg1uoaduyv6o,cmmx6howt0000bi1zgfsisou2,2026-05-14 07:43:03.918,67.5464320625611,24.2,81.0,100.0,7.0,32.0,46.0,92.0
cmp56lo4n00hxbg1u5wpbz8bb,cmmx6howt0000bi1zgfsisou2,2026-05-14 07:43:08.084,67.74193548387098,24.2,81.0,100.0,7.0,32.0,46.0,92.0
cmp56lrba00hzbg1unl43j62n,cmmx6howt0000bi1zgfsisou2,2026-05-14 07:43:12.213,67.5464320625611,24.2,81.0,100.0,7.0,32.0,46.0,92.0
cmp56lujr00i1bg1ursginad7,cmmx6howt0000bi1zgfsisou2,2026-05-14 07:43:16.386,67.44868035190616,24.2,81.0,100.0,7.0,32.0,46.0,92.0
cmp56lxs900i3bg1uinj0zhzb,cmmx6howt0000bi1zgfsisou2,2026-05-14 07:43:20.616,67.64418377321604,24.2,81.0,100.0,7.0,32.0,46.0,92.0
cmp56m0za00i5bg1uzluahe3t,cmmx6howt0000bi1zgfsisou2,2026-05-14 07:43:24.755,67.74193548387098,24.2,81.0,100.0,7.0,32.0,46.0,92.0
cmp56m46a00i7bg1ux7mp6ej0,cmmx6howt0000bi1zgfsisou2,2026-05-14 07:43:28.890,67.64418377321604,24.3,81.0,100.0,7.0,32.0,46.0,92.0
cmp56m7d700i9bg1ubj4leprs,cmmx6howt0000bi1zgfsisou2,2026-05-14 07:43:33.043,67.74193548387098,24.2,81.0,100.0,7.0,32.0,46.0,92.0
cmp56makc00ibbg1ulj6idp7v,cmmx6howt0000bi1zgfsisou2,2026-05-14 07:43:37.180,67.74193548387098,24.2,81.0,100.0,7.0,32.0,46.0,92.0
cmp56mdrw00idbg1uoqqc7ezc,cmmx6howt0000bi1zgfsisou2,2026-05-14 07:43:41.328,67.74193548387098,24.2,81.0,100.0,7.0,33.0,46.0,92.0
cmp56mgzf00ifbg1umgc1vsp6,cmmx6howt0000bi1zgfsisou2,2026-05-14 07:43:45.488,67.74193548387098,24.3,81.0,100.0,7.0,32.0,46.0,92.0
cmp56mk7000ihbg1u1cfdf6cp,cmmx6howt0000bi1zgfsisou2,2026-05-14 07:43:49.661,67.74193548387098,24.3,81.0,100.0,7.0,32.0,46.0,92.0
cmp56mne300ijbg1uake5wtb4,cmmx6howt0000bi1zgfsisou2,2026-05-14 07:43:53.800,67.74193548387098,24.2,81.0,100.0,7.0,32.0,46.0,92.0
cmp56mqly00ilbg1ux9p9j5ol,cmmx6howt0000bi1zgfsisou2,2026-05-14 07:43:57.974,67.74193548387098,24.2,81.0,100.0,7.0,32.0,46.0,92.0
cmp56mx9q00inbg1u71x0yjkv,cmmx6howt0000bi1zgfsisou2,2026-05-14 07:44:02.078,67.74193548387098,24.2,81.0,100.0,7.0,32.0,46.0,92.0
cmp56n0h300ipbg1up6n4qb8w,cmmx6howt0000bi1zgfsisou2,2026-05-14 07:44:10.739,67.5464320625611,24.3,81.0,100.0,7.0,32.0,46.0,92.0
cmp56n3p700irbg1ur36pvxka,cmmx6howt0000bi1zgfsisou2,2026-05-14 07:44:14.914,67.74193548387098,24.2,81.0,100.0,7.0,32.0,46.0,92.0
cmp56n6xj00itbg1u6q023or5,cmmx6howt0000bi1zgfsisou2,2026-05-14 07:44:19.105,67.74193548387098,24.3,81.0,100.0,7.0,32.0,46.0,92.0
cmp56na4200ivbg1u5esnpfld,cmmx6howt0000bi1zgfsisou2,2026-05-14 07:44:23.252,67.64418377321604,24.3,81.0,100.0,7.0,32.0,46.0,92.0
cmp56ndbm00ixbg1ur2yi51u9,cmmx6howt0000bi1zgfsisou2,2026-05-14 07:44:27.404,67.74193548387098,24.3,81.0,100.0,7.0,32.0,46.0,92.0
cmp56ngi100izbg1u3uq0na5e,cmmx6howt0000bi1zgfsisou2,2026-05-14 07:44:31.540,67.64418377321604,24.2,81.0,100.0,7.0,32.0,46.0,92.0
cmp56njpf00j1bg1urpjntk5w,cmmx6howt0000bi1zgfsisou2,2026-05-14 07:44:35.664,67.64418377321604,24.2,81.0,100.0,7.0,32.0,46.0,92.0
cmp56nmws00j3bg1u5ona217e,cmmx6howt0000bi1zgfsisou2,2026-05-14 07:44:39.834,67.74193548387098,24.2,81.0,100.0,7.0,32.0,45.0,91.0
cmp56nq3s00j5bg1ul4g9u5zd,cmmx6howt0000bi1zgfsisou2,2026-05-14 07:44:43.974,67.64418377321604,24.2,81.0,100.0,7.0,32.0,45.0,91.0
cmp56ntaq00j7bg1u3618kxpp,cmmx6howt0000bi1zgfsisou2,2026-05-14 07:44:48.113,67.64418377321604,24.2,80.0,100.0,7.0,32.0,45.0,91.0
cmp56nwiq00j9bg1u9xvi5qcp,cmmx6howt0000bi1zgfsisou2,2026-05-14 07:44:52.277,67.74193548387098,24.2,80.0,100.0,7.0,32.0,45.0,91.0
cmp56nzp900jbbg1ugivmovqm,cmmx6howt0000bi1zgfsisou2,2026-05-14 07:44:56.414,67.64418377321604,24.2,80.0,100.0,7.0,32.0,45.0,91.0
cmp56o2wo00jdbg1uni6ftnnd,cmmx6howt0000bi1zgfsisou2,2026-05-14 07:45:00.570,67.5464320625611,24.2,80.0,100.0,7.0,32.0,45.0,91.0
cmp56o64f00jfbg1uj598pj5d,cmmx6howt0000bi1zgfsisou2,2026-05-14 07:45:04.717,67.35092864125123,24.2,80.0,100.0,7.0,32.0,45.0,91.0
cmp56o9c800jhbg1uyj8lsjyl,cmmx6howt0000bi1zgfsisou2,2026-05-14 07:45:08.877,67.64418377321604,24.2,80.0,100.0,7.0,32.0,45.0,91.0
cmp56ocj200jjbg1uruhxa8lp,cmmx6howt0000bi1zgfsisou2,2026-05-14 07:45:13.021,67.44868035190616,24.3,80.0,100.0,7.0,32.0,45.0,91.0
cmp56ofqe00jlbg1ubff0ms1a,cmmx6howt0000bi1zgfsisou2,2026-05-14 07:45:17.170,67.64418377321604,24.3,80.0,100.0,7.0,32.0,45.0,91.0
cmp56oiwr00jnbg1u3yjn8dr7,cmmx6howt0000bi1zgfsisou2,2026-05-14 07:45:21.311,67.5464320625611,24.2,80.0,100.0,7.0,32.0,45.0,91.0
cmp56om3i00jpbg1ufajecp4p,cmmx6howt0000bi1zgfsisou2,2026-05-14 07:45:25.434,67.5464320625611,24.2,80.0,100.0,7.0,32.0,45.0,91.0
cmp56opas00jrbg1uqbtclzti,cmmx6howt0000bi1zgfsisou2,2026-05-14 07:45:29.577,67.44868035190616,24.2,80.0,100.0,7.0,32.0,45.0,91.0
cmp56osi100jtbg1uic1z14mm,cmmx6howt0000bi1zgfsisou2,2026-05-14 07:45:33.738,67.5464320625611,24.2,80.0,100.0,7.0,32.0,45.0,91.0
cmp56ovp100jvbg1ua1k3rozt,cmmx6howt0000bi1zgfsisou2,2026-05-14 07:45:37.885,67.64418377321604,24.2,80.0,100.0,7.0,32.0,45.0,91.0
cmp56oywg00jxbg1um39cafo9,cmmx6howt0000bi1zgfsisou2,2026-05-14 07:45:42.025,67.64418377321604,24.1,80.0,100.0,7.0,32.0,45.0,91.0
cmp56p23400jzbg1u3qaotbrl,cmmx6howt0000bi1zgfsisou2,2026-05-14 07:45:46.169,67.64418377321604,24.2,80.0,100.0,7.0,32.0,45.0,91.0
cmp56p5ac00k1bg1uvlx70tfh,cmmx6howt0000bi1zgfsisou2,2026-05-14 07:45:50.318,67.5464320625611,24.2,80.0,100.0,7.0,32.0,45.0,91.0
cmp56p8gi00k3bg1uppb746wh,cmmx6howt0000bi1zgfsisou2,2026-05-14 07:45:54.424,67.64418377321604,24.2,80.0,100.0,7.0,32.0,45.0,91.0
cmp56pbnt00k5bg1uhnstqrey,cmmx6howt0000bi1zgfsisou2,2026-05-14 07:45:58.576,67.5464320625611,24.2,81.0,100.0,7.0,32.0,45.0,91.0
cmp56peuq00k7bg1u5cptv0ia,cmmx6howt0000bi1zgfsisou2,2026-05-14 07:46:02.710,67.74193548387098,24.2,81.0,100.0,7.0,32.0,45.0,91.0
cmp56pi1h00k9bg1u8e24jznh,cmmx6howt0000bi1zgfsisou2,2026-05-14 07:46:06.821,67.64418377321604,24.1,81.0,100.0,7.0,32.0,45.0,91.0
cmp56pl6q00kbbg1uk47cze0j,cmmx6howt0000bi1zgfsisou2,2026-05-14 07:46:10.933,67.74193548387098,24.1,81.0,100.0,7.0,32.0,45.0,91.0
cmp56podl00kdbg1uzw33geef,cmmx6howt0000bi1zgfsisou2,2026-05-14 07:46:15.036,67.74193548387098,24.1,81.0,100.0,7.0,32.0,45.0,91.0
cmp56prl900kfbg1u06be400e,cmmx6howt0000bi1zgfsisou2,2026-05-14 07:46:19.208,67.74193548387098,24.2,81.0,100.0,7.0,32.0,45.0,91.0
cmp56puse00khbg1u3wypu5xf,cmmx6howt0000bi1zgfsisou2,2026-05-14 07:46:23.345,67.64418377321604,24.1,81.0,100.0,7.0,32.0,45.0,91.0
cmp56py0i00kjbg1u5rrmbj4u,cmmx6howt0000bi1zgfsisou2,2026-05-14 07:46:27.524,67.74193548387098,24.2,81.0,100.0,7.0,32.0,46.0,92.0
cmp56q17e00klbg1uoibzplmm,cmmx6howt0000bi1zgfsisou2,2026-05-14 07:46:31.669,67.74193548387098,24.2,81.0,100.0,7.0,32.0,46.0,91.0
cmp56q4dy00knbg1ubdh8ae11,cmmx6howt0000bi1zgfsisou2,2026-05-14 07:46:35.804,67.74193548387098,24.1,81.0,100.0,7.0,32.0,45.0,91.0
cmp56q7lm00kpbg1u7wqxi8ls,cmmx6howt0000bi1zgfsisou2,2026-05-14 07:46:39.941,67.64418377321604,24.1,81.0,100.0,7.0,32.0,45.0,91.0
cmp56qat400krbg1up0uvb48z,cmmx6howt0000bi1zgfsisou2,2026-05-14 07:46:44.116,67.74193548387098,24.1,81.0,100.0,7.0,32.0,45.0,91.0
cmp56qdzq00ktbg1ue8t0bmsv,cmmx6howt0000bi1zgfsisou2,2026-05-14 07:46:48.244,67.5464320625611,24.2,80.0,100.0,7.0,32.0,45.0,91.0
cmp56qh8j00kvbg1uz0rbxrm7,cmmx6howt0000bi1zgfsisou2,2026-05-14 07:46:52.386,67.5464320625611,24.2,81.0,100.0,7.0,32.0,45.0,91.0
cmp56qkem00kxbg1uerk2tim3,cmmx6howt0000bi1zgfsisou2,2026-05-14 07:46:56.556,67.64418377321604,24.1,81.0,100.0,7.0,32.0,45.0,91.0
cmp56qnkz00kzbg1uomyox9aq,cmmx6howt0000bi1zgfsisou2,2026-05-14 07:47:00.675,67.64418377321604,24.1,80.0,100.0,7.0,32.0,45.0,91.0
cmp56qqri00l1bg1uvxf7fi2b,cmmx6howt0000bi1zgfsisou2,2026-05-14 07:47:04.799,67.74193548387098,24.1,81.0,100.0,7.0,32.0,46.0,92.0
cmp56qtz400l3bg1uskqlqg9w,cmmx6howt0000bi1zgfsisou2,2026-05-14 07:47:08.954,67.64418377321604,24.1,80.0,100.0,7.0,32.0,46.0,92.0
cmp56qx6e00l5bg1udunoxmb6,cmmx6howt0000bi1zgfsisou2,2026-05-14 07:47:13.097,67.35092864125123,24.1,80.0,100.0,7.0,32.0,46.0,92.0
cmp56r0dh00l7bg1u4p15kzkw,cmmx6howt0000bi1zgfsisou2,2026-05-14 07:47:17.236,67.15542521994135,24.1,81.0,100.0,7.0,32.0,46.0,92.0
cmp56r3kl00l9bg1ukd0iupww,cmmx6howt0000bi1zgfsisou2,2026-05-14 07:47:21.402,67.35092864125123,24.1,81.0,100.0,7.0,32.0,46.0,92.0
cmp56r6sj00lbbg1ubkqsikje,cmmx6howt0000bi1zgfsisou2,2026-05-14 07:47:25.572,67.5464320625611,24.1,81.0,100.0,7.0,32.0,46.0,92.0
cmp56r9zj00ldbg1uop3g9anq,cmmx6howt0000bi1zgfsisou2,2026-05-14 07:47:29.706,67.64418377321604,24.1,81.0,100.0,7.0,32.0,46.0,92.0
cmp56rd6700lfbg1uuhj5ou6r,cmmx6howt0000bi1zgfsisou2,2026-05-14 07:47:33.826,67.74193548387098,24.1,81.0,100.0,7.0,32.0,46.0,92.0
cmp56rgdw00lhbg1uixm2pord,cmmx6howt0000bi1zgfsisou2,2026-05-14 07:47:37.991,67.83968719452591,24.1,81.0,100.0,7.0,32.0,46.0,92.0
cmp56rjkb00ljbg1uo9p0vio4,cmmx6howt0000bi1zgfsisou2,2026-05-14 07:47:42.101,67.74193548387098,24.1,81.0,100.0,7.0,32.0,46.0,92.0
cmp56rmr400llbg1ut8hycsob,cmmx6howt0000bi1zgfsisou2,2026-05-14 07:47:46.242,68.03519061583579,24.1,81.0,100.0,7.0,32.0,46.0,92.0
cmp56rpz600lnbg1ux0poguyt,cmmx6howt0000bi1zgfsisou2,2026-05-14 07:47:50.413,68.03519061583579,24.1,81.0,100.0,7.0,32.0,45.0,91.0
cmp56rt6l00lpbg1uhr5kaew0,cmmx6howt0000bi1zgfsisou2,2026-05-14 07:47:54.574,67.93743890518084,24.2,81.0,100.0,7.0,32.0,46.0,92.0
cmp56rwes00lrbg1u5c65any9,cmmx6howt0000bi1zgfsisou2,2026-05-14 07:47:58.739,67.93743890518084,24.1,81.0,100.0,7.0,32.0,46.0,92.0
cmp56rzn900ltbg1umnifs0q3,cmmx6howt0000bi1zgfsisou2,2026-05-14 07:48:02.956,67.83968719452591,24.2,81.0,100.0,7.0,32.0,45.0,91.0
cmp56s2uo00lvbg1uxwfcttl7,cmmx6howt0000bi1zgfsisou2,2026-05-14 07:48:07.114,67.93743890518084,24.1,82.0,100.0,7.0,32.0,45.0,91.0
cmp56s62b00lxbg1uagz0q2ce,cmmx6howt0000bi1zgfsisou2,2026-05-14 07:48:11.267,67.93743890518084,24.2,82.0,100.0,7.0,32.0,46.0,92.0
cmp56s9a900lzbg1uvbeif0oz,cmmx6howt0000bi1zgfsisou2,2026-05-14 07:48:15.453,67.83968719452591,24.1,82.0,100.0,7.0,32.0,46.0,92.0
cmp56schq00m1bg1uynioje21,cmmx6howt0000bi1zgfsisou2,2026-05-14 07:48:19.599,68.03519061583579,24.1,82.0,100.0,7.0,32.0,46.0,92.0
cmp56sfpg00m3bg1uqipvrffd,cmmx6howt0000bi1zgfsisou2,2026-05-14 07:48:23.770,67.93743890518084,24.1,82.0,100.0,7.0,32.0,46.0,92.0
cmp56siwd00m5bg1ub26wf68g,cmmx6howt0000bi1zgfsisou2,2026-05-14 07:48:27.922,68.03519061583579,24.1,81.0,100.0,7.0,32.0,46.0,92.0
cmp56sm4900m7bg1ujzukfskr,cmmx6howt0000bi1zgfsisou2,2026-05-14 07:48:32.058,68.03519061583579,24.1,81.0,100.0,7.0,32.0,46.0,92.0
cmp56spb400m9bg1uw9t3slll,cmmx6howt0000bi1zgfsisou2,2026-05-14 07:48:36.211,67.74193548387098,24.1,81.0,100.0,7.0,32.0,46.0,92.0
cmp56ssib00mbbg1ujld0jol1,cmmx6howt0000bi1zgfsisou2,2026-05-14 07:48:40.361,67.93743890518084,24.1,81.0,100.0,7.0,32.0,46.0,92.0
cmp56svod00mdbg1u5dha3d9v,cmmx6howt0000bi1zgfsisou2,2026-05-14 07:48:44.473,67.93743890518084,24.1,81.0,100.0,7.0,32.0,46.0,92.0
cmp56syw600mfbg1utxsd9xc9,cmmx6howt0000bi1zgfsisou2,2026-05-14 07:48:48.639,67.83968719452591,24.1,81.0,100.0,7.0,32.0,46.0,92.0
cmp56t22t00mhbg1u4ktb0fm7,cmmx6howt0000bi1zgfsisou2,2026-05-14 07:48:52.778,68.03519061583579,24.1,81.0,100.0,7.0,32.0,46.0,92.0
cmp56t5bf00mjbg1ueq397crj,cmmx6howt0000bi1zgfsisou2,2026-05-14 07:48:56.945,68.03519061583579,24.1,81.0,100.0,7.0,32.0,46.0,92.0
cmp56t8id00mlbg1uos7qieo5,cmmx6howt0000bi1zgfsisou2,2026-05-14 07:49:01.098,67.93743890518084,24.1,81.0,100.0,7.0,32.0,46.0,92.0
cmp56tbpe00mnbg1uqva46eoc,cmmx6howt0000bi1zgfsisou2,2026-05-14 07:49:05.232,67.93743890518084,24.1,81.0,100.0,7.0,32.0,46.0,92.0
cmp56texh00mpbg1u2nrvlmxt,cmmx6howt0000bi1zgfsisou2,2026-05-14 07:49:09.418,68.03519061583579,24.1,81.0,100.0,7.0,32.0,46.0,92.0
cmp56ti4x00mrbg1udp0n3ete,cmmx6howt0000bi1zgfsisou2,2026-05-14 07:49:13.559,68.03519061583579,24.1,81.0,100.0,7.0,32.0,46.0,92.0
cmp56tlbw00mtbg1uk3l0jsjv,cmmx6howt0000bi1zgfsisou2,2026-05-14 07:49:17.715,68.03519061583579,24.1,81.0,100.0,7.0,32.0,46.0,92.0
cmp56toiq00mvbg1uiz82qla9,cmmx6howt0000bi1zgfsisou2,2026-05-14 07:49:21.867,68.03519061583579,24.1,81.0,100.0,7.0,32.0,46.0,92.0
cmp56trou00mxbg1up9bbu8nc,cmmx6howt0000bi1zgfsisou2,2026-05-14 07:49:25.974,67.35092864125123,24.1,81.0,100.0,7.0,32.0,46.0,92.0
cmp56tuwc00mzbg1u31iba8i7,cmmx6howt0000bi1zgfsisou2,2026-05-14 07:49:30.091,67.93743890518084,24.0,81.0,100.0,7.0,33.0,46.0,92.0
cmp56ty5100n1bg1uedlaiik5,cmmx6howt0000bi1zgfsisou2,2026-05-14 07:49:34.297,68.03519061583579,24.1,81.0,100.0,7.0,33.0,46.0,92.0
cmp56u1cr00n3bg1ulhp1nvy0,cmmx6howt0000bi1zgfsisou2,2026-05-14 07:49:38.469,68.03519061583579,24.1,81.0,100.0,7.0,33.0,46.0,92.0
cmp56u4kw00n5bg1u9xkytkwv,cmmx6howt0000bi1zgfsisou2,2026-05-14 07:49:42.637,67.93743890518084,24.1,81.0,100.0,7.0,32.0,46.0,92.0
cmp56u7t300n7bg1u778wu0tk,cmmx6howt0000bi1zgfsisou2,2026-05-14 07:49:46.842,67.74193548387098,24.1,81.0,100.0,7.0,32.0,46.0,92.0
cmp56ub0100n9bg1uml1vmf62,cmmx6howt0000bi1zgfsisou2,2026-05-14 07:49:50.982,67.74193548387098,24.1,81.0,100.0,7.0,32.0,46.0,92.0
cmp56ue6y00nbbg1u4965cnr9,cmmx6howt0000bi1zgfsisou2,2026-05-14 07:49:55.116,67.35092864125123,24.1,81.0,100.0,7.0,33.0,46.0,92.0
cmp56uhfk00ndbg1u85pao61d,cmmx6howt0000bi1zgfsisou2,2026-05-14 07:49:59.298,68.13294232649072,24.1,80.0,100.0,7.0,33.0,46.0,92.0
cmp56ukn400nfbg1uyjnhw3lp,cmmx6howt0000bi1zgfsisou2,2026-05-14 07:50:03.480,68.13294232649072,24.1,80.0,100.0,7.0,33.0,46.0,92.0
cmp56unsy00nhbg1u06nxtil1,cmmx6howt0000bi1zgfsisou2,2026-05-14 07:50:07.598,68.23069403714565,24.1,81.0,100.0,7.0,32.0,46.0,92.0
cmp56ur1g00njbg1uv417mmlk,cmmx6howt0000bi1zgfsisou2,2026-05-14 07:50:11.765,68.23069403714565,24.1,80.0,100.0,7.0,33.0,46.0,92.0
cmp56uu8q00nlbg1uuyo8w9u2,cmmx6howt0000bi1zgfsisou2,2026-05-14 07:50:15.910,68.03519061583579,24.1,80.0,100.0,7.0,32.0,46.0,92.0
cmp56uxfs00nnbg1u8jfru42i,cmmx6howt0000bi1zgfsisou2,2026-05-14 07:50:20.061,68.13294232649072,24.1,80.0,100.0,7.0,33.0,46.0,92.0
cmp56v0nn00npbg1umx2tbrex,cmmx6howt0000bi1zgfsisou2,2026-05-14 07:50:24.232,68.03519061583579,24.1,80.0,100.0,7.0,33.0,46.0,92.0
cmp56v3tg00nrbg1uv29psj3m,cmmx6howt0000bi1zgfsisou2,2026-05-14 07:50:28.346,67.93743890518084,24.1,80.0,100.0,7.0,33.0,46.0,92.0
cmp56v70a00ntbg1uh7rjb4qi,cmmx6howt0000bi1zgfsisou2,2026-05-14 07:50:32.467,68.23069403714565,24.1,80.0,100.0,7.0,32.0,46.0,92.0
cmp56va6z00nvbg1uqemdbhf3,cmmx6howt0000bi1zgfsisou2,2026-05-14 07:50:36.601,68.32844574780059,24.1,80.0,100.0,7.0,33.0,46.0,92.0
cmp56vde600nxbg1u2jxt7lbg,cmmx6howt0000bi1zgfsisou2,2026-05-14 07:50:40.745,68.13294232649072,24.1,80.0,100.0,7.0,33.0,46.0,92.0
cmp56vgkk00nzbg1u08spepsg,cmmx6howt0000bi1zgfsisou2,2026-05-14 07:50:44.875,68.13294232649072,24.1,80.0,100.0,7.0,33.0,46.0,92.0
cmp56vjpw00o1bg1ux2v45p8j,cmmx6howt0000bi1zgfsisou2,2026-05-14 07:50:48.955,68.23069403714565,24.1,80.0,100.0,7.0,33.0,46.0,92.0
cmp56vmwp00o3bg1uqcailvd6,cmmx6howt0000bi1zgfsisou2,2026-05-14 07:50:53.078,68.32844574780059,24.1,80.0,100.0,7.0,33.0,46.0,92.0
cmp56vq3600o5bg1ujysyopiz,cmmx6howt0000bi1zgfsisou2,2026-05-14 07:50:57.213,68.32844574780059,24.2,80.0,100.0,7.0,32.0,46.0,92.0
cmp56vtb600o7bg1upa0wgbc8,cmmx6howt0000bi1zgfsisou2,2026-05-14 07:51:01.368,68.32844574780059,24.2,80.0,100.0,7.0,33.0,46.0,92.0
cmp56vwjp00o9bg1uvxrx7v66,cmmx6howt0000bi1zgfsisou2,2026-05-14 07:51:05.547,68.42619745845553,24.1,80.0,100.0,7.0,33.0,46.0,92.0
cmp56vzqb00obbg1uz4t08vg0,cmmx6howt0000bi1zgfsisou2,2026-05-14 07:51:09.699,68.32844574780059,24.2,80.0,100.0,7.0,33.0,46.0,92.0
cmp56w2wo00odbg1uq1tj1i5s,cmmx6howt0000bi1zgfsisou2,2026-05-14 07:51:13.818,68.23069403714565,24.2,80.0,100.0,7.0,33.0,46.0,92.0
cmp56w63g00ofbg1u3os9eovq,cmmx6howt0000bi1zgfsisou2,2026-05-14 07:51:17.949,68.32844574780059,24.2,80.0,100.0,7.0,33.0,46.0,92.0
cmp56w9a400ohbg1uspz1nq1o,cmmx6howt0000bi1zgfsisou2,2026-05-14 07:51:22.085,68.32844574780059,24.2,80.0,100.0,7.0,33.0,46.0,92.0
cmp56wcgs00ojbg1u5xna9jfp,cmmx6howt0000bi1zgfsisou2,2026-05-14 07:51:26.202,68.42619745845553,24.2,80.0,100.0,7.0,33.0,46.0,92.0
cmp56wfn900olbg1u5rdpoxas,cmmx6howt0000bi1zgfsisou2,2026-05-14 07:51:30.327,68.52394916911047,24.2,80.0,100.0,7.0,33.0,46.0,92.0
cmp56witi00onbg1umi9qgowb,cmmx6howt0000bi1zgfsisou2,2026-05-14 07:51:34.437,68.6217008797654,24.2,80.0,100.0,7.0,33.0,46.0,92.0
cmp56wlzk00opbg1u5giv5lbe,cmmx6howt0000bi1zgfsisou2,2026-05-14 07:51:38.543,68.42619745845553,24.2,80.0,100.0,7.0,33.0,46.0,92.0
cmp56wp6o00orbg1ujf82kvta,cmmx6howt0000bi1zgfsisou2,2026-05-14 07:51:42.688,68.42619745845553,24.2,80.0,100.0,7.0,33.0,46.0,92.0
cmp56wsdy00otbg1uio0g9wr0,cmmx6howt0000bi1zgfsisou2,2026-05-14 07:51:46.823,68.42619745845553,24.2,80.0,100.0,7.0,33.0,46.0,92.0
cmp56wvkl00ovbg1u50nt1eae,cmmx6howt0000bi1zgfsisou2,2026-05-14 07:51:50.959,68.52394916911047,24.2,80.0,100.0,7.0,33.0,46.0,92.0
cmp56wyrl00oxbg1ux2etm2tq,cmmx6howt0000bi1zgfsisou2,2026-05-14 07:51:55.097,68.42619745845553,24.1,80.0,100.0,7.0,33.0,46.0,92.0
cmp56x1yo00ozbg1usl3tsehx,cmmx6howt0000bi1zgfsisou2,2026-05-14 07:51:59.247,68.52394916911047,24.2,80.0,100.0,7.0,33.0,46.0,92.0
cmp56x56500p1bg1ut6rncikw,cmmx6howt0000bi1zgfsisou2,2026-05-14 07:52:03.405,68.42619745845553,24.2,79.0,100.0,7.0,33.0,46.0,92.0
cmp56x8cz00p3bg1up20fqkv3,cmmx6howt0000bi1zgfsisou2,2026-05-14 07:52:07.541,68.32844574780059,24.2,79.0,100.0,7.0,33.0,46.0,92.0
cmp56xbjv00p5bg1u58e1g51b,cmmx6howt0000bi1zgfsisou2,2026-05-14 07:52:11.667,68.42619745845553,24.2,79.0,100.0,7.0,33.0,46.0,92.0
cmp56xetc00p7bg1up9q911by,cmmx6howt0000bi1zgfsisou2,2026-05-14 07:52:15.917,68.6217008797654,24.2,79.0,100.0,7.0,33.0,46.0,92.0
cmp56xi0w00p9bg1uby8ky6uh,cmmx6howt0000bi1zgfsisou2,2026-05-14 07:52:20.059,68.6217008797654,24.2,79.0,100.0,7.0,33.0,46.0,92.0
cmp56xl8000pbbg1umt7qwgyc,cmmx6howt0000bi1zgfsisou2,2026-05-14 07:52:24.194,68.42619745845553,24.2,79.0,100.0,7.0,33.0,46.0,92.0
cmp56xoel00pdbg1uvt68ud3x,cmmx6howt0000bi1zgfsisou2,2026-05-14 07:52:28.325,68.32844574780059,24.2,79.0,100.0,7.0,33.0,46.0,92.0
cmp56xrlh00pfbg1us45hj3ld,cmmx6howt0000bi1zgfsisou2,2026-05-14 07:52:32.469,68.52394916911047,24.2,80.0,100.0,7.0,33.0,46.0,92.0
cmp56xusl00phbg1u7bprclrd,cmmx6howt0000bi1zgfsisou2,2026-05-14 07:52:36.626,68.6217008797654,24.2,80.0,100.0,7.0,33.0,46.0,92.0
cmp56xxyi00pjbg1un0o610ol,cmmx6howt0000bi1zgfsisou2,2026-05-14 07:52:40.718,68.32844574780059,24.2,80.0,100.0,7.0,33.0,46.0,92.0
cmp56y15400plbg1u1briynqi,cmmx6howt0000bi1zgfsisou2,2026-05-14 07:52:44.841,68.32844574780059,24.2,79.0,100.0,7.0,33.0,46.0,92.0
cmp56y4ci00pnbg1umx6cdgsz,cmmx6howt0000bi1zgfsisou2,2026-05-14 07:52:48.987,68.32844574780059,24.2,80.0,100.0,7.0,33.0,46.0,92.0
cmp56y7j200ppbg1uhqfnbo2a,cmmx6howt0000bi1zgfsisou2,2026-05-14 07:52:53.139,68.6217008797654,24.2,80.0,100.0,7.0,33.0,46.0,92.0
cmp56yapb00prbg1u18okkpa7,cmmx6howt0000bi1zgfsisou2,2026-05-14 07:52:57.246,68.23069403714565,24.2,80.0,100.0,7.0,33.0,46.0,92.0
cmp56ydvm00ptbg1u7dyls0mz,cmmx6howt0000bi1zgfsisou2,2026-05-14 07:53:01.338,68.42619745845553,24.2,80.0,100.0,7.0,33.0,46.0,92.0
cmp56yh2u00pvbg1uzgeapr50,cmmx6howt0000bi1zgfsisou2,2026-05-14 07:53:05.480,68.6217008797654,24.3,80.0,100.0,7.0,33.0,46.0,92.0
cmp56ykc100pxbg1uqvvsjfnn,cmmx6howt0000bi1zgfsisou2,2026-05-14 07:53:09.664,68.6217008797654,24.2,79.0,100.0,7.0,33.0,46.0,92.0
cmp56ynll00pzbg1um18zavi2,cmmx6howt0000bi1zgfsisou2,2026-05-14 07:53:13.920,68.6217008797654,24.3,79.0,100.0,7.0,33.0,46.0,92.0
cmp56yqsc00q1bg1urkp6inwj,cmmx6howt0000bi1zgfsisou2,2026-05-14 07:53:18.086,68.6217008797654,24.3,79.0,100.0,7.0,33.0,46.0,92.0
cmp56ytzo00q3bg1urff5o7tl,cmmx6howt0000bi1zgfsisou2,2026-05-14 07:53:22.225,68.52394916911047,24.2,79.0,100.0,7.0,33.0,46.0,92.0
cmp56yx7j00q5bg1uk7w9duw1,cmmx6howt0000bi1zgfsisou2,2026-05-14 07:53:26.386,68.6217008797654,24.3,79.0,100.0,7.0,33.0,46.0,92.0
cmp56z0fw00q7bg1uad837alj,cmmx6howt0000bi1zgfsisou2,2026-05-14 07:53:30.562,68.6217008797654,24.2,79.0,100.0,7.0,33.0,46.0,92.0
cmp56z3mv00q9bg1ukm1xp1pi,cmmx6howt0000bi1zgfsisou2,2026-05-14 07:53:34.718,68.6217008797654,24.2,79.0,100.0,7.0,33.0,46.0,92.0
cmp56z6ut00qbbg1ucgmltns0,cmmx6howt0000bi1zgfsisou2,2026-05-14 07:53:38.898,68.6217008797654,24.3,79.0,100.0,7.0,33.0,46.0,92.0
cmp56za0x00qdbg1ubawtuyzx,cmmx6howt0000bi1zgfsisou2,2026-05-14 07:53:43.013,68.6217008797654,24.3,79.0,100.0,7.0,33.0,46.0,92.0
cmp56zdet00qfbg1uziogenz1,cmmx6howt0000bi1zgfsisou2,2026-05-14 07:53:47.379,68.6217008797654,24.3,79.0,100.0,7.0,33.0,46.0,92.0
cmp56zgnh00qhbg1uoxwr1g66,cmmx6howt0000bi1zgfsisou2,2026-05-14 07:53:51.584,68.32844574780059,24.3,79.0,100.0,7.0,33.0,46.0,92.0
cmp56zjvd00qjbg1uwnw2ee1l,cmmx6howt0000bi1zgfsisou2,2026-05-14 07:53:55.749,68.52394916911047,24.2,79.0,100.0,7.0,33.0,46.0,92.0
cmp56zn2000qlbg1ue3smfhsu,cmmx6howt0000bi1zgfsisou2,2026-05-14 07:53:59.884,68.52394916911047,24.3,79.0,100.0,7.0,33.0,46.0,92.0
cmp56zq9600qnbg1uu57qixs9,cmmx6howt0000bi1zgfsisou2,2026-05-14 07:54:04.038,68.71945259042033,24.3,79.0,100.0,7.0,33.0,46.0,92.0
cmp56ztfi00qpbg1uepnvv7e0,cmmx6howt0000bi1zgfsisou2,2026-05-14 07:54:08.156,68.71945259042033,24.3,79.0,100.0,7.0,33.0,46.0,92.0
cmp56zwmh00qrbg1u3917o121,cmmx6howt0000bi1zgfsisou2,2026-05-14 07:54:12.307,68.71945259042033,24.3,79.0,100.0,7.0,33.0,46.0,92.0
cmp56zzu500qtbg1uwdg7dejh,cmmx6howt0000bi1zgfsisou2,2026-05-14 07:54:16.448,68.42619745845553,24.3,79.0,100.0,7.0,33.0,46.0,92.0
cmp57031700qvbg1uibrtva3n,cmmx6howt0000bi1zgfsisou2,2026-05-14 07:54:20.597,68.71945259042033,24.3,79.0,100.0,7.0,33.0,46.0,92.0
cmp57067100qxbg1uhbjw5fqd,cmmx6howt0000bi1zgfsisou2,2026-05-14 07:54:24.712,68.6217008797654,24.2,79.0,100.0,7.0,33.0,46.0,92.0
cmp5709e100qzbg1uwhm69lj4,cmmx6howt0000bi1zgfsisou2,2026-05-14 07:54:28.824,68.71945259042033,24.2,79.0,100.0,7.0,33.0,46.0,92.0
cmp570cjj00r1bg1urjfc46vb,cmmx6howt0000bi1zgfsisou2,2026-05-14 07:54:32.942,68.71945259042033,24.3,79.0,100.0,7.0,33.0,46.0,92.0
cmp570fpp00r3bg1u0xaqbhpv,cmmx6howt0000bi1zgfsisou2,2026-05-14 07:54:37.047,68.6217008797654,24.3,79.0,100.0,7.0,33.0,46.0,92.0
cmp570ivy00r5bg1uy4hmjiv7,cmmx6howt0000bi1zgfsisou2,2026-05-14 07:54:41.142,68.42619745845553,24.3,79.0,100.0,7.0,33.0,46.0,92.0
cmp570m2y00r7bg1ug8tqwsdi,cmmx6howt0000bi1zgfsisou2,2026-05-14 07:54:45.271,68.6217008797654,24.2,79.0,100.0,7.0,33.0,46.0,92.0
cmp570p9i00r9bg1uydndxkuh,cmmx6howt0000bi1zgfsisou2,2026-05-14 07:54:49.405,67.2531769305963,24.2,79.0,100.0,7.0,31.0,44.0,86.0
cmp570sfc00rbbg1uu3zrr3w6,cmmx6howt0000bi1zgfsisou2,2026-05-14 07:54:53.522,67.2531769305963,24.2,79.0,100.0,7.0,25.0,35.0,66.0
cmp570vm700rdbg1uxido0dtl,cmmx6howt0000bi1zgfsisou2,2026-05-14 07:54:57.635,68.42619745845553,24.2,80.0,100.0,7.0,15.0,18.0,36.0
cmp570yt200rfbg1ub0c5uz7r,cmmx6howt0000bi1zgfsisou2,2026-05-14 07:55:01.771,68.32844574780059,24.2,80.0,100.0,7.0,5.0,8.0,16.0
cmp5711zm00rhbg1usa3wntgo,cmmx6howt0000bi1zgfsisou2,2026-05-14 07:55:05.922,68.42619745845553,24.2,79.0,100.0,7.0,6.0,9.0,18.0
cmp57155700rjbg1ulv4704db,cmmx6howt0000bi1zgfsisou2,2026-05-14 07:55:09.983,68.91495601173021,24.2,79.0,100.0,7.0,3.0,5.0,10.0
cmp5718cq00rlbg1uo15qseo3,cmmx6howt0000bi1zgfsisou2,2026-05-14 07:55:14.150,69.11045943304008,24.2,79.0,51.78,7.0,3.0,4.0,9.0
cmp571bk200rnbg1uo70akz4d,cmmx6howt0000bi1zgfsisou2,2026-05-14 07:55:18.299,63.83186705767351,24.2,80.0,0.0,7.0,3.0,6.0,12.0
cmp571eqq00rpbg1ug8uiywbj,cmmx6howt0000bi1zgfsisou2,2026-05-14 07:55:22.442,52.39491691104594,24.2,80.0,0.0,7.0,10.0,15.0,34.0
cmp571hwv00rrbg1ubbswrir1,cmmx6howt0000bi1zgfsisou2,2026-05-14 07:55:26.530,63.14760508308895,24.2,80.0,0.0,7.0,20.0,28.0,59.0
cmp571l3y00rtbg1u1pg45csh,cmmx6howt0000bi1zgfsisou2,2026-05-14 07:55:30.674,64.32062561094818,24.2,80.0,0.0,7.0,26.0,37.0,74.0
cmp571oad00rvbg1uw5i87cdb,cmmx6howt0000bi1zgfsisou2,2026-05-14 07:55:34.822,63.73411534701857,24.2,80.0,0.0,7.0,28.0,39.0,78.0
cmp571rhd00rxbg1upna4qc2d,cmmx6howt0000bi1zgfsisou2,2026-05-14 07:55:38.928,66.4711632453568,24.2,80.0,78.87,7.0,28.0,39.0,79.0
cmp571un500rzbg1ulak2giim,cmmx6howt0000bi1zgfsisou2,2026-05-14 07:55:43.050,57.77126099706744,24.2,78.0,81.25,7.0,28.0,39.0,78.0
cmp571xum00s1bg1uai9bwvlt,cmmx6howt0000bi1zgfsisou2,2026-05-14 07:55:47.181,58.06451612903225,24.2,75.0,0.0,7.0,27.0,38.0,75.0
cmp5720zz00s3bg1uwsr09304,cmmx6howt0000bi1zgfsisou2,2026-05-14 07:55:51.285,68.71945259042033,24.2,80.0,0.0,7.0,22.0,31.0,61.0
cmp57246b00s5bg1ux9t384kj,cmmx6howt0000bi1zgfsisou2,2026-05-14 07:55:55.381,70.08797653958945,24.2,80.0,0.0,7.0,14.0,17.0,35.0
cmp5727d300s7bg1ux3jurn0n,cmmx6howt0000bi1zgfsisou2,2026-05-14 07:55:59.510,67.64418377321604,24.2,80.0,11.84,7.0,4.0,5.0,10.0
cmp572akp00s9bg1utcykxt0e,cmmx6howt0000bi1zgfsisou2,2026-05-14 07:56:03.681,58.16226783968719,24.5,79.0,0.0,7.0,2.0,3.0,7.0
cmp572dry00sbbg1ux6o6nm9f,cmmx6howt0000bi1zgfsisou2,2026-05-14 07:56:07.834,67.44868035190616,24.2,80.0,91.18,7.0,3.0,5.0,11.0
cmp572gz100sdbg1u65r4k13o,cmmx6howt0000bi1zgfsisou2,2026-05-14 07:56:11.959,57.57575757575757,24.2,79.0,86.69,7.0,5.0,7.0,15.0
cmp572k5a00sfbg1uyjal7ifh,cmmx6howt0000bi1zgfsisou2,2026-05-14 07:56:16.092,57.57575757575757,24.2,79.0,78.68,7.0,6.0,9.0,19.0
cmp572nc400shbg1uhz9vlugj,cmmx6howt0000bi1zgfsisou2,2026-05-14 07:56:20.232,59.23753665689149,24.2,79.0,93.16,7.0,8.0,12.0,24.0
cmp572qje00sjbg1ulb5bcm9k,cmmx6howt0000bi1zgfsisou2,2026-05-14 07:56:24.370,59.13978494623655,24.2,79.0,93.39,7.0,10.0,14.0,29.0
cmp572trb00slbg1u4hwfr9es,cmmx6howt0000bi1zgfsisou2,2026-05-14 07:56:28.539,51.80840664711632,24.1,79.0,93.09,7.0,10.0,15.0,30.0
cmp572wyq00snbg1u0sbhdczm,cmmx6howt0000bi1zgfsisou2,2026-05-14 07:56:32.712,50.73313782991202,24.2,79.0,93.09,7.0,10.0,15.0,30.0
cmp57306400spbg1ufhsnm22y,cmmx6howt0000bi1zgfsisou2,2026-05-14 07:56:36.874,50.04887585532747,24.2,79.0,93.16,7.0,10.0,15.0,30.0
cmp5733b500srbg1ujgbsj166,cmmx6howt0000bi1zgfsisou2,2026-05-14 07:56:40.940,61.09481915933529,24.1,79.0,23.92,7.0,30.0,30.0,30.0
cmp5736hd00stbg1uav100g6c,cmmx6howt0000bi1zgfsisou2,2026-05-14 07:56:45.049,49.26686217008798,24.2,79.0,58.33,7.0,30.0,30.0,30.0
cmp5739ne00svbg1uuh0po7qi,cmmx6howt0000bi1zgfsisou2,2026-05-14 07:56:49.144,52.68817204301075,24.1,79.0,46.71,7.0,30.0,30.0,30.0
cmp573cu800sxbg1u641fg3ly,cmmx6howt0000bi1zgfsisou2,2026-05-14 07:56:53.280,53.27468230694037,24.2,79.0,44.15,7.0,30.0,30.0,30.0
cmp573g0400szbg1ucmymqied,cmmx6howt0000bi1zgfsisou2,2026-05-14 07:56:57.391,62.85434995112414,24.1,79.0,22.13,7.0,30.0,30.0,30.0
cmp573j6o00t1bg1ulkqxwm5o,cmmx6howt0000bi1zgfsisou2,2026-05-14 07:57:01.512,62.65884652981427,24.2,79.0,5.17,7.0,7.0,11.0,23.0
cmp573md300t3bg1uti8y9kh6,cmmx6howt0000bi1zgfsisou2,2026-05-14 07:57:05.635,71.65200391006843,24.1,80.0,47.89,7.0,11.0,16.0,33.0
cmp573pj300t5bg1ut6idgw9b,cmmx6howt0000bi1zgfsisou2,2026-05-14 07:57:09.718,70.772238514174,24.1,80.0,71.44,7.0,10.0,14.0,29.0
cmp573spk00t7bg1umk1zn9il,cmmx6howt0000bi1zgfsisou2,2026-05-14 07:57:13.861,72.62952101661779,24.2,80.0,16.18,7.0,10.0,14.0,31.0
cmp573vwb00t9bg1u4wv3b878,cmmx6howt0000bi1zgfsisou2,2026-05-14 07:57:17.985,71.65200391006843,24.1,80.0,80.36,7.0,14.0,20.0,43.0
cmp573z3800tbbg1ujjxcnqgj,cmmx6howt0000bi1zgfsisou2,2026-05-14 07:57:22.127,71.16324535679375,24.1,80.0,39.43,7.0,17.0,24.0,49.0
cmp57428t00tdbg1uckpnhf2b,cmmx6howt0000bi1zgfsisou2,2026-05-14 07:57:26.218,72.04301075268818,24.1,80.0,80.89,7.0,14.0,20.0,38.0
cmp5745fe00tfbg1ut734lgqb,cmmx6howt0000bi1zgfsisou2,2026-05-14 07:57:30.322,72.04301075268818,24.1,80.0,60.54,7.0,5.0,7.0,12.0
cmp5748md00thbg1uqehh6n2q,cmmx6howt0000bi1zgfsisou2,2026-05-14 07:57:34.464,70.18572825024438,24.2,80.0,100.0,7.0,14.0,20.0,46.0
cmp574bu300tjbg1uhu8579u9,cmmx6howt0000bi1zgfsisou2,2026-05-14 07:57:38.620,64.02737047898339,24.1,79.0,81.24,7.0,18.0,25.0,51.0
cmp574ezq00tlbg1uay6be9uw,cmmx6howt0000bi1zgfsisou2,2026-05-14 07:57:42.739,62.4633431085044,24.1,79.0,72.62,7.0,17.0,25.0,47.0
cmp574i5b00tnbg1udlu01lbf,cmmx6howt0000bi1zgfsisou2,2026-05-14 07:57:46.815,66.95992179863148,24.1,79.0,54.14,7.0,11.0,14.0,28.0
cmp574lbw00tpbg1u5uol8say,cmmx6howt0000bi1zgfsisou2,2026-05-14 07:57:50.939,62.07233626588465,24.1,79.0,0.1,7.0,18.0,27.0,55.0
cmp574oiq00trbg1u3b0tur85,cmmx6howt0000bi1zgfsisou2,2026-05-14 07:57:55.074,73.9980449657869,24.1,80.0,27.38,7.0,25.0,36.0,72.0
cmp574rpw00ttbg1um6sxxi55,cmmx6howt0000bi1zgfsisou2,2026-05-14 07:57:59.232,72.33626588465299,24.1,80.0,0.0,7.0,27.0,38.0,76.0
cmp574uyn00tvbg1ujri4j06w,cmmx6howt0000bi1zgfsisou2,2026-05-14 07:58:03.391,72.04301075268818,24.1,80.0,0.0,7.0,27.0,38.0,76.0
cmp574y5100txbg1uufaofmph,cmmx6howt0000bi1zgfsisou2,2026-05-14 07:58:07.550,71.35874877810362,24.1,80.0,0.0,7.0,27.0,38.0,76.0
cmp5751aa00tzbg1uvtdyt9xs,cmmx6howt0000bi1zgfsisou2,2026-05-14 07:58:11.630,69.99022482893452,24.1,80.0,96.52,7.0,27.0,38.0,76.0
cmp5754fw00u1bg1u8xwmz1l6,cmmx6howt0000bi1zgfsisou2,2026-05-14 07:58:15.717,63.63636363636363,24.1,79.0,85.92,7.0,27.0,38.0,76.0
cmp5757mk00u3bg1ub13baf54,cmmx6howt0000bi1zgfsisou2,2026-05-14 07:58:19.821,69.30596285434996,24.1,79.0,63.78,7.0,27.0,38.0,76.0
cmp575asm00u5bg1u3vw1lvor,cmmx6howt0000bi1zgfsisou2,2026-05-14 07:58:23.938,68.81720430107528,24.1,79.0,99.49,7.0,27.0,38.0,76.0
cmp575dyh00u7bg1ukbjgpxib,cmmx6howt0000bi1zgfsisou2,2026-05-14 07:58:28.047,61.87683284457478,24.1,79.0,0.0,7.0,27.0,38.0,76.0
cmp575h3x00u9bg1uk6oube1x,cmmx6howt0000bi1zgfsisou2,2026-05-14 07:58:32.137,71.35874877810362,24.1,80.0,0.0,7.0,27.0,38.0,76.0
cmp575kak00ubbg1u84uqycg1,cmmx6howt0000bi1zgfsisou2,2026-05-14 07:58:36.256,69.30596285434996,24.1,80.0,0.0,7.0,27.0,38.0,76.0
cmp575ng900udbg1uorjbu2na,cmmx6howt0000bi1zgfsisou2,2026-05-14 07:58:40.359,68.32844574780059,24.1,80.0,89.51,7.0,76.0,76.0,76.0
cmp575qmd00ufbg1u6jr7sprl,cmmx6howt0000bi1zgfsisou2,2026-05-14 07:58:44.465,63.34310850439883,24.1,79.0,84.02,7.0,76.0,76.0,76.0
cmp575tsz00uhbg1un0lit5jj,cmmx6howt0000bi1zgfsisou2,2026-05-14 07:58:48.591,64.90713587487781,24.1,79.0,27.46,7.0,76.0,3.0,7.0
cmp575wze00ujbg1uhul830xq,cmmx6howt0000bi1zgfsisou2,2026-05-14 07:58:52.704,62.36559139784946,24.1,79.0,15.72,7.0,20.0,30.0,60.0
cmp57605f00ulbg1usn1tfry2,cmmx6howt0000bi1zgfsisou2,2026-05-14 07:58:56.811,65.98240469208211,24.1,80.0,20.07,7.0,24.0,34.0,68.0
cmp5763cg00unbg1uxyqa6a5r,cmmx6howt0000bi1zgfsisou2,2026-05-14 07:59:00.923,65.10263929618768,24.1,80.0,51.09,7.0,25.0,37.0,74.0
cmp5766j400upbg1um5i78guj,cmmx6howt0000bi1zgfsisou2,2026-05-14 07:59:05.062,62.75659824046921,24.1,80.0,60.69,7.0,27.0,38.0,76.0
cmp5769oz00urbg1uyfi1mqwj,cmmx6howt0000bi1zgfsisou2,2026-05-14 07:59:09.158,67.83968719452591,24.1,80.0,81.81,7.0,27.0,38.0,76.0
cmp576cve00utbg1uha3hduqg,cmmx6howt0000bi1zgfsisou2,2026-05-14 07:59:13.296,68.32844574780059,24.1,80.0,59.89,7.0,27.0,38.0,76.0
cmp576g2y00uvbg1u3xnt1ab3,cmmx6howt0000bi1zgfsisou2,2026-05-14 07:59:17.436,67.15542521994135,24.2,80.0,49.37,7.0,27.0,38.0,76.0
cmp576j8b00uxbg1u0ndpzjnh,cmmx6howt0000bi1zgfsisou2,2026-05-14 07:59:21.541,71.8475073313783,24.1,79.0,0.0,7.0,27.0,38.0,76.0
cmp576meq00uzbg1uq8mwoee0,cmmx6howt0000bi1zgfsisou2,2026-05-14 07:59:25.658,73.9980449657869,24.1,80.0,0.0,7.0,27.0,38.0,76.0
cmp576plq00v1bg1u8buj4r53,cmmx6howt0000bi1zgfsisou2,2026-05-14 07:59:29.778,74.19354838709677,24.1,80.0,0.0,7.0,27.0,38.0,76.0
cmp576srd00v3bg1utvbr4kws,cmmx6howt0000bi1zgfsisou2,2026-05-14 07:59:33.891,73.70478983382209,24.1,80.0,0.0,7.0,27.0,38.0,76.0
cmp576vw600v5bg1ugfo3v0ry,cmmx6howt0000bi1zgfsisou2,2026-05-14 07:59:37.954,73.90029325513197,24.1,80.0,0.0,7.0,27.0,38.0,76.0
cmp576z2s00v7bg1uyswmktuw,cmmx6howt0000bi1zgfsisou2,2026-05-14 07:59:42.079,73.9980449657869,24.1,80.0,0.0,7.0,27.0,38.0,76.0
cmp5772au00v9bg1urqk9olea,cmmx6howt0000bi1zgfsisou2,2026-05-14 07:59:46.243,73.9980449657869,24.1,80.0,0.0,7.0,27.0,38.0,76.0
cmp5775h500vbbg1u9hgsow97,cmmx6howt0000bi1zgfsisou2,2026-05-14 07:59:50.350,73.9980449657869,24.2,80.0,0.0,7.0,27.0,38.0,76.0
cmp5778nt00vdbg1uwvaoxba2,cmmx6howt0000bi1zgfsisou2,2026-05-14 07:59:54.473,73.9980449657869,24.2,80.0,0.0,7.0,27.0,38.0,76.0
cmp577bvg00vfbg1uipmi07rf,cmmx6howt0000bi1zgfsisou2,2026-05-14 07:59:58.660,74.48680351906158,24.1,80.0,0.0,7.0,27.0,37.0,75.0
cmp577f2100vhbg1uknkiozb1,cmmx6howt0000bi1zgfsisou2,2026-05-14 08:00:02.785,74.38905180840665,24.1,80.0,0.0,7.0,27.0,37.0,75.0
cmp577i9g00vjbg1u8fg2zthh,cmmx6howt0000bi1zgfsisou2,2026-05-14 08:00:06.924,74.38905180840665,24.2,80.0,0.0,7.0,27.0,38.0,76.0
cmp577lg200vlbg1u0qpdof82,cmmx6howt0000bi1zgfsisou2,2026-05-14 08:00:11.044,74.38905180840665,24.1,80.0,0.0,7.0,27.0,37.0,75.0
cmp577omt00vnbg1u8i1qhlqr,cmmx6howt0000bi1zgfsisou2,2026-05-14 08:00:15.178,74.38905180840665,24.2,80.0,0.0,7.0,27.0,38.0,76.0
cmp577rt100vpbg1u64a6c3wi,cmmx6howt0000bi1zgfsisou2,2026-05-14 08:00:19.293,74.38905180840665,24.2,80.0,0.0,7.0,27.0,37.0,75.0
cmp577v0100vrbg1uq630x1r3,cmmx6howt0000bi1zgfsisou2,2026-05-14 08:00:23.432,74.38905180840665,24.2,80.0,25.29,7.0,27.0,38.0,76.0
cmp577y6a00vtbg1u0i9ascyq,cmmx6howt0000bi1zgfsisou2,2026-05-14 08:00:27.543,73.60703812316716,24.2,80.0,68.51,7.0,27.0,37.0,75.0
cmp5781cw00vvbg1uyiaws8sd,cmmx6howt0000bi1zgfsisou2,2026-05-14 08:00:31.686,74.48680351906158,24.2,80.0,27.65,7.0,27.0,37.0,75.0
cmp5784jw00vxbg1u2hul0vnh,cmmx6howt0000bi1zgfsisou2,2026-05-14 08:00:35.812,73.9980449657869,24.1,80.0,4.78,7.0,27.0,37.0,75.0
cmp5787q600vzbg1unz5ga5zr,cmmx6howt0000bi1zgfsisou2,2026-05-14 08:00:39.943,74.19354838709677,24.2,80.0,0.0,7.0,27.0,37.0,75.0
cmp578awt00w1bg1uft9p4jmd,cmmx6howt0000bi1zgfsisou2,2026-05-14 08:00:44.049,74.19354838709677,24.1,80.0,100.0,7.0,27.0,37.0,75.0
cmp578e4400w3bg1ujrlawoz4,cmmx6howt0000bi1zgfsisou2,2026-05-14 08:00:48.206,74.19354838709677,24.3,80.0,0.0,7.0,27.0,37.0,75.0
cmp578hc600w5bg1uu06mogbk,cmmx6howt0000bi1zgfsisou2,2026-05-14 08:00:52.363,70.96774193548387,24.1,80.0,0.0,7.0,27.0,37.0,75.0
cmp578kjc00w7bg1up3anaf4k,cmmx6howt0000bi1zgfsisou2,2026-05-14 08:00:56.531,71.45650048875855,24.2,80.0,0.0,7.0,27.0,37.0,75.0
cmp578nqk00w9bg1ut7dxq43a,cmmx6howt0000bi1zgfsisou2,2026-05-14 08:01:00.671,75.366568914956,24.2,80.0,0.0,7.0,27.0,37.0,75.0
cmp578qxr00wbbg1uf3e4p9d9,cmmx6howt0000bi1zgfsisou2,2026-05-14 08:01:04.837,74.97556207233626,24.2,80.0,0.0,7.0,27.0,37.0,75.0
cmp578u3u00wdbg1uio3yqsv0,cmmx6howt0000bi1zgfsisou2,2026-05-14 08:01:08.944,74.7800586510264,24.2,80.0,0.0,7.0,27.0,37.0,75.0
cmp578xc300wfbg1u7ti7zh9x,cmmx6howt0000bi1zgfsisou2,2026-05-14 08:01:13.114,75.26881720430107,24.2,80.0,0.0,7.0,27.0,37.0,75.0
cmp5790ja00whbg1ubvdhxmh0,cmmx6howt0000bi1zgfsisou2,2026-05-14 08:01:17.280,75.17106549364614,24.2,80.0,0.0,7.0,27.0,37.0,75.0
cmp5793pu00wjbg1ut1a4xmfb,cmmx6howt0000bi1zgfsisou2,2026-05-14 08:01:21.412,73.70478983382209,24.1,80.0,0.0,7.0,27.0,37.0,75.0
cmp5796x900wlbg1u9qvpbq0c,cmmx6howt0000bi1zgfsisou2,2026-05-14 08:01:25.549,72.53176930596285,24.2,80.0,0.0,7.0,27.0,37.0,75.0
cmp579a4500wnbg1u7ad7otbz,cmmx6howt0000bi1zgfsisou2,2026-05-14 08:01:29.674,72.9227761485826,24.2,80.0,0.0,7.0,27.0,37.0,75.0
cmp579db300wpbg1uo9zbecwu,cmmx6howt0000bi1zgfsisou2,2026-05-14 08:01:33.823,73.21603128054741,24.2,79.0,0.0,7.0,27.0,37.0,75.0
cmp579gix00wrbg1ut55nblnk,cmmx6howt0000bi1zgfsisou2,2026-05-14 08:01:37.961,73.41153470185728,24.2,79.0,0.0,7.0,27.0,37.0,75.0
cmp579jpk00wtbg1u74p00vhe,cmmx6howt0000bi1zgfsisou2,2026-05-14 08:01:42.110,73.11827956989248,24.2,79.0,0.0,7.0,27.0,37.0,75.0
cmp579mut00wvbg1ucwiwk22l,cmmx6howt0000bi1zgfsisou2,2026-05-14 08:01:46.201,73.21603128054741,24.1,79.0,0.0,7.0,27.0,37.0,75.0
cmp579q0b00wxbg1uhi0iet4c,cmmx6howt0000bi1zgfsisou2,2026-05-14 08:01:50.294,73.21603128054741,24.2,79.0,0.0,7.0,27.0,37.0,75.0
cmp579t6t00wzbg1u4e8vps8p,cmmx6howt0000bi1zgfsisou2,2026-05-14 08:01:54.397,73.80254154447702,24.2,79.0,65.84,7.0,29.0,3.0,19.0
cmp579wdd00x1bg1u3c5rnxu2,cmmx6howt0000bi1zgfsisou2,2026-05-14 08:01:58.530,73.90029325513197,24.2,79.0,54.52,7.0,20.0,29.0,61.0
cmp579zk200x3bg1ukj0j7gli,cmmx6howt0000bi1zgfsisou2,2026-05-14 08:02:02.631,73.60703812316716,24.2,79.0,96.82,7.0,24.0,33.0,68.0
cmp57a2qo00x5bg1ue6d7p7tv,cmmx6howt0000bi1zgfsisou2,2026-05-14 08:02:06.780,73.80254154447702,24.2,79.0,96.56,7.0,26.0,36.0,74.0
cmp57a5x100x7bg1uzuemtma7,cmmx6howt0000bi1zgfsisou2,2026-05-14 08:02:10.905,74.7800586510264,24.2,79.0,0.0,7.0,27.0,37.0,75.0
cmp57a93u00x9bg1uj3vue0ke,cmmx6howt0000bi1zgfsisou2,2026-05-14 08:02:15.021,74.7800586510264,24.1,79.0,81.58,7.0,27.0,37.0,75.0
cmp57acax00xbbg1uu8m0lnpf,cmmx6howt0000bi1zgfsisou2,2026-05-14 08:02:19.168,75.17106549364614,24.2,79.0,0.0,7.0,27.0,37.0,75.0
cmp57afi400xdbg1ulrtym3s7,cmmx6howt0000bi1zgfsisou2,2026-05-14 08:02:23.312,75.0733137829912,24.1,79.0,0.0,7.0,27.0,37.0,75.0
cmp57aio500xfbg1ueaky8l6w,cmmx6howt0000bi1zgfsisou2,2026-05-14 08:02:27.431,75.0733137829912,24.2,79.0,63.36,7.0,27.0,37.0,75.0
cmp57alv200xhbg1ugz05lz5f,cmmx6howt0000bi1zgfsisou2,2026-05-14 08:02:31.560,75.46432062561095,24.2,79.0,0.0,7.0,26.0,37.0,75.0
cmp57ap2q00xjbg1uyds1z441,cmmx6howt0000bi1zgfsisou2,2026-05-14 08:02:35.722,75.0733137829912,24.2,79.0,0.0,7.0,27.0,37.0,75.0
cmp57as9p00xlbg1uv2vl63aj,cmmx6howt0000bi1zgfsisou2,2026-05-14 08:02:39.862,74.87781036168133,24.1,79.0,72.81,7.0,27.0,37.0,75.0
cmp57avfo00xnbg1uak0yq0i5,cmmx6howt0000bi1zgfsisou2,2026-05-14 08:02:43.960,74.97556207233626,24.2,79.0,0.0,7.0,27.0,37.0,75.0
cmp57ayna00xpbg1us29t1393,cmmx6howt0000bi1zgfsisou2,2026-05-14 08:02:48.145,75.26881720430107,24.1,80.0,64.12,7.0,27.0,37.0,75.0
cmp57b1u600xrbg1uaiu3yh8w,cmmx6howt0000bi1zgfsisou2,2026-05-14 08:02:52.278,75.17106549364614,24.2,80.0,53.8,7.0,26.0,37.0,75.0
cmp57b51g00xtbg1u9znoy3n0,cmmx6howt0000bi1zgfsisou2,2026-05-14 08:02:56.425,75.366568914956,24.2,80.0,58.03,7.0,26.0,37.0,75.0
cmp57b88m00xvbg1u60ztqg6c,cmmx6howt0000bi1zgfsisou2,2026-05-14 08:03:00.557,75.26881720430107,24.2,80.0,57.07,7.0,27.0,37.0,75.0
cmp57bbdg00xxbg1ufkl4768p,cmmx6howt0000bi1zgfsisou2,2026-05-14 08:03:04.639,75.366568914956,24.1,80.0,75.67,7.0,27.0,37.0,75.0
cmp57bej400xzbg1uxm5bzb1z,cmmx6howt0000bi1zgfsisou2,2026-05-14 08:03:08.733,75.17106549364614,24.2,80.0,66.33,7.0,27.0,37.0,75.0
cmp57bhp000y1bg1ud16wgn16,cmmx6howt0000bi1zgfsisou2,2026-05-14 08:03:12.830,75.0733137829912,24.2,80.0,75.29,7.0,27.0,37.0,75.0
cmp57bkvv00y3bg1ub4n6ns8f,cmmx6howt0000bi1zgfsisou2,2026-05-14 08:03:16.970,75.26881720430107,24.2,80.0,75.21,7.0,27.0,37.0,75.0
cmp57bo2c00y5bg1ugh33t3a6,cmmx6howt0000bi1zgfsisou2,2026-05-14 08:03:21.085,75.17106549364614,24.2,80.0,75.21,7.0,27.0,37.0,75.0
cmp57br7n00y7bg1u5rr91ge3,cmmx6howt0000bi1zgfsisou2,2026-05-14 08:03:25.169,73.70478983382209,24.2,80.0,74.95,7.0,27.0,37.0,75.0
cmp57budw00y9bg1u15cbwuzh,cmmx6howt0000bi1zgfsisou2,2026-05-14 08:03:29.268,73.90029325513197,24.1,80.0,74.99,7.0,27.0,37.0,75.0
cmp57bxk300ybbg1ufuzyle1a,cmmx6howt0000bi1zgfsisou2,2026-05-14 08:03:33.387,73.9980449657869,24.1,79.0,75.25,7.0,26.0,37.0,75.0
cmp57c0qu00ydbg1ur6x3u09e,cmmx6howt0000bi1zgfsisou2,2026-05-14 08:03:37.516,74.09579667644184,24.1,79.0,74.91,7.0,26.0,37.0,75.0
cmp57c3xg00yfbg1uzi5j25yk,cmmx6howt0000bi1zgfsisou2,2026-05-14 08:03:41.633,73.9980449657869,24.1,79.0,74.99,7.0,26.0,37.0,75.0
cmp57c74900yhbg1ukaizh8kj,cmmx6howt0000bi1zgfsisou2,2026-05-14 08:03:45.779,73.9980449657869,24.2,79.0,75.21,7.0,27.0,37.0,75.0
cmp57cab500yjbg1uzfp7ud6q,cmmx6howt0000bi1zgfsisou2,2026-05-14 08:03:49.896,74.09579667644184,24.1,79.0,74.99,7.0,27.0,37.0,75.0
cmp57cdid00ylbg1ukcs6u46s,cmmx6howt0000bi1zgfsisou2,2026-05-14 08:03:54.059,74.09579667644184,24.1,79.0,75.21,7.0,26.0,37.0,75.0
cmp57cgp900ynbg1ulhphfj2r,cmmx6howt0000bi1zgfsisou2,2026-05-14 08:03:58.191,74.09579667644184,24.0,79.0,74.99,7.0,26.0,37.0,75.0
cmp57cjwo00ypbg1u9lil76vo,cmmx6howt0000bi1zgfsisou2,2026-05-14 08:04:02.336,74.19354838709677,24.1,80.0,75.02,7.0,26.0,37.0,75.0
cmp57cn3u00yrbg1uy4a2ehp3,cmmx6howt0000bi1zgfsisou2,2026-05-14 08:04:06.485,74.09579667644184,24.1,79.0,74.99,7.0,27.0,37.0,75.0
cmp57cqaj00ytbg1uqk8gl2d2,cmmx6howt0000bi1zgfsisou2,2026-05-14 08:04:10.608,74.09579667644184,24.1,79.0,75.21,7.0,27.0,37.0,75.0
cmp57ctis00yvbg1ukszrl5mo,cmmx6howt0000bi1zgfsisou2,2026-05-14 08:04:14.799,74.09579667644184,24.1,80.0,74.95,7.0,27.0,37.0,75.0
cmp57cwqs00yxbg1uq6453f8n,cmmx6howt0000bi1zgfsisou2,2026-05-14 08:04:18.964,74.09579667644184,24.1,80.0,74.95,7.0,27.0,37.0,75.0
cmp57czxi00yzbg1uegtalwmo,cmmx6howt0000bi1zgfsisou2,2026-05-14 08:04:23.099,74.09579667644184,24.1,80.0,74.91,7.0,27.0,37.0,75.0
cmp57d34t00z1bg1usedtniiq,cmmx6howt0000bi1zgfsisou2,2026-05-14 08:04:27.252,74.09579667644184,24.1,80.0,75.18,7.0,27.0,37.0,75.0
cmp57d6bl00z3bg1udciu5uzc,cmmx6howt0000bi1zgfsisou2,2026-05-14 08:04:31.379,74.09579667644184,24.0,80.0,75.21,7.0,26.0,37.0,75.0
cmp57d9i500z5bg1u311lzare,cmmx6howt0000bi1zgfsisou2,2026-05-14 08:04:35.512,73.9980449657869,24.0,80.0,74.91,7.0,26.0,37.0,75.0
cmp57dcol00z7bg1ui68nucty,cmmx6howt0000bi1zgfsisou2,2026-05-14 08:04:39.634,74.09579667644184,24.0,80.0,75.18,7.0,27.0,37.0,75.0
cmp57dfvb00z9bg1ua8wy4x80,cmmx6howt0000bi1zgfsisou2,2026-05-14 08:04:43.747,74.09579667644184,24.1,80.0,75.14,7.0,27.0,37.0,75.0
cmp57dj1k00zbbg1uhabqpec5,cmmx6howt0000bi1zgfsisou2,2026-05-14 08:04:47.889,74.19354838709677,24.0,80.0,74.95,7.0,27.0,37.0,75.0
cmp57dm8800zdbg1u7u9bdyu5,cmmx6howt0000bi1zgfsisou2,2026-05-14 08:04:51.999,74.19354838709677,24.0,80.0,75.21,7.0,27.0,37.0,75.0
cmp57dpfw00zfbg1uyvbt5b5t,cmmx6howt0000bi1zgfsisou2,2026-05-14 08:04:56.157,74.09579667644184,24.0,80.0,75.14,7.0,26.0,37.0,75.0
cmp57dsm700zhbg1uiwaqa9y9,cmmx6howt0000bi1zgfsisou2,2026-05-14 08:05:00.276,74.19354838709677,24.0,80.0,75.18,7.0,27.0,37.0,75.0
cmp57dvtu00zjbg1ul303wsmt,cmmx6howt0000bi1zgfsisou2,2026-05-14 08:05:04.452,72.82502443792767,24.0,80.0,75.1,7.0,27.0,37.0,75.0
cmp57dz1k00zlbg1ut3ptgs7v,cmmx6howt0000bi1zgfsisou2,2026-05-14 08:05:08.603,72.04301075268818,24.0,80.0,74.99,7.0,27.0,37.0,75.0
cmp57e29n00znbg1uyqcs1z3q,cmmx6howt0000bi1zgfsisou2,2026-05-14 08:05:12.773,72.23851417399804,24.0,80.0,75.18,7.0,27.0,37.0,75.0
cmp57e5gw00zpbg1uovvp3n7v,cmmx6howt0000bi1zgfsisou2,2026-05-14 08:05:16.963,71.94525904203324,24.0,80.0,75.18,7.0,27.0,37.0,75.0
cmp57e8m400zrbg1ufy3fhkq7,cmmx6howt0000bi1zgfsisou2,2026-05-14 08:05:21.037,71.94525904203324,24.0,80.0,75.06,7.0,26.0,37.0,75.0
cmp57ebry00ztbg1udgk2hnho,cmmx6howt0000bi1zgfsisou2,2026-05-14 08:05:25.124,71.74975562072336,24.0,79.0,75.18,7.0,26.0,37.0,75.0
cmp57eezp00zvbg1uqgthmrac,cmmx6howt0000bi1zgfsisou2,2026-05-14 08:05:29.275,71.8475073313783,24.0,79.0,74.95,7.0,26.0,37.0,75.0
cmp57ei7400zxbg1ut0ylujkl,cmmx6howt0000bi1zgfsisou2,2026-05-14 08:05:33.433,71.74975562072336,24.0,80.0,75.14,7.0,26.0,37.0,75.0
cmp57elcz00zzbg1unmua5wti,cmmx6howt0000bi1zgfsisou2,2026-05-14 08:05:37.534,71.8475073313783,24.0,79.0,74.99,7.0,27.0,37.0,75.0
cmp57eoju0101bg1uo9nuok0m,cmmx6howt0000bi1zgfsisou2,2026-05-14 08:05:41.663,71.8475073313783,24.0,79.0,74.95,7.0,26.0,37.0,75.0
cmp57erq10103bg1ul7zazvk4,cmmx6howt0000bi1zgfsisou2,2026-05-14 08:05:45.776,71.74975562072336,24.0,79.0,75.25,7.0,26.0,37.0,75.0
cmp57euwr0105bg1u58h1a2nu,cmmx6howt0000bi1zgfsisou2,2026-05-14 08:05:49.909,71.65200391006843,24.0,79.0,74.95,7.0,27.0,37.0,75.0
cmp57ey3g0107bg1ujxldlbjp,cmmx6howt0000bi1zgfsisou2,2026-05-14 08:05:54.049,71.45650048875855,24.0,79.0,74.91,7.0,27.0,37.0,75.0
cmp57f1ai0109bg1u3oxzegjb,cmmx6howt0000bi1zgfsisou2,2026-05-14 08:05:58.172,69.59921798631477,24.0,79.0,75.18,7.0,26.0,37.0,75.0
cmp57f4g2010bbg1u460fy5vg,cmmx6howt0000bi1zgfsisou2,2026-05-14 08:06:02.283,62.17008797653959,24.0,78.0,74.99,7.0,26.0,37.0,75.0
cmp57f7mk010dbg1ul07pyght,cmmx6howt0000bi1zgfsisou2,2026-05-14 08:06:06.401,62.56109481915934,24.0,78.0,74.99,7.0,26.0,37.0,75.0
cmp57fasl010fbg1ux4v9t1lu,cmmx6howt0000bi1zgfsisou2,2026-05-14 08:06:10.498,62.65884652981427,24.0,78.0,75.21,7.0,27.0,37.0,75.0
cmp57fdxv010hbg1uthsp1dwc,cmmx6howt0000bi1zgfsisou2,2026-05-14 08:06:14.600,61.77908113391985,24.0,78.0,75.25,7.0,27.0,37.0,75.0
cmp57fh3c010jbg1u3id0ely0,cmmx6howt0000bi1zgfsisou2,2026-05-14 08:06:18.677,60.60606060606061,24.0,78.0,75.06,7.0,27.0,37.0,75.0
cmp57fka6010lbg1und37fk1f,cmmx6howt0000bi1zgfsisou2,2026-05-14 08:06:22.786,62.07233626588465,24.0,78.0,72.13,7.0,27.0,37.0,75.0
cmp57fnge010nbg1uzfz4joiy,cmmx6howt0000bi1zgfsisou2,2026-05-14 08:06:26.899,62.07233626588465,24.0,78.0,72.39,7.0,27.0,37.0,75.0
cmp57fqlh010pbg1u5lzelu43,cmmx6howt0000bi1zgfsisou2,2026-05-14 08:06:30.997,61.87683284457478,24.0,78.0,74.99,7.0,27.0,37.0,75.0
cmp57ftsk010rbg1u6xafbgx2,cmmx6howt0000bi1zgfsisou2,2026-05-14 08:06:35.135,62.36559139784946,24.0,78.0,75.1,7.0,27.0,37.0,75.0
cmp57fwy8010tbg1u7s0gdx5b,cmmx6howt0000bi1zgfsisou2,2026-05-14 08:06:39.224,62.36559139784946,24.0,78.0,75.02,7.0,27.0,37.0,75.0
cmp57g042010vbg1uffngrkvf,cmmx6howt0000bi1zgfsisou2,2026-05-14 08:06:43.322,62.26783968719452,24.0,78.0,75.21,7.0,27.0,37.0,75.0
cmp57g3b4010xbg1ut0lpvae4,cmmx6howt0000bi1zgfsisou2,2026-05-14 08:06:47.445,62.36559139784946,23.9,78.0,74.99,7.0,27.0,37.0,75.0
cmp57g6h4010zbg1ujacdl5qt,cmmx6howt0000bi1zgfsisou2,2026-05-14 08:06:51.563,62.4633431085044,24.0,78.0,75.21,7.0,27.0,37.0,75.0
cmp57g9nu0111bg1ubor0gy0n,cmmx6howt0000bi1zgfsisou2,2026-05-14 08:06:55.680,62.36559139784946,23.9,78.0,75.21,7.0,26.0,37.0,75.0
cmp57gctk0113bg1ua2gh54nv,cmmx6howt0000bi1zgfsisou2,2026-05-14 08:06:59.789,62.26783968719452,23.9,78.0,75.02,7.0,26.0,37.0,75.0
cmp57gg0r0115bg1unbnu6zgm,cmmx6howt0000bi1zgfsisou2,2026-05-14 08:07:03.917,62.07233626588465,24.0,78.0,75.06,7.0,26.0,37.0,75.0
cmp57gj770117bg1uq97rmsik,cmmx6howt0000bi1zgfsisou2,2026-05-14 08:07:08.039,62.4633431085044,23.9,78.0,75.1,7.0,26.0,37.0,75.0
cmp57gmdf0119bg1uvw4ytrzk,cmmx6howt0000bi1zgfsisou2,2026-05-14 08:07:12.172,62.26783968719452,23.9,78.0,75.25,7.0,26.0,37.0,75.0
cmp57gpjg011bbg1utid8hytq,cmmx6howt0000bi1zgfsisou2,2026-05-14 08:07:16.275,62.36559139784946,23.9,78.0,75.29,7.0,26.0,37.0,75.0
cmp57gspz011dbg1uhs3jjwwq,cmmx6howt0000bi1zgfsisou2,2026-05-14 08:07:20.385,62.4633431085044,23.9,78.0,75.29,7.0,26.0,37.0,75.0
cmp57gvxq011fbg1un1dxj1ir,cmmx6howt0000bi1zgfsisou2,2026-05-14 08:07:24.563,62.36559139784946,23.9,78.0,75.29,7.0,26.0,37.0,75.0
cmp57gz55011hbg1u2x5r4gqh,cmmx6howt0000bi1zgfsisou2,2026-05-14 08:07:28.695,62.17008797653959,23.9,78.0,72.36,7.0,27.0,37.0,75.0
cmp57h2ch011jbg1u7nmz9ilk,cmmx6howt0000bi1zgfsisou2,2026-05-14 08:07:32.852,62.36559139784946,23.9,78.0,67.36,7.0,27.0,37.0,75.0
cmp57h5jd011lbg1u04at3xoz,cmmx6howt0000bi1zgfsisou2,2026-05-14 08:07:36.989,64.90713587487781,23.9,78.0,75.06,7.0,27.0,37.0,75.0
cmp57h8rd011nbg1ukgt19awt,cmmx6howt0000bi1zgfsisou2,2026-05-14 08:07:41.170,65.39589442815249,23.9,78.0,75.06,7.0,27.0,37.0,75.0
cmp57hbyg011pbg1uv34x3wtn,cmmx6howt0000bi1zgfsisou2,2026-05-14 08:07:45.296,65.59139784946237,23.9,78.0,75.06,7.0,26.0,37.0,75.0
cmp57hf5a011rbg1u6s1rv7a7,cmmx6howt0000bi1zgfsisou2,2026-05-14 08:07:49.460,65.59139784946237,23.9,78.0,75.25,7.0,26.0,37.0,75.0
cmp57hib5011tbg1uc2m7y6pm,cmmx6howt0000bi1zgfsisou2,2026-05-14 08:07:53.562,65.68914956011731,23.9,78.0,75.21,7.0,27.0,37.0,75.0
cmp57hlhg011vbg1u5d049qa8,cmmx6howt0000bi1zgfsisou2,2026-05-14 08:07:57.659,65.78690127077225,23.9,78.0,75.25,7.0,27.0,37.0,75.0
cmp57honu011xbg1u4o00uewp,cmmx6howt0000bi1zgfsisou2,2026-05-14 08:08:01.797,66.177908113392,23.9,79.0,75.21,7.0,26.0,37.0,75.0
cmp57hrtl011zbg1usyjsigx1,cmmx6howt0000bi1zgfsisou2,2026-05-14 08:08:05.871,66.08015640273706,23.9,79.0,75.25,7.0,26.0,37.0,75.0
cmp57hv0c0121bg1ulbybp1x0,cmmx6howt0000bi1zgfsisou2,2026-05-14 08:08:10.017,66.27565982404693,23.9,79.0,75.21,7.0,26.0,37.0,75.0
cmp57hy6x0123bg1ur2gmr2oy,cmmx6howt0000bi1zgfsisou2,2026-05-14 08:08:14.129,66.27565982404693,23.9,79.0,74.99,7.0,27.0,37.0,75.0
cmp57i1d00125bg1uvxo20xaw,cmmx6howt0000bi1zgfsisou2,2026-05-14 08:08:18.251,66.27565982404693,23.9,79.0,74.95,7.0,27.0,37.0,75.0
cmp57i4iz0127bg1uafo6g6pn,cmmx6howt0000bi1zgfsisou2,2026-05-14 08:08:22.365,66.177908113392,23.9,79.0,74.95,7.0,27.0,37.0,75.0
cmp57i7pe0129bg1uponjkucp,cmmx6howt0000bi1zgfsisou2,2026-05-14 08:08:26.461,66.27565982404693,23.9,79.0,74.95,7.0,27.0,37.0,75.0
cmp57iavx012bbg1ukyhhcq40,cmmx6howt0000bi1zgfsisou2,2026-05-14 08:08:30.603,66.27565982404693,23.9,79.0,74.95,7.0,26.0,37.0,75.0
cmp57ie1k012dbg1uxzudv44j,cmmx6howt0000bi1zgfsisou2,2026-05-14 08:08:34.672,66.177908113392,23.9,79.0,74.99,7.0,27.0,37.0,75.0
cmp57ih8c012fbg1ub0ibwh3x,cmmx6howt0000bi1zgfsisou2,2026-05-14 08:08:38.806,66.37341153470186,23.9,79.0,75.25,7.0,27.0,37.0,75.0
cmp57ikda012hbg1uitw4813k,cmmx6howt0000bi1zgfsisou2,2026-05-14 08:08:42.887,66.08015640273706,23.9,79.0,75.21,7.0,27.0,37.0,75.0
cmp57inju012jbg1u39l7jafk,cmmx6howt0000bi1zgfsisou2,2026-05-14 08:08:46.993,66.177908113392,23.9,78.0,74.95,7.0,27.0,37.0,75.0
cmp57iqqd012lbg1u98icqory,cmmx6howt0000bi1zgfsisou2,2026-05-14 08:08:51.116,66.7644183773216,23.9,78.0,74.95,7.0,27.0,37.0,75.0
cmp57itxp012nbg1uoxrbdxxh,cmmx6howt0000bi1zgfsisou2,2026-05-14 08:08:55.270,66.7644183773216,23.9,78.0,75.18,7.0,27.0,37.0,75.0
cmp57ix35012pbg1uemjuseu3,cmmx6howt0000bi1zgfsisou2,2026-05-14 08:08:59.380,66.66666666666667,23.9,78.0,75.25,7.0,27.0,37.0,75.0
cmp57j093012rbg1ukkmf27m3,cmmx6howt0000bi1zgfsisou2,2026-05-14 08:09:03.470,66.86217008797655,23.9,78.0,75.14,7.0,27.0,37.0,75.0
cmp57j3ek012tbg1uzsjrv0ak,cmmx6howt0000bi1zgfsisou2,2026-05-14 08:09:07.570,66.86217008797655,23.9,78.0,75.21,7.0,27.0,37.0,75.0
cmp57j6lc012vbg1ugwp285t4,cmmx6howt0000bi1zgfsisou2,2026-05-14 08:09:11.666,66.95992179863148,23.9,78.0,75.14,7.0,27.0,37.0,75.0
cmp57j9sh012xbg1uyv45s68o,cmmx6howt0000bi1zgfsisou2,2026-05-14 08:09:15.815,66.95992179863148,23.9,78.0,75.29,7.0,27.0,37.0,75.0
cmp57jcxp012zbg1u2w7slt0g,cmmx6howt0000bi1zgfsisou2,2026-05-14 08:09:19.911,66.95992179863148,23.9,78.0,75.25,7.0,27.0,37.0,75.0
cmp57jg5b0131bg1u5pyxkkzr,cmmx6howt0000bi1zgfsisou2,2026-05-14 08:09:24.048,66.95992179863148,23.9,78.0,75.14,7.0,27.0,37.0,75.0
cmp57jjb50133bg1u91d6x71m,cmmx6howt0000bi1zgfsisou2,2026-05-14 08:09:28.180,66.95992179863148,23.9,79.0,75.18,7.0,27.0,37.0,75.0
cmp57jmid0135bg1ulfbam89k,cmmx6howt0000bi1zgfsisou2,2026-05-14 08:09:32.294,67.05767350928642,23.9,79.0,74.91,7.0,27.0,37.0,75.0
cmp57jppb0137bg1uk58ok3g3,cmmx6howt0000bi1zgfsisou2,2026-05-14 08:09:36.430,67.05767350928642,23.9,79.0,75.29,7.0,27.0,37.0,75.0
cmp57jsv90139bg1uv0wgwjc7,cmmx6howt0000bi1zgfsisou2,2026-05-14 08:09:40.543,67.15542521994135,23.9,79.0,75.18,7.0,27.0,37.0,75.0
cmp57jw2m013bbg1uiz00u6be,cmmx6howt0000bi1zgfsisou2,2026-05-14 08:09:44.693,67.05767350928642,23.9,79.0,75.21,7.0,27.0,37.0,75.0
cmp57jzbh013dbg1uc2i6p3kt,cmmx6howt0000bi1zgfsisou2,2026-05-14 08:09:48.900,67.15542521994135,23.9,79.0,75.25,7.0,27.0,37.0,75.0
cmp57k2ii013fbg1ua92cyzpc,cmmx6howt0000bi1zgfsisou2,2026-05-14 08:09:53.041,66.95992179863148,23.9,79.0,75.21,7.0,27.0,37.0,75.0
cmp57k5pr013hbg1us2954qlw,cmmx6howt0000bi1zgfsisou2,2026-05-14 08:09:57.187,67.05767350928642,23.9,79.0,74.99,7.0,27.0,37.0,75.0
cmp57k8wt013jbg1uwx8f6a39,cmmx6howt0000bi1zgfsisou2,2026-05-14 08:10:01.335,67.15542521994135,23.9,79.0,75.14,7.0,27.0,37.0,75.0
cmp57kc2k013lbg1utqgv0v6q,cmmx6howt0000bi1zgfsisou2,2026-05-14 08:10:05.457,66.4711632453568,23.9,79.0,74.95,7.0,27.0,37.0,75.0
cmp57kf86013nbg1u73dv77zy,cmmx6howt0000bi1zgfsisou2,2026-05-14 08:10:09.543,66.86217008797655,23.9,79.0,74.95,7.0,27.0,37.0,75.0
cmp57z31v013pbg1ut5hc170s,cmmx6howt0000bi1zgfsisou2,2026-05-14 08:21:33.594,76.05083088954056,24.0,76.0,94.76,7.0,37.0,52.0,105.0
cmp57z6ai013rbg1uhhof0x4g,cmmx6howt0000bi1zgfsisou2,2026-05-14 08:21:37.779,76.1485826001955,24.0,76.0,92.36,7.0,38.0,54.0,108.0
cmp57z9gq013tbg1uiiaxh2bv,cmmx6howt0000bi1zgfsisou2,2026-05-14 08:21:41.888,76.1485826001955,24.0,76.0,92.17,7.0,40.0,57.0,114.0
cmp57zcmc013vbg1un6fcwezf,cmmx6howt0000bi1zgfsisou2,2026-05-14 08:21:45.995,76.1485826001955,24.0,77.0,94.19,7.0,41.0,57.0,115.0
cmp57zfub013xbg1uanh9endm,cmmx6howt0000bi1zgfsisou2,2026-05-14 08:21:50.151,76.1485826001955,24.0,77.0,96.4,7.0,41.0,57.0,115.0
cmp57zj1r013zbg1uvj388uh6,cmmx6howt0000bi1zgfsisou2,2026-05-14 08:21:54.310,76.1485826001955,24.0,76.0,96.86,7.0,41.0,57.0,115.0
cmp57zm9p0141bg1uyq37vllr,cmmx6howt0000bi1zgfsisou2,2026-05-14 08:21:58.485,75.65982404692082,24.0,77.0,96.71,7.0,41.0,57.0,115.0
cmp58271j0143bg1u9k2wzqe8,cmmx6howt0000bi1zgfsisou2,2026-05-14 08:23:58.716,77.51710654936461,24.0,76.0,100.0,7.0,41.0,57.0,115.0
cmp582a8c0145bg1utiatkdbj,cmmx6howt0000bi1zgfsisou2,2026-05-14 08:24:02.851,78.00586510263929,24.0,76.0,100.0,7.0,41.0,57.0,115.0
cmp582dfv0147bg1ut8kbzhnm,cmmx6howt0000bi1zgfsisou2,2026-05-14 08:24:07.014,78.10361681329422,24.0,76.0,100.0,7.0,41.0,57.0,115.0
cmp582gmw0149bg1u6uv49jme,cmmx6howt0000bi1zgfsisou2,2026-05-14 08:24:11.151,78.20136852394917,24.1,76.0,100.0,7.0,41.0,57.0,115.0
cmp582jtn014bbg1ugsy9nvz0,cmmx6howt0000bi1zgfsisou2,2026-05-14 08:24:15.299,78.20136852394917,24.1,76.0,100.0,7.0,41.0,57.0,115.0
cmp582n0p014dbg1ulqv31f4a,cmmx6howt0000bi1zgfsisou2,2026-05-14 08:24:19.428,78.20136852394917,24.1,76.0,100.0,7.0,41.0,57.0,115.0
cmp582q8k014fbg1u0l62mk2m,cmmx6howt0000bi1zgfsisou2,2026-05-14 08:24:23.594,78.20136852394917,24.1,76.0,100.0,7.0,41.0,57.0,115.0
cmp582tgg014hbg1upzr6zxsz,cmmx6howt0000bi1zgfsisou2,2026-05-14 08:24:27.763,78.20136852394917,24.1,76.0,100.0,7.0,41.0,57.0,115.0
cmp582wo2014jbg1u295ih5pw,cmmx6howt0000bi1zgfsisou2,2026-05-14 08:24:31.924,78.20136852394917,24.1,76.0,0.0,7.0,41.0,57.0,115.0
cmp582zv1014lbg1u7fucz1zf,cmmx6howt0000bi1zgfsisou2,2026-05-14 08:24:36.066,78.59237536656892,24.1,76.0,100.0,7.0,41.0,57.0,115.0
cmp583335014nbg1udgg94r1f,cmmx6howt0000bi1zgfsisou2,2026-05-14 08:24:40.227,79.47214076246334,24.1,76.0,100.0,7.0,41.0,57.0,115.0
cmp5836b9014pbg1ug7jzi1bu,cmmx6howt0000bi1zgfsisou2,2026-05-14 08:24:44.422,79.47214076246334,24.1,76.0,100.0,7.0,41.0,57.0,115.0
cmp5839jd014rbg1uly25xcu9,cmmx6howt0000bi1zgfsisou2,2026-05-14 08:24:48.595,79.47214076246334,24.1,76.0,100.0,7.0,41.0,57.0,115.0
cmp583crs014tbg1u5qibuubk,cmmx6howt0000bi1zgfsisou2,2026-05-14 08:24:52.789,79.47214076246334,24.2,76.0,100.0,7.0,41.0,57.0,115.0
cmp583fz5014vbg1ustzyx4vh,cmmx6howt0000bi1zgfsisou2,2026-05-14 08:24:56.946,79.47214076246334,24.2,76.0,100.0,7.0,41.0,57.0,115.0
cmp583j6x014xbg1umzgnfktv,cmmx6howt0000bi1zgfsisou2,2026-05-14 08:25:01.118,79.37438905180841,24.2,76.0,100.0,7.0,41.0,57.0,115.0
cmp583mef014zbg1uftwziswb,cmmx6howt0000bi1zgfsisou2,2026-05-14 08:25:05.278,79.47214076246334,24.2,76.0,92.44,7.0,41.0,57.0,115.0
cmp583plh0151bg1uykepsp3i,cmmx6howt0000bi1zgfsisou2,2026-05-14 08:25:09.426,79.47214076246334,24.2,76.0,100.0,7.0,41.0,57.0,115.0
cmp583srt0153bg1u4sr7bkt3,cmmx6howt0000bi1zgfsisou2,2026-05-14 08:25:13.541,79.37438905180841,24.2,76.0,96.02,7.0,41.0,57.0,115.0
cmp583vyu0155bg1ufm3udhek,cmmx6howt0000bi1zgfsisou2,2026-05-14 08:25:17.694,79.47214076246334,24.2,76.0,100.0,7.0,41.0,57.0,115.0
cmp583z540157bg1uer6ejloo,cmmx6howt0000bi1zgfsisou2,2026-05-14 08:25:21.810,78.98338220918866,24.2,76.0,100.0,7.0,41.0,57.0,115.0
cmp5842d30159bg1ucycpu01m,cmmx6howt0000bi1zgfsisou2,2026-05-14 08:25:25.961,78.69012707722385,24.2,76.0,100.0,7.0,41.0,57.0,115.0
cmp5845k3015bbg1un3ee6j7c,cmmx6howt0000bi1zgfsisou2,2026-05-14 08:25:30.112,79.47214076246334,24.2,76.0,100.0,7.0,41.0,57.0,115.0
cmp5848rw015dbg1ud7ce4nni,cmmx6howt0000bi1zgfsisou2,2026-05-14 08:25:34.271,79.6676441837732,24.2,76.0,0.0,7.0,41.0,57.0,115.0
cmp584bzi015fbg1udbil6vsc,cmmx6howt0000bi1zgfsisou2,2026-05-14 08:25:38.435,79.56989247311827,24.2,76.0,0.0,7.0,41.0,57.0,115.0
cmp584f7k015hbg1uqhfu58w9,cmmx6howt0000bi1zgfsisou2,2026-05-14 08:25:42.618,79.6676441837732,24.2,76.0,0.0,7.0,41.0,57.0,115.0
cmp584ieu015jbg1u3cteczut,cmmx6howt0000bi1zgfsisou2,2026-05-14 08:25:46.767,79.56989247311827,24.2,75.0,0.0,7.0,41.0,57.0,115.0
cmp584lku015lbg1u13j5z1cq,cmmx6howt0000bi1zgfsisou2,2026-05-14 08:25:50.881,79.56989247311827,24.2,76.0,0.0,7.0,41.0,57.0,115.0
cmp584oru015nbg1unl89t1ju,cmmx6howt0000bi1zgfsisou2,2026-05-14 08:25:55.001,79.56989247311827,24.2,75.0,0.0,7.0,41.0,57.0,115.0
cmp584s08015pbg1ui8l5pkl3,cmmx6howt0000bi1zgfsisou2,2026-05-14 08:25:59.196,79.6676441837732,24.2,76.0,0.0,7.0,41.0,57.0,115.0
cmp584v8g015rbg1u0ct6swi1,cmmx6howt0000bi1zgfsisou2,2026-05-14 08:26:03.380,79.56989247311827,24.2,75.0,0.0,7.0,41.0,57.0,115.0
cmp584yer015tbg1ueqy9v5cf,cmmx6howt0000bi1zgfsisou2,2026-05-14 08:26:07.499,79.6676441837732,24.2,75.0,0.0,7.0,41.0,57.0,115.0
cmp5851mw015vbg1ur630gmou,cmmx6howt0000bi1zgfsisou2,2026-05-14 08:26:11.673,79.6676441837732,24.2,75.0,0.0,7.0,41.0,57.0,115.0
cmp5854tk015xbg1ukxu99al7,cmmx6howt0000bi1zgfsisou2,2026-05-14 08:26:15.807,79.6676441837732,24.2,75.0,0.0,7.0,41.0,57.0,115.0
cmp58581o015zbg1u2kwneb8u,cmmx6howt0000bi1zgfsisou2,2026-05-14 08:26:19.991,79.6676441837732,24.2,75.0,0.0,7.0,41.0,57.0,115.0
cmp585bbb0161bg1uzl6w96k7,cmmx6howt0000bi1zgfsisou2,2026-05-14 08:26:24.137,78.88563049853371,24.2,75.0,0.0,7.0,41.0,57.0,115.0
cmp585ehv0163bg1u0dm76gsk,cmmx6howt0000bi1zgfsisou2,2026-05-14 08:26:28.351,79.56989247311827,24.2,75.0,0.0,7.0,41.0,57.0,115.0
cmp585hnj0165bg1ui7vhf5p0,cmmx6howt0000bi1zgfsisou2,2026-05-14 08:26:32.456,79.56989247311827,24.2,75.0,0.0,7.0,41.0,57.0,115.0
cmp585kv50167bg1uy4irz8qa,cmmx6howt0000bi1zgfsisou2,2026-05-14 08:26:36.611,79.56989247311827,24.2,75.0,0.0,7.0,41.0,57.0,115.0
cmp585o1s0169bg1udsei4n8d,cmmx6howt0000bi1zgfsisou2,2026-05-14 08:26:40.742,78.78787878787878,24.2,75.0,0.0,7.0,41.0,57.0,115.0
cmp585r9h016bbg1uh6vgxrws,cmmx6howt0000bi1zgfsisou2,2026-05-14 08:26:44.886,79.56989247311827,24.2,75.0,0.0,7.0,41.0,57.0,115.0
cmp585ug9016dbg1uxq11aot4,cmmx6howt0000bi1zgfsisou2,2026-05-14 08:26:49.033,79.56989247311827,24.2,75.0,0.0,7.0,41.0,57.0,115.0
cmp585xmt016fbg1ueuzs44vm,cmmx6howt0000bi1zgfsisou2,2026-05-14 08:26:53.153,79.56989247311827,24.2,75.0,0.0,7.0,41.0,57.0,115.0
cmp5860tn016hbg1unlafqozk,cmmx6howt0000bi1zgfsisou2,2026-05-14 08:26:57.278,79.56989247311827,24.2,75.0,0.0,7.0,41.0,57.0,115.0
cmp58640s016jbg1u75fo2w53,cmmx6howt0000bi1zgfsisou2,2026-05-14 08:27:01.445,79.56989247311827,24.2,75.0,0.0,7.0,41.0,57.0,115.0
cmp58676q016lbg1u7enivtja,cmmx6howt0000bi1zgfsisou2,2026-05-14 08:27:05.552,79.6676441837732,24.2,75.0,0.0,7.0,41.0,57.0,115.0
cmp586ad6016nbg1uyppgwmnv,cmmx6howt0000bi1zgfsisou2,2026-05-14 08:27:09.634,78.88563049853371,24.2,75.0,0.0,7.0,41.0,57.0,115.0
cmp586dkh016pbg1u4jt9tz51,cmmx6howt0000bi1zgfsisou2,2026-05-14 08:27:13.806,78.88563049853371,24.3,75.0,0.0,7.0,41.0,57.0,115.0
cmp586gqq016rbg1ulda96mmr,cmmx6howt0000bi1zgfsisou2,2026-05-14 08:27:17.914,78.78787878787878,24.2,75.0,0.0,7.0,41.0,57.0,115.0
cmp586jx1016tbg1ua609v5oa,cmmx6howt0000bi1zgfsisou2,2026-05-14 08:27:22.056,78.78787878787878,24.3,75.0,0.0,7.0,41.0,57.0,115.0
cmp586n3h016vbg1u83fn0avi,cmmx6howt0000bi1zgfsisou2,2026-05-14 08:27:26.166,78.78787878787878,24.2,75.0,0.0,7.0,41.0,57.0,115.0
cmp586qah016xbg1uloxlwdpp,cmmx6howt0000bi1zgfsisou2,2026-05-14 08:27:30.311,78.88563049853371,24.2,75.0,0.0,7.0,41.0,57.0,115.0
cmp586tg9016zbg1u2m26i04e,cmmx6howt0000bi1zgfsisou2,2026-05-14 08:27:34.394,78.00586510263929,24.2,75.0,0.0,7.0,41.0,57.0,115.0
cmp586wlx0171bg1uw5v0p4yp,cmmx6howt0000bi1zgfsisou2,2026-05-14 08:27:38.502,78.88563049853371,24.2,75.0,0.0,7.0,41.0,57.0,115.0
cmp586zta0173bg1uh99zk7i1,cmmx6howt0000bi1zgfsisou2,2026-05-14 08:27:42.627,78.88563049853371,24.3,75.0,0.0,7.0,41.0,58.0,116.0
cmp58730y0175bg1ufo3jwuo8,cmmx6howt0000bi1zgfsisou2,2026-05-14 08:27:46.806,78.78787878787878,24.2,75.0,0.0,7.0,41.0,57.0,115.0
cmp58767f0177bg1u0jpso8bt,cmmx6howt0000bi1zgfsisou2,2026-05-14 08:27:50.913,78.00586510263929,24.2,75.0,0.0,7.0,41.0,57.0,115.0
cmp5879d20179bg1uw3m3j5ba,cmmx6howt0000bi1zgfsisou2,2026-05-14 08:27:55.027,78.88563049853371,24.3,75.0,0.0,7.0,41.0,57.0,115.0
cmp587cjw017bbg1uqshhys3o,cmmx6howt0000bi1zgfsisou2,2026-05-14 08:27:59.159,78.78787878787878,24.3,75.0,0.0,7.0,41.0,58.0,116.0
cmp587fqg017dbg1u4xlubpcl,cmmx6howt0000bi1zgfsisou2,2026-05-14 08:28:03.260,78.88563049853371,24.3,75.0,0.0,7.0,41.0,58.0,116.0
cmp587iyh017fbg1ue1zejwqv,cmmx6howt0000bi1zgfsisou2,2026-05-14 08:28:07.423,78.78787878787878,24.3,76.0,0.0,7.0,41.0,58.0,116.0
cmp587m4t017hbg1u9nh2rr1k,cmmx6howt0000bi1zgfsisou2,2026-05-14 08:28:11.571,78.88563049853371,24.3,76.0,0.0,7.0,41.0,58.0,116.0
cmp587pdk017jbg1utporg3ml,cmmx6howt0000bi1zgfsisou2,2026-05-14 08:28:15.740,80.05865102639295,24.3,76.0,65.11,7.0,41.0,58.0,116.0
cmp587slj017lbg1u3ryw96dm,cmmx6howt0000bi1zgfsisou2,2026-05-14 08:28:19.939,80.05865102639295,24.3,76.0,71.44,7.0,41.0,58.0,116.0
cmp587vs4017nbg1ux3r8uioc,cmmx6howt0000bi1zgfsisou2,2026-05-14 08:28:24.070,79.96089931573802,24.3,76.0,71.44,7.0,41.0,58.0,116.0
cmp587z00017pbg1u2j0sl74g,cmmx6howt0000bi1zgfsisou2,2026-05-14 08:28:28.229,79.96089931573802,24.3,76.0,71.67,7.0,41.0,58.0,116.0
cmp58826g017rbg1u2mkza9pm,cmmx6howt0000bi1zgfsisou2,2026-05-14 08:28:32.349,79.96089931573802,24.3,76.0,71.4,7.0,41.0,58.0,116.0
cmp5885e0017tbg1uy5rz7lym,cmmx6howt0000bi1zgfsisou2,2026-05-14 08:28:36.503,79.96089931573802,24.3,76.0,71.44,7.0,41.0,58.0,116.0
cmp5888kl017vbg1u209f9wn8,cmmx6howt0000bi1zgfsisou2,2026-05-14 08:28:40.635,79.96089931573802,24.3,76.0,71.44,7.0,41.0,58.0,116.0
cmp588bsb017xbg1u91z4uy4u,cmmx6howt0000bi1zgfsisou2,2026-05-14 08:28:44.804,79.56989247311827,24.3,76.0,71.56,7.0,41.0,58.0,116.0
cmp588f0y017zbg1u5dk3rgx4,cmmx6howt0000bi1zgfsisou2,2026-05-14 08:28:48.996,79.47214076246334,24.3,76.0,71.67,7.0,41.0,58.0,116.0
cmp588i7l0181bg1u19din51u,cmmx6howt0000bi1zgfsisou2,2026-05-14 08:28:53.143,79.96089931573802,24.3,76.0,71.44,7.0,41.0,58.0,116.0
cmp58ftsx0183bg1uefdb1tzt,cmmx6howt0000bi1zgfsisou2,2026-05-14 08:34:34.765,64.90713587487781,24.3,74.0,71.52,7.0,39.0,55.0,111.0
cmp58fwzc0185bg1uiu0uhj4w,cmmx6howt0000bi1zgfsisou2,2026-05-14 08:34:38.882,57.57575757575757,24.2,74.0,71.59,7.0,39.0,55.0,111.0
cmp58g0550187bg1uuiyotis1,cmmx6howt0000bi1zgfsisou2,2026-05-14 08:34:42.976,57.77126099706744,24.3,74.0,71.59,7.0,39.0,55.0,111.0
cmp58g3by0189bg1uwjpvlbjj,cmmx6howt0000bi1zgfsisou2,2026-05-14 08:34:47.094,57.96676441837732,24.3,74.0,71.33,7.0,39.0,55.0,111.0
cmp58g6hp018bbg1uzrx7ww4g,cmmx6howt0000bi1zgfsisou2,2026-05-14 08:34:51.212,57.86901270772238,24.3,74.0,71.59,7.0,39.0,55.0,111.0
cmp58g9nx018dbg1uldt26c7c,cmmx6howt0000bi1zgfsisou2,2026-05-14 08:34:55.313,57.6735092864125,24.3,74.0,71.67,7.0,39.0,55.0,111.0
cmp58gctt018fbg1ulbs0zm5i,cmmx6howt0000bi1zgfsisou2,2026-05-14 08:34:59.418,57.57575757575757,24.3,74.0,71.67,7.0,39.0,55.0,111.0
cmp58gg0x018hbg1ugs3rdvrv,cmmx6howt0000bi1zgfsisou2,2026-05-14 08:35:03.543,57.28250244379276,24.3,74.0,71.33,7.0,39.0,55.0,111.0
cmp58gj7w018jbg1u1iu19oqq,cmmx6howt0000bi1zgfsisou2,2026-05-14 08:35:07.685,57.08699902248289,24.3,74.0,71.33,7.0,39.0,55.0,111.0
cmp58gmf4018lbg1ul3y1yen2,cmmx6howt0000bi1zgfsisou2,2026-05-14 08:35:11.849,57.08699902248289,24.3,74.0,71.48,7.0,39.0,55.0,111.0
cmp58gpmm018nbg1ub0w5lry9,cmmx6howt0000bi1zgfsisou2,2026-05-14 08:35:15.993,56.50048875855327,24.3,74.0,71.52,7.0,39.0,55.0,111.0
cmp58gssz018pbg1uldvhs4hb,cmmx6howt0000bi1zgfsisou2,2026-05-14 08:35:20.117,57.57575757575757,24.3,74.0,71.48,7.0,39.0,55.0,111.0
cmp58gw16018rbg1u3jdqxim3,cmmx6howt0000bi1zgfsisou2,2026-05-14 08:35:24.299,56.98924731182795,24.3,75.0,71.36,7.0,39.0,55.0,111.0
cmp58gz8h018tbg1ukrtlu9ly,cmmx6howt0000bi1zgfsisou2,2026-05-14 08:35:28.453,57.28250244379276,24.3,75.0,71.33,7.0,39.0,55.0,111.0
cmp58h2gi018vbg1unq5kmy8w,cmmx6howt0000bi1zgfsisou2,2026-05-14 08:35:32.617,57.3802541544477,24.3,74.0,71.33,7.0,39.0,55.0,111.0
cmp58h5pa018xbg1udusoevsj,cmmx6howt0000bi1zgfsisou2,2026-05-14 08:35:36.834,57.57575757575757,24.3,74.0,70.75,7.0,39.0,55.0,111.0
cmp58h8x7018zbg1u9yxwvpqw,cmmx6howt0000bi1zgfsisou2,2026-05-14 08:35:40.999,56.50048875855327,24.3,74.0,0.0,7.0,39.0,55.0,111.0
cmp58hc4i0191bg1uyn0ipw7v,cmmx6howt0000bi1zgfsisou2,2026-05-14 08:35:45.154,62.75659824046921,24.3,75.0,0.0,7.0,39.0,55.0,111.0
cmp58hfc60193bg1u4sq5yawg,cmmx6howt0000bi1zgfsisou2,2026-05-14 08:35:49.301,62.26783968719452,24.3,75.0,80.05,7.0,39.0,55.0,111.0
cmp58hij10195bg1u12an26sq,cmmx6howt0000bi1zgfsisou2,2026-05-14 08:35:53.465,57.6735092864125,24.3,74.0,20.3,7.0,39.0,55.0,111.0
cmp58hlpr0197bg1uv64f1zxt,cmmx6howt0000bi1zgfsisou2,2026-05-14 08:35:57.593,54.93646138807429,24.2,74.0,0.0,7.0,39.0,55.0,111.0
cmp58hox20199bg1uh9vtbaef,cmmx6howt0000bi1zgfsisou2,2026-05-14 08:36:01.747,64.613880742913,24.3,75.0,67.29,7.0,39.0,55.0,111.0
cmp58hs4d019bbg1u5n3q5osi,cmmx6howt0000bi1zgfsisou2,2026-05-14 08:36:05.899,56.50048875855327,24.4,74.0,78.91,7.0,39.0,55.0,111.0
cmp58hvc3019dbg1ul72slgxn,cmmx6howt0000bi1zgfsisou2,2026-05-14 08:36:10.071,57.08699902248289,24.3,74.0,76.01,7.0,39.0,55.0,111.0
cmp58hyjv019fbg1ujib9ho74,cmmx6howt0000bi1zgfsisou2,2026-05-14 08:36:14.227,67.05767350928642,24.3,74.0,78.64,7.0,39.0,55.0,111.0
cmp58i1qn019hbg1uk12kasz0,cmmx6howt0000bi1zgfsisou2,2026-05-14 08:36:18.363,70.18572825024438,24.4,74.0,77.92,7.0,39.0,55.0,111.0
cmp58i4y2019jbg1u4nwi4xmf,cmmx6howt0000bi1zgfsisou2,2026-05-14 08:36:22.514,70.18572825024438,24.4,74.0,77.46,7.0,39.0,55.0,110.0
cmp58i85e019lbg1u680xfgp0,cmmx6howt0000bi1zgfsisou2,2026-05-14 08:36:26.656,69.59921798631477,24.4,74.0,25.14,7.0,39.0,55.0,110.0
cmp58ibcd019nbg1uzeuwgf3d,cmmx6howt0000bi1zgfsisou2,2026-05-14 08:36:30.777,68.81720430107528,24.4,74.0,43.73,7.0,39.0,55.0,110.0
cmp58iejz019pbg1udbxx0xn4,cmmx6howt0000bi1zgfsisou2,2026-05-14 08:36:34.954,69.79472140762464,24.4,74.0,27.42,7.0,39.0,55.0,110.0
cmp58ihsw019rbg1ubvbs858r,cmmx6howt0000bi1zgfsisou2,2026-05-14 08:36:39.153,70.96774193548387,24.4,74.0,71.44,7.0,39.0,55.0,110.0
cmp58il1f019tbg1uydqzqtjw,cmmx6howt0000bi1zgfsisou2,2026-05-14 08:36:43.336,77.2238514173998,24.4,75.0,71.56,7.0,39.0,55.0,110.0
cmp58io9l019vbg1u8d7rz5dg,cmmx6howt0000bi1zgfsisou2,2026-05-14 08:36:47.533,74.38905180840665,24.4,75.0,78.87,7.0,39.0,55.0,110.0
cmp58irfw019xbg1uyw3o0ae6,cmmx6howt0000bi1zgfsisou2,2026-05-14 08:36:51.677,67.2531769305963,24.4,75.0,78.76,7.0,39.0,55.0,110.0
cmp58iumb019zbg1un4jag6ie,cmmx6howt0000bi1zgfsisou2,2026-05-14 08:36:55.791,59.72629521016618,24.4,74.0,78.8,7.0,39.0,55.0,110.0
cmp58ixtm01a1bg1usy1yhwni,cmmx6howt0000bi1zgfsisou2,2026-05-14 08:36:59.942,59.23753665689149,24.4,74.0,69.88,7.0,39.0,55.0,110.0
cmp58j11i01a3bg1ubh4qbdnm,cmmx6howt0000bi1zgfsisou2,2026-05-14 08:37:04.095,58.84652981427174,24.4,74.0,78.68,7.0,39.0,55.0,110.0
cmp58j4a301a5bg1uqowo3v0q,cmmx6howt0000bi1zgfsisou2,2026-05-14 08:37:08.287,58.45552297165199,24.4,74.0,73.04,7.0,39.0,55.0,110.0
cmp58j7h201a7bg1ubia5wwds,cmmx6howt0000bi1zgfsisou2,2026-05-14 08:37:12.446,56.50048875855327,24.4,74.0,72.85,7.0,39.0,55.0,110.0
cmp58jaox01a9bg1u11iyzw0x,cmmx6howt0000bi1zgfsisou2,2026-05-14 08:37:16.596,69.40371456500489,24.4,74.0,78.87,7.0,39.0,55.0,110.0
cmp58jdwj01abbg1ugnud6ap5,cmmx6howt0000bi1zgfsisou2,2026-05-14 08:37:20.778,69.79472140762464,24.4,74.0,72.85,7.0,39.0,55.0,110.0
cmp58jh3401adbg1ucui3nkk8,cmmx6howt0000bi1zgfsisou2,2026-05-14 08:37:24.886,61.87683284457478,24.5,74.0,33.6,7.0,39.0,55.0,110.0
cmp58jkb801afbg1umyuukca2,cmmx6howt0000bi1zgfsisou2,2026-05-14 08:37:29.063,68.71945259042033,24.5,74.0,42.78,7.0,39.0,55.0,111.0
cmp58jni701ahbg1u21pc8lx6,cmmx6howt0000bi1zgfsisou2,2026-05-14 08:37:33.205,68.03519061583579,24.5,74.0,53.22,7.0,39.0,55.0,111.0
cmp58jqpj01ajbg1us1urssfo,cmmx6howt0000bi1zgfsisou2,2026-05-14 08:37:37.380,69.99022482893452,24.5,74.0,53.76,7.0,39.0,55.0,110.0
cmp58jtxv01albg1uauh1cxmu,cmmx6howt0000bi1zgfsisou2,2026-05-14 08:37:41.541,69.79472140762464,24.5,74.0,53.57,7.0,39.0,55.0,110.0
cmp58jx4w01anbg1u9wt11i1u,cmmx6howt0000bi1zgfsisou2,2026-05-14 08:37:45.690,69.6969696969697,24.5,74.0,64.35,7.0,39.0,55.0,110.0
cmp58k0d201apbg1u8ojm7ls1,cmmx6howt0000bi1zgfsisou2,2026-05-14 08:37:49.887,69.59921798631477,24.5,74.0,64.39,7.0,39.0,55.0,110.0
cmp58k3kp01arbg1u6s91d5n5,cmmx6howt0000bi1zgfsisou2,2026-05-14 08:37:54.043,68.52394916911047,24.5,74.0,64.31,7.0,39.0,55.0,110.0
cmp58k6t101atbg1ufqpg1dao,cmmx6howt0000bi1zgfsisou2,2026-05-14 08:37:58.215,69.20821114369502,24.5,74.0,64.35,7.0,39.0,55.0,110.0
cmp58ka1201avbg1u1j2wohhe,cmmx6howt0000bi1zgfsisou2,2026-05-14 08:38:02.409,69.6969696969697,24.5,74.0,64.09,7.0,39.0,55.0,110.0
cmp58kd8201axbg1u1lyahjb5,cmmx6howt0000bi1zgfsisou2,2026-05-14 08:38:06.546,69.11045943304008,24.5,74.0,64.35,7.0,39.0,55.0,110.0
cmp58kggl01azbg1us2ve5v53,cmmx6howt0000bi1zgfsisou2,2026-05-14 08:38:10.706,69.01270772238514,24.5,74.0,50.1,7.0,39.0,55.0,110.0
cmp58kjmt01b1bg1u7loe2fbg,cmmx6howt0000bi1zgfsisou2,2026-05-14 08:38:14.854,69.11045943304008,24.5,74.0,49.91,7.0,39.0,55.0,110.0
cmp58kmsz01b3bg1uikz0lpsd,cmmx6howt0000bi1zgfsisou2,2026-05-14 08:38:18.955,68.81720430107528,24.5,74.0,50.14,7.0,39.0,55.0,110.0
cmp58kq0601b5bg1utdllh3zq,cmmx6howt0000bi1zgfsisou2,2026-05-14 08:38:23.100,69.01270772238514,24.5,74.0,49.83,7.0,39.0,55.0,110.0
cmp58kt7n01b7bg1uk35t39ce,cmmx6howt0000bi1zgfsisou2,2026-05-14 08:38:27.260,69.01270772238514,24.5,74.0,31.46,7.0,39.0,55.0,110.0
cmp58kwfl01b9bg1u867idjow,cmmx6howt0000bi1zgfsisou2,2026-05-14 08:38:31.421,69.30596285434996,24.5,74.0,31.39,7.0,39.0,55.0,110.0
cmp58kzo401bbbg1upfdjp5wx,cmmx6howt0000bi1zgfsisou2,2026-05-14 08:38:35.601,69.89247311827957,24.5,74.0,31.42,7.0,39.0,55.0,110.0
cmp58l2x001bdbg1uoawvfv6x,cmmx6howt0000bi1zgfsisou2,2026-05-14 08:38:39.818,70.08797653958945,24.5,74.0,31.16,7.0,39.0,55.0,110.0
cmp58l64w01bfbg1ukj9z1m95,cmmx6howt0000bi1zgfsisou2,2026-05-14 08:38:44.006,68.23069403714565,24.5,74.0,31.35,7.0,39.0,55.0,110.0
cmp58l9d101bhbg1uc7pggzjf,cmmx6howt0000bi1zgfsisou2,2026-05-14 08:38:48.179,68.91495601173021,24.5,74.0,31.42,7.0,39.0,55.0,110.0
cmp58lcjr01bjbg1ubwwiknl2,cmmx6howt0000bi1zgfsisou2,2026-05-14 08:38:52.310,69.99022482893452,24.5,74.0,31.23,7.0,39.0,55.0,110.0
cmp58lfs601blbg1unh2maoqm,cmmx6howt0000bi1zgfsisou2,2026-05-14 08:38:56.504,69.89247311827957,24.5,74.0,31.16,7.0,39.0,55.0,110.0
cmp58lizt01bnbg1uz1cfhnlq,cmmx6howt0000bi1zgfsisou2,2026-05-14 08:39:00.666,69.99022482893452,24.5,74.0,31.23,7.0,39.0,55.0,110.0
cmp58lm7n01bpbg1u0rhinbcy,cmmx6howt0000bi1zgfsisou2,2026-05-14 08:39:04.835,69.99022482893452,24.5,74.0,31.16,7.0,39.0,55.0,110.0
cmp58lpg101brbg1us0vth6x5,cmmx6howt0000bi1zgfsisou2,2026-05-14 08:39:09.026,69.99022482893452,24.5,73.0,31.12,7.0,39.0,55.0,110.0
cmp58lsmy01btbg1uwezf2er1,cmmx6howt0000bi1zgfsisou2,2026-05-14 08:39:13.161,69.99022482893452,24.5,73.0,31.42,7.0,39.0,54.0,109.0
cmp58lvuv01bvbg1u8vpn7p7l,cmmx6howt0000bi1zgfsisou2,2026-05-14 08:39:17.340,70.08797653958945,24.5,73.0,31.46,7.0,39.0,54.0,109.0
cmp58lz3c01bxbg1utu4hkdvt,cmmx6howt0000bi1zgfsisou2,2026-05-14 08:39:21.523,70.08797653958945,24.5,73.0,31.39,7.0,39.0,54.0,109.0
cmp58m2bx01bzbg1uchh20b3f,cmmx6howt0000bi1zgfsisou2,2026-05-14 08:39:25.737,69.89247311827957,24.5,73.0,31.12,7.0,39.0,55.0,110.0
cmp58m5iy01c1bg1u12q3z8yr,cmmx6howt0000bi1zgfsisou2,2026-05-14 08:39:29.890,69.99022482893452,24.5,73.0,31.12,7.0,39.0,54.0,109.0
cmp58m8q901c3bg1ukge1p9gd,cmmx6howt0000bi1zgfsisou2,2026-05-14 08:39:34.042,67.83968719452591,24.5,73.0,31.46,7.0,39.0,55.0,110.0
cmp58mbyi01c5bg1uvmhweom7,cmmx6howt0000bi1zgfsisou2,2026-05-14 08:39:38.197,69.20821114369502,24.5,73.0,31.39,7.0,39.0,55.0,110.0
cmp58mf6901c7bg1uu61no3kc,cmmx6howt0000bi1zgfsisou2,2026-05-14 08:39:42.377,70.28347996089931,24.5,73.0,31.08,7.0,39.0,55.0,110.0
cmp58midk01c9bg1utymrev38,cmmx6howt0000bi1zgfsisou2,2026-05-14 08:39:46.522,70.28347996089931,24.5,73.0,31.39,7.0,39.0,54.0,109.0
cmp58mlkm01cbbg1ufvzppikg,cmmx6howt0000bi1zgfsisou2,2026-05-14 08:39:50.672,70.38123167155426,24.5,73.0,31.35,7.0,39.0,54.0,109.0
cmp58mort01cdbg1uuvr55t2u,cmmx6howt0000bi1zgfsisou2,2026-05-14 08:39:54.816,70.38123167155426,24.5,73.0,31.12,7.0,39.0,54.0,109.0
cmp58mrzy01cfbg1u57attkc3,cmmx6howt0000bi1zgfsisou2,2026-05-14 08:39:58.996,70.38123167155426,24.5,73.0,27.58,7.0,39.0,54.0,109.0
cmp58mv7401chbg1u1q6xqdjx,cmmx6howt0000bi1zgfsisou2,2026-05-14 08:40:03.162,70.4789833822092,24.5,74.0,27.61,7.0,39.0,54.0,109.0
cmp58mydv01cjbg1uk2u6ug12,cmmx6howt0000bi1zgfsisou2,2026-05-14 08:40:07.296,70.4789833822092,24.5,74.0,27.5,7.0,39.0,54.0,109.0
cmp58n1lo01clbg1uyv5mc8ox,cmmx6howt0000bi1zgfsisou2,2026-05-14 08:40:11.443,70.57673509286413,24.5,74.0,27.54,7.0,39.0,54.0,109.0
cmp58n4rx01cnbg1u0j90ph0s,cmmx6howt0000bi1zgfsisou2,2026-05-14 08:40:15.574,70.57673509286413,24.5,74.0,27.65,7.0,39.0,54.0,109.0
cmp58n7zb01cpbg1uhyip9eqz,cmmx6howt0000bi1zgfsisou2,2026-05-14 08:40:19.705,70.67448680351906,24.6,74.0,27.35,7.0,39.0,54.0,109.0
cmp58nb7d01crbg1ubir5gtzp,cmmx6howt0000bi1zgfsisou2,2026-05-14 08:40:23.888,74.38905180840665,24.6,75.0,27.31,7.0,39.0,54.0,109.0
cmp58nefn01ctbg1u9ksfo3uq,cmmx6howt0000bi1zgfsisou2,2026-05-14 08:40:28.081,76.44183773216031,24.6,74.0,27.27,7.0,39.0,54.0,109.0
cmp58nhmn01cvbg1ungir8hto,cmmx6howt0000bi1zgfsisou2,2026-05-14 08:40:32.217,77.32160312805473,24.6,74.0,8.44,7.0,39.0,54.0,109.0
cmp58nktr01cxbg1u1q3jmzuc,cmmx6howt0000bi1zgfsisou2,2026-05-14 08:40:36.362,77.32160312805473,24.6,74.0,27.58,7.0,39.0,54.0,109.0
cmp58no1501czbg1ujwoj4cqa,cmmx6howt0000bi1zgfsisou2,2026-05-14 08:40:40.514,77.32160312805473,24.6,74.0,19.72,7.0,39.0,54.0,109.0
cmp58nr8801d1bg1u1wkda5yw,cmmx6howt0000bi1zgfsisou2,2026-05-14 08:40:44.649,77.32160312805473,24.6,74.0,8.48,7.0,39.0,54.0,109.0
cmp58nug301d3bg1u9wvv2yay,cmmx6howt0000bi1zgfsisou2,2026-05-14 08:40:48.821,77.32160312805473,24.6,74.0,16.29,7.0,39.0,54.0,109.0
cmp58nxob01d5bg1up3xzhepx,cmmx6howt0000bi1zgfsisou2,2026-05-14 08:40:53.004,77.32160312805473,24.7,74.0,23.5,7.0,39.0,54.0,109.0
cmp58o0vl01d7bg1u0k6bjsbo,cmmx6howt0000bi1zgfsisou2,2026-05-14 08:40:57.183,77.41935483870968,24.7,74.0,27.31,7.0,39.0,54.0,109.0
cmp58o42h01d9bg1u6qz1nxj6,cmmx6howt0000bi1zgfsisou2,2026-05-14 08:41:01.317,77.41935483870968,24.7,74.0,27.31,7.0,39.0,54.0,109.0
cmp58o78m01dbbg1uk0z929s7,cmmx6howt0000bi1zgfsisou2,2026-05-14 08:41:05.427,77.41935483870968,24.7,74.0,27.5,7.0,39.0,54.0,109.0
cmp58oafw01ddbg1u10ybc74r,cmmx6howt0000bi1zgfsisou2,2026-05-14 08:41:09.569,77.41935483870968,24.7,74.0,27.35,7.0,39.0,54.0,109.0
cmp58odmv01dfbg1ukfdng2f6,cmmx6howt0000bi1zgfsisou2,2026-05-14 08:41:13.699,74.09579667644184,24.7,74.0,27.54,7.0,39.0,54.0,109.0
cmp58ogtz01dhbg1usf1ut81s,cmmx6howt0000bi1zgfsisou2,2026-05-14 08:41:17.837,77.41935483870968,24.7,74.0,20.14,7.0,39.0,54.0,109.0
cmp58ok1m01djbg1ukq1l8q3u,cmmx6howt0000bi1zgfsisou2,2026-05-14 08:41:22.002,77.32160312805473,24.7,74.0,27.5,7.0,39.0,54.0,109.0
cmp58onb801dlbg1u6b0vh6j3,cmmx6howt0000bi1zgfsisou2,2026-05-14 08:41:26.219,77.41935483870968,24.7,74.0,27.31,7.0,39.0,54.0,109.0
cmp58oqhp01dnbg1u7r42bmmh,cmmx6howt0000bi1zgfsisou2,2026-05-14 08:41:30.379,77.41935483870968,24.7,74.0,19.91,7.0,39.0,54.0,109.0
cmp58otpj01dpbg1uwh9cy91o,cmmx6howt0000bi1zgfsisou2,2026-05-14 08:41:34.532,77.51710654936461,24.7,74.0,12.52,7.0,39.0,54.0,109.0
cmp58owx501drbg1u3z8fhoer,cmmx6howt0000bi1zgfsisou2,2026-05-14 08:41:38.688,77.51710654936461,24.8,74.0,27.5,7.0,39.0,54.0,109.0
cmp58p04a01dtbg1u51m2l5db,cmmx6howt0000bi1zgfsisou2,2026-05-14 08:41:42.828,77.51710654936461,24.7,74.0,27.27,7.0,39.0,54.0,109.0
cmp58p3cs01dvbg1u87i1k8ql,cmmx6howt0000bi1zgfsisou2,2026-05-14 08:41:47.010,77.51710654936461,24.7,74.0,23.46,7.0,39.0,54.0,109.0
cmp58p6ju01dxbg1ug39740p4,cmmx6howt0000bi1zgfsisou2,2026-05-14 08:41:51.177,77.51710654936461,24.8,74.0,27.5,7.0,39.0,54.0,109.0
cmp58p9rr01dzbg1uuup1vruh,cmmx6howt0000bi1zgfsisou2,2026-05-14 08:41:55.345,77.61485826001955,24.8,74.0,8.67,7.0,39.0,54.0,109.0
cmp58pd0601e1bg1ub3gu0viw,cmmx6howt0000bi1zgfsisou2,2026-05-14 08:41:59.539,74.29130009775172,24.7,74.0,8.48,7.0,39.0,54.0,109.0
cmp58pg7p01e3bg1ud9l9us6a,cmmx6howt0000bi1zgfsisou2,2026-05-14 08:42:03.703,76.34408602150538,24.8,73.0,27.5,7.0,39.0,54.0,109.0
cmp58pjf901e5bg1uli0m8auf,cmmx6howt0000bi1zgfsisou2,2026-05-14 08:42:07.858,77.61485826001955,24.8,74.0,20.14,7.0,39.0,54.0,109.0
cmp58pmmp01e7bg1ufkd3a7lq,cmmx6howt0000bi1zgfsisou2,2026-05-14 08:42:12.010,77.61485826001955,24.7,73.0,23.46,7.0,39.0,54.0,109.0
cmp58ppul01e9bg1u2e9xk70o,cmmx6howt0000bi1zgfsisou2,2026-05-14 08:42:16.190,77.61485826001955,24.8,73.0,8.44,7.0,39.0,54.0,109.0
cmp58pt4101ebbg1u4stgvygq,cmmx6howt0000bi1zgfsisou2,2026-05-14 08:42:20.420,77.51710654936461,24.8,73.0,8.67,7.0,39.0,54.0,109.0
cmp58pwas01edbg1uesk2p8kf,cmmx6howt0000bi1zgfsisou2,2026-05-14 08:42:24.544,77.71260997067448,24.8,73.0,8.21,7.0,39.0,54.0,109.0
cmp58pzia01efbg1u72a2ngar,cmmx6howt0000bi1zgfsisou2,2026-05-14 08:42:28.719,77.61485826001955,24.8,73.0,8.67,7.0,39.0,54.0,109.0
cmp58q2qo01ehbg1ut61o04k5,cmmx6howt0000bi1zgfsisou2,2026-05-14 08:42:32.881,77.61485826001955,24.8,73.0,8.44,7.0,39.0,54.0,109.0
cmp58q5yg01ejbg1u1mqnpy45,cmmx6howt0000bi1zgfsisou2,2026-05-14 08:42:37.049,77.61485826001955,24.8,73.0,13.28,7.0,39.0,54.0,109.0
cmp58q95v01elbg1uuz0i85d2,cmmx6howt0000bi1zgfsisou2,2026-05-14 08:42:41.211,77.71260997067448,24.8,73.0,8.21,7.0,39.0,54.0,109.0
cmp58qcdh01enbg1ugc29x73f,cmmx6howt0000bi1zgfsisou2,2026-05-14 08:42:45.380,69.40371456500489,24.8,73.0,27.54,7.0,39.0,54.0,109.0
cmp58qfm501epbg1u6iablc3o,cmmx6howt0000bi1zgfsisou2,2026-05-14 08:42:49.567,62.75659824046921,24.8,72.0,31.39,7.0,39.0,54.0,109.0
cmp58qitp01erbg1us34n3lzc,cmmx6howt0000bi1zgfsisou2,2026-05-14 08:42:53.714,62.07233626588465,24.7,72.0,31.35,7.0,39.0,55.0,110.0
cmp58qm0f01etbg1uia4op7ez,cmmx6howt0000bi1zgfsisou2,2026-05-14 08:42:57.859,59.72629521016618,24.8,72.0,31.31,7.0,39.0,55.0,110.0
cmp58qp8x01evbg1ua28vnglf,cmmx6howt0000bi1zgfsisou2,2026-05-14 08:43:02.056,59.82404692082112,24.8,72.0,31.39,7.0,39.0,55.0,110.0
cmp58qsgk01exbg1uq1golkp9,cmmx6howt0000bi1zgfsisou2,2026-05-14 08:43:06.218,58.55327468230693,24.8,72.0,31.35,7.0,39.0,55.0,110.0
cmp58qvoa01ezbg1ukb5o6k64,cmmx6howt0000bi1zgfsisou2,2026-05-14 08:43:10.403,59.13978494623655,24.8,72.0,31.42,7.0,39.0,55.0,110.0
cmp58qyvz01f1bg1ukkw8bqmt,cmmx6howt0000bi1zgfsisou2,2026-05-14 08:43:14.549,59.53079178885631,24.7,72.0,31.42,7.0,39.0,55.0,110.0
cmp58r23z01f3bg1u321bafy5,cmmx6howt0000bi1zgfsisou2,2026-05-14 08:43:18.722,59.23753665689149,24.7,72.0,31.42,7.0,39.0,55.0,110.0
cmp58r5be01f5bg1u6s7jz11y,cmmx6howt0000bi1zgfsisou2,2026-05-14 08:43:22.900,59.62854349951125,24.7,72.0,31.42,7.0,39.0,55.0,110.0
cmp58r8iu01f7bg1ul1p4m47l,cmmx6howt0000bi1zgfsisou2,2026-05-14 08:43:27.056,59.43304007820137,24.7,72.0,31.16,7.0,39.0,55.0,110.0
cmp58rbpl01f9bg1ug4d8fu01,cmmx6howt0000bi1zgfsisou2,2026-05-14 08:43:31.191,60.70381231671554,24.8,72.0,31.16,7.0,39.0,55.0,110.0
cmp58rewf01fbbg1u0j8ywapb,cmmx6howt0000bi1zgfsisou2,2026-05-14 08:43:35.323,60.89931573802541,24.7,72.0,31.16,7.0,39.0,55.0,110.0
cmp58ri4a01fdbg1u45o7rtkb,cmmx6howt0000bi1zgfsisou2,2026-05-14 08:43:39.467,59.33528836754643,24.7,72.0,31.35,7.0,39.0,55.0,110.0
cmp58rlcn01ffbg1uiu42zgad,cmmx6howt0000bi1zgfsisou2,2026-05-14 08:43:43.654,60.50830889540567,24.7,72.0,31.2,7.0,39.0,55.0,110.0
cmp58rojz01fhbg1uhh48mhmb,cmmx6howt0000bi1zgfsisou2,2026-05-14 08:43:47.807,60.01955034213099,24.8,72.0,31.39,7.0,39.0,55.0,110.0
cmp58rrqn01fjbg1uwnsj8dy9,cmmx6howt0000bi1zgfsisou2,2026-05-14 08:43:51.958,60.41055718475074,24.8,72.0,30.59,7.0,39.0,55.0,110.0
cmp58ruyr01flbg1u1ymmq2f8,cmmx6howt0000bi1zgfsisou2,2026-05-14 08:43:56.123,60.3128054740958,24.7,72.0,31.35,7.0,39.0,55.0,110.0
cmp58ry6a01fnbg1ugeiheva5,cmmx6howt0000bi1zgfsisou2,2026-05-14 08:44:00.296,60.70381231671554,24.7,72.0,31.42,7.0,39.0,55.0,110.0
cmp58s1dx01fpbg1u5ug5z7iq,cmmx6howt0000bi1zgfsisou2,2026-05-14 08:44:04.444,60.70381231671554,24.8,72.0,31.42,7.0,39.0,55.0,110.0
cmp58s4l001frbg1uetbxhmkc,cmmx6howt0000bi1zgfsisou2,2026-05-14 08:44:08.589,60.41055718475074,24.8,72.0,30.55,7.0,39.0,55.0,110.0
cmp58s7rh01ftbg1ukg5l64u6,cmmx6howt0000bi1zgfsisou2,2026-05-14 08:44:12.723,59.92179863147605,24.8,72.0,31.31,7.0,39.0,55.0,110.0
cmp58say601fvbg1uczvf0pp7,cmmx6howt0000bi1zgfsisou2,2026-05-14 08:44:16.853,59.62854349951125,24.8,72.0,31.39,7.0,39.0,55.0,110.0
cmp58se4m01fxbg1uk3x3yoq8,cmmx6howt0000bi1zgfsisou2,2026-05-14 08:44:20.977,59.82404692082112,24.8,72.0,31.46,7.0,39.0,55.0,110.0
cmp58shba01fzbg1uzctvz63v,cmmx6howt0000bi1zgfsisou2,2026-05-14 08:44:25.083,71.5542521994135,24.8,72.0,31.35,7.0,39.0,55.0,110.0
cmp58skj501g1bg1uqmon2ef8,cmmx6howt0000bi1zgfsisou2,2026-05-14 08:44:29.269,75.17106549364614,24.8,73.0,27.31,7.0,39.0,55.0,109.0
cmp58snqx01g3bg1uiad82s17,cmmx6howt0000bi1zgfsisou2,2026-05-14 08:44:33.426,77.90811339198436,24.8,72.0,31.08,7.0,39.0,54.0,109.0
cmp58sqy601g5bg1uqqmw8ke8,cmmx6howt0000bi1zgfsisou2,2026-05-14 08:44:37.569,78.20136852394917,24.8,72.0,27.5,7.0,38.0,54.0,109.0
cmp58su6a01g7bg1ugr50zz3n,cmmx6howt0000bi1zgfsisou2,2026-05-14 08:44:41.753,78.2991202346041,24.7,72.0,31.27,7.0,38.0,54.0,109.0
cmp58sxdv01g9bg1uf6s09372,cmmx6howt0000bi1zgfsisou2,2026-05-14 08:44:45.913,78.2991202346041,24.8,72.0,45.94,7.0,38.0,54.0,109.0
cmp58t0ls01gbbg1ux1vun0nc,cmmx6howt0000bi1zgfsisou2,2026-05-14 08:44:50.090,78.20136852394917,24.7,72.0,31.2,7.0,38.0,54.0,109.0
cmp58t3sy01gdbg1u32fpamcw,cmmx6howt0000bi1zgfsisou2,2026-05-14 08:44:54.224,78.20136852394917,24.8,72.0,31.35,7.0,38.0,54.0,109.0
cmp58t71201gfbg1u1fe9iugv,cmmx6howt0000bi1zgfsisou2,2026-05-14 08:44:58.437,78.20136852394917,24.8,72.0,34.82,7.0,39.0,54.0,109.0
cmp58ta8w01ghbg1uopxh2atn,cmmx6howt0000bi1zgfsisou2,2026-05-14 08:45:02.583,78.20136852394917,24.8,72.0,38.36,7.0,38.0,54.0,109.0
cmp58tdgf01gjbg1uwsxoexcm,cmmx6howt0000bi1zgfsisou2,2026-05-14 08:45:06.756,78.20136852394917,24.7,72.0,42.63,7.0,39.0,54.0,109.0
cmp58tgnp01glbg1urjjuep7e,cmmx6howt0000bi1zgfsisou2,2026-05-14 08:45:10.906,78.2991202346041,24.7,72.0,42.63,7.0,38.0,54.0,109.0
cmp58tju401gnbg1ursow86al,cmmx6howt0000bi1zgfsisou2,2026-05-14 08:45:15.008,75.26881720430107,24.7,72.0,46.17,7.0,38.0,54.0,109.0
cmp58tn1401gpbg1ullzx6q3b,cmmx6howt0000bi1zgfsisou2,2026-05-14 08:45:19.171,77.2238514173998,24.7,72.0,46.36,7.0,38.0,54.0,108.0
cmp58tq8k01grbg1ujc0phnfa,cmmx6howt0000bi1zgfsisou2,2026-05-14 08:45:23.310,78.10361681329422,24.7,72.0,46.17,7.0,38.0,54.0,108.0
cmp58ttfh01gtbg1umuuqqkaa,cmmx6howt0000bi1zgfsisou2,2026-05-14 08:45:27.448,78.10361681329422,24.8,73.0,45.94,7.0,38.0,54.0,109.0
cmp58twm001gvbg1u743a111y,cmmx6howt0000bi1zgfsisou2,2026-05-14 08:45:31.590,78.20136852394917,24.8,73.0,46.44,7.0,38.0,54.0,109.0
cmp58tzta01gxbg1umxkyv07r,cmmx6howt0000bi1zgfsisou2,2026-05-14 08:45:35.740,78.10361681329422,24.8,73.0,46.17,7.0,38.0,54.0,109.0
cmp58u30901gzbg1uenqhkvpq,cmmx6howt0000bi1zgfsisou2,2026-05-14 08:45:39.851,78.00586510263929,24.8,73.0,46.44,7.0,38.0,54.0,109.0
cmp58u67301h1bg1u3nkuhflh,cmmx6howt0000bi1zgfsisou2,2026-05-14 08:45:43.993,78.10361681329422,24.9,73.0,46.21,7.0,38.0,54.0,109.0
cmp58u9et01h3bg1ukykco4h3,cmmx6howt0000bi1zgfsisou2,2026-05-14 08:45:48.178,78.00586510263929,24.9,73.0,46.4,7.0,38.0,54.0,109.0
cmp58uclb01h5bg1uvpvk4dox,cmmx6howt0000bi1zgfsisou2,2026-05-14 08:45:52.277,78.10361681329422,24.8,73.0,46.29,7.0,38.0,54.0,109.0
cmp58uftk01h7bg1uh0datsnh,cmmx6howt0000bi1zgfsisou2,2026-05-14 08:45:56.456,77.71260997067448,24.9,73.0,46.44,7.0,38.0,54.0,109.0
cmp58uj0s01h9bg1u6djzapqc,cmmx6howt0000bi1zgfsisou2,2026-05-14 08:46:00.631,77.71260997067448,24.8,73.0,46.21,7.0,39.0,54.0,109.0
cmp58um8g01hbbg1u43j3ovm1,cmmx6howt0000bi1zgfsisou2,2026-05-14 08:46:04.773,74.7800586510264,24.9,73.0,45.91,7.0,39.0,54.0,109.0
cmp58upgn01hdbg1ue9mtubo0,cmmx6howt0000bi1zgfsisou2,2026-05-14 08:46:08.960,77.51710654936461,24.8,73.0,46.44,7.0,39.0,54.0,109.0
cmp58uso001hfbg1ujfpi1bn6,cmmx6howt0000bi1zgfsisou2,2026-05-14 08:46:13.133,77.71260997067448,24.9,73.0,46.14,7.0,39.0,54.0,109.0
cmp58uvup01hhbg1utxwzol2k,cmmx6howt0000bi1zgfsisou2,2026-05-14 08:46:17.261,77.71260997067448,24.9,72.0,46.4,7.0,39.0,54.0,109.0
cmp58uz2y01hjbg1uefrfr1yj,cmmx6howt0000bi1zgfsisou2,2026-05-14 08:46:21.430,77.61485826001955,24.9,72.0,46.21,7.0,39.0,54.0,109.0
cmp58v2av01hlbg1uvmr816xn,cmmx6howt0000bi1zgfsisou2,2026-05-14 08:46:25.594,77.61485826001955,24.9,72.0,46.36,7.0,39.0,54.0,109.0
cmp58v5ii01hnbg1up4mqhb06,cmmx6howt0000bi1zgfsisou2,2026-05-14 08:46:29.776,77.61485826001955,24.8,72.0,46.14,7.0,39.0,54.0,109.0
cmp58v8pz01hpbg1u552y9pbq,cmmx6howt0000bi1zgfsisou2,2026-05-14 08:46:33.935,77.61485826001955,24.9,72.0,46.36,7.0,39.0,54.0,109.0
cmp58vbxg01hrbg1uqfz1sh7g,cmmx6howt0000bi1zgfsisou2,2026-05-14 08:46:38.077,77.51710654936461,24.9,72.0,46.17,7.0,39.0,54.0,109.0
cmp58vf6w01htbg1ui0y3rpzc,cmmx6howt0000bi1zgfsisou2,2026-05-14 08:46:42.265,77.51710654936461,24.9,73.0,46.4,7.0,39.0,54.0,109.0
cmp58vieg01hvbg1udfd8midd,cmmx6howt0000bi1zgfsisou2,2026-05-14 08:46:46.469,77.51710654936461,24.9,73.0,46.21,7.0,39.0,54.0,109.0
cmp58vln001hxbg1ubbkz6r6k,cmmx6howt0000bi1zgfsisou2,2026-05-14 08:46:50.655,77.41935483870968,24.9,72.0,42.44,7.0,39.0,54.0,109.0
cmp58votx01hzbg1uylbtyqyn,cmmx6howt0000bi1zgfsisou2,2026-05-14 08:46:54.810,73.60703812316716,25.0,72.0,46.17,7.0,39.0,54.0,109.0
cmp58vs0h01i1bg1umm8vbsbo,cmmx6howt0000bi1zgfsisou2,2026-05-14 08:46:58.928,75.46432062561095,25.0,72.0,46.02,7.0,39.0,54.0,109.0
cmp58vv8c01i3bg1u52d8a1nh,cmmx6howt0000bi1zgfsisou2,2026-05-14 08:47:03.111,76.34408602150538,25.0,72.0,46.17,7.0,39.0,54.0,109.0
cmp58vyf001i5bg1u99nyer9a,cmmx6howt0000bi1zgfsisou2,2026-05-14 08:47:07.219,76.63734115347019,25.0,72.0,31.2,7.0,39.0,54.0,109.0
cmp58w1l501i7bg1uofu90k19,cmmx6howt0000bi1zgfsisou2,2026-05-14 08:47:11.312,76.73509286412512,24.9,72.0,31.08,7.0,39.0,54.0,109.0
cmp58w4td01i9bg1uun4h4amw,cmmx6howt0000bi1zgfsisou2,2026-05-14 08:47:15.513,76.73509286412512,25.0,72.0,31.39,7.0,39.0,54.0,109.0
cmp58w81501ibbg1u41y8gesi,cmmx6howt0000bi1zgfsisou2,2026-05-14 08:47:19.677,76.63734115347019,25.0,72.0,31.16,7.0,39.0,54.0,109.0
cmp58wb8q01idbg1ualsboea8,cmmx6howt0000bi1zgfsisou2,2026-05-14 08:47:23.835,76.63734115347019,24.9,72.0,31.08,7.0,39.0,54.0,109.0
cmp58wegj01ifbg1u5sxwq7mo,cmmx6howt0000bi1zgfsisou2,2026-05-14 08:47:28.010,76.63734115347019,25.0,72.0,31.39,7.0,39.0,54.0,109.0
cmp58whop01ihbg1uwmy7qvdv,cmmx6howt0000bi1zgfsisou2,2026-05-14 08:47:32.203,76.63734115347019,24.9,72.0,31.31,7.0,39.0,54.0,109.0
cmp58wkwm01ijbg1uqjq7g69o,cmmx6howt0000bi1zgfsisou2,2026-05-14 08:47:36.364,76.63734115347019,24.9,72.0,31.35,7.0,39.0,54.0,109.0
cmp58wo3x01ilbg1u85fxszq8,cmmx6howt0000bi1zgfsisou2,2026-05-14 08:47:40.515,74.58455522971651,24.9,72.0,100.0,7.0,39.0,54.0,109.0
cmp58wrao01inbg1u2784vesw,cmmx6howt0000bi1zgfsisou2,2026-05-14 08:47:44.668,71.35874877810362,25.0,72.0,100.0,7.0,39.0,54.0,109.0
cmp58wuic01ipbg1u85rqzv8w,cmmx6howt0000bi1zgfsisou2,2026-05-14 08:47:48.830,75.0733137829912,25.0,72.0,100.0,7.0,39.0,54.0,109.0
cmp58wxqc01irbg1uq03kiszx,cmmx6howt0000bi1zgfsisou2,2026-05-14 08:47:52.989,75.366568914956,25.0,72.0,100.0,7.0,39.0,54.0,109.0
cmp58x0wl01itbg1updltumou,cmmx6howt0000bi1zgfsisou2,2026-05-14 08:47:57.124,75.26881720430107,25.0,72.0,100.0,7.0,39.0,54.0,109.0
cmp58x43201ivbg1urogecs66,cmmx6howt0000bi1zgfsisou2,2026-05-14 08:48:01.220,74.7800586510264,25.0,72.0,100.0,7.0,39.0,54.0,109.0
cmp58x7a901ixbg1um38ulowd,cmmx6howt0000bi1zgfsisou2,2026-05-14 08:48:05.387,74.87781036168133,25.0,72.0,100.0,7.0,39.0,54.0,109.0
cmp58xah401izbg1uzmit9ei1,cmmx6howt0000bi1zgfsisou2,2026-05-14 08:48:09.528,74.97556207233626,25.0,72.0,100.0,7.0,39.0,54.0,109.0
cmp58xdnx01j1bg1uj8cfuzh8,cmmx6howt0000bi1zgfsisou2,2026-05-14 08:48:13.634,74.87781036168133,24.9,72.0,100.0,7.0,39.0,54.0,109.0
cmp58xgvg01j3bg1ukk4nrt9g,cmmx6howt0000bi1zgfsisou2,2026-05-14 08:48:17.817,74.97556207233626,25.0,72.0,100.0,7.0,39.0,54.0,109.0
cmp58xk3701j5bg1uvy00aq40,cmmx6howt0000bi1zgfsisou2,2026-05-14 08:48:21.951,74.97556207233626,25.0,72.0,100.0,7.0,39.0,54.0,109.0
cmp58xnbu01j7bg1ubyphqq4k,cmmx6howt0000bi1zgfsisou2,2026-05-14 08:48:26.126,72.9227761485826,25.0,72.0,86.04,7.0,39.0,54.0,109.0
cmp58xqip01j9bg1ut0333dr9,cmmx6howt0000bi1zgfsisou2,2026-05-14 08:48:30.299,73.90029325513197,25.0,72.0,86.0,7.0,39.0,54.0,109.0
cmp58xtq901jbbg1ug8ct812g,cmmx6howt0000bi1zgfsisou2,2026-05-14 08:48:34.461,70.38123167155426,25.0,72.0,85.81,7.0,39.0,54.0,109.0
cmp58xwzp01jdbg1u23beow3t,cmmx6howt0000bi1zgfsisou2,2026-05-14 08:48:38.683,68.91495601173021,25.0,71.0,85.85,7.0,39.0,54.0,109.0
cmp58y07l01jfbg1u624ik1wi,cmmx6howt0000bi1zgfsisou2,2026-05-14 08:48:42.854,69.20821114369502,24.9,71.0,85.58,7.0,39.0,54.0,109.0
cmp58y3gk01jhbg1uz5klb7fg,cmmx6howt0000bi1zgfsisou2,2026-05-14 08:48:47.056,69.20821114369502,25.0,71.0,86.04,7.0,39.0,54.0,109.0
cmp58y6pb01jjbg1usjhkfd5u,cmmx6howt0000bi1zgfsisou2,2026-05-14 08:48:51.273,69.40371456500489,25.0,71.0,85.58,7.0,39.0,54.0,109.0
cmp58y9wh01jlbg1urvarbbaa,cmmx6howt0000bi1zgfsisou2,2026-05-14 08:48:55.421,69.40371456500489,25.0,71.0,85.88,7.0,39.0,54.0,109.0
cmp58yd3c01jnbg1u1hp49eyo,cmmx6howt0000bi1zgfsisou2,2026-05-14 08:48:59.568,69.40371456500489,25.0,71.0,86.08,7.0,39.0,54.0,109.0
cmp58yg9x01jpbg1u8gvotf2h,cmmx6howt0000bi1zgfsisou2,2026-05-14 08:49:03.703,69.50146627565982,24.9,71.0,85.85,7.0,39.0,54.0,109.0
cmp58yjic01jrbg1uyahkzuqe,cmmx6howt0000bi1zgfsisou2,2026-05-14 08:49:07.867,58.16226783968719,24.9,71.0,85.96,7.0,39.0,54.0,109.0
cmp58ympe01jtbg1uua1g42ks,cmmx6howt0000bi1zgfsisou2,2026-05-14 08:49:12.022,69.30596285434996,24.9,71.0,84.06,7.0,39.0,54.0,109.0
cmp58ypwg01jvbg1utrrebrjv,cmmx6howt0000bi1zgfsisou2,2026-05-14 08:49:16.152,70.772238514174,25.0,71.0,82.45,7.0,39.0,55.0,110.0
cmp58yt4401jxbg1ubzjfccgw,cmmx6howt0000bi1zgfsisou2,2026-05-14 08:49:20.310,77.90811339198436,24.9,72.0,82.42,7.0,39.0,55.0,110.0
cmp58ywbd01jzbg1uxwxa4tl8,cmmx6howt0000bi1zgfsisou2,2026-05-14 08:49:24.466,73.21603128054741,24.9,72.0,82.19,7.0,39.0,55.0,110.0
cmp58yziu01k1bg1uxuhmuqqh,cmmx6howt0000bi1zgfsisou2,2026-05-14 08:49:28.630,76.83284457478005,24.9,72.0,85.2,7.0,39.0,55.0,110.0
cmp58z2qe01k3bg1ujprr4svp,cmmx6howt0000bi1zgfsisou2,2026-05-14 08:49:32.779,78.00586510263929,24.9,72.0,82.23,7.0,39.0,55.0,110.0
cmp58z5x501k5bg1u6vwzl7cz,cmmx6howt0000bi1zgfsisou2,2026-05-14 08:49:36.909,77.81036168132943,24.8,72.0,82.38,7.0,39.0,55.0,110.0
cmp58z94301k7bg1u21ek5ody,cmmx6howt0000bi1zgfsisou2,2026-05-14 08:49:41.052,77.81036168132943,24.9,72.0,84.93,7.0,39.0,55.0,110.0
cmp58zcaq01k9bg1ug7tcbx19,cmmx6howt0000bi1zgfsisou2,2026-05-14 08:49:45.196,77.81036168132943,24.8,72.0,87.49,7.0,39.0,55.0,110.0
cmp58zfi401kbbg1unl7wguzm,cmmx6howt0000bi1zgfsisou2,2026-05-14 08:49:49.340,77.81036168132943,24.9,72.0,82.23,7.0,39.0,55.0,110.0
cmp58ziqi01kdbg1ue3re2d39,cmmx6howt0000bi1zgfsisou2,2026-05-14 08:49:53.513,77.71260997067448,25.0,72.0,82.42,7.0,39.0,55.0,110.0
cmp58zlyg01kfbg1uo4et5z0b,cmmx6howt0000bi1zgfsisou2,2026-05-14 08:49:57.693,77.81036168132943,24.9,72.0,81.92,7.0,39.0,55.0,110.0
cmp58zp5q01khbg1u1fi9pgkh,cmmx6howt0000bi1zgfsisou2,2026-05-14 08:50:01.844,77.71260997067448,24.9,72.0,82.38,7.0,39.0,55.0,110.0
cmp58zscv01kjbg1u3vu46r4e,cmmx6howt0000bi1zgfsisou2,2026-05-14 08:50:06.017,77.71260997067448,24.9,72.0,82.42,7.0,39.0,55.0,110.0
cmp58zvjp01klbg1ulfu1h8z5,cmmx6howt0000bi1zgfsisou2,2026-05-14 08:50:10.131,77.71260997067448,24.9,72.0,82.19,7.0,39.0,55.0,110.0
cmp58zyrr01knbg1uz03rinhl,cmmx6howt0000bi1zgfsisou2,2026-05-14 08:50:14.306,68.23069403714565,24.9,72.0,83.64,7.0,39.0,55.0,110.0
cmp5901zi01kpbg1uvxhiwwuz,cmmx6howt0000bi1zgfsisou2,2026-05-14 08:50:18.466,67.05767350928642,24.9,71.0,86.34,7.0,39.0,55.0,110.0
cmp59057701krbg1u39dubtav,cmmx6howt0000bi1zgfsisou2,2026-05-14 08:50:22.649,69.6969696969697,24.9,71.0,84.59,7.0,39.0,55.0,110.0
cmp5908ew01ktbg1uavtw8aqm,cmmx6howt0000bi1zgfsisou2,2026-05-14 08:50:26.797,70.08797653958945,24.9,71.0,86.53,7.0,39.0,55.0,110.0
cmp590bm701kvbg1u2udrqla7,cmmx6howt0000bi1zgfsisou2,2026-05-14 08:50:30.948,70.08797653958945,24.8,72.0,86.8,7.0,39.0,55.0,110.0
cmp590euu01kxbg1u4o71ydmo,cmmx6howt0000bi1zgfsisou2,2026-05-14 08:50:35.143,69.99022482893452,24.8,72.0,82.26,7.0,39.0,55.0,110.0
cmp590i1g01kzbg1u6zat9lf7,cmmx6howt0000bi1zgfsisou2,2026-05-14 08:50:39.298,69.99022482893452,24.9,72.0,86.53,7.0,39.0,55.0,110.0
cmp590l9901l1bg1ufovjehpl,cmmx6howt0000bi1zgfsisou2,2026-05-14 08:50:43.438,70.08797653958945,24.9,72.0,84.4,7.0,39.0,55.0,110.0
cmp590oha01l3bg1uukbn71kp,cmmx6howt0000bi1zgfsisou2,2026-05-14 08:50:47.625,69.99022482893452,24.9,72.0,80.97,7.0,39.0,55.0,110.0
cmp590ro901l5bg1u4pwi48ot,cmmx6howt0000bi1zgfsisou2,2026-05-14 08:50:51.758,71.16324535679375,24.8,72.0,86.27,7.0,39.0,55.0,110.0
cmp5a06x301l7bg1u2y79p1i3,cmmx6howt0000bi1zgfsisou2,2026-05-14 09:18:24.470,71.65200391006843,24.7,75.0,78.8,7.0,39.0,55.0,111.0
cmp5a09ls01l9bg1uljdke7qb,cmmx6howt0000bi1zgfsisou2,2026-05-14 09:18:27.980,76.63734115347019,24.7,75.0,78.64,7.0,39.0,55.0,111.0
cmp5a0cbl01lbbg1ua3mlm3jy,cmmx6howt0000bi1zgfsisou2,2026-05-14 09:18:31.492,79.0811339198436,24.7,75.0,78.83,7.0,39.0,55.0,111.0
cmp5a0f1601ldbg1u3jscv4es,cmmx6howt0000bi1zgfsisou2,2026-05-14 09:18:35.003,79.27663734115346,24.7,75.0,78.38,7.0,39.0,55.0,111.0
cmp5a0hrs01lfbg1u4ilzp45r,cmmx6howt0000bi1zgfsisou2,2026-05-14 09:18:38.514,79.17888563049853,24.7,75.0,78.61,7.0,39.0,55.0,111.0
cmp5a0kgm01lhbg1ukjbl7ffp,cmmx6howt0000bi1zgfsisou2,2026-05-14 09:18:42.025,79.17888563049853,24.7,75.0,78.61,7.0,39.0,55.0,111.0
cmp5a0n5j01ljbg1u6tzwwz6c,cmmx6howt0000bi1zgfsisou2,2026-05-14 09:18:45.534,79.17888563049853,24.7,74.0,78.83,7.0,39.0,55.0,111.0
cmp5a0put01llbg1u9a89ss9h,cmmx6howt0000bi1zgfsisou2,2026-05-14 09:18:49.046,79.17888563049853,24.7,75.0,78.91,7.0,39.0,55.0,111.0
cmp5a0sld01lnbg1uygcgsyb1,cmmx6howt0000bi1zgfsisou2,2026-05-14 09:18:52.557,79.17888563049853,24.7,75.0,78.87,7.0,39.0,55.0,111.0
cmp5a0va901lpbg1uc3o7wa58,cmmx6howt0000bi1zgfsisou2,2026-05-14 09:18:56.067,79.0811339198436,24.7,75.0,78.57,7.0,39.0,55.0,111.0
cmp5a0y0001lrbg1u65j4ykwl,cmmx6howt0000bi1zgfsisou2,2026-05-14 09:18:59.580,79.17888563049853,24.7,75.0,78.57,7.0,39.0,55.0,111.0
cmp5a10pf01ltbg1uxyvc7vjg,cmmx6howt0000bi1zgfsisou2,2026-05-14 09:19:03.089,79.17888563049853,24.7,75.0,78.83,7.0,39.0,55.0,111.0
cmp5a13et01lvbg1uby7cuf6n,cmmx6howt0000bi1zgfsisou2,2026-05-14 09:19:06.600,71.74975562072336,24.7,75.0,78.57,7.0,39.0,55.0,111.0
cmp5a164i01lxbg1uvx145k15,cmmx6howt0000bi1zgfsisou2,2026-05-14 09:19:10.111,79.0811339198436,24.7,75.0,78.83,7.0,39.0,55.0,111.0
cmp5a18tw01lzbg1uyoubw4k8,cmmx6howt0000bi1zgfsisou2,2026-05-14 09:19:13.622,79.0811339198436,24.7,75.0,78.76,7.0,39.0,55.0,111.0
cmp5a1bjv01m1bg1uvpymzg66,cmmx6howt0000bi1zgfsisou2,2026-05-14 09:19:17.133,79.17888563049853,24.7,75.0,78.53,7.0,39.0,55.0,111.0
cmp5a1e9601m3bg1uquy87onr,cmmx6howt0000bi1zgfsisou2,2026-05-14 09:19:20.643,79.17888563049853,24.7,75.0,78.3,7.0,39.0,55.0,111.0
cmp5a1gyt01m5bg1ued3paliu,cmmx6howt0000bi1zgfsisou2,2026-05-14 09:19:24.153,79.0811339198436,24.7,75.0,78.8,7.0,39.0,55.0,110.0
cmp5a3olp01m7bg1u2y9teqiy,cmmx6howt0000bi1zgfsisou2,2026-05-14 09:21:07.377,78.98338220918866,24.6,75.0,78.87,7.0,39.0,55.0,111.0
cmp5a3rbn01m9bg1ueh6ztilk,cmmx6howt0000bi1zgfsisou2,2026-05-14 09:21:10.888,79.17888563049853,24.6,75.0,78.76,7.0,39.0,55.0,111.0
cmp5a3u1101mbbg1u90ofa3cl,cmmx6howt0000bi1zgfsisou2,2026-05-14 09:21:14.398,71.74975562072336,24.6,75.0,78.87,7.0,39.0,55.0,111.0
cmp5a3wqs01mdbg1uvyytsscy,cmmx6howt0000bi1zgfsisou2,2026-05-14 09:21:17.910,78.39687194525904,24.6,75.0,78.57,7.0,39.0,55.0,111.0
cmp5a3zfw01mfbg1u31cwakpo,cmmx6howt0000bi1zgfsisou2,2026-05-14 09:21:21.420,79.0811339198436,24.6,75.0,78.8,7.0,39.0,55.0,111.0
cmp5aevzw01mhbg1u6u7fon6b,cmmx6howt0000bi1zgfsisou2,2026-05-14 09:29:50.161,71.5542521994135,24.6,75.0,38.93,7.0,39.0,55.0,111.0
cmp5aeyow01mjbg1ulx4vynhm,cmmx6howt0000bi1zgfsisou2,2026-05-14 09:29:53.672,75.8553274682307,24.6,76.0,39.2,7.0,39.0,55.0,111.0
cmp5af1ee01mlbg1upvm6axt4,cmmx6howt0000bi1zgfsisou2,2026-05-14 09:29:57.184,75.75757575757575,24.6,76.0,39.16,7.0,39.0,55.0,111.0
cmp5af44301mnbg1u9jejvxhv,cmmx6howt0000bi1zgfsisou2,2026-05-14 09:30:00.695,75.65982404692082,24.6,76.0,39.01,7.0,39.0,55.0,111.0
cmp5af6u401mpbg1ujx49jfn6,cmmx6howt0000bi1zgfsisou2,2026-05-14 09:30:04.207,75.75757575757575,24.6,76.0,38.97,7.0,39.0,55.0,111.0
cmp5af9j101mrbg1utdzvz7bk,cmmx6howt0000bi1zgfsisou2,2026-05-14 09:30:07.719,75.75757575757575,24.6,76.0,39.2,7.0,39.0,55.0,111.0
cmp5bca5c01mtbg1uhry1je6y,cmmx6howt0000bi1zgfsisou2,2026-05-14 09:55:48.174,69.50146627565982,24.7,75.0,53.76,7.0,39.0,55.0,111.0
cmp5bccvi01mvbg1ui9868s3s,cmmx6howt0000bi1zgfsisou2,2026-05-14 09:55:51.685,70.67448680351906,24.7,76.0,53.49,7.0,39.0,55.0,111.0
cmp5bcfkw01mxbg1ukea2uq3c,cmmx6howt0000bi1zgfsisou2,2026-05-14 09:55:55.196,76.24633431085044,24.7,76.0,53.72,7.0,39.0,55.0,111.0
cmp5bciae01mzbg1u8nu8y6tg,cmmx6howt0000bi1zgfsisou2,2026-05-14 09:55:58.708,76.24633431085044,24.7,76.0,53.49,7.0,39.0,55.0,111.0
cmp5bcl0a01n1bg1uwpjg5riy,cmmx6howt0000bi1zgfsisou2,2026-05-14 09:56:02.219,76.53958944281524,24.7,76.0,53.68,7.0,39.0,55.0,111.0
cmp5bcnqu01n3bg1u3cgmdz2j,cmmx6howt0000bi1zgfsisou2,2026-05-14 09:56:05.732,76.63734115347019,24.7,76.0,53.41,7.0,39.0,55.0,111.0
cmp5bcqfj01n5bg1uvfm8e7tk,cmmx6howt0000bi1zgfsisou2,2026-05-14 09:56:09.243,76.63734115347019,24.7,76.0,53.6,7.0,39.0,55.0,111.0
cmp5bct4g01n7bg1unz397qk8,cmmx6howt0000bi1zgfsisou2,2026-05-14 09:56:12.753,76.63734115347019,24.7,76.0,53.41,7.0,39.0,55.0,111.0
cmp5bcvuj01n9bg1ury8r2kkw,cmmx6howt0000bi1zgfsisou2,2026-05-14 09:56:16.266,76.63734115347019,24.7,76.0,53.68,7.0,39.0,55.0,111.0
cmp5bcyk201nbbg1uigpqal0e,cmmx6howt0000bi1zgfsisou2,2026-05-14 09:56:19.777,76.73509286412512,24.7,76.0,53.45,7.0,39.0,55.0,111.0
cmp5bd19301ndbg1u072zd6fi,cmmx6howt0000bi1zgfsisou2,2026-05-14 09:56:23.289,76.73509286412512,24.7,76.0,53.49,7.0,39.0,55.0,111.0
cmp5bd3yk01nfbg1uvvm2jpe5,cmmx6howt0000bi1zgfsisou2,2026-05-14 09:56:26.801,69.89247311827957,24.7,76.0,53.22,7.0,39.0,55.0,111.0
cmp5bd6o701nhbg1usntfp2vy,cmmx6howt0000bi1zgfsisou2,2026-05-14 09:56:30.312,70.67448680351906,24.7,75.0,53.07,7.0,39.0,55.0,111.0
cmp5bd9e801njbg1uaquajwvb,cmmx6howt0000bi1zgfsisou2,2026-05-14 09:56:33.823,76.73509286412512,24.7,76.0,53.19,7.0,39.0,55.0,111.0
cmp5bdc3z01nlbg1uzxnscnqj,cmmx6howt0000bi1zgfsisou2,2026-05-14 09:56:37.334,76.73509286412512,24.8,76.0,52.96,7.0,39.0,55.0,110.0
cmp5bdesq01nnbg1ukzkaikxd,cmmx6howt0000bi1zgfsisou2,2026-05-14 09:56:40.843,68.71945259042033,24.7,76.0,53.72,7.0,38.0,53.0,107.0
cmp5bdhip01npbg1uxxhufv0o,cmmx6howt0000bi1zgfsisou2,2026-05-14 09:56:44.355,68.91495601173021,24.7,74.0,53.49,7.0,37.0,52.0,105.0
cmp5bdk8801nrbg1uvtqyf3bg,cmmx6howt0000bi1zgfsisou2,2026-05-14 09:56:47.866,69.30596285434996,24.7,75.0,53.8,7.0,36.0,50.0,101.0
cmp5bdmxo01ntbg1u4it0hlgx,cmmx6howt0000bi1zgfsisou2,2026-05-14 09:56:51.375,69.6969696969697,24.7,75.0,53.57,7.0,37.0,52.0,105.0
cmp5bdpnb01nvbg1u9x3s5du7,cmmx6howt0000bi1zgfsisou2,2026-05-14 09:56:54.885,71.0654936461388,24.7,75.0,53.64,7.0,38.0,54.0,109.0
cmp5bdsch01nxbg1u6u9dm1kb,cmmx6howt0000bi1zgfsisou2,2026-05-14 09:56:58.398,77.61485826001955,24.7,76.0,53.38,7.0,40.0,57.0,115.0
cmp5bdv2801nzbg1umd21zk1i,cmmx6howt0000bi1zgfsisou2,2026-05-14 09:57:01.909,77.71260997067448,24.7,76.0,53.68,7.0,41.0,57.0,115.0
cmp5bdxrp01o1bg1u2fq7ljfo,cmmx6howt0000bi1zgfsisou2,2026-05-14 09:57:05.421,70.772238514174,24.7,76.0,53.45,7.0,41.0,57.0,115.0
cmp5be0h301o3bg1uf0g0y0ue,cmmx6howt0000bi1zgfsisou2,2026-05-14 09:57:08.932,75.17106549364614,24.7,76.0,53.49,7.0,41.0,57.0,115.0
cmp5be36j01o5bg1uytoz39q6,cmmx6howt0000bi1zgfsisou2,2026-05-14 09:57:12.442,74.58455522971651,24.7,76.0,53.22,7.0,41.0,57.0,115.0
cmp5be5vx01o7bg1u7c6y1p13,cmmx6howt0000bi1zgfsisou2,2026-05-14 09:57:15.955,72.82502443792767,24.7,75.0,53.26,7.0,41.0,57.0,115.0
cmp5be8lq01o9bg1uzukfscva,cmmx6howt0000bi1zgfsisou2,2026-05-14 09:57:19.466,74.87781036168133,24.7,76.0,53.07,7.0,41.0,57.0,115.0
cmp5bebb001obbg1uafn9m6mo,cmmx6howt0000bi1zgfsisou2,2026-05-14 09:57:22.978,73.90029325513197,24.7,75.0,53.03,7.0,41.0,57.0,115.0
cmp5bee0i01odbg1ugpq4y2cw,cmmx6howt0000bi1zgfsisou2,2026-05-14 09:57:26.489,74.68230694037146,24.8,75.0,53.19,7.0,41.0,57.0,115.0
cmp5begqe01ofbg1u1bqujsn0,cmmx6howt0000bi1zgfsisou2,2026-05-14 09:57:30.002,74.58455522971651,24.7,75.0,53.49,7.0,41.0,57.0,115.0
cmp5bejfr01ohbg1uvsylriig,cmmx6howt0000bi1zgfsisou2,2026-05-14 09:57:33.512,75.366568914956,24.8,76.0,53.68,7.0,41.0,57.0,115.0
cmp5bem5a01ojbg1uxkb5mkzb,cmmx6howt0000bi1zgfsisou2,2026-05-14 09:57:37.025,76.24633431085044,24.7,76.0,53.41,7.0,41.0,57.0,115.0
cmp5beour01olbg1uu4ppr9ee,cmmx6howt0000bi1zgfsisou2,2026-05-14 09:57:40.535,75.8553274682307,24.8,76.0,53.72,7.0,41.0,57.0,115.0
cmp5berkc01onbg1urm0hrdpd,cmmx6howt0000bi1zgfsisou2,2026-05-14 09:57:44.047,68.13294232649072,24.8,76.0,53.34,7.0,41.0,57.0,115.0
cmp5beu9m01opbg1ut8cdzubz,cmmx6howt0000bi1zgfsisou2,2026-05-14 09:57:47.555,63.73411534701857,24.7,74.0,53.45,7.0,41.0,57.0,115.0
cmp5bewzc01orbg1ufiwtthz5,cmmx6howt0000bi1zgfsisou2,2026-05-14 09:57:51.066,68.23069403714565,24.7,75.0,53.72,7.0,41.0,57.0,115.0
cmp5bezoo01otbg1uk0k7r82h,cmmx6howt0000bi1zgfsisou2,2026-05-14 09:57:54.577,68.81720430107528,24.7,75.0,53.49,7.0,41.0,57.0,115.0
cmp5bf2ee01ovbg1ut14apil9,cmmx6howt0000bi1zgfsisou2,2026-05-14 09:57:58.087,69.01270772238514,24.7,75.0,53.72,7.0,41.0,57.0,115.0
cmp5bf53y01oxbg1u4avc7ngl,cmmx6howt0000bi1zgfsisou2,2026-05-14 09:58:01.597,69.59921798631477,24.7,75.0,53.49,7.0,41.0,57.0,115.0
cmp5bf7tg01ozbg1u8o5ykiyz,cmmx6howt0000bi1zgfsisou2,2026-05-14 09:58:05.109,69.79472140762464,24.7,75.0,53.72,7.0,41.0,57.0,115.0
cmp5bfajj01p1bg1uyr65aeqo,cmmx6howt0000bi1zgfsisou2,2026-05-14 09:58:08.619,69.89247311827957,24.7,75.0,53.53,7.0,41.0,57.0,115.0
cmp5bfd8601p3bg1u6m2fe0z6,cmmx6howt0000bi1zgfsisou2,2026-05-14 09:58:12.129,70.08797653958945,24.7,75.0,53.57,7.0,41.0,57.0,115.0
cmp5bffxx01p5bg1umebo289j,cmmx6howt0000bi1zgfsisou2,2026-05-14 09:58:15.640,69.99022482893452,24.7,75.0,53.3,7.0,41.0,57.0,115.0
cmp5bfipy01p7bg1umxws64o1,cmmx6howt0000bi1zgfsisou2,2026-05-14 09:58:19.150,61.68132942326491,24.7,75.0,53.3,7.0,41.0,57.0,115.0
cmp5bfld401p9bg1upu19d5q0,cmmx6howt0000bi1zgfsisou2,2026-05-14 09:58:22.660,63.63636363636363,24.7,75.0,53.26,7.0,41.0,58.0,116.0
cmp5bfo2m01pbbg1uk03kn5lh,cmmx6howt0000bi1zgfsisou2,2026-05-14 09:58:26.172,62.65884652981427,24.7,75.0,53.41,7.0,41.0,58.0,116.0
cmp5bfqt301pdbg1ucw1fqqhc,cmmx6howt0000bi1zgfsisou2,2026-05-14 09:58:29.693,66.7644183773216,24.7,75.0,0.0,7.0,41.0,58.0,116.0
cmp5bfthl01pfbg1u6oumtm3c,cmmx6howt0000bi1zgfsisou2,2026-05-14 09:58:33.201,75.46432062561095,24.8,76.0,84.32,7.0,41.0,57.0,115.0
cmp5bfw7c01phbg1uiyv4as30,cmmx6howt0000bi1zgfsisou2,2026-05-14 09:58:36.712,75.75757575757575,24.7,76.0,85.77,7.0,41.0,57.0,115.0
cmp5bfyyb01pjbg1upqx73q55,cmmx6howt0000bi1zgfsisou2,2026-05-14 09:58:40.252,75.56207233626589,24.7,76.0,0.0,7.0,41.0,57.0,115.0
cmp5bg1nm01plbg1ukg6gts9t,cmmx6howt0000bi1zgfsisou2,2026-05-14 09:58:43.766,75.65982404692082,24.8,76.0,20.41,7.0,41.0,57.0,114.0
cmp5bg4dg01pnbg1u6sacb7ly,cmmx6howt0000bi1zgfsisou2,2026-05-14 09:58:47.281,75.65982404692082,24.8,76.0,0.0,7.0,41.0,57.0,114.0
cmp5bg72801ppbg1u9wqbvsal,cmmx6howt0000bi1zgfsisou2,2026-05-14 09:58:50.788,76.05083088954056,24.8,76.0,81.08,7.0,41.0,57.0,114.0
cmp5bg9te01prbg1uc6wa1m4l,cmmx6howt0000bi1zgfsisou2,2026-05-14 09:58:54.340,76.05083088954056,24.8,76.0,0.0,7.0,41.0,57.0,114.0
cmp5bgcj701ptbg1up2xpg0wi,cmmx6howt0000bi1zgfsisou2,2026-05-14 09:58:57.877,72.33626588465299,24.8,76.0,0.0,7.0,41.0,57.0,114.0
cmp5bgf9e01pvbg1ukuykhn6s,cmmx6howt0000bi1zgfsisou2,2026-05-14 09:59:01.392,76.44183773216031,24.9,76.0,0.0,7.0,40.0,57.0,114.0
cmp5bghya01pxbg1uasb8c9a3,cmmx6howt0000bi1zgfsisou2,2026-05-14 09:59:04.902,77.41935483870968,24.8,76.0,63.59,7.0,41.0,57.0,114.0
cmp5bgkon01pzbg1uv94ptxun,cmmx6howt0000bi1zgfsisou2,2026-05-14 09:59:08.436,77.41935483870968,24.9,76.0,0.0,7.0,41.0,57.0,115.0
cmp5bgnem01q1bg1u8fz8vi6g,cmmx6howt0000bi1zgfsisou2,2026-05-14 09:59:11.971,77.41935483870968,24.8,76.0,0.0,7.0,41.0,57.0,115.0
cmp5bgq6d01q3bg1u1kzpv6ir,cmmx6howt0000bi1zgfsisou2,2026-05-14 09:59:15.561,71.0654936461388,24.9,76.0,0.0,7.0,41.0,57.0,115.0
cmp5bgt1201q5bg1uvshyyn7u,cmmx6howt0000bi1zgfsisou2,2026-05-14 09:59:19.141,67.5464320625611,24.9,75.0,0.0,7.0,41.0,57.0,115.0
cmp5bgvpi01q7bg1uqvhjd4cl,cmmx6howt0000bi1zgfsisou2,2026-05-14 09:59:22.717,65.78690127077225,24.9,75.0,0.0,7.0,41.0,58.0,116.0
cmp5bgyez01q9bg1un82kzkxo,cmmx6howt0000bi1zgfsisou2,2026-05-14 09:59:26.236,65.29814271749756,24.9,75.0,0.0,7.0,41.0,58.0,117.0
cmp5bh14p01qbbg1u1hn8ldoz,cmmx6howt0000bi1zgfsisou2,2026-05-14 09:59:29.745,68.6217008797654,25.0,75.0,54.18,7.0,41.0,58.0,117.0
cmp5bh3u001qdbg1uf68g086a,cmmx6howt0000bi1zgfsisou2,2026-05-14 09:59:33.254,62.65884652981427,24.9,75.0,84.7,7.0,41.0,58.0,117.0
cmp5bh6jc01qfbg1uxfs4xbvs,cmmx6howt0000bi1zgfsisou2,2026-05-14 09:59:36.764,62.36559139784946,25.0,75.0,86.61,7.0,41.0,58.0,117.0
cmp5bh99d01qhbg1un23k7nol,cmmx6howt0000bi1zgfsisou2,2026-05-14 09:59:40.274,60.60606060606061,24.9,75.0,96.78,7.0,41.0,58.0,117.0
cmp5bhbyj01qjbg1uvinkkil0,cmmx6howt0000bi1zgfsisou2,2026-05-14 09:59:43.782,59.92179863147605,24.9,75.0,93.85,7.0,41.0,58.0,117.0
cmp5bheo701qlbg1udqjrwr7s,cmmx6howt0000bi1zgfsisou2,2026-05-14 09:59:47.305,55.91397849462365,25.0,75.0,0.0,7.0,41.0,58.0,117.0
cmp5bhhed01qnbg1ulrc1bxl3,cmmx6howt0000bi1zgfsisou2,2026-05-14 09:59:50.830,63.34310850439883,25.0,75.0,0.0,7.0,41.0,58.0,117.0
cmp5bhk6501qpbg1uv8zk7vbj,cmmx6howt0000bi1zgfsisou2,2026-05-14 09:59:54.421,64.80938416422288,25.0,75.0,0.0,7.0,41.0,58.0,117.0
cmp5bhmxl01qrbg1uprp83kf2,cmmx6howt0000bi1zgfsisou2,2026-05-14 09:59:58.007,64.32062561094818,25.0,75.0,0.0,7.0,41.0,58.0,117.0
cmp5bhpmn01qtbg1uyk7dfem6,cmmx6howt0000bi1zgfsisou2,2026-05-14 10:00:01.514,62.07233626588465,25.0,75.0,85.69,7.0,41.0,58.0,117.0
cmp5bhscd01qvbg1ulnlpdp13,cmmx6howt0000bi1zgfsisou2,2026-05-14 10:00:05.024,56.50048875855327,24.9,74.0,93.16,7.0,41.0,58.0,117.0
cmp5bhv2701qxbg1u8llq7gf4,cmmx6howt0000bi1zgfsisou2,2026-05-14 10:00:08.535,56.30498533724339,24.9,74.0,89.77,7.0,41.0,58.0,117.0
cmp5bhxs801qzbg1u30wqiuq7,cmmx6howt0000bi1zgfsisou2,2026-05-14 10:00:12.044,56.50048875855327,24.9,74.0,89.51,7.0,41.0,58.0,117.0
cmp5bi0h301r1bg1ua8nql6ij,cmmx6howt0000bi1zgfsisou2,2026-05-14 10:00:15.552,56.40273704789833,24.9,74.0,96.25,7.0,41.0,58.0,117.0
cmp5bi36p01r3bg1ushxn5z3c,cmmx6howt0000bi1zgfsisou2,2026-05-14 10:00:19.062,54.54545454545454,24.9,74.0,93.16,7.0,41.0,58.0,117.0
cmp5bi5w701r5bg1uy193vcac,cmmx6howt0000bi1zgfsisou2,2026-05-14 10:00:22.570,56.40273704789833,24.9,74.0,100.0,7.0,41.0,58.0,117.0
cmp5bi8ln01r7bg1ux7b9t0mv,cmmx6howt0000bi1zgfsisou2,2026-05-14 10:00:26.082,56.01173020527859,24.9,74.0,97.47,7.0,41.0,58.0,117.0
cmp5bibb601r9bg1ukykn3vpm,cmmx6howt0000bi1zgfsisou2,2026-05-14 10:00:29.590,55.91397849462365,24.8,74.0,100.0,7.0,41.0,58.0,117.0
cmp5bie0q01rbbg1uofzenrfa,cmmx6howt0000bi1zgfsisou2,2026-05-14 10:00:33.099,55.42521994134897,24.8,74.0,100.0,7.0,41.0,58.0,117.0
cmp5bigpm01rdbg1uhfsrbtwk,cmmx6howt0000bi1zgfsisou2,2026-05-14 10:00:36.611,55.5229716520039,24.9,74.0,94.57,7.0,41.0,58.0,117.0
cmp5bijfg01rfbg1uiovezmap,cmmx6howt0000bi1zgfsisou2,2026-05-14 10:00:40.120,55.32746823069403,24.8,74.0,86.15,7.0,41.0,58.0,117.0
cmp5bim5101rhbg1u2lc7rsu5,cmmx6howt0000bi1zgfsisou2,2026-05-14 10:00:43.628,54.15444770283479,24.8,74.0,91.68,7.0,41.0,58.0,117.0
cmp5bioue01rjbg1uxrzwh8gh,cmmx6howt0000bi1zgfsisou2,2026-05-14 10:00:47.139,54.44770283479961,24.8,74.0,85.88,7.0,41.0,58.0,117.0
cmp5birk001rlbg1umdzc7fyr,cmmx6howt0000bi1zgfsisou2,2026-05-14 10:00:50.648,56.20723362658846,24.8,74.0,85.92,7.0,41.0,58.0,117.0
cmp5biu9r01rnbg1ujb3gzqva,cmmx6howt0000bi1zgfsisou2,2026-05-14 10:00:54.158,55.42521994134897,24.8,74.0,90.27,7.0,41.0,58.0,117.0
cmp5biwyx01rpbg1u499c4uct,cmmx6howt0000bi1zgfsisou2,2026-05-14 10:00:57.667,56.20723362658846,24.8,75.0,90.92,7.0,41.0,58.0,117.0
cmp5bizoc01rrbg1u8qyekrr4,cmmx6howt0000bi1zgfsisou2,2026-05-14 10:01:01.175,56.20723362658846,24.8,75.0,90.23,7.0,41.0,58.0,117.0
cmp5bj2du01rtbg1ujlevswtp,cmmx6howt0000bi1zgfsisou2,2026-05-14 10:01:04.685,56.20723362658846,24.8,75.0,90.27,7.0,41.0,58.0,117.0
cmp5bj53g01rvbg1ui5otl41k,cmmx6howt0000bi1zgfsisou2,2026-05-14 10:01:08.195,55.81622678396872,24.8,75.0,90.46,7.0,41.0,58.0,117.0
cmp5bj7sp01rxbg1uvyrizqfo,cmmx6howt0000bi1zgfsisou2,2026-05-14 10:01:11.703,54.15444770283479,24.8,75.0,94.61,7.0,41.0,58.0,115.0
cmp5bni4x01rzbg1ua6u5r7qo,cmmx6howt0000bi1zgfsisou2,2026-05-14 10:04:31.736,66.95992179863148,24.8,80.0,0.0,7.0,0.0,0.0,0.0
cmp5bnkxd01s1bg1ufjl837qy,cmmx6howt0000bi1zgfsisou2,2026-05-14 10:04:35.303,66.86217008797655,24.8,80.0,0.0,7.0,0.0,0.0,0.0
cmp5bnnn001s3bg1udt0kze0c,cmmx6howt0000bi1zgfsisou2,2026-05-14 10:04:38.870,66.95992179863148,24.9,80.0,0.0,7.0,0.0,0.0,0.0
cmp5bnqe101s5bg1upt61vunh,cmmx6howt0000bi1zgfsisou2,2026-05-14 10:04:42.423,66.66666666666667,24.9,80.0,0.0,7.0,0.0,0.0,0.0
cmp5bnt4501s7bg1u2jc8v6ci,cmmx6howt0000bi1zgfsisou2,2026-05-14 10:04:45.942,66.66666666666667,24.9,80.0,0.0,7.0,0.0,0.0,0.0
cmp5bnvti01s9bg1upt6jxsjj,cmmx6howt0000bi1zgfsisou2,2026-05-14 10:04:49.467,66.66666666666667,24.9,80.0,0.0,7.0,0.0,0.0,0.0
cmp5bnykt01sbbg1uda21dgpj,cmmx6howt0000bi1zgfsisou2,2026-05-14 10:04:53.027,66.66666666666667,24.9,80.0,0.0,7.0,0.0,0.0,0.0
cmp5bo1by01sdbg1uefqq4i6j,cmmx6howt0000bi1zgfsisou2,2026-05-14 10:04:56.594,66.66666666666667,24.9,80.0,0.0,7.0,0.0,0.0,0.0
cmp5bo41i01sfbg1u1qrzui4j,cmmx6howt0000bi1zgfsisou2,2026-05-14 10:05:00.120,66.66666666666667,25.0,80.0,0.0,7.0,0.0,0.0,0.0
cmp5bo6qx01shbg1u0osgi2qx,cmmx6howt0000bi1zgfsisou2,2026-05-14 10:05:03.627,67.2531769305963,24.9,80.0,81.77,7.0,0.0,0.0,0.0
cmp5bo9km01sjbg1usf0bn0bv,cmmx6howt0000bi1zgfsisou2,2026-05-14 10:05:07.138,70.4789833822092,25.0,79.0,0.0,7.0,0.0,0.0,0.0
cmp5boc6001slbg1uj9iouh2e,cmmx6howt0000bi1zgfsisou2,2026-05-14 10:05:10.645,68.13294232649072,25.0,80.0,85.05,7.0,0.0,0.0,0.0
cmp5boevt01snbg1uzhe5v4ic,cmmx6howt0000bi1zgfsisou2,2026-05-14 10:05:14.151,64.80938416422288,25.0,80.0,83.64,7.0,0.0,0.0,0.0
cmp5bohog01spbg1umvm24ng5,cmmx6howt0000bi1zgfsisou2,2026-05-14 10:05:17.773,60.3128054740958,25.0,79.0,0.0,7.0,0.0,0.0,0.0
cmp5bokgt01srbg1u0y6omspg,cmmx6howt0000bi1zgfsisou2,2026-05-14 10:05:21.397,68.03519061583579,25.0,80.0,0.0,7.0,0.0,0.0,0.0
cmp5bon9j01stbg1u2hwnbat5,cmmx6howt0000bi1zgfsisou2,2026-05-14 10:05:25.019,67.93743890518084,25.1,80.0,0.0,7.0,0.0,0.0,0.0
cmp5bopzf01svbg1ucrq4hqpb,cmmx6howt0000bi1zgfsisou2,2026-05-14 10:05:28.563,67.93743890518084,25.1,80.0,0.0,7.0,0.0,0.0,0.0
cmp5bost101sxbg1uwakez2h2,cmmx6howt0000bi1zgfsisou2,2026-05-14 10:05:32.188,67.93743890518084,25.1,80.0,0.0,7.0,0.0,0.0,0.0
cmp5bovl901szbg1uu22ozymh,cmmx6howt0000bi1zgfsisou2,2026-05-14 10:05:35.812,67.93743890518084,25.1,80.0,0.0,7.0,0.0,0.0,0.0
cmp5boyaj01t1bg1u8ssqtos3,cmmx6howt0000bi1zgfsisou2,2026-05-14 10:05:39.322,68.03519061583579,25.1,80.0,0.0,7.0,0.0,0.0,0.0
cmp5bp10101t3bg1udj7rcy3j,cmmx6howt0000bi1zgfsisou2,2026-05-14 10:05:42.830,67.83968719452591,25.1,80.0,51.2,7.0,0.0,0.0,0.0
cmp5bp3r401t5bg1uj2ukg2q8,cmmx6howt0000bi1zgfsisou2,2026-05-14 10:05:46.385,63.92961876832845,25.0,79.0,0.0,7.0,0.0,0.0,0.0
cmp5bp6ga01t7bg1ulazk595c,cmmx6howt0000bi1zgfsisou2,2026-05-14 10:05:49.894,65.98240469208211,25.1,80.0,69.92,7.0,0.0,0.0,0.0
cmp5bp95c01t9bg1uz3r7taxs,cmmx6howt0000bi1zgfsisou2,2026-05-14 10:05:53.400,71.45650048875855,25.1,79.0,66.49,7.0,0.0,0.0,0.0
cmp5bpbvj01tbbg1u38afcs0y,cmmx6howt0000bi1zgfsisou2,2026-05-14 10:05:56.908,76.63734115347019,25.1,79.0,69.38,7.0,0.0,0.0,0.0
cmp5bpekg01tdbg1ukosd17qm,cmmx6howt0000bi1zgfsisou2,2026-05-14 10:06:00.415,77.02834799608993,25.2,80.0,70.64,7.0,0.0,0.0,0.0
cmp5bph9s01tfbg1u3bzee1bf,cmmx6howt0000bi1zgfsisou2,2026-05-14 10:06:03.921,77.12609970674487,25.1,79.0,98.88,7.0,0.0,0.0,0.0
cmp5bpjz101thbg1uwaym83xz,cmmx6howt0000bi1zgfsisou2,2026-05-14 10:06:07.429,76.93059628543499,25.1,79.0,0.0,7.0,0.0,0.0,0.0
cmp5bpmor01tjbg1ussawpk8c,cmmx6howt0000bi1zgfsisou2,2026-05-14 10:06:10.942,66.177908113392,25.2,79.0,0.0,7.0,0.0,0.0,0.0
cmp5bppg601tlbg1u7a04seue,cmmx6howt0000bi1zgfsisou2,2026-05-14 10:06:14.521,63.04985337243401,25.1,79.0,31.01,7.0,0.0,0.0,0.0
cmp5bps5t01tnbg1udydapzfo,cmmx6howt0000bi1zgfsisou2,2026-05-14 10:06:18.029,62.26783968719452,25.1,79.0,32.07,7.0,0.0,0.0,0.0
cmp5bpuva01tpbg1urd19ec4z,cmmx6howt0000bi1zgfsisou2,2026-05-14 10:06:21.534,59.13978494623655,25.1,79.0,38.06,7.0,0.0,0.0,0.0
cmp5bpxl401trbg1ube45wamp,cmmx6howt0000bi1zgfsisou2,2026-05-14 10:06:25.041,59.04203323558161,25.0,79.0,53.57,7.0,0.0,0.0,0.0
cmp5bq0a001ttbg1uub1ugsx3,cmmx6howt0000bi1zgfsisou2,2026-05-14 10:06:28.541,59.33528836754643,25.0,79.0,63.67,7.0,0.0,0.0,0.0
cmp5bq2yy01tvbg1ulyffe4zq,cmmx6howt0000bi1zgfsisou2,2026-05-14 10:06:32.042,59.72629521016618,25.1,79.0,14.54,7.0,0.0,0.0,0.0
cmp5bq5oq01txbg1ul33wrsvr,cmmx6howt0000bi1zgfsisou2,2026-05-14 10:06:35.563,58.06451612903225,25.0,79.0,0.0,7.0,0.0,0.0,0.0
cmp5bq8ep01tzbg1u17p27ope,cmmx6howt0000bi1zgfsisou2,2026-05-14 10:06:39.067,64.90713587487781,25.2,80.0,80.7,7.0,0.0,0.0,0.0
cmp5bqb4401u1bg1uc4ekaj2a,cmmx6howt0000bi1zgfsisou2,2026-05-14 10:06:42.573,60.80156402737048,25.1,80.0,48.31,7.0,0.0,0.0,0.0
cmp5bqdto01u3bg1uvur6ifx4,cmmx6howt0000bi1zgfsisou2,2026-05-14 10:06:46.092,58.84652981427174,25.1,79.0,0.0,7.0,0.0,0.0,0.0
cmp5bqgiu01u5bg1ujcf8splz,cmmx6howt0000bi1zgfsisou2,2026-05-14 10:06:49.602,65.88465298142718,25.2,80.0,0.0,7.0,0.0,0.0,0.0
cmp5bqj8801u7bg1u4ehh4ri5,cmmx6howt0000bi1zgfsisou2,2026-05-14 10:06:53.116,65.88465298142718,25.2,80.0,0.0,7.0,0.0,0.0,0.0
cmp5bqlyt01u9bg1ufnrxnrmk,cmmx6howt0000bi1zgfsisou2,2026-05-14 10:06:56.636,65.78690127077225,25.2,80.0,0.0,7.0,0.0,0.0,0.0
cmp5bqonk01ubbg1uhs99kulu,cmmx6howt0000bi1zgfsisou2,2026-05-14 10:07:00.144,65.78690127077225,25.2,80.0,63.7,7.0,0.0,0.0,0.0
cmp5bqrcy01udbg1unodib6li,cmmx6howt0000bi1zgfsisou2,2026-05-14 10:07:03.650,61.48582600195503,25.1,80.0,33.52,7.0,0.0,0.0,0.0
cmp5bqu6v01ufbg1uk5oz5yiy,cmmx6howt0000bi1zgfsisou2,2026-05-14 10:07:07.155,61.3880742913001,25.1,79.0,97.51,7.0,0.0,0.0,0.0
cmp5bqws501uhbg1ujcj1kuyu,cmmx6howt0000bi1zgfsisou2,2026-05-14 10:07:10.663,74.7800586510264,25.2,79.0,75.14,7.0,0.0,0.0,0.0
cmp5bqzh601ujbg1us8ualvtw,cmmx6howt0000bi1zgfsisou2,2026-05-14 10:07:14.169,74.58455522971651,25.2,80.0,83.22,7.0,0.0,0.0,0.0
cmp5br26w01ulbg1u0usb3hyk,cmmx6howt0000bi1zgfsisou2,2026-05-14 10:07:17.675,71.65200391006843,25.2,80.0,86.53,7.0,0.0,0.0,0.0
cmp5br4wp01unbg1u6yh3y1s1,cmmx6howt0000bi1zgfsisou2,2026-05-14 10:07:21.198,60.99706744868035,25.2,80.0,0.0,7.0,0.0,0.0,0.0
cmp5br7md01upbg1ua4jxp4uh,cmmx6howt0000bi1zgfsisou2,2026-05-14 10:07:24.722,77.41935483870968,25.2,80.0,0.0,7.0,0.0,0.0,0.0
cmp5brace01urbg1u3y5yrorr,cmmx6howt0000bi1zgfsisou2,2026-05-14 10:07:28.244,58.45552297165199,25.3,80.0,0.0,7.0,0.0,0.0,0.0
cmp5brd1o01utbg1uxi0hdn3x,cmmx6howt0000bi1zgfsisou2,2026-05-14 10:07:31.761,55.03421309872923,25.3,80.0,0.0,7.0,0.0,0.0,0.0
cmp5brfra01uvbg1ugmqkwe8m,cmmx6howt0000bi1zgfsisou2,2026-05-14 10:07:35.272,54.93646138807429,25.2,80.0,22.28,7.0,0.0,0.0,0.0
cmp5brigv01uxbg1uuibxbdqp,cmmx6howt0000bi1zgfsisou2,2026-05-14 10:07:38.780,48.58260019550342,25.2,79.0,2.99,7.0,0.0,0.0,0.0
cmp5brl6801uzbg1uybbrb8lw,cmmx6howt0000bi1zgfsisou2,2026-05-14 10:07:42.291,55.62072336265884,25.3,79.0,5.13,7.0,0.0,0.0,0.0
cmp5brnwg01v1bg1uugzd042e,cmmx6howt0000bi1zgfsisou2,2026-05-14 10:07:45.798,54.83870967741935,25.3,79.0,43.92,7.0,0.0,0.0,0.0
cmp5brqlh01v3bg1u6vuy2rp1,cmmx6howt0000bi1zgfsisou2,2026-05-14 10:07:49.305,48.87585532746823,25.2,79.0,28.99,7.0,0.0,0.0,0.0
cmp5brtaq01v5bg1ubxtga1ya,cmmx6howt0000bi1zgfsisou2,2026-05-14 10:07:52.811,70.57673509286413,25.2,78.0,51.24,7.0,0.0,0.0,0.0
cmp5brw1301v7bg1unh6y0mo6,cmmx6howt0000bi1zgfsisou2,2026-05-14 10:07:56.319,53.86119257086999,25.2,78.0,46.33,7.0,0.0,0.0,0.0
cmp5brypj01v9bg1ua41t3c2x,cmmx6howt0000bi1zgfsisou2,2026-05-14 10:07:59.824,54.64320625610948,25.2,78.0,42.93,7.0,0.0,0.0,0.0
cmp5bs1en01vbbg1u4dpr6ihq,cmmx6howt0000bi1zgfsisou2,2026-05-14 10:08:03.330,55.81622678396872,25.2,78.0,56.92,7.0,0.0,0.0,0.0
cmp5bs44x01vdbg1ut3qc27x3,cmmx6howt0000bi1zgfsisou2,2026-05-14 10:08:06.849,68.23069403714565,25.2,78.0,0.0,7.0,0.0,0.0,0.0
cmp5bs6ul01vfbg1ucux2wv6f,cmmx6howt0000bi1zgfsisou2,2026-05-14 10:08:10.359,78.78787878787878,25.3,79.0,36.72,7.0,0.0,0.0,0.0
cmp5bs9kf01vhbg1u9uhknvpm,cmmx6howt0000bi1zgfsisou2,2026-05-14 10:08:13.867,79.17888563049853,25.3,79.0,45.53,7.0,0.0,0.0,0.0
cmp5bsc8r01vjbg1ukyujimqo,cmmx6howt0000bi1zgfsisou2,2026-05-14 10:08:17.374,79.27663734115346,25.3,79.0,34.4,7.0,0.0,0.0,0.0
cmp5bseyo01vlbg1usipnfuew,cmmx6howt0000bi1zgfsisou2,2026-05-14 10:08:20.900,78.78787878787878,25.3,79.0,0.0,7.0,0.0,0.0,0.0
cmp5bsho501vnbg1u10papwzm,cmmx6howt0000bi1zgfsisou2,2026-05-14 10:08:24.409,79.56989247311827,25.3,79.0,83.64,7.0,0.0,6.0,34.0
cmp5bske301vpbg1u4x2dmnn4,cmmx6howt0000bi1zgfsisou2,2026-05-14 10:08:27.918,79.17888563049853,25.3,79.0,28.95,7.0,31.0,45.0,87.0
cmp5bsn3501vrbg1urhtzh667,cmmx6howt0000bi1zgfsisou2,2026-05-14 10:08:31.429,79.27663734115346,25.3,79.0,31.42,7.0,29.0,41.0,82.0
cmp5bspsl01vtbg1uddbknsap,cmmx6howt0000bi1zgfsisou2,2026-05-14 10:08:34.940,79.17888563049853,25.3,79.0,12.41,7.0,30.0,43.0,87.0
cmp5bssi401vvbg1uv3a3d9pb,cmmx6howt0000bi1zgfsisou2,2026-05-14 10:08:38.453,73.90029325513197,25.3,79.0,17.93,7.0,30.0,42.0,85.0
cmp5bsv8e01vxbg1uu00tf9rn,cmmx6howt0000bi1zgfsisou2,2026-05-14 10:08:41.972,78.00586510263929,25.3,79.0,0.0,7.0,31.0,44.0,89.0
cmp5bsxxx01vzbg1un6vethmi,cmmx6howt0000bi1zgfsisou2,2026-05-14 10:08:45.495,65.39589442815249,25.3,79.0,0.0,7.0,32.0,45.0,90.0
cmp5bt0nt01w1bg1uh5dpipu7,cmmx6howt0000bi1zgfsisou2,2026-05-14 10:08:49.020,62.95210166177908,25.3,79.0,0.0,7.0,32.0,45.0,91.0
cmp5bt3dw01w3bg1uxxuogfyf,cmmx6howt0000bi1zgfsisou2,2026-05-14 10:08:52.527,60.21505376344086,25.2,79.0,95.3,7.0,32.0,46.0,92.0
cmp5bt63h01w5bg1uwszj5ux4,cmmx6howt0000bi1zgfsisou2,2026-05-14 10:08:56.036,54.93646138807429,25.2,78.0,98.46,7.0,33.0,46.0,93.0
cmp5bt8sh01w7bg1u8pe0jyvx,cmmx6howt0000bi1zgfsisou2,2026-05-14 10:08:59.543,75.26881720430107,25.2,78.0,93.13,7.0,33.0,46.0,93.0
cmp5btbi601w9bg1u7gyfkfsx,cmmx6howt0000bi1zgfsisou2,2026-05-14 10:09:03.053,67.44868035190616,25.3,79.0,89.47,7.0,33.0,47.0,94.0
cmp5bte6x01wbbg1uo4atu1z1,cmmx6howt0000bi1zgfsisou2,2026-05-14 10:09:06.561,60.60606060606061,25.2,78.0,89.51,7.0,33.0,47.0,94.0
cmp5btgwo01wdbg1u7ljvrptu,cmmx6howt0000bi1zgfsisou2,2026-05-14 10:09:10.077,61.19257086999023,25.3,78.0,0.0,7.0,33.0,47.0,94.0
cmp5btjmr01wfbg1unsdt80p0,cmmx6howt0000bi1zgfsisou2,2026-05-14 10:09:13.609,64.80938416422288,25.3,79.0,0.0,7.0,33.0,47.0,94.0
cmp5btmd001whbg1u37kozsx2,cmmx6howt0000bi1zgfsisou2,2026-05-14 10:09:17.143,65.00488758553274,25.3,78.0,0.0,7.0,33.0,47.0,95.0
cmp5btp2k01wjbg1uh5p8acxg,cmmx6howt0000bi1zgfsisou2,2026-05-14 10:09:20.651,65.00488758553274,25.4,78.0,96.67,7.0,34.0,47.0,95.0
cmp5btruv01wlbg1u2brzw9c5,cmmx6howt0000bi1zgfsisou2,2026-05-14 10:09:24.261,62.56109481915934,25.3,78.0,0.0,7.0,34.0,47.0,95.0
cmp5btuk601wnbg1uc8jyjpk4,cmmx6howt0000bi1zgfsisou2,2026-05-14 10:09:27.771,64.90713587487781,25.3,78.0,36.0,7.0,34.0,47.0,95.0
cmp5btx9p01wpbg1ub2wrtvac,cmmx6howt0000bi1zgfsisou2,2026-05-14 10:09:31.279,62.26783968719452,25.3,78.0,55.05,7.0,34.0,48.0,96.0
cmp5bu00h01wrbg1u9lf7emcl,cmmx6howt0000bi1zgfsisou2,2026-05-14 10:09:34.822,62.36559139784946,25.3,78.0,0.0,7.0,34.0,48.0,96.0
cmp5bu2pm01wtbg1u1bv761h2,cmmx6howt0000bi1zgfsisou2,2026-05-14 10:09:38.331,65.00488758553274,25.3,78.0,100.0,7.0,34.0,48.0,96.0
cmp5bu5fb01wvbg1u4div36gi,cmmx6howt0000bi1zgfsisou2,2026-05-14 10:09:41.852,62.4633431085044,25.3,78.0,0.0,7.0,34.0,48.0,96.0
cmp5bu86e01wxbg1u9wsl32nm,cmmx6howt0000bi1zgfsisou2,2026-05-14 10:09:45.399,64.613880742913,25.3,79.0,0.0,7.0,34.0,48.0,96.0
cmp5buayp01wzbg1uvqacdh03,cmmx6howt0000bi1zgfsisou2,2026-05-14 10:09:49.027,64.51612903225806,25.3,78.0,0.0,7.0,34.0,48.0,96.0
cmp5budrw01x1bg1u5wk36c2o,cmmx6howt0000bi1zgfsisou2,2026-05-14 10:09:52.654,64.22287390029325,25.4,79.0,0.0,7.0,34.0,48.0,96.0
cmp5buggw01x3bg1uvkh97hkx,cmmx6howt0000bi1zgfsisou2,2026-05-14 10:09:56.162,64.22287390029325,25.4,79.0,87.56,7.0,34.0,48.0,96.0
cmp5buj6v01x5bg1uewbwet3t,cmmx6howt0000bi1zgfsisou2,2026-05-14 10:09:59.669,61.77908113391985,25.2,78.0,100.0,7.0,34.0,48.0,96.0
cmp5bulvw01x7bg1usseue94i,cmmx6howt0000bi1zgfsisou2,2026-05-14 10:10:03.179,61.48582600195503,25.3,78.0,100.0,7.0,34.0,48.0,97.0
cmp5buolf01x9bg1ueb2eeh2t,cmmx6howt0000bi1zgfsisou2,2026-05-14 10:10:06.689,58.94428152492668,25.4,78.0,86.11,7.0,34.0,48.0,97.0
cmp5buras01xbbg1urna1vvnt,cmmx6howt0000bi1zgfsisou2,2026-05-14 10:10:10.197,76.53958944281524,25.3,78.0,90.19,7.0,34.0,48.0,96.0
cmp5buu0801xdbg1uavwym48p,cmmx6howt0000bi1zgfsisou2,2026-05-14 10:10:13.706,80.25415444770283,25.4,79.0,94.57,7.0,33.0,47.0,93.0
cmp5buwpp01xfbg1ux2kie7zh,cmmx6howt0000bi1zgfsisou2,2026-05-14 10:10:17.216,70.57673509286413,25.4,79.0,90.95,7.0,32.0,45.0,90.0
cmp5buzf801xhbg1uy6o40lkl,cmmx6howt0000bi1zgfsisou2,2026-05-14 10:10:20.723,68.23069403714565,25.3,78.0,94.12,7.0,32.0,44.0,89.0
cmp5bv24m01xjbg1umub5dn24,cmmx6howt0000bi1zgfsisou2,2026-05-14 10:10:24.232,67.74193548387098,25.3,78.0,100.0,7.0,32.0,44.0,89.0
cmp5bv4u401xlbg1umwu28q4z,cmmx6howt0000bi1zgfsisou2,2026-05-14 10:10:27.742,66.56891495601174,25.3,78.0,98.23,7.0,32.0,45.0,90.0
cmp5bv7js01xnbg1ukqpef619,cmmx6howt0000bi1zgfsisou2,2026-05-14 10:10:31.250,62.95210166177908,25.4,78.0,86.04,7.0,32.0,45.0,90.0
cmp5bva9a01xpbg1uhc1uzgsi,cmmx6howt0000bi1zgfsisou2,2026-05-14 10:10:34.758,61.68132942326491,25.4,78.0,91.6,7.0,32.0,45.0,91.0
cmp5bvcyi01xrbg1uyih5zfo5,cmmx6howt0000bi1zgfsisou2,2026-05-14 10:10:38.267,61.19257086999023,25.4,78.0,88.82,7.0,32.0,45.0,91.0
cmp5bvfog01xtbg1ubz4f0qx5,cmmx6howt0000bi1zgfsisou2,2026-05-14 10:10:41.774,60.89931573802541,25.4,78.0,85.88,7.0,32.0,46.0,92.0
cmp5bvieb01xvbg1u8lffvoid,cmmx6howt0000bi1zgfsisou2,2026-05-14 10:10:45.284,60.80156402737048,25.5,78.0,88.02,7.0,33.0,46.0,92.0
cmp5bvl2o01xxbg1u5xo423b9,cmmx6howt0000bi1zgfsisou2,2026-05-14 10:10:48.791,60.70381231671554,25.5,78.0,94.5,7.0,33.0,46.0,92.0
cmp5bvnsz01xzbg1u3uuxkskt,cmmx6howt0000bi1zgfsisou2,2026-05-14 10:10:52.301,60.50830889540567,25.4,78.0,92.36,7.0,33.0,46.0,92.0
cmp5bvqi601y1bg1u5nt8obo5,cmmx6howt0000bi1zgfsisou2,2026-05-14 10:10:55.816,60.11730205278592,25.4,78.0,0.0,7.0,33.0,46.0,92.0
cmp5bvt8001y3bg1udnbavi7l,cmmx6howt0000bi1zgfsisou2,2026-05-14 10:10:59.345,63.44086021505376,25.5,79.0,0.0,7.0,33.0,46.0,93.0
cmp5bvvy601y5bg1ugtiki6yw,cmmx6howt0000bi1zgfsisou2,2026-05-14 10:11:02.877,63.44086021505376,25.5,79.0,0.0,7.0,33.0,46.0,93.0
cmp5bvyo401y7bg1uiawhywtb,cmmx6howt0000bi1zgfsisou2,2026-05-14 10:11:06.397,63.34310850439883,25.5,79.0,0.0,7.0,33.0,46.0,93.0
cmp5bw1g001y9bg1umof6ylp7,cmmx6howt0000bi1zgfsisou2,2026-05-14 10:11:09.982,63.44086021505376,25.5,79.0,0.0,7.0,33.0,46.0,93.0
cmp5bw47f01ybbg1up02dzeyo,cmmx6howt0000bi1zgfsisou2,2026-05-14 10:11:13.560,63.44086021505376,25.5,78.0,67.12,7.0,33.0,46.0,93.0
cmp5bw6wc01ydbg1ubiczx65w,cmmx6howt0000bi1zgfsisou2,2026-05-14 10:11:17.069,60.60606060606061,25.5,78.0,75.71,7.0,33.0,46.0,93.0
cmp5bw9m101yfbg1ux5ncrklb,cmmx6howt0000bi1zgfsisou2,2026-05-14 10:11:20.578,57.08699902248289,25.5,78.0,90.95,7.0,33.0,46.0,93.0
cmp5bwcb901yhbg1u2ryyeg6e,cmmx6howt0000bi1zgfsisou2,2026-05-14 10:11:24.085,56.98924731182795,25.5,78.0,88.06,7.0,33.0,47.0,94.0
cmp5bwf3601yjbg1u196ql8kh,cmmx6howt0000bi1zgfsisou2,2026-05-14 10:11:27.674,77.81036168132943,25.5,78.0,94.65,7.0,33.0,47.0,94.0
cmp5bwhsf01ylbg1ut52yai77,cmmx6howt0000bi1zgfsisou2,2026-05-14 10:11:31.185,80.25415444770283,25.5,79.0,78.68,7.0,32.0,45.0,91.0
cmp5bwkhy01ynbg1ux9u729u2,cmmx6howt0000bi1zgfsisou2,2026-05-14 10:11:34.693,68.71945259042033,25.5,79.0,96.56,7.0,31.0,44.0,88.0
cmp5bwn8201ypbg1uhe1yqp79,cmmx6howt0000bi1zgfsisou2,2026-05-14 10:11:38.202,64.32062561094818,25.4,78.0,96.94,7.0,31.0,44.0,90.0
cmp5bwpxg01yrbg1um9sf6veg,cmmx6howt0000bi1zgfsisou2,2026-05-14 10:11:41.710,64.41837732160313,25.5,78.0,75.63,7.0,33.0,46.0,94.0
cmp5bwsn201ytbg1udulzuxm8,cmmx6howt0000bi1zgfsisou2,2026-05-14 10:11:45.247,66.37341153470186,25.4,78.0,0.0,7.0,34.0,48.0,96.0
cmp5bwvco01yvbg1upiipyev8,cmmx6howt0000bi1zgfsisou2,2026-05-14 10:11:48.765,68.13294232649072,25.5,79.0,0.0,7.0,34.0,48.0,96.0
cmp5bwy3f01yxbg1u0nj4t62l,cmmx6howt0000bi1zgfsisou2,2026-05-14 10:11:52.316,67.83968719452591,25.5,79.0,0.0,7.0,34.0,48.0,97.0
cmp5bx0th01yzbg1um08qzwmw,cmmx6howt0000bi1zgfsisou2,2026-05-14 10:11:55.847,67.74193548387098,25.5,78.0,0.0,7.0,34.0,48.0,97.0
cmp5bx3iw01z1bg1uf8plo4bx,cmmx6howt0000bi1zgfsisou2,2026-05-14 10:11:59.355,67.64418377321604,25.5,78.0,98.92,7.0,34.0,48.0,97.0
cmp5bx68p01z3bg1ugjfqsiun,cmmx6howt0000bi1zgfsisou2,2026-05-14 10:12:02.870,65.39589442815249,25.5,78.0,0.0,7.0,34.0,48.0,97.0
cmp5bx91201z5bg1ub2wqpli7,cmmx6howt0000bi1zgfsisou2,2026-05-14 10:12:06.491,67.5464320625611,25.5,78.0,0.0,7.0,34.0,48.0,97.0
cmp5bxbr401z7bg1ueuio51ot,cmmx6howt0000bi1zgfsisou2,2026-05-14 10:12:10.017,67.5464320625611,25.6,78.0,0.0,7.0,34.0,48.0,97.0
cmp5bxeha01z9bg1ujzybqtqr,cmmx6howt0000bi1zgfsisou2,2026-05-14 10:12:13.543,67.35092864125123,25.5,78.0,0.0,7.0,34.0,48.0,97.0
cmp5bxh6v01zbbg1us0mw9lrs,cmmx6howt0000bi1zgfsisou2,2026-05-14 10:12:17.052,67.35092864125123,25.5,78.0,94.57,7.0,35.0,49.0,98.0
cmp5bxjvv01zdbg1umtz3x5o5,cmmx6howt0000bi1zgfsisou2,2026-05-14 10:12:20.560,64.90713587487781,25.5,78.0,35.43,7.0,35.0,49.0,98.0
cmp5bxmo801zfbg1umynsmt6k,cmmx6howt0000bi1zgfsisou2,2026-05-14 10:12:24.154,73.9980449657869,25.5,78.0,0.0,7.0,35.0,49.0,98.0
cmp5bxpd901zhbg1u2e7vrj3e,cmmx6howt0000bi1zgfsisou2,2026-05-14 10:12:27.662,77.41935483870968,25.5,78.0,100.0,7.0,35.0,49.0,99.0
cmp5bxs2p01zjbg1uyxmo8jsx,cmmx6howt0000bi1zgfsisou2,2026-05-14 10:12:31.172,77.61485826001955,25.6,78.0,99.38,7.0,35.0,50.0,100.0
cmp5bxus701zlbg1uf53j96u5,cmmx6howt0000bi1zgfsisou2,2026-05-14 10:12:34.682,77.81036168132943,25.5,78.0,93.13,7.0,36.0,50.0,101.0
cmp5bxxi801znbg1um4tmbm6u,cmmx6howt0000bi1zgfsisou2,2026-05-14 10:12:38.193,78.00586510263929,25.6,78.0,87.26,7.0,36.0,50.0,101.0
cmp5by07w01zpbg1um6xu5aru,cmmx6howt0000bi1zgfsisou2,2026-05-14 10:12:41.703,78.20136852394917,25.5,78.0,89.73,7.0,36.0,50.0,101.0
cmp5by2wy01zrbg1ug3wrfah4,cmmx6howt0000bi1zgfsisou2,2026-05-14 10:12:45.214,78.39687194525904,25.6,78.0,89.39,7.0,36.0,50.0,101.0
cmp5by5m901ztbg1umhpifpgu,cmmx6howt0000bi1zgfsisou2,2026-05-14 10:12:48.725,78.39687194525904,25.5,78.0,89.66,7.0,36.0,50.0,101.0
cmp5by8bt01zvbg1utt5t2pwy,cmmx6howt0000bi1zgfsisou2,2026-05-14 10:12:52.235,72.53176930596285,25.6,78.0,86.61,7.0,36.0,50.0,100.0
cmp5byb1a01zxbg1u73lbbm3c,cmmx6howt0000bi1zgfsisou2,2026-05-14 10:12:55.745,78.2991202346041,25.6,78.0,86.11,7.0,36.0,50.0,100.0
cmp5bydrc01zzbg1usxude6b3,cmmx6howt0000bi1zgfsisou2,2026-05-14 10:12:59.255,68.71945259042033,25.6,78.0,95.3,7.0,36.0,50.0,101.0
cmp5byggl0201bg1uemlsfzxo,cmmx6howt0000bi1zgfsisou2,2026-05-14 10:13:02.772,66.95992179863148,25.5,78.0,0.0,7.0,36.0,51.0,102.0
cmp5byj630203bg1uji7v0a5k,cmmx6howt0000bi1zgfsisou2,2026-05-14 10:13:06.288,69.6969696969697,25.6,78.0,0.0,7.0,36.0,51.0,103.0
cmp5bylw40205bg1unfu1gogo,cmmx6howt0000bi1zgfsisou2,2026-05-14 10:13:09.802,69.11045943304008,25.6,78.0,0.0,7.0,36.0,51.0,103.0
cmp5byolz0207bg1u0pjnmb3g,cmmx6howt0000bi1zgfsisou2,2026-05-14 10:13:13.310,69.11045943304008,25.5,78.0,100.0,7.0,36.0,51.0,103.0
cmp5byrbg0209bg1u77aq2962,cmmx6howt0000bi1zgfsisou2,2026-05-14 10:13:16.821,66.08015640273706,25.5,77.0,90.12,7.0,36.0,51.0,103.0
cmp5byu0n020bbg1ubgdwq1s2,cmmx6howt0000bi1zgfsisou2,2026-05-14 10:13:20.331,66.177908113392,25.5,77.0,77.39,7.0,36.0,51.0,103.0
cmp5bywq7020dbg1u7d47r24q,cmmx6howt0000bi1zgfsisou2,2026-05-14 10:13:23.839,66.08015640273706,25.5,77.0,97.43,7.0,36.0,51.0,103.0
cmp5byzf9020fbg1umeqwlw03,cmmx6howt0000bi1zgfsisou2,2026-05-14 10:13:27.349,66.08015640273706,25.6,77.0,93.81,7.0,36.0,51.0,103.0
cmp5bz25c020hbg1uxfrf2gt7,cmmx6howt0000bi1zgfsisou2,2026-05-14 10:13:30.859,65.68914956011731,25.6,77.0,95.26,7.0,36.0,51.0,103.0
cmp5bz4wp020jbg1uufu39xd0,cmmx6howt0000bi1zgfsisou2,2026-05-14 10:13:34.447,65.49364613880742,25.5,77.0,0.0,7.0,36.0,51.0,103.0
cmp5bz7o0020lbg1uv625trfn,cmmx6howt0000bi1zgfsisou2,2026-05-14 10:13:38.033,68.81720430107528,25.6,78.0,0.0,7.0,36.0,51.0,103.0
cmp5bzah5020nbg1uo24bb9av,cmmx6howt0000bi1zgfsisou2,2026-05-14 10:13:41.654,68.42619745845553,25.6,77.0,0.0,7.0,36.0,51.0,103.0
cmp5bzd9i020pbg1uccbix8qf,cmmx6howt0000bi1zgfsisou2,2026-05-14 10:13:45.284,68.23069403714565,25.6,77.0,0.0,7.0,36.0,51.0,103.0
cmp5bzg05020rbg1upf6kfqrg,cmmx6howt0000bi1zgfsisou2,2026-05-14 10:13:48.842,67.44868035190616,25.6,77.0,0.0,7.0,36.0,51.0,103.0
cmp5bzipq020tbg1uzbt1kotl,cmmx6howt0000bi1zgfsisou2,2026-05-14 10:13:52.350,67.74193548387098,25.6,77.0,97.43,7.0,36.0,51.0,103.0
cmp5bzlf9020vbg1uvsygut3m,cmmx6howt0000bi1zgfsisou2,2026-05-14 10:13:55.860,69.40371456500489,25.5,77.0,92.4,7.0,36.0,51.0,103.0
cmp5bzo54020xbg1uizahqj2d,cmmx6howt0000bi1zgfsisou2,2026-05-14 10:13:59.369,74.87781036168133,25.5,77.0,84.36,7.0,37.0,52.0,104.0
cmp5bzquv020zbg1u043qyipz,cmmx6howt0000bi1zgfsisou2,2026-05-14 10:14:02.880,79.27663734115346,25.6,78.0,74.53,7.0,37.0,52.0,104.0
cmp5bztk10211bg1uwtxrue3b,cmmx6howt0000bi1zgfsisou2,2026-05-14 10:14:06.392,79.37438905180841,25.6,77.0,43.96,7.0,37.0,52.0,105.0
cmp5bzw9h0213bg1u1sydgpma,cmmx6howt0000bi1zgfsisou2,2026-05-14 10:14:09.909,79.47214076246334,25.6,77.0,8.52,7.0,37.0,52.0,104.0
cmp5bzyz20215bg1u9ih87h79,cmmx6howt0000bi1zgfsisou2,2026-05-14 10:14:13.424,79.47214076246334,25.6,77.0,8.56,7.0,37.0,52.0,104.0
cmp5c01ou0217bg1ufxxu9ly6,cmmx6howt0000bi1zgfsisou2,2026-05-14 10:14:16.937,79.56989247311827,25.6,77.0,11.38,7.0,37.0,51.0,103.0
cmp5c04e80219bg1uahflyjs6,cmmx6howt0000bi1zgfsisou2,2026-05-14 10:14:20.446,74.58455522971651,25.6,77.0,42.36,7.0,36.0,51.0,103.0
cmp5c073p021bbg1uzlud41ej,cmmx6howt0000bi1zgfsisou2,2026-05-14 10:14:23.965,79.0811339198436,25.6,77.0,0.0,7.0,36.0,51.0,103.0
cmp5c09uk021dbg1us8g41ogy,cmmx6howt0000bi1zgfsisou2,2026-05-14 10:14:27.481,79.47214076246334,25.6,77.0,0.0,7.0,36.0,51.0,103.0
cmp5c0cjj021fbg1uhw5npbtf,cmmx6howt0000bi1zgfsisou2,2026-05-14 10:14:30.997,79.47214076246334,25.6,77.0,0.0,7.0,36.0,51.0,103.0
cmp5c0f9e021hbg1u3z5650j2,cmmx6howt0000bi1zgfsisou2,2026-05-14 10:14:34.513,79.47214076246334,25.6,77.0,0.0,7.0,36.0,51.0,103.0
cmp5c0hyq021jbg1uv5gxo2mb,cmmx6howt0000bi1zgfsisou2,2026-05-14 10:14:38.022,79.0811339198436,25.6,77.0,49.45,7.0,36.0,51.0,102.0
cmp5c0koo021lbg1uzm6wlc7z,cmmx6howt0000bi1zgfsisou2,2026-05-14 10:14:41.542,79.37438905180841,25.6,77.0,0.0,7.0,36.0,51.0,102.0
cmp5c0ndt021nbg1uz7qu6s8u,cmmx6howt0000bi1zgfsisou2,2026-05-14 10:14:45.055,79.37438905180841,25.6,77.0,19.84,7.0,36.0,51.0,102.0
cmp5c0q3h021pbg1uf3o523m4,cmmx6howt0000bi1zgfsisou2,2026-05-14 10:14:48.573,79.27663734115346,25.6,77.0,0.0,7.0,36.0,51.0,102.0
cmp5c0stf021rbg1ue28op2z2,cmmx6howt0000bi1zgfsisou2,2026-05-14 10:14:52.082,79.27663734115346,25.7,77.0,28.6,7.0,36.0,51.0,102.0
cmp5c0vj9021tbg1u877czobc,cmmx6howt0000bi1zgfsisou2,2026-05-14 10:14:55.601,79.27663734115346,25.6,77.0,0.0,7.0,36.0,51.0,102.0
cmp5c0y8t021vbg1uuiiodctm,cmmx6howt0000bi1zgfsisou2,2026-05-14 10:14:59.116,74.87781036168133,25.7,77.0,0.0,7.0,36.0,51.0,102.0
cmp5c10y4021xbg1utc01bjit,cmmx6howt0000bi1zgfsisou2,2026-05-14 10:15:02.630,79.37438905180841,25.6,77.0,16.03,7.0,36.0,51.0,102.0
cmp5c13nz021zbg1ue8h8kvgx,cmmx6howt0000bi1zgfsisou2,2026-05-14 10:15:06.144,79.37438905180841,25.6,77.0,12.22,7.0,36.0,51.0,102.0
cmp5c16d20221bg1u59yjb8w7,cmmx6howt0000bi1zgfsisou2,2026-05-14 10:15:09.653,79.27663734115346,25.6,77.0,30.2,7.0,36.0,51.0,102.0
cmp5c19350223bg1uv941zb4a,cmmx6howt0000bi1zgfsisou2,2026-05-14 10:15:13.164,69.79472140762464,25.6,77.0,73.58,7.0,36.0,51.0,102.0
cmp5c1bs20225bg1ujiz1opaj,cmmx6howt0000bi1zgfsisou2,2026-05-14 10:15:16.674,63.44086021505376,25.5,77.0,93.85,7.0,36.0,51.0,103.0
cmp5c1ehn0227bg1uge1hoau1,cmmx6howt0000bi1zgfsisou2,2026-05-14 10:15:20.183,73.60703812316716,25.6,77.0,92.17,7.0,36.0,51.0,103.0
cmp5c1h7o0229bg1ur3a64yyz,cmmx6howt0000bi1zgfsisou2,2026-05-14 10:15:23.693,78.2991202346041,25.6,77.0,89.7,7.0,36.0,51.0,103.0
cmp5c1jwm022bbg1uu5u5njc2,cmmx6howt0000bi1zgfsisou2,2026-05-14 10:15:27.204,78.39687194525904,25.6,77.0,60.62,7.0,36.0,51.0,103.0
cmp5c1mmc022dbg1u7lpu4hnm,cmmx6howt0000bi1zgfsisou2,2026-05-14 10:15:30.716,78.49462365591397,25.7,77.0,46.97,7.0,36.0,51.0,103.0
cmp5c1pco022fbg1ucf92q8kv,cmmx6howt0000bi1zgfsisou2,2026-05-14 10:15:34.227,78.88563049853371,25.6,77.0,79.56,7.0,36.0,51.0,103.0
cmp5c1s14022hbg1uhzi70303,cmmx6howt0000bi1zgfsisou2,2026-05-14 10:15:37.738,77.2238514173998,25.7,78.0,39.43,7.0,36.0,51.0,103.0
cmp5c1ur6022jbg1ua7p5sbvz,cmmx6howt0000bi1zgfsisou2,2026-05-14 10:15:41.249,78.49462365591397,25.7,78.0,67.17,7.0,36.0,51.0,103.0
cmp5c1xgp022lbg1uej1hu08i,cmmx6howt0000bi1zgfsisou2,2026-05-14 10:15:44.761,79.27663734115346,25.7,80.0,92.36,7.0,36.0,51.0,102.0
cmp5c205p022nbg1ux5dasb05,cmmx6howt0000bi1zgfsisou2,2026-05-14 10:15:48.274,79.27663734115346,25.7,83.0,100.0,7.0,36.0,51.0,102.0
cmp5c22v6022pbg1uwvi81xni,cmmx6howt0000bi1zgfsisou2,2026-05-14 10:15:51.782,79.37438905180841,25.7,84.0,94.57,7.0,36.0,51.0,102.0
cmp5c25l3022rbg1updh88gcj,cmmx6howt0000bi1zgfsisou2,2026-05-14 10:15:55.295,79.37438905180841,25.8,86.0,100.0,7.0,36.0,51.0,102.0
cmp5c28ab022tbg1uqs1ui297,cmmx6howt0000bi1zgfsisou2,2026-05-14 10:15:58.804,79.6676441837732,26.0,88.0,72.77,7.0,36.0,51.0,102.0
cmp5c2b0h022vbg1ud8ik3zel,cmmx6howt0000bi1zgfsisou2,2026-05-14 10:16:02.314,79.6676441837732,26.1,88.0,94.31,7.0,36.0,51.0,102.0
cmp5c2dpm022xbg1uy5a2ynut,cmmx6howt0000bi1zgfsisou2,2026-05-14 10:16:05.825,79.6676441837732,26.1,86.0,94.5,7.0,36.0,51.0,102.0
cmp5c2ger022zbg1uvsgneux9,cmmx6howt0000bi1zgfsisou2,2026-05-14 10:16:09.335,79.6676441837732,26.2,84.0,92.82,7.0,36.0,51.0,102.0
cmp5c2j490231bg1u86e80jsy,cmmx6howt0000bi1zgfsisou2,2026-05-14 10:16:12.846,79.76539589442815,26.3,82.0,58.33,7.0,36.0,51.0,102.0
cmp5c2ltp0233bg1u3e9hkh0w,cmmx6howt0000bi1zgfsisou2,2026-05-14 10:16:16.356,79.86314760508309,26.3,81.0,96.02,7.0,36.0,51.0,102.0
cmp5c2ojd0235bg1ugfh5cbun,cmmx6howt0000bi1zgfsisou2,2026-05-14 10:16:19.868,76.73509286412512,26.4,80.0,87.75,7.0,36.0,50.0,101.0
cmp5c2r8q0237bg1uepr26zam,cmmx6howt0000bi1zgfsisou2,2026-05-14 10:16:23.377,79.6676441837732,26.4,79.0,86.04,7.0,36.0,50.0,101.0
cmp5c2tyq0239bg1u7hedkmca,cmmx6howt0000bi1zgfsisou2,2026-05-14 10:16:26.888,80.05865102639295,26.4,78.0,78.45,7.0,36.0,50.0,101.0
cmp5c2wog023bbg1u9jrgpvms,cmmx6howt0000bi1zgfsisou2,2026-05-14 10:16:30.399,80.05865102639295,26.5,77.0,85.88,7.0,36.0,50.0,101.0
cmp5c2zdy023dbg1uhtnoqlb6,cmmx6howt0000bi1zgfsisou2,2026-05-14 10:16:33.910,79.96089931573802,26.5,77.0,90.99,7.0,36.0,50.0,101.0
cmp5c323h023fbg1udivze0ed,cmmx6howt0000bi1zgfsisou2,2026-05-14 10:16:37.420,80.05865102639295,26.5,77.0,90.15,7.0,36.0,50.0,101.0
cmp5c34sy023hbg1ufzn14byk,cmmx6howt0000bi1zgfsisou2,2026-05-14 10:16:40.930,80.05865102639295,26.5,77.0,85.58,7.0,36.0,50.0,101.0
cmp5c37hs023jbg1udmbap6eb,cmmx6howt0000bi1zgfsisou2,2026-05-14 10:16:44.441,80.05865102639295,26.5,77.0,84.86,7.0,36.0,50.0,101.0
cmp5c3a85023lbg1u1kxsn51c,cmmx6howt0000bi1zgfsisou2,2026-05-14 10:16:47.952,80.05865102639295,26.5,77.0,84.93,7.0,36.0,50.0,101.0
cmp5c3cx3023nbg1ukae0rhp4,cmmx6howt0000bi1zgfsisou2,2026-05-14 10:16:51.464,80.05865102639295,26.5,76.0,85.12,7.0,36.0,50.0,100.0
cmp5c3fn0023pbg1ualztg4he,cmmx6howt0000bi1zgfsisou2,2026-05-14 10:16:54.974,80.05865102639295,26.5,76.0,85.16,7.0,36.0,50.0,100.0
cmp5c3ic0023rbg1uh52wti73,cmmx6howt0000bi1zgfsisou2,2026-05-14 10:16:58.485,80.1564027370479,26.5,76.0,89.43,7.0,36.0,50.0,100.0
cmp5c3l2o023tbg1u541sok5d,cmmx6howt0000bi1zgfsisou2,2026-05-14 10:17:01.994,76.83284457478005,26.5,76.0,85.43,7.0,35.0,50.0,100.0
cmp5c3nuj023vbg1usr4tabrx,cmmx6howt0000bi1zgfsisou2,2026-05-14 10:17:05.505,80.05865102639295,26.5,76.0,90.95,7.0,35.0,50.0,100.0
cmp5c3qgv023xbg1u81zb54of,cmmx6howt0000bi1zgfsisou2,2026-05-14 10:17:09.016,80.1564027370479,26.5,76.0,90.88,7.0,35.0,50.0,100.0
cmp5c3t60023zbg1ud6jyhe03,cmmx6howt0000bi1zgfsisou2,2026-05-14 10:17:12.525,80.1564027370479,26.5,76.0,83.26,7.0,35.0,50.0,100.0
cmp5c3vvi0241bg1uy3kp7jwa,cmmx6howt0000bi1zgfsisou2,2026-05-14 10:17:16.036,80.1564027370479,26.5,76.0,88.02,7.0,35.0,50.0,100.0
cmp5c3ykz0243bg1uvbu4ck1i,cmmx6howt0000bi1zgfsisou2,2026-05-14 10:17:19.546,80.1564027370479,26.5,76.0,91.22,7.0,35.0,50.0,100.0
cmp5c41ak0245bg1up8zrukze,cmmx6howt0000bi1zgfsisou2,2026-05-14 10:17:23.057,80.05865102639295,26.5,75.0,90.95,7.0,35.0,50.0,100.0
cmp5c44050247bg1u6wh449q1,cmmx6howt0000bi1zgfsisou2,2026-05-14 10:17:26.567,80.1564027370479,26.5,75.0,82.99,7.0,35.0,50.0,100.0
cmp5c46q50249bg1uavoe0b4t,cmmx6howt0000bi1zgfsisou2,2026-05-14 10:17:30.079,80.05865102639295,26.5,75.0,85.12,7.0,35.0,50.0,100.0
cmp5c49g4024bbg1uql0sk25l,cmmx6howt0000bi1zgfsisou2,2026-05-14 10:17:33.588,80.05865102639295,26.5,75.0,88.51,7.0,35.0,50.0,100.0
cmp5c4c5e024dbg1uso3y6kh8,cmmx6howt0000bi1zgfsisou2,2026-05-14 10:17:37.099,80.05865102639295,26.5,75.0,89.01,7.0,35.0,50.0,100.0
cmp5c4eus024fbg1uqjrvy9x6,cmmx6howt0000bi1zgfsisou2,2026-05-14 10:17:40.610,80.05865102639295,26.5,75.0,88.78,7.0,35.0,50.0,100.0
cmp5c4hk3024hbg1u3vq1geh9,cmmx6howt0000bi1zgfsisou2,2026-05-14 10:17:44.120,77.2238514173998,26.5,75.0,88.13,7.0,35.0,50.0,100.0
cmp5c4k9a024jbg1uoeoqqwsx,cmmx6howt0000bi1zgfsisou2,2026-05-14 10:17:47.632,80.1564027370479,26.5,75.0,90.95,7.0,35.0,50.0,100.0
cmp5c4mzh024lbg1u82zvfrhf,cmmx6howt0000bi1zgfsisou2,2026-05-14 10:17:51.142,80.1564027370479,26.5,75.0,85.85,7.0,35.0,50.0,100.0
cmp5c4pol024nbg1ublixj36h,cmmx6howt0000bi1zgfsisou2,2026-05-14 10:17:54.652,80.1564027370479,26.5,75.0,85.39,7.0,35.0,50.0,100.0
cmp5c4sdt024pbg1u0cvgf1b6,cmmx6howt0000bi1zgfsisou2,2026-05-14 10:17:58.163,80.1564027370479,26.5,75.0,87.75,7.0,35.0,50.0,100.0
cmp5c4v7s024rbg1ubkfim0g8,cmmx6howt0000bi1zgfsisou2,2026-05-14 10:18:01.673,80.05865102639295,26.5,75.0,88.1,7.0,35.0,50.0,100.0
cmp5c4xtg024tbg1ufwve5b9g,cmmx6howt0000bi1zgfsisou2,2026-05-14 10:18:05.184,80.1564027370479,26.5,75.0,85.88,7.0,35.0,50.0,100.0
cmp5c50jh024vbg1uvh2zjw8x,cmmx6howt0000bi1zgfsisou2,2026-05-14 10:18:08.695,80.1564027370479,26.5,75.0,88.32,7.0,35.0,50.0,100.0
cmp5c5389024xbg1u555y6wml,cmmx6howt0000bi1zgfsisou2,2026-05-14 10:18:12.205,80.1564027370479,26.5,75.0,83.18,7.0,35.0,50.0,100.0
cmp5c55zf024zbg1uuuo21i5k,cmmx6howt0000bi1zgfsisou2,2026-05-14 10:18:15.715,80.1564027370479,26.5,75.0,85.05,7.0,35.0,50.0,100.0
cmp5c58o20251bg1ubv5nzaq2,cmmx6howt0000bi1zgfsisou2,2026-05-14 10:18:19.227,80.05865102639295,26.6,75.0,88.06,7.0,35.0,50.0,100.0
cmp5c5bcu0253bg1uupfyymko,cmmx6howt0000bi1zgfsisou2,2026-05-14 10:18:22.737,78.2991202346041,26.5,75.0,85.12,7.0,35.0,50.0,100.0
cmp5c5e1y0255bg1u24duviqq,cmmx6howt0000bi1zgfsisou2,2026-05-14 10:18:26.247,77.12609970674487,26.5,75.0,90.99,7.0,35.0,50.0,100.0
cmp5c5gry0257bg1usnsnznlq,cmmx6howt0000bi1zgfsisou2,2026-05-14 10:18:29.759,80.1564027370479,26.5,75.0,85.35,7.0,35.0,50.0,100.0
cmp5c5jhi0259bg1ump00ebrf,cmmx6howt0000bi1zgfsisou2,2026-05-14 10:18:33.268,80.1564027370479,26.5,75.0,87.94,7.0,35.0,50.0,100.0
cmp5c5m70025bbg1upqbmi1ia,cmmx6howt0000bi1zgfsisou2,2026-05-14 10:18:36.779,80.05865102639295,26.5,75.0,85.43,7.0,35.0,50.0,100.0
cmp5c5ows025dbg1u8zxw2qdw,cmmx6howt0000bi1zgfsisou2,2026-05-14 10:18:40.290,80.1564027370479,26.5,75.0,85.35,7.0,35.0,50.0,100.0
cmp5c5rlj025fbg1uk3lj7w34,cmmx6howt0000bi1zgfsisou2,2026-05-14 10:18:43.801,80.1564027370479,26.6,75.0,87.33,7.0,35.0,50.0,100.0
cmp5c5ub2025hbg1uw803nolx,cmmx6howt0000bi1zgfsisou2,2026-05-14 10:18:47.311,80.05865102639295,26.6,75.0,83.67,7.0,35.0,50.0,100.0
cmp5c5x16025jbg1ulrbdgbil,cmmx6howt0000bi1zgfsisou2,2026-05-14 10:18:50.823,80.05865102639295,26.5,75.0,88.1,7.0,35.0,50.0,100.0
cmp5c5zq6025lbg1uv1q72286,cmmx6howt0000bi1zgfsisou2,2026-05-14 10:18:54.332,80.05865102639295,26.6,75.0,85.16,7.0,35.0,50.0,100.0
cmp5c62fm025nbg1ugvrfu8l9,cmmx6howt0000bi1zgfsisou2,2026-05-14 10:18:57.843,80.05865102639295,26.6,75.0,85.39,7.0,35.0,50.0,100.0
cmp5c6556025pbg1uwzqsfruk,cmmx6howt0000bi1zgfsisou2,2026-05-14 10:19:01.353,80.1564027370479,26.6,75.0,87.07,7.0,35.0,50.0,100.0
cmp5c67v1025rbg1uvtzbmq25,cmmx6howt0000bi1zgfsisou2,2026-05-14 10:19:04.864,77.51710654936461,26.6,75.0,87.07,7.0,35.0,50.0,100.0
cmp5c6akp025tbg1uu1ies08s,cmmx6howt0000bi1zgfsisou2,2026-05-14 10:19:08.375,78.88563049853371,26.6,75.0,93.09,7.0,35.0,50.0,100.0
cmp5c6dad025vbg1uun2w5aao,cmmx6howt0000bi1zgfsisou2,2026-05-14 10:19:11.885,80.1564027370479,26.6,76.0,85.12,7.0,35.0,50.0,100.0
cmp5c6fzu025xbg1uifzkodbj,cmmx6howt0000bi1zgfsisou2,2026-05-14 10:19:15.396,80.1564027370479,26.6,76.0,85.35,7.0,35.0,50.0,100.0
cmp5c6ipl025zbg1uhtcyia6q,cmmx6howt0000bi1zgfsisou2,2026-05-14 10:19:18.907,80.1564027370479,26.6,76.0,88.1,7.0,35.0,50.0,100.0
cmp5c6leb0261bg1uugmmycmb,cmmx6howt0000bi1zgfsisou2,2026-05-14 10:19:22.417,80.1564027370479,26.7,75.0,85.39,7.0,35.0,50.0,100.0
cmp5c6o400263bg1urncajywt,cmmx6howt0000bi1zgfsisou2,2026-05-14 10:19:25.927,80.05865102639295,26.7,75.0,88.21,7.0,35.0,50.0,100.0
cmp5c6qtq0265bg1urgnlt1he,cmmx6howt0000bi1zgfsisou2,2026-05-14 10:19:29.438,80.1564027370479,26.7,75.0,85.16,7.0,35.0,50.0,100.0
cmp5c6til0267bg1uo00ljiny,cmmx6howt0000bi1zgfsisou2,2026-05-14 10:19:32.948,80.1564027370479,26.7,75.0,83.18,7.0,35.0,50.0,100.0
cmp5c6w8g0269bg1uaor67oh8,cmmx6howt0000bi1zgfsisou2,2026-05-14 10:19:36.459,80.1564027370479,26.7,76.0,84.93,7.0,35.0,50.0,100.0
cmp5c6yxt026bbg1uzxpwazk9,cmmx6howt0000bi1zgfsisou2,2026-05-14 10:19:39.970,80.05865102639295,26.7,75.0,82.95,7.0,35.0,50.0,100.0
cmp5c71nf026dbg1un46mmjmw,cmmx6howt0000bi1zgfsisou2,2026-05-14 10:19:43.482,80.1564027370479,26.7,75.0,85.12,7.0,35.0,50.0,100.0
cmp5c74eo026fbg1u33hwt02i,cmmx6howt0000bi1zgfsisou2,2026-05-14 10:19:46.991,77.51710654936461,26.7,75.0,89.47,7.0,35.0,50.0,100.0
cmp5c773g026hbg1ucvvetjsv,cmmx6howt0000bi1zgfsisou2,2026-05-14 10:19:50.502,79.86314760508309,26.7,75.0,87.03,7.0,35.0,50.0,100.0
cmp5c79rp026jbg1u3jb7b8lk,cmmx6howt0000bi1zgfsisou2,2026-05-14 10:19:54.012,80.1564027370479,26.7,75.0,90.99,7.0,35.0,50.0,100.0
cmp5c7chn026lbg1uy6ri19zf,cmmx6howt0000bi1zgfsisou2,2026-05-14 10:19:57.522,80.1564027370479,26.6,75.0,88.32,7.0,35.0,50.0,100.0
cmp5c7f77026nbg1und27w3dy,cmmx6howt0000bi1zgfsisou2,2026-05-14 10:20:01.034,80.1564027370479,26.6,75.0,85.12,7.0,35.0,50.0,100.0
cmp5c7hwg026pbg1uwrgvpv6x,cmmx6howt0000bi1zgfsisou2,2026-05-14 10:20:04.544,80.1564027370479,26.7,75.0,85.39,7.0,35.0,50.0,100.0
cmp5c7klt026rbg1urfe8sgxu,cmmx6howt0000bi1zgfsisou2,2026-05-14 10:20:08.055,80.05865102639295,26.6,75.0,85.31,7.0,35.0,50.0,100.0
cmp5c7nbu026tbg1umcy6v00f,cmmx6howt0000bi1zgfsisou2,2026-05-14 10:20:11.565,80.1564027370479,26.6,75.0,85.12,7.0,35.0,50.0,100.0
cmp5c7q1d026vbg1uuunsngn9,cmmx6howt0000bi1zgfsisou2,2026-05-14 10:20:15.077,80.05865102639295,26.6,75.0,82.68,7.0,35.0,50.0,100.0
cmp5c7srg026xbg1udpt3606c,cmmx6howt0000bi1zgfsisou2,2026-05-14 10:20:18.588,80.1564027370479,26.6,75.0,85.2,7.0,35.0,50.0,100.0
cmp5c7vfs026zbg1ueh5cjgtu,cmmx6howt0000bi1zgfsisou2,2026-05-14 10:20:22.097,80.05865102639295,26.6,75.0,89.28,7.0,35.0,50.0,100.0
cmp5c7y5k0271bg1uy9fvyvop,cmmx6howt0000bi1zgfsisou2,2026-05-14 10:20:25.608,80.1564027370479,26.6,75.0,85.2,7.0,35.0,50.0,100.0
cmp5c80uy0273bg1u3nr6ozr6,cmmx6howt0000bi1zgfsisou2,2026-05-14 10:20:29.119,77.90811339198436,26.6,75.0,85.16,7.0,35.0,50.0,100.0
cmp5c83ko0275bg1u851y2ph2,cmmx6howt0000bi1zgfsisou2,2026-05-14 10:20:32.630,80.1564027370479,26.6,75.0,85.12,7.0,35.0,50.0,100.0
cmp5c86aj0277bg1ubdjyayq3,cmmx6howt0000bi1zgfsisou2,2026-05-14 10:20:36.140,80.1564027370479,26.6,75.0,90.69,7.0,35.0,50.0,100.0
cmp5c89050279bg1un2lhgxp0,cmmx6howt0000bi1zgfsisou2,2026-05-14 10:20:39.652,80.05865102639295,26.6,75.0,85.88,7.0,35.0,50.0,100.0
cmp5c8bp8027bbg1uaeh9qmss,cmmx6howt0000bi1zgfsisou2,2026-05-14 10:20:43.161,80.1564027370479,26.6,75.0,85.16,7.0,35.0,50.0,100.0
cmp5c8eeu027dbg1udtznenol,cmmx6howt0000bi1zgfsisou2,2026-05-14 10:20:46.672,80.1564027370479,26.6,75.0,84.89,7.0,35.0,50.0,100.0
cmp5c8h43027fbg1ue6scbxvk,cmmx6howt0000bi1zgfsisou2,2026-05-14 10:20:50.184,80.1564027370479,26.6,75.0,87.3,7.0,35.0,50.0,100.0
cmp5c8jto027hbg1u2knhg271,cmmx6howt0000bi1zgfsisou2,2026-05-14 10:20:53.693,80.05865102639295,26.6,75.0,85.12,7.0,35.0,50.0,100.0
cmp5c8mjq027jbg1uh5sovxia,cmmx6howt0000bi1zgfsisou2,2026-05-14 10:20:57.204,80.1564027370479,26.6,75.0,85.12,7.0,35.0,50.0,100.0
cmp5c8p99027lbg1um8koawjh,cmmx6howt0000bi1zgfsisou2,2026-05-14 10:21:00.715,80.1564027370479,26.6,75.0,87.33,7.0,35.0,50.0,100.0
cmp5c8ry6027nbg1ucsnpxgoo,cmmx6howt0000bi1zgfsisou2,2026-05-14 10:21:04.226,80.1564027370479,26.6,75.0,84.86,7.0,35.0,50.0,100.0
cmp5c8uno027pbg1ukyhawexq,cmmx6howt0000bi1zgfsisou2,2026-05-14 10:21:07.736,80.1564027370479,26.6,75.0,87.3,7.0,35.0,50.0,100.0
cmp5c8xd3027rbg1upivfe1q5,cmmx6howt0000bi1zgfsisou2,2026-05-14 10:21:11.246,77.71260997067448,26.6,75.0,84.93,7.0,35.0,50.0,100.0
cmp5c9035027tbg1uhx3c25xo,cmmx6howt0000bi1zgfsisou2,2026-05-14 10:21:14.757,80.05865102639295,26.6,75.0,87.07,7.0,35.0,50.0,100.0
cmp5c92sa027vbg1ucvul4hmv,cmmx6howt0000bi1zgfsisou2,2026-05-14 10:21:18.268,80.05865102639295,26.6,75.0,82.99,7.0,35.0,50.0,100.0
cmp5c95i6027xbg1ugjymqk4c,cmmx6howt0000bi1zgfsisou2,2026-05-14 10:21:21.778,80.1564027370479,26.7,75.0,85.35,7.0,35.0,50.0,100.0
cmp5c987p027zbg1uw9vuqruv,cmmx6howt0000bi1zgfsisou2,2026-05-14 10:21:25.288,80.1564027370479,26.7,75.0,85.39,7.0,35.0,50.0,100.0
cmp5c9awp0281bg1uwzzmih9k,cmmx6howt0000bi1zgfsisou2,2026-05-14 10:21:28.799,80.1564027370479,26.7,75.0,88.06,7.0,35.0,50.0,100.0
cmp5c9dma0283bg1uptgt899j,cmmx6howt0000bi1zgfsisou2,2026-05-14 10:21:32.311,80.1564027370479,26.7,75.0,87.33,7.0,35.0,50.0,100.0
cmp5c9gci0285bg1uwql04sh0,cmmx6howt0000bi1zgfsisou2,2026-05-14 10:21:35.822,80.05865102639295,26.7,75.0,83.14,7.0,35.0,50.0,100.0
cmp5c9j1o0287bg1uy2qnlua8,cmmx6howt0000bi1zgfsisou2,2026-05-14 10:21:39.332,80.05865102639295,26.7,75.0,85.2,7.0,35.0,50.0,100.0
cmp5c9lso0289bg1u60qe0x5b,cmmx6howt0000bi1zgfsisou2,2026-05-14 10:21:42.842,80.1564027370479,26.7,75.0,87.6,7.0,35.0,50.0,100.0
cmp5c9oh2028bbg1u6nk0zv4m,cmmx6howt0000bi1zgfsisou2,2026-05-14 10:21:46.353,80.05865102639295,26.7,75.0,89.39,7.0,35.0,50.0,100.0
cmp5c9r5r028dbg1ud1wpcvx3,cmmx6howt0000bi1zgfsisou2,2026-05-14 10:21:49.863,78.20136852394917,26.7,75.0,87.37,7.0,35.0,50.0,100.0
cmp5c9tvu028fbg1u7b83efln,cmmx6howt0000bi1zgfsisou2,2026-05-14 10:21:53.375,79.47214076246334,26.7,74.0,82.8,7.0,35.0,50.0,100.0
cmp5c9wli028hbg1u95605dye,cmmx6howt0000bi1zgfsisou2,2026-05-14 10:21:56.885,80.1564027370479,26.7,74.0,85.39,7.0,36.0,50.0,100.0
cmp5c9zan028jbg1uzjf4fwyp,cmmx6howt0000bi1zgfsisou2,2026-05-14 10:22:00.395,80.1564027370479,26.7,74.0,89.43,7.0,36.0,50.0,100.0
cmp5ca20a028lbg1uck3m5lw5,cmmx6howt0000bi1zgfsisou2,2026-05-14 10:22:03.906,80.1564027370479,26.7,74.0,85.43,7.0,35.0,50.0,100.0
cmp5ca4pi028nbg1uz1k6wea1,cmmx6howt0000bi1zgfsisou2,2026-05-14 10:22:07.416,80.1564027370479,26.7,74.0,85.39,7.0,35.0,50.0,100.0
cmp5ca7f9028pbg1ug2hjf4pa,cmmx6howt0000bi1zgfsisou2,2026-05-14 10:22:10.927,80.05865102639295,26.7,74.0,87.33,7.0,35.0,50.0,100.0
cmp5caa4j028rbg1ul5l9nf1d,cmmx6howt0000bi1zgfsisou2,2026-05-14 10:22:14.438,80.1564027370479,26.7,74.0,89.66,7.0,35.0,50.0,100.0
cmp5cacun028tbg1uv8aft9ba,cmmx6howt0000bi1zgfsisou2,2026-05-14 10:22:17.948,80.05865102639295,26.7,74.0,87.79,7.0,35.0,50.0,100.0
cmp5cafkd028vbg1u2nt9zvlt,cmmx6howt0000bi1zgfsisou2,2026-05-14 10:22:21.460,80.1564027370479,26.7,74.0,85.12,7.0,35.0,50.0,100.0
cmp5caiaf028xbg1ucdyguu2x,cmmx6howt0000bi1zgfsisou2,2026-05-14 10:22:24.969,80.1564027370479,26.7,74.0,89.62,7.0,35.0,50.0,100.0
cmp5cakz1028zbg1ux56zutu8,cmmx6howt0000bi1zgfsisou2,2026-05-14 10:22:28.480,80.05865102639295,26.7,74.0,89.47,7.0,36.0,50.0,100.0
cmp5canou0291bg1uoemlkamu,cmmx6howt0000bi1zgfsisou2,2026-05-14 10:22:31.991,78.10361681329422,26.7,74.0,85.28,7.0,36.0,50.0,100.0
cmp5caqe80293bg1u5i2vdr0w,cmmx6howt0000bi1zgfsisou2,2026-05-14 10:22:35.502,80.05865102639295,26.7,74.0,85.31,7.0,36.0,50.0,100.0
cmp5cat3o0295bg1u529bejt5,cmmx6howt0000bi1zgfsisou2,2026-05-14 10:22:39.012,80.1564027370479,26.7,75.0,89.51,7.0,35.0,50.0,100.0
cmp5cavsk0297bg1u9mwnz01v,cmmx6howt0000bi1zgfsisou2,2026-05-14 10:22:42.523,80.1564027370479,26.7,75.0,89.66,7.0,35.0,50.0,100.0
cmp5cayib0299bg1u7tsttnw5,cmmx6howt0000bi1zgfsisou2,2026-05-14 10:22:46.033,80.05865102639295,26.8,75.0,89.47,7.0,35.0,50.0,100.0
cmp5cb18a029bbg1uzxskoy18,cmmx6howt0000bi1zgfsisou2,2026-05-14 10:22:49.544,80.1564027370479,26.7,75.0,87.52,7.0,35.0,50.0,100.0
cmp5cb3x7029dbg1utpglnwha,cmmx6howt0000bi1zgfsisou2,2026-05-14 10:22:53.054,80.1564027370479,26.8,74.0,89.47,7.0,36.0,50.0,100.0
cmp5cb6n7029fbg1uo1w6riir,cmmx6howt0000bi1zgfsisou2,2026-05-14 10:22:56.565,80.05865102639295,26.8,74.0,84.86,7.0,35.0,50.0,100.0
cmp5cb9cl029hbg1uqpzj5m0b,cmmx6howt0000bi1zgfsisou2,2026-05-14 10:23:00.074,80.1564027370479,26.8,74.0,87.52,7.0,35.0,50.0,100.0
cmp5cbc1y029jbg1u8xsjvexz,cmmx6howt0000bi1zgfsisou2,2026-05-14 10:23:03.585,80.1564027370479,26.8,74.0,89.51,7.0,35.0,50.0,100.0
cmp5cber6029lbg1urf1plwk1,cmmx6howt0000bi1zgfsisou2,2026-05-14 10:23:07.095,80.05865102639295,26.8,74.0,85.39,7.0,35.0,50.0,100.0
cmp5cbhgm029nbg1ug2267fv9,cmmx6howt0000bi1zgfsisou2,2026-05-14 10:23:10.606,80.1564027370479,26.8,74.0,84.86,7.0,35.0,50.0,100.0
cmp5cbk6b029pbg1ualrfwxah,cmmx6howt0000bi1zgfsisou2,2026-05-14 10:23:14.117,77.90811339198436,26.8,74.0,89.73,7.0,36.0,50.0,100.0
cmp5cbmvy029rbg1u4qwrke1t,cmmx6howt0000bi1zgfsisou2,2026-05-14 10:23:17.628,80.1564027370479,26.8,74.0,89.51,7.0,36.0,50.0,100.0
cmp5cbplt029tbg1ux3cqfhlq,cmmx6howt0000bi1zgfsisou2,2026-05-14 10:23:21.138,80.1564027370479,26.8,74.0,87.33,7.0,36.0,50.0,100.0
cmp5cbsau029vbg1un70mvozh,cmmx6howt0000bi1zgfsisou2,2026-05-14 10:23:24.648,80.1564027370479,26.8,74.0,87.3,7.0,36.0,50.0,100.0
cmp5cbv0a029xbg1u892yfxp1,cmmx6howt0000bi1zgfsisou2,2026-05-14 10:23:28.158,80.05865102639295,26.8,74.0,85.35,7.0,35.0,50.0,100.0
cmp5cbxpt029zbg1uzosdpwtq,cmmx6howt0000bi1zgfsisou2,2026-05-14 10:23:31.668,80.05865102639295,26.8,74.0,89.47,7.0,36.0,50.0,100.0
cmp5cc0fk02a1bg1u29aw6riv,cmmx6howt0000bi1zgfsisou2,2026-05-14 10:23:35.180,80.1564027370479,26.8,74.0,89.43,7.0,36.0,50.0,100.0
cmp5cc34w02a3bg1uuek1r9rr,cmmx6howt0000bi1zgfsisou2,2026-05-14 10:23:38.692,80.1564027370479,26.8,74.0,89.51,7.0,36.0,50.0,100.0
cmp5cc5up02a5bg1uxv0lebj6,cmmx6howt0000bi1zgfsisou2,2026-05-14 10:23:42.200,80.05865102639295,26.8,74.0,85.12,7.0,36.0,50.0,100.0
cmp5cc8jw02a7bg1ubdmyvsu3,cmmx6howt0000bi1zgfsisou2,2026-05-14 10:23:45.711,80.05865102639295,26.9,73.0,84.89,7.0,36.0,50.0,100.0
cmp5ccb9j02a9bg1u8u8uapy1,cmmx6howt0000bi1zgfsisou2,2026-05-14 10:23:49.222,80.1564027370479,26.9,73.0,87.56,7.0,36.0,50.0,100.0
cmp5ccdz102abbg1ua8faufed,cmmx6howt0000bi1zgfsisou2,2026-05-14 10:23:52.733,78.00586510263929,26.9,73.0,85.16,7.0,36.0,50.0,100.0
cmp5ccgof02adbg1uch656p2z,cmmx6howt0000bi1zgfsisou2,2026-05-14 10:23:56.243,79.27663734115346,26.9,73.0,85.39,7.0,35.0,50.0,100.0
cmp5ccje202afbg1uvo0pei4j,cmmx6howt0000bi1zgfsisou2,2026-05-14 10:23:59.753,80.1564027370479,26.9,73.0,89.47,7.0,35.0,50.0,100.0
cmp5ccm3s02ahbg1uomqm1cdy,cmmx6howt0000bi1zgfsisou2,2026-05-14 10:24:03.263,80.1564027370479,26.9,73.0,85.35,7.0,35.0,50.0,100.0
cmp5ccotu02ajbg1ulxkoc0kd,cmmx6howt0000bi1zgfsisou2,2026-05-14 10:24:06.774,80.1564027370479,26.9,73.0,89.47,7.0,35.0,50.0,100.0
cmp5ccrio02albg1uikim0kqc,cmmx6howt0000bi1zgfsisou2,2026-05-14 10:24:10.285,70.28347996089931,26.9,73.0,81.08,7.0,35.0,50.0,100.0
cmp5ccu8102anbg1u95ear03t,cmmx6howt0000bi1zgfsisou2,2026-05-14 10:24:13.794,62.56109481915934,26.9,73.0,87.56,7.0,36.0,50.0,101.0
cmp5ccwyp02apbg1uacdm3fru,cmmx6howt0000bi1zgfsisou2,2026-05-14 10:24:17.344,63.04985337243401,26.9,73.0,0.0,7.0,36.0,50.0,101.0
cmp5cczp302arbg1ug80drw20,cmmx6howt0000bi1zgfsisou2,2026-05-14 10:24:20.870,65.49364613880742,26.8,73.0,0.0,7.0,36.0,50.0,101.0
cmp5cd2fk02atbg1ujadvcym5,cmmx6howt0000bi1zgfsisou2,2026-05-14 10:24:24.431,65.39589442815249,26.9,73.0,0.0,7.0,36.0,50.0,101.0
cmp5cd57h02avbg1us2frp0pq,cmmx6howt0000bi1zgfsisou2,2026-05-14 10:24:28.018,65.29814271749756,26.9,73.0,0.0,7.0,36.0,50.0,101.0
cmp5cd7wz02axbg1ua0jmtv9g,cmmx6howt0000bi1zgfsisou2,2026-05-14 10:24:31.526,65.00488758553274,26.9,73.0,93.16,7.0,36.0,50.0,101.0
cmp5cdalu02azbg1uj8nhda9c,cmmx6howt0000bi1zgfsisou2,2026-05-14 10:24:35.035,61.3880742913001,26.9,73.0,93.16,7.0,36.0,50.0,101.0
cmp5cddbl02b1bg1u745gfvnp,cmmx6howt0000bi1zgfsisou2,2026-05-14 10:24:38.545,61.29032258064516,26.9,72.0,93.16,7.0,36.0,50.0,101.0
cmp5cdg1702b3bg1u0wf7bhkk,cmmx6howt0000bi1zgfsisou2,2026-05-14 10:24:42.053,61.3880742913001,26.9,72.0,93.16,7.0,36.0,50.0,101.0
cmp5cdirg02b5bg1upabkeg59,cmmx6howt0000bi1zgfsisou2,2026-05-14 10:24:45.576,61.77908113391985,26.9,72.0,0.0,7.0,36.0,50.0,101.0
cmp5cdlh502b7bg1ukpfo7vso,cmmx6howt0000bi1zgfsisou2,2026-05-14 10:24:49.122,64.90713587487781,27.0,73.0,0.0,7.0,36.0,50.0,101.0
cmp5cdo8302b9bg1uv5n6ca7u,cmmx6howt0000bi1zgfsisou2,2026-05-14 10:24:52.677,64.90713587487781,26.9,73.0,0.0,7.0,36.0,50.0,101.0
cmp5cdqxs02bbbg1ublq2tuxd,cmmx6howt0000bi1zgfsisou2,2026-05-14 10:24:56.197,64.90713587487781,27.0,72.0,0.0,7.0,36.0,50.0,101.0
cmp5cdtnr02bdbg1u74e0dihy,cmmx6howt0000bi1zgfsisou2,2026-05-14 10:24:59.715,64.80938416422288,27.0,72.0,0.0,7.0,36.0,50.0,101.0
cmp5cdwe902bfbg1un1y1ffg1,cmmx6howt0000bi1zgfsisou2,2026-05-14 10:25:03.268,64.90713587487781,26.9,72.0,0.0,7.0,36.0,50.0,101.0
cmp5cdz5n02bhbg1ug3ht8wvz,cmmx6howt0000bi1zgfsisou2,2026-05-14 10:25:06.813,64.90713587487781,27.0,72.0,0.0,7.0,36.0,50.0,101.0
cmp5ce1v602bjbg1ub465csgr,cmmx6howt0000bi1zgfsisou2,2026-05-14 10:25:10.355,64.80938416422288,26.9,72.0,0.0,7.0,36.0,50.0,101.0
cmp5ce4m002blbg1ux4zq5k22,cmmx6howt0000bi1zgfsisou2,2026-05-14 10:25:13.917,64.80938416422288,26.9,72.0,0.0,7.0,36.0,50.0,100.0
cmp5ce7c102bnbg1u0ljov9rz,cmmx6howt0000bi1zgfsisou2,2026-05-14 10:25:17.438,64.71163245356793,27.0,72.0,0.0,7.0,36.0,50.0,100.0
cmp5cea2b02bpbg1u7ofis216,cmmx6howt0000bi1zgfsisou2,2026-05-14 10:25:20.973,64.71163245356793,27.0,73.0,26.34,7.0,36.0,50.0,100.0
cmp5cecsq02brbg1utthwp0iw,cmmx6howt0000bi1zgfsisou2,2026-05-14 10:25:24.499,62.36559139784946,27.0,72.0,0.0,7.0,36.0,50.0,100.0
cmp5cefix02btbg1uf4tpex8p,cmmx6howt0000bi1zgfsisou2,2026-05-14 10:25:28.039,64.71163245356793,27.0,72.0,0.0,7.0,36.0,50.0,100.0
cmp5cei9t02bvbg1uldubd7q8,cmmx6howt0000bi1zgfsisou2,2026-05-14 10:25:31.599,64.613880742913,27.0,72.0,0.0,7.0,35.0,50.0,100.0
cmp5cel0k02bxbg1ukqnmjq8y,cmmx6howt0000bi1zgfsisou2,2026-05-14 10:25:35.158,64.71163245356793,27.0,72.0,0.0,7.0,35.0,50.0,100.0
cmp5cens202bzbg1ullqrmt16,cmmx6howt0000bi1zgfsisou2,2026-05-14 10:25:38.745,64.71163245356793,27.0,72.0,0.0,7.0,35.0,50.0,100.0
cmp5ceqjh02c1bg1ulrnnfz3k,cmmx6howt0000bi1zgfsisou2,2026-05-14 10:25:42.331,64.71163245356793,27.0,72.0,0.0,7.0,35.0,50.0,100.0
cmp5cetap02c3bg1u8gos8bx4,cmmx6howt0000bi1zgfsisou2,2026-05-14 10:25:45.894,64.613880742913,27.0,72.0,0.0,7.0,36.0,50.0,100.0
cmp5cew0l02c5bg1ucviepr3x,cmmx6howt0000bi1zgfsisou2,2026-05-14 10:25:49.425,64.51612903225806,27.0,72.0,0.0,7.0,35.0,50.0,100.0
cmp5ceyqd02c7bg1us788we99,cmmx6howt0000bi1zgfsisou2,2026-05-14 10:25:52.934,64.613880742913,27.0,72.0,93.13,7.0,35.0,50.0,100.0
cmp5cf1fu02c9bg1uciji1smt,cmmx6howt0000bi1zgfsisou2,2026-05-14 10:25:56.444,59.82404692082112,27.0,72.0,93.13,7.0,35.0,50.0,100.0
cmp5cf44t02cbbg1uud298ba4,cmmx6howt0000bi1zgfsisou2,2026-05-14 10:25:59.952,77.71260997067448,27.0,72.0,93.13,7.0,35.0,50.0,100.0
cmp5cf6ui02cdbg1uqobxztur,cmmx6howt0000bi1zgfsisou2,2026-05-14 10:26:03.462,79.76539589442815,27.0,73.0,93.13,7.0,35.0,50.0,100.0
cmp5cf9le02cfbg1uja8lrqah,cmmx6howt0000bi1zgfsisou2,2026-05-14 10:26:06.972,79.6676441837732,27.0,73.0,93.09,7.0,35.0,50.0,100.0
cmp5cfc9y02chbg1uzzwfd0mt,cmmx6howt0000bi1zgfsisou2,2026-05-14 10:26:10.482,78.00586510263929,27.0,73.0,93.16,7.0,35.0,50.0,100.0
cmp5cfez302cjbg1u3gfsaik0,cmmx6howt0000bi1zgfsisou2,2026-05-14 10:26:13.992,79.6676441837732,27.0,73.0,93.39,7.0,36.0,50.0,100.0
cmp5cfhod02clbg1u1x4qfucw,cmmx6howt0000bi1zgfsisou2,2026-05-14 10:26:17.503,79.76539589442815,27.0,73.0,88.02,7.0,36.0,50.0,100.0
cmp5cfkdw02cnbg1ut1z3ry5a,cmmx6howt0000bi1zgfsisou2,2026-05-14 10:26:21.013,79.76539589442815,27.1,73.0,92.86,7.0,36.0,50.0,101.0
cmp5cfn3d02cpbg1u6b8ajo6o,cmmx6howt0000bi1zgfsisou2,2026-05-14 10:26:24.523,79.6676441837732,27.0,73.0,93.39,7.0,36.0,50.0,101.0
cmp5cfpt402crbg1u5bdo2ip8,cmmx6howt0000bi1zgfsisou2,2026-05-14 10:26:28.034,79.76539589442815,27.1,73.0,93.09,7.0,36.0,50.0,101.0
cmp5cfsir02ctbg1ufxan38c5,cmmx6howt0000bi1zgfsisou2,2026-05-14 10:26:31.544,79.76539589442815,27.0,73.0,93.13,7.0,36.0,50.0,101.0
cmp5cfv7v02cvbg1udvbka8go,cmmx6howt0000bi1zgfsisou2,2026-05-14 10:26:35.054,79.76539589442815,27.0,73.0,93.39,7.0,36.0,50.0,101.0
cmp5cfxxb02cxbg1usfenth0s,cmmx6howt0000bi1zgfsisou2,2026-05-14 10:26:38.565,79.76539589442815,27.1,73.0,93.13,7.0,36.0,50.0,101.0
cmp5cg0no02czbg1u7be7p8e1,cmmx6howt0000bi1zgfsisou2,2026-05-14 10:26:42.076,79.76539589442815,27.1,73.0,92.97,7.0,36.0,50.0,101.0
cmp5cg3cg02d1bg1uq33yf9ua,cmmx6howt0000bi1zgfsisou2,2026-05-14 10:26:45.586,79.76539589442815,27.0,72.0,93.39,7.0,36.0,50.0,101.0
cmp5cg61s02d3bg1uc21ahpcs,cmmx6howt0000bi1zgfsisou2,2026-05-14 10:26:49.095,78.69012707722385,27.1,73.0,93.16,7.0,36.0,51.0,102.0
cmp5cg8rr02d5bg1u9xmr92ju,cmmx6howt0000bi1zgfsisou2,2026-05-14 10:26:52.605,77.71260997067448,27.0,72.0,93.09,7.0,36.0,51.0,102.0
cmp5cgbh302d7bg1u8mz8bln3,cmmx6howt0000bi1zgfsisou2,2026-05-14 10:26:56.117,79.86314760508309,27.0,72.0,93.35,7.0,36.0,51.0,102.0
cmp5cge6q02d9bg1uo7z0h93o,cmmx6howt0000bi1zgfsisou2,2026-05-14 10:26:59.626,79.76539589442815,27.0,72.0,93.13,7.0,36.0,51.0,102.0
cmp5cggw302dbbg1u4g69p037,cmmx6howt0000bi1zgfsisou2,2026-05-14 10:27:03.137,79.76539589442815,27.1,72.0,93.16,7.0,36.0,51.0,102.0
cmp5cgjls02ddbg1uwrewfo4z,cmmx6howt0000bi1zgfsisou2,2026-05-14 10:27:06.646,79.76539589442815,27.0,72.0,93.16,7.0,36.0,51.0,102.0
cmp5cgmb602dfbg1unitncsp2,cmmx6howt0000bi1zgfsisou2,2026-05-14 10:27:10.157,79.76539589442815,27.0,72.0,93.35,7.0,36.0,51.0,102.0
cmp5cgp0w02dhbg1uhl4xjric,cmmx6howt0000bi1zgfsisou2,2026-05-14 10:27:13.667,79.76539589442815,27.0,72.0,93.13,7.0,36.0,51.0,102.0
cmp5cgrpp02djbg1umtf76le6,cmmx6howt0000bi1zgfsisou2,2026-05-14 10:27:17.176,79.76539589442815,27.0,72.0,93.16,7.0,36.0,51.0,102.0
cmp5cgufg02dlbg1u3o5gz9cz,cmmx6howt0000bi1zgfsisou2,2026-05-14 10:27:20.687,79.76539589442815,27.0,72.0,93.32,7.0,36.0,51.0,102.0
cmp5cgx4x02dnbg1unn9ez7ke,cmmx6howt0000bi1zgfsisou2,2026-05-14 10:27:24.198,79.76539589442815,27.1,72.0,93.09,7.0,36.0,51.0,102.0
cmp5cgzue02dpbg1u16vgse7w,cmmx6howt0000bi1zgfsisou2,2026-05-14 10:27:27.708,79.76539589442815,27.1,72.0,93.16,7.0,36.0,51.0,102.0
cmp5ch2k702drbg1u3os3a2al,cmmx6howt0000bi1zgfsisou2,2026-05-14 10:27:31.218,78.10361681329422,27.0,72.0,93.09,7.0,36.0,51.0,102.0
cmp5ch5a002dtbg1ui3bqwgcs,cmmx6howt0000bi1zgfsisou2,2026-05-14 10:27:34.729,79.17888563049853,27.1,72.0,93.13,7.0,36.0,51.0,102.0
cmp5ch7zc02dvbg1u3mcbr8j5,cmmx6howt0000bi1zgfsisou2,2026-05-14 10:27:38.239,79.86314760508309,27.0,72.0,93.05,7.0,36.0,51.0,102.0
cmp5chap202dxbg1uo0vhrm4s,cmmx6howt0000bi1zgfsisou2,2026-05-14 10:27:41.749,79.76539589442815,27.1,72.0,92.97,7.0,36.0,51.0,102.0
cmp5chdef02dzbg1u238nm2z1,cmmx6howt0000bi1zgfsisou2,2026-05-14 10:27:45.261,79.76539589442815,27.0,72.0,93.16,7.0,36.0,51.0,102.0
cmp5chg3l02e1bg1ubvpsvv3c,cmmx6howt0000bi1zgfsisou2,2026-05-14 10:27:48.770,79.76539589442815,27.0,73.0,92.9,7.0,36.0,51.0,103.0
cmp5chita02e3bg1u0xs4p563,cmmx6howt0000bi1zgfsisou2,2026-05-14 10:27:52.281,79.76539589442815,27.0,73.0,92.82,7.0,36.0,51.0,102.0
cmp5chlj802e5bg1ukbkc5rlv,cmmx6howt0000bi1zgfsisou2,2026-05-14 10:27:55.790,79.6676441837732,27.0,73.0,93.09,7.0,36.0,51.0,102.0
cmp5cho8k02e7bg1umgb3p06y,cmmx6howt0000bi1zgfsisou2,2026-05-14 10:27:59.300,79.6676441837732,27.0,73.0,93.13,7.0,36.0,51.0,102.0
cmp5chqxu02e9bg1u24ir1xza,cmmx6howt0000bi1zgfsisou2,2026-05-14 10:28:02.811,79.6676441837732,27.0,73.0,93.13,7.0,36.0,51.0,102.0
cmp5chtn502ebbg1uv5vb2l5k,cmmx6howt0000bi1zgfsisou2,2026-05-14 10:28:06.322,79.6676441837732,27.0,73.0,90.46,7.0,36.0,51.0,103.0
cmp5chwe202edbg1ugc1d7x8d,cmmx6howt0000bi1zgfsisou2,2026-05-14 10:28:09.831,79.76539589442815,27.0,73.0,89.54,7.0,36.0,51.0,103.0
cmp5chz2302efbg1u1bgxqmd5,cmmx6howt0000bi1zgfsisou2,2026-05-14 10:28:13.341,78.00586510263929,27.0,73.0,93.09,7.0,36.0,51.0,103.0
cmp5ci1rx02ehbg1u3hd26shd,cmmx6howt0000bi1zgfsisou2,2026-05-14 10:28:16.852,79.56989247311827,27.0,73.0,93.16,7.0,36.0,51.0,103.0
cmp5ci4hl02ejbg1uqtvt2x25,cmmx6howt0000bi1zgfsisou2,2026-05-14 10:28:20.362,79.76539589442815,27.0,73.0,93.24,7.0,36.0,51.0,103.0
cmp5ci76j02elbg1uwa3t2nhu,cmmx6howt0000bi1zgfsisou2,2026-05-14 10:28:23.872,79.76539589442815,27.0,73.0,87.33,7.0,36.0,51.0,103.0
cmp5ci9x202enbg1uyxjj3tik,cmmx6howt0000bi1zgfsisou2,2026-05-14 10:28:27.382,79.76539589442815,27.0,72.0,93.01,7.0,36.0,51.0,103.0
cmp5cicos02epbg1u3xtag4jd,cmmx6howt0000bi1zgfsisou2,2026-05-14 10:28:30.893,79.76539589442815,27.0,73.0,93.05,7.0,36.0,51.0,103.0
cmp5cifb602erbg1u3itp47ez,cmmx6howt0000bi1zgfsisou2,2026-05-14 10:28:34.403,79.76539589442815,27.0,73.0,93.09,7.0,36.0,51.0,103.0
cmp5cii1102etbg1ukrv9nt8b,cmmx6howt0000bi1zgfsisou2,2026-05-14 10:28:37.914,79.76539589442815,27.0,72.0,93.13,7.0,36.0,51.0,103.0
cmp5cikqg02evbg1uta4dzorw,cmmx6howt0000bi1zgfsisou2,2026-05-14 10:28:41.423,79.76539589442815,27.0,72.0,93.35,7.0,36.0,51.0,103.0
cmp5cinfv02exbg1una8pxjjq,cmmx6howt0000bi1zgfsisou2,2026-05-14 10:28:44.934,79.76539589442815,27.0,72.0,93.13,7.0,36.0,51.0,103.0
cmp5ciq5402ezbg1ukbiuf1kp,cmmx6howt0000bi1zgfsisou2,2026-05-14 10:28:48.444,79.76539589442815,27.0,72.0,89.92,7.0,36.0,51.0,103.0
cmp5cisv402f1bg1u4x8fhezx,cmmx6howt0000bi1zgfsisou2,2026-05-14 10:28:51.955,79.76539589442815,27.0,72.0,93.39,7.0,36.0,51.0,103.0
cmp5civkr02f3bg1u91xsvxnb,cmmx6howt0000bi1zgfsisou2,2026-05-14 10:28:55.472,78.10361681329422,27.0,72.0,0.0,7.0,36.0,51.0,103.0
cmp5ciya502f5bg1uzeo834te,cmmx6howt0000bi1zgfsisou2,2026-05-14 10:28:58.980,79.76539589442815,27.0,72.0,53.83,7.0,36.0,51.0,103.0
cmp5cj0zl02f7bg1uzvi7ymik,cmmx6howt0000bi1zgfsisou2,2026-05-14 10:29:02.498,79.76539589442815,27.0,72.0,0.0,7.0,36.0,51.0,103.0
cmp5cj3p302f9bg1uu25kejji,cmmx6howt0000bi1zgfsisou2,2026-05-14 10:29:06.009,79.76539589442815,27.0,72.0,100.0,7.0,36.0,51.0,103.0
cmp5cj6er02fbbg1upi16ovju,cmmx6howt0000bi1zgfsisou2,2026-05-14 10:29:09.520,79.76539589442815,27.1,72.0,100.0,7.0,37.0,51.0,103.0
cmp5cj96o02fdbg1ucdwzaepu,cmmx6howt0000bi1zgfsisou2,2026-05-14 10:29:13.031,79.76539589442815,27.0,72.0,100.0,7.0,37.0,51.0,103.0
cmp5cjbty02ffbg1u371chgdt,cmmx6howt0000bi1zgfsisou2,2026-05-14 10:29:16.542,79.76539589442815,27.0,72.0,100.0,7.0,37.0,51.0,103.0
cmp5cjejo02fhbg1u83hx2br9,cmmx6howt0000bi1zgfsisou2,2026-05-14 10:29:20.050,79.76539589442815,27.0,73.0,93.13,7.0,37.0,51.0,103.0
cmp5cjh8m02fjbg1ue3t39m4v,cmmx6howt0000bi1zgfsisou2,2026-05-14 10:29:23.560,79.76539589442815,27.0,73.0,93.05,7.0,37.0,51.0,103.0
cmp5cjjy702flbg1ulw8tlh6h,cmmx6howt0000bi1zgfsisou2,2026-05-14 10:29:27.070,79.76539589442815,27.0,73.0,92.86,7.0,37.0,51.0,103.0
cmp5cjmo502fnbg1ug0hmd8aq,cmmx6howt0000bi1zgfsisou2,2026-05-14 10:29:30.580,79.76539589442815,27.0,73.0,93.16,7.0,37.0,51.0,103.0
cmp5cjpd602fpbg1ukif4nsll,cmmx6howt0000bi1zgfsisou2,2026-05-14 10:29:34.091,78.69012707722385,27.0,73.0,95.45,7.0,37.0,52.0,104.0
cmp5cjs2p02frbg1ukvfonda3,cmmx6howt0000bi1zgfsisou2,2026-05-14 10:29:37.601,78.00586510263929,27.0,73.0,95.95,7.0,37.0,51.0,103.0
cmp5cjusj02ftbg1u67m2xe6l,cmmx6howt0000bi1zgfsisou2,2026-05-14 10:29:41.111,79.86314760508309,27.0,73.0,93.05,7.0,37.0,51.0,103.0
cmp5cjxho02fvbg1u2pbvjvhm,cmmx6howt0000bi1zgfsisou2,2026-05-14 10:29:44.622,79.76539589442815,27.0,73.0,93.13,7.0,37.0,51.0,103.0
cmp5ck07102fxbg1u63vrdmki,cmmx6howt0000bi1zgfsisou2,2026-05-14 10:29:48.131,79.76539589442815,27.0,73.0,97.66,7.0,37.0,51.0,103.0
cmp5ck2wq02fzbg1u7hytnlgl,cmmx6howt0000bi1zgfsisou2,2026-05-14 10:29:51.643,79.6676441837732,27.0,73.0,93.09,7.0,37.0,52.0,104.0
cmp5ck5m802g1bg1urkj18vgp,cmmx6howt0000bi1zgfsisou2,2026-05-14 10:29:55.152,79.47214076246334,27.0,73.0,83.67,7.0,37.0,52.0,104.0
cmp5ck8cc02g3bg1uagcv0y8g,cmmx6howt0000bi1zgfsisou2,2026-05-14 10:29:58.663,79.6676441837732,27.1,73.0,95.26,7.0,37.0,52.0,104.0
cmp5ckb1z02g5bg1uj2014zdh,cmmx6howt0000bi1zgfsisou2,2026-05-14 10:30:02.174,79.56989247311827,27.0,74.0,93.13,7.0,37.0,52.0,104.0
cmp5ckdri02g7bg1uijqtapt6,cmmx6howt0000bi1zgfsisou2,2026-05-14 10:30:05.683,79.6676441837732,27.1,76.0,98.19,7.0,37.0,37.0,37.0
cmp5ckgg402g9bg1u2swrquwo,cmmx6howt0000bi1zgfsisou2,2026-05-14 10:30:09.191,79.76539589442815,27.0,75.0,100.0,7.0,37.0,37.0,37.0
cmp5ckj5j02gbbg1uvwc62cej,cmmx6howt0000bi1zgfsisou2,2026-05-14 10:30:12.701,79.6676441837732,27.0,75.0,100.0,7.0,37.0,37.0,37.0
cmp5cklvp02gdbg1umffjsz5j,cmmx6howt0000bi1zgfsisou2,2026-05-14 10:30:16.212,79.6676441837732,27.0,74.0,100.0,7.0,37.0,37.0,37.0
cmp5ckokx02gfbg1uk7zmz4zk,cmmx6howt0000bi1zgfsisou2,2026-05-14 10:30:19.722,79.6676441837732,27.0,74.0,100.0,7.0,37.0,37.0,37.0
cmp5ckran02ghbg1uovlu62w6,cmmx6howt0000bi1zgfsisou2,2026-05-14 10:30:23.232,79.6676441837732,27.0,74.0,100.0,7.0,37.0,37.0,37.0
cmp5cktzl02gjbg1uac4y7q1j,cmmx6howt0000bi1zgfsisou2,2026-05-14 10:30:26.741,79.76539589442815,27.0,74.0,90.99,7.0,37.0,37.0,37.0
cmp5ckwp402glbg1ujdkcb82k,cmmx6howt0000bi1zgfsisou2,2026-05-14 10:30:30.255,79.6676441837732,27.0,74.0,100.0,7.0,37.0,37.0,37.0
cmp5ckzek02gnbg1ucrttfsm2,cmmx6howt0000bi1zgfsisou2,2026-05-14 10:30:33.760,79.6676441837732,27.0,73.0,99.11,7.0,37.0,37.0,37.0
cmp5cl24702gpbg1uta7d6ulq,cmmx6howt0000bi1zgfsisou2,2026-05-14 10:30:37.270,79.6676441837732,27.0,73.0,100.0,7.0,37.0,37.0,37.0
cmp5cl4tj02grbg1ufu1vnq54,cmmx6howt0000bi1zgfsisou2,2026-05-14 10:30:40.780,79.76539589442815,27.0,73.0,99.72,7.0,37.0,37.0,37.0
cmp5cl7jc02gtbg1uzowormvl,cmmx6howt0000bi1zgfsisou2,2026-05-14 10:30:44.288,79.76539589442815,27.0,73.0,100.0,7.0,37.0,37.0,37.0
cmp5cla8z02gvbg1uftxvryfw,cmmx6howt0000bi1zgfsisou2,2026-05-14 10:30:47.799,79.6676441837732,27.0,73.0,99.64,7.0,37.0,37.0,37.0
cmp5clcy302gxbg1uqipl1szu,cmmx6howt0000bi1zgfsisou2,2026-05-14 10:30:51.307,79.6676441837732,27.0,73.0,100.0,7.0,37.0,37.0,37.0
cmp5clfo502gzbg1ugxb9jk8z,cmmx6howt0000bi1zgfsisou2,2026-05-14 10:30:54.817,79.6676441837732,27.0,73.0,95.22,7.0,37.0,37.0,37.0
cmp5clidd02h1bg1u16ulkarc,cmmx6howt0000bi1zgfsisou2,2026-05-14 10:30:58.327,79.76539589442815,27.0,73.0,100.0,7.0,37.0,37.0,37.0
cmp5cll2n02h3bg1ufnl4ys2o,cmmx6howt0000bi1zgfsisou2,2026-05-14 10:31:01.836,79.6676441837732,27.0,73.0,98.23,7.0,37.0,37.0,37.0
cmp5clnsg02h5bg1u3eahw6md,cmmx6howt0000bi1zgfsisou2,2026-05-14 10:31:05.346,79.6676441837732,27.0,73.0,100.0,7.0,37.0,37.0,37.0
cmp5clqhk02h7bg1ucz937q0n,cmmx6howt0000bi1zgfsisou2,2026-05-14 10:31:08.855,79.76539589442815,27.0,73.0,100.0,7.0,37.0,37.0,37.0
cmp5clt7002h9bg1un4za0z4e,cmmx6howt0000bi1zgfsisou2,2026-05-14 10:31:12.366,79.6676441837732,27.0,73.0,98.16,7.0,37.0,37.0,37.0
cmp5clvwf02hbbg1ul0rxo9fx,cmmx6howt0000bi1zgfsisou2,2026-05-14 10:31:15.875,79.6676441837732,27.0,73.0,100.0,7.0,37.0,37.0,37.0
cmp5clyly02hdbg1uada1i9ez,cmmx6howt0000bi1zgfsisou2,2026-05-14 10:31:19.384,79.76539589442815,27.0,73.0,100.0,7.0,37.0,37.0,37.0
cmp5cm1bq02hfbg1unyh7cswh,cmmx6howt0000bi1zgfsisou2,2026-05-14 10:31:22.894,79.76539589442815,27.0,73.0,100.0,7.0,37.0,37.0,37.0
cmp5cm42602hhbg1uwbcbpd6g,cmmx6howt0000bi1zgfsisou2,2026-05-14 10:31:26.405,79.76539589442815,27.0,73.0,100.0,7.0,37.0,37.0,37.0
cmp5cm6qn02hjbg1u6dzpsj0n,cmmx6howt0000bi1zgfsisou2,2026-05-14 10:31:29.914,79.6676441837732,26.9,73.0,96.02,7.0,37.0,37.0,37.0
cmp5cm9fr02hlbg1usniu16s6,cmmx6howt0000bi1zgfsisou2,2026-05-14 10:31:33.423,79.6676441837732,27.0,73.0,100.0,7.0,37.0,37.0,37.0
cmp5cmc5g02hnbg1u9tg7zmcj,cmmx6howt0000bi1zgfsisou2,2026-05-14 10:31:36.934,79.6676441837732,26.9,73.0,84.63,7.0,37.0,37.0,37.0
cmp5cmevb02hpbg1uhd22qc20,cmmx6howt0000bi1zgfsisou2,2026-05-14 10:31:40.442,79.6676441837732,27.0,73.0,100.0,7.0,37.0,37.0,37.0
cmp5cmhk702hrbg1u6zd0sz5j,cmmx6howt0000bi1zgfsisou2,2026-05-14 10:31:43.952,79.76539589442815,27.0,73.0,95.3,7.0,37.0,37.0,37.0
cmp5cmka202htbg1uxqmiqkad,cmmx6howt0000bi1zgfsisou2,2026-05-14 10:31:47.462,79.6676441837732,27.0,73.0,98.12,7.0,37.0,37.0,37.0
cmp5cmmzs02hvbg1unh6647ne,cmmx6howt0000bi1zgfsisou2,2026-05-14 10:31:50.971,79.76539589442815,27.0,73.0,95.07,7.0,37.0,37.0,37.0
cmp5cmpop02hxbg1ugfgz274t,cmmx6howt0000bi1zgfsisou2,2026-05-14 10:31:54.479,79.76539589442815,26.9,73.0,100.0,7.0,37.0,37.0,37.0
cmp5cmseb02hzbg1ue7hl2pgx,cmmx6howt0000bi1zgfsisou2,2026-05-14 10:31:57.990,79.6676441837732,27.0,73.0,100.0,7.0,37.0,37.0,37.0
cmp5cmv3s02i1bg1ue3cz2i1k,cmmx6howt0000bi1zgfsisou2,2026-05-14 10:32:01.500,79.76539589442815,27.0,73.0,97.28,7.0,37.0,37.0,37.0
cmp5cmxtc02i3bg1u3bhtn9lz,cmmx6howt0000bi1zgfsisou2,2026-05-14 10:32:05.009,79.76539589442815,27.0,73.0,100.0,7.0,37.0,37.0,37.0
cmp5cn0ir02i5bg1ut2fjey5m,cmmx6howt0000bi1zgfsisou2,2026-05-14 10:32:08.520,79.6676441837732,27.0,73.0,100.0,7.0,37.0,37.0,37.0
cmp5cn38k02i7bg1uo2qylta9,cmmx6howt0000bi1zgfsisou2,2026-05-14 10:32:12.030,79.6676441837732,26.9,73.0,94.57,7.0,37.0,37.0,37.0
cmp5cn5xo02i9bg1uetzozoay,cmmx6howt0000bi1zgfsisou2,2026-05-14 10:32:15.538,79.76539589442815,27.0,73.0,95.3,7.0,37.0,37.0,37.0
cmp5cn8ng02ibbg1uk8zam7zb,cmmx6howt0000bi1zgfsisou2,2026-05-14 10:32:19.048,79.76539589442815,26.9,73.0,97.47,7.0,37.0,37.0,37.0
cmp5cnbck02idbg1uzqtd0upp,cmmx6howt0000bi1zgfsisou2,2026-05-14 10:32:22.557,79.6676441837732,26.9,73.0,93.81,7.0,37.0,37.0,37.0
cmp5cne2c02ifbg1ua3vlp7r9,cmmx6howt0000bi1zgfsisou2,2026-05-14 10:32:26.066,79.6676441837732,27.0,73.0,75.63,7.0,37.0,37.0,37.0
cmp5cngrv02ihbg1u3ifiw8cz,cmmx6howt0000bi1zgfsisou2,2026-05-14 10:32:29.577,79.6676441837732,26.9,73.0,100.0,7.0,37.0,37.0,37.0
cmp5cnjh002ijbg1uewc7q9iy,cmmx6howt0000bi1zgfsisou2,2026-05-14 10:32:33.085,79.6676441837732,27.0,73.0,93.05,7.0,37.0,37.0,37.0
cmp5cnm6y02ilbg1u7uq79pge,cmmx6howt0000bi1zgfsisou2,2026-05-14 10:32:36.595,79.6676441837732,27.0,73.0,75.86,7.0,37.0,37.0,37.0
cmp5cnow302inbg1u15co2sqt,cmmx6howt0000bi1zgfsisou2,2026-05-14 10:32:40.104,79.76539589442815,27.0,73.0,100.0,7.0,37.0,37.0,37.0
cmp5cnrlk02ipbg1uwuat9762,cmmx6howt0000bi1zgfsisou2,2026-05-14 10:32:43.614,79.76539589442815,27.0,73.0,75.1,7.0,37.0,37.0,37.0
cmp5cnubb02irbg1u9elpg6rj,cmmx6howt0000bi1zgfsisou2,2026-05-14 10:32:47.124,79.76539589442815,27.0,73.0,100.0,7.0,37.0,37.0,37.0
cmp5cnx0t02itbg1uvlp76en4,cmmx6howt0000bi1zgfsisou2,2026-05-14 10:32:50.633,79.76539589442815,27.0,73.0,97.47,7.0,37.0,37.0,37.0
cmp5cnzq002ivbg1up9ivydus,cmmx6howt0000bi1zgfsisou2,2026-05-14 10:32:54.143,79.6676441837732,26.9,73.0,94.54,7.0,37.0,37.0,37.0
cmp5co2fe02ixbg1uku8rfm7d,cmmx6howt0000bi1zgfsisou2,2026-05-14 10:32:57.652,79.6676441837732,26.9,73.0,97.47,7.0,37.0,37.0,37.0
cmp5co55b02izbg1uey75qkxn,cmmx6howt0000bi1zgfsisou2,2026-05-14 10:33:01.160,79.76539589442815,27.0,73.0,95.53,7.0,37.0,37.0,37.0
cmp5co7uj02j1bg1upk2zxz6s,cmmx6howt0000bi1zgfsisou2,2026-05-14 10:33:04.670,79.6676441837732,26.9,73.0,97.17,7.0,37.0,37.0,37.0
cmp5coakm02j3bg1uw595qfsm,cmmx6howt0000bi1zgfsisou2,2026-05-14 10:33:08.179,79.6676441837732,26.9,73.0,94.35,7.0,37.0,37.0,37.0
cmp5codaj02j5bg1ueboyegox,cmmx6howt0000bi1zgfsisou2,2026-05-14 10:33:11.689,79.76539589442815,27.0,73.0,56.73,7.0,37.0,37.0,37.0
cmp5cofyw02j7bg1ue9pzvwq9,cmmx6howt0000bi1zgfsisou2,2026-05-14 10:33:15.199,79.6676441837732,26.9,73.0,97.39,7.0,37.0,37.0,37.0
cmp5coioz02j9bg1u5yuh9cur,cmmx6howt0000bi1zgfsisou2,2026-05-14 10:33:18.708,79.6676441837732,27.0,73.0,97.66,7.0,37.0,37.0,37.0
cmp5coleh02jbbg1uwh5mp21p,cmmx6howt0000bi1zgfsisou2,2026-05-14 10:33:22.216,79.6676441837732,27.0,73.0,97.39,7.0,37.0,37.0,37.0
cmp5coo3b02jdbg1uqkyefb4k,cmmx6howt0000bi1zgfsisou2,2026-05-14 10:33:25.725,74.68230694037146,27.0,73.0,100.0,7.0,37.0,37.0,37.0
cmp5coqtn02jfbg1u88b903in,cmmx6howt0000bi1zgfsisou2,2026-05-14 10:33:29.235,68.23069403714565,27.0,73.0,100.0,7.0,37.0,37.0,37.0
cmp5cotic02jhbg1uyvpfkper,cmmx6howt0000bi1zgfsisou2,2026-05-14 10:33:32.745,64.32062561094818,26.9,72.0,95.98,7.0,37.0,37.0,37.0
cmp5cow7u02jjbg1uyroilh27,cmmx6howt0000bi1zgfsisou2,2026-05-14 10:33:36.253,64.12512218963832,26.9,72.0,97.47,7.0,37.0,37.0,37.0
cmp5coyx802jlbg1uvhkq05zs,cmmx6howt0000bi1zgfsisou2,2026-05-14 10:33:39.762,64.02737047898339,26.9,72.0,98.12,7.0,37.0,37.0,37.0
cmp5cp1my02jnbg1usicop0q7,cmmx6howt0000bi1zgfsisou2,2026-05-14 10:33:43.270,64.22287390029325,26.9,72.0,100.0,7.0,37.0,37.0,37.0
cmp5cp4d802jpbg1umj5j7wyp,cmmx6howt0000bi1zgfsisou2,2026-05-14 10:33:46.777,64.80938416422288,26.9,72.0,100.0,7.0,37.0,37.0,37.0
cmp5cp71l02jrbg1uxb1ac89i,cmmx6howt0000bi1zgfsisou2,2026-05-14 10:33:50.287,64.90713587487781,26.9,72.0,87.37,7.0,37.0,37.0,37.0
cmp5cp9re02jtbg1us5vbhcf2,cmmx6howt0000bi1zgfsisou2,2026-05-14 10:33:53.796,64.80938416422288,26.9,72.0,86.61,7.0,37.0,37.0,37.0
cmp5cpcgt02jvbg1ucmi4k982,cmmx6howt0000bi1zgfsisou2,2026-05-14 10:33:57.304,64.613880742913,27.0,72.0,86.84,7.0,37.0,37.0,37.0
cmp5cpf6102jxbg1ugzu0har1,cmmx6howt0000bi1zgfsisou2,2026-05-14 10:34:00.812,64.41837732160313,27.0,72.0,85.16,7.0,27.0,38.0,84.0
cmp5cphvl02jzbg1uzm0jzuws,cmmx6howt0000bi1zgfsisou2,2026-05-14 10:34:04.321,64.32062561094818,26.9,72.0,90.0,7.0,35.0,49.0,99.0
cmp5cpkow02k1bg1u7zq5o32l,cmmx6howt0000bi1zgfsisou2,2026-05-14 10:34:07.965,64.32062561094818,26.9,72.0,0.0,7.0,36.0,51.0,102.0
cmp5cpni302k3bg1un2po3nx4,cmmx6howt0000bi1zgfsisou2,2026-05-14 10:34:11.594,67.2531769305963,26.9,73.0,0.0,7.0,38.0,53.0,107.0
cmp5cpqa902k5bg1uzqazimwy,cmmx6howt0000bi1zgfsisou2,2026-05-14 10:34:15.222,67.15542521994135,26.9,73.0,0.0,7.0,38.0,53.0,107.0
cmp5cpt1u02k7bg1u6fsaw6bl,cmmx6howt0000bi1zgfsisou2,2026-05-14 10:34:18.808,67.2531769305963,27.0,73.0,0.0,7.0,38.0,53.0,107.0
cmp5cpvtf02k9bg1u77bq8hdo,cmmx6howt0000bi1zgfsisou2,2026-05-14 10:34:22.394,67.15542521994135,26.9,73.0,0.0,7.0,38.0,53.0,107.0
cmp5cpyls02kbbg1u6jffyzzb,cmmx6howt0000bi1zgfsisou2,2026-05-14 10:34:25.980,67.05767350928642,26.9,73.0,0.0,7.0,38.0,54.0,108.0
cmp5cq1cr02kdbg1u4n3crdjf,cmmx6howt0000bi1zgfsisou2,2026-05-14 10:34:29.567,67.05767350928642,26.9,73.0,0.0,7.0,38.0,53.0,107.0
cmp5cq44t02kfbg1uqi3i66ce,cmmx6howt0000bi1zgfsisou2,2026-05-14 10:34:33.153,67.05767350928642,27.0,73.0,0.0,7.0,38.0,53.0,107.0
cmp5cq6x102khbg1uzfxs1tcc,cmmx6howt0000bi1zgfsisou2,2026-05-14 10:34:36.738,66.95992179863148,27.0,73.0,0.0,7.0,38.0,53.0,107.0
cmp5cq9o202kjbg1ukqaehfm8,cmmx6howt0000bi1zgfsisou2,2026-05-14 10:34:40.325,66.95992179863148,26.9,73.0,0.0,7.0,38.0,54.0,108.0
cmp5cqcf402klbg1u07cjeepe,cmmx6howt0000bi1zgfsisou2,2026-05-14 10:34:43.910,66.95992179863148,27.0,73.0,0.0,7.0,38.0,53.0,107.0
cmp5cqf7202knbg1uk4evgmlt,cmmx6howt0000bi1zgfsisou2,2026-05-14 10:34:47.496,66.86217008797655,27.0,73.0,0.0,7.0,38.0,53.0,107.0
cmp5cqhya02kpbg1ue66iwbhv,cmmx6howt0000bi1zgfsisou2,2026-05-14 10:34:51.082,66.86217008797655,27.0,73.0,0.0,7.0,38.0,53.0,107.0
cmp5cqkq402krbg1ummtiayzc,cmmx6howt0000bi1zgfsisou2,2026-05-14 10:34:54.668,66.86217008797655,27.0,73.0,0.0,7.0,38.0,54.0,108.0
cmp5cqnhj02ktbg1ugz26bbpx,cmmx6howt0000bi1zgfsisou2,2026-05-14 10:34:58.254,66.177908113392,27.0,73.0,0.0,7.0,38.0,54.0,108.0
cmp5cqq9n02kvbg1uk2v1dqd7,cmmx6howt0000bi1zgfsisou2,2026-05-14 10:35:01.840,65.98240469208211,27.0,73.0,0.0,7.0,38.0,54.0,108.0
cmp5cqsyn02kxbg1u2ouuzn7n,cmmx6howt0000bi1zgfsisou2,2026-05-14 10:35:05.347,65.98240469208211,27.0,73.0,99.64,7.0,38.0,54.0,108.0
cmp5cqvp002kzbg1uhhkx3qpx,cmmx6howt0000bi1zgfsisou2,2026-05-14 10:35:08.856,63.24535679374389,27.0,73.0,98.19,7.0,38.0,54.0,108.0
cmp5cqyhe02l1bg1u69ztnc7l,cmmx6howt0000bi1zgfsisou2,2026-05-14 10:35:12.365,63.34310850439883,27.0,73.0,99.87,7.0,38.0,54.0,108.0
cmp5cr13202l3bg1u50c0vbd5,cmmx6howt0000bi1zgfsisou2,2026-05-14 10:35:15.875,63.34310850439883,27.0,73.0,98.96,7.0,38.0,54.0,108.0
cmp5cr3sg02l5bg1uczg4gt0f,cmmx6howt0000bi1zgfsisou2,2026-05-14 10:35:19.383,63.24535679374389,27.0,72.0,99.61,7.0,38.0,54.0,108.0
cmp5cr6i902l7bg1ux4i4mnlk,cmmx6howt0000bi1zgfsisou2,2026-05-14 10:35:22.892,63.24535679374389,27.0,72.0,99.68,7.0,38.0,54.0,108.0
cmp5cr98002l9bg1u37cvrsqr,cmmx6howt0000bi1zgfsisou2,2026-05-14 10:35:26.401,63.34310850439883,27.0,72.0,99.41,7.0,38.0,54.0,108.0
cmp5crbwv02lbbg1uvzr0rl06,cmmx6howt0000bi1zgfsisou2,2026-05-14 10:35:29.910,75.366568914956,27.0,72.0,99.61,7.0,38.0,54.0,108.0
cmp5crenh02ldbg1uwk8mbeg6,cmmx6howt0000bi1zgfsisou2,2026-05-14 10:35:33.423,78.88563049853371,27.0,73.0,100.0,7.0,38.0,53.0,107.0
cmp5crhc302lfbg1u1ycmsybo,cmmx6howt0000bi1zgfsisou2,2026-05-14 10:35:36.934,79.76539589442815,27.0,73.0,100.0,7.0,38.0,53.0,107.0
cmp5crk1l02lhbg1ufiptwls6,cmmx6howt0000bi1zgfsisou2,2026-05-14 10:35:40.443,79.86314760508309,27.0,73.0,97.28,7.0,38.0,53.0,107.0
cmp5crmr402ljbg1uz0uno2wt,cmmx6howt0000bi1zgfsisou2,2026-05-14 10:35:43.955,79.86314760508309,27.0,73.0,100.0,7.0,38.0,53.0,106.0
cmp5crpgn02llbg1utlkrhmdm,cmmx6howt0000bi1zgfsisou2,2026-05-14 10:35:47.467,79.96089931573802,27.0,73.0,100.0,7.0,38.0,53.0,106.0
cmp5crs6x02lnbg1udczth75k,cmmx6howt0000bi1zgfsisou2,2026-05-14 10:35:50.978,80.05865102639295,27.0,73.0,100.0,7.0,38.0,53.0,106.0
cmp5cruwj02lpbg1uzan6mmac,cmmx6howt0000bi1zgfsisou2,2026-05-14 10:35:54.485,80.05865102639295,27.0,72.0,97.36,7.0,38.0,53.0,106.0
cmp5crxl502lrbg1um8zls9ql,cmmx6howt0000bi1zgfsisou2,2026-05-14 10:35:57.996,80.05865102639295,27.0,72.0,99.83,7.0,38.0,53.0,106.0
cmp5cs0as02ltbg1ufow9rzjz,cmmx6howt0000bi1zgfsisou2,2026-05-14 10:36:01.506,80.1564027370479,27.0,73.0,89.31,7.0,38.0,53.0,106.0
cmp5cs30d02lvbg1u4he6hfiw,cmmx6howt0000bi1zgfsisou2,2026-05-14 10:36:05.019,80.1564027370479,26.9,72.0,100.0,7.0,38.0,53.0,106.0
cmp5cs5ps02lxbg1u7sf89dxk,cmmx6howt0000bi1zgfsisou2,2026-05-14 10:36:08.530,80.1564027370479,27.0,72.0,100.0,7.0,37.0,53.0,106.0
cmp5cs8fz02lzbg1unmqww6ee,cmmx6howt0000bi1zgfsisou2,2026-05-14 10:36:12.041,78.49462365591397,27.0,73.0,100.0,7.0,37.0,53.0,106.0
cmp5csb5i02m1bg1uivwman2j,cmmx6howt0000bi1zgfsisou2,2026-05-14 10:36:15.552,80.1564027370479,27.0,73.0,100.0,7.0,37.0,53.0,106.0
cmp5csdu802m3bg1ucmjpcby8,cmmx6howt0000bi1zgfsisou2,2026-05-14 10:36:19.063,80.1564027370479,27.0,73.0,100.0,7.0,37.0,53.0,106.0
cmp5csgjw02m5bg1u7rwk3ugy,cmmx6howt0000bi1zgfsisou2,2026-05-14 10:36:22.574,80.1564027370479,27.0,72.0,100.0,7.0,37.0,53.0,106.0
cmp5csj9b02m7bg1u87hy0yxr,cmmx6howt0000bi1zgfsisou2,2026-05-14 10:36:26.081,80.1564027370479,27.0,72.0,99.53,7.0,37.0,53.0,106.0
cmp5cslzk02m9bg1ucs27ak1o,cmmx6howt0000bi1zgfsisou2,2026-05-14 10:36:29.595,79.6676441837732,27.0,72.0,100.0,7.0,37.0,51.0,103.0
cmp5csooz02mbbg1ulypfla7b,cmmx6howt0000bi1zgfsisou2,2026-05-14 10:36:33.106,79.0811339198436,27.0,72.0,100.0,7.0,37.0,52.0,104.0
cmp5csre702mdbg1uhyvvv4te,cmmx6howt0000bi1zgfsisou2,2026-05-14 10:36:36.614,67.05767350928642,27.0,72.0,100.0,7.0,37.0,52.0,104.0
cmp5csu3d02mfbg1ux8n8vey9,cmmx6howt0000bi1zgfsisou2,2026-05-14 10:36:40.124,59.72629521016618,27.0,72.0,100.0,7.0,38.0,53.0,107.0
cmp5cswsw02mhbg1u89t4u7ou,cmmx6howt0000bi1zgfsisou2,2026-05-14 10:36:43.634,59.43304007820137,27.0,72.0,93.16,7.0,38.0,53.0,108.0
cmp5cszis02mjbg1ubzilqrs5,cmmx6howt0000bi1zgfsisou2,2026-05-14 10:36:47.144,59.33528836754643,27.0,72.0,93.16,7.0,38.0,54.0,108.0
cmp5ct27v02mlbg1up7r8fjvc,cmmx6howt0000bi1zgfsisou2,2026-05-14 10:36:50.654,59.13978494623655,27.0,71.0,99.61,7.0,38.0,54.0,108.0
cmp5ct4y202mnbg1uquf64clk,cmmx6howt0000bi1zgfsisou2,2026-05-14 10:36:54.162,59.13978494623655,27.0,71.0,93.39,7.0,38.0,53.0,107.0
cmp5ct7mm02mpbg1u7y09wwar,cmmx6howt0000bi1zgfsisou2,2026-05-14 10:36:57.672,58.94428152492668,27.0,71.0,98.19,7.0,38.0,53.0,107.0
cmp5ctaca02mrbg1uj3c937we,cmmx6howt0000bi1zgfsisou2,2026-05-14 10:37:01.180,59.04203323558161,27.0,71.0,100.0,7.0,38.0,53.0,107.0
cmp5ctd2z02mtbg1uh312va4a,cmmx6howt0000bi1zgfsisou2,2026-05-14 10:37:04.692,57.57575757575757,27.0,71.0,100.0,7.0,38.0,53.0,107.0
cmp5ctfrx02mvbg1u8ew8xrek,cmmx6howt0000bi1zgfsisou2,2026-05-14 10:37:08.200,57.77126099706744,27.0,71.0,95.34,7.0,38.0,53.0,107.0
cmp5ctigs02mxbg1uojw12qou,cmmx6howt0000bi1zgfsisou2,2026-05-14 10:37:11.709,53.86119257086999,27.0,71.0,93.13,7.0,38.0,53.0,107.0
cmp5ctl6y02mzbg1us1xkq6qx,cmmx6howt0000bi1zgfsisou2,2026-05-14 10:37:15.222,73.50928641251222,27.0,71.0,100.0,7.0,38.0,53.0,107.0
cmp5ctnvj02n1bg1u8dtpc7gs,cmmx6howt0000bi1zgfsisou2,2026-05-14 10:37:18.730,79.0811339198436,26.9,72.0,93.09,7.0,38.0,53.0,107.0
cmp5ctqlb02n3bg1u8whaycm7,cmmx6howt0000bi1zgfsisou2,2026-05-14 10:37:22.240,78.49462365591397,27.0,72.0,95.79,7.0,38.0,53.0,107.0
cmp5cttb502n5bg1u3zg18o16,cmmx6howt0000bi1zgfsisou2,2026-05-14 10:37:25.750,78.59237536656892,27.0,72.0,93.32,7.0,38.0,53.0,107.0
cmp5ctw0c02n7bg1urty1s6nk,cmmx6howt0000bi1zgfsisou2,2026-05-14 10:37:29.264,78.59237536656892,27.0,72.0,100.0,7.0,38.0,53.0,107.0
cmp5ctypy02n9bg1udaa747zd,cmmx6howt0000bi1zgfsisou2,2026-05-14 10:37:32.775,77.81036168132943,27.0,72.0,100.0,7.0,38.0,53.0,107.0
cmp5cu1ft02nbbg1uruow0dmf,cmmx6howt0000bi1zgfsisou2,2026-05-14 10:37:36.283,77.41935483870968,27.0,72.0,93.66,7.0,38.0,53.0,107.0
cmp5cu44q02ndbg1uqcmrzkhx,cmmx6howt0000bi1zgfsisou2,2026-05-14 10:37:39.793,78.49462365591397,27.0,72.0,93.13,7.0,38.0,53.0,107.0
cmp5cu6ua02nfbg1usgl32xnn,cmmx6howt0000bi1zgfsisou2,2026-05-14 10:37:43.303,78.78787878787878,27.0,72.0,98.69,7.0,38.0,53.0,107.0
cmp5cu9jy02nhbg1u3qe1zj7n,cmmx6howt0000bi1zgfsisou2,2026-05-14 10:37:46.817,78.98338220918866,27.0,72.0,100.0,7.0,38.0,53.0,107.0
cmp5cuc9t02njbg1usrp6g1s4,cmmx6howt0000bi1zgfsisou2,2026-05-14 10:37:50.325,70.08797653958945,27.0,72.0,98.16,7.0,38.0,53.0,107.0
cmp5cueyv02nlbg1ukflryyqt,cmmx6howt0000bi1zgfsisou2,2026-05-14 10:37:53.833,59.33528836754643,26.9,70.0,100.0,7.0,38.0,53.0,107.0
cmp5cuhpe02nnbg1uswo9t372,cmmx6howt0000bi1zgfsisou2,2026-05-14 10:37:57.343,59.53079178885631,27.0,70.0,100.0,7.0,38.0,53.0,107.0
cmp5cukdo02npbg1ua1f2k5or,cmmx6howt0000bi1zgfsisou2,2026-05-14 10:38:00.853,59.23753665689149,27.0,70.0,93.09,7.0,38.0,53.0,107.0
cmp5cun3g02nrbg1uoubtb0e5,cmmx6howt0000bi1zgfsisou2,2026-05-14 10:38:04.363,59.13978494623655,27.0,70.0,98.8,7.0,38.0,53.0,107.0
cmp5cupsv02ntbg1uswts8wu3,cmmx6howt0000bi1zgfsisou2,2026-05-14 10:38:07.872,58.94428152492668,27.0,70.0,93.35,7.0,38.0,53.0,107.0
cmp5cusic02nvbg1u0ekimlbs,cmmx6howt0000bi1zgfsisou2,2026-05-14 10:38:11.381,58.94428152492668,27.0,70.0,93.16,7.0,38.0,53.0,107.0
cmp5cuv7w02nxbg1uqw8kq49c,cmmx6howt0000bi1zgfsisou2,2026-05-14 10:38:14.894,70.96774193548387,27.0,70.0,100.0,7.0,38.0,53.0,107.0
cmp5cuy0z02nzbg1u5io904h8,cmmx6howt0000bi1zgfsisou2,2026-05-14 10:38:18.405,79.0811339198436,27.0,71.0,100.0,7.0,38.0,53.0,107.0
cmp5cv0n402o1bg1uuihdg6cn,cmmx6howt0000bi1zgfsisou2,2026-05-14 10:38:21.913,79.27663734115346,27.0,71.0,97.39,7.0,38.0,53.0,106.0
cmp5cv3d802o3bg1utvi9svm4,cmmx6howt0000bi1zgfsisou2,2026-05-14 10:38:25.426,79.27663734115346,27.0,72.0,100.0,7.0,38.0,53.0,106.0
cmp5cv62l02o5bg1ukxjdh1f8,cmmx6howt0000bi1zgfsisou2,2026-05-14 10:38:28.934,79.27663734115346,27.0,72.0,96.06,7.0,38.0,53.0,106.0
cmp5cv8rd02o7bg1u7rf8mc5e,cmmx6howt0000bi1zgfsisou2,2026-05-14 10:38:32.444,79.27663734115346,27.0,71.0,98.88,7.0,38.0,53.0,106.0
cmp5cvbgs02o9bg1un1y1xl58,cmmx6howt0000bi1zgfsisou2,2026-05-14 10:38:35.954,79.27663734115346,27.0,72.0,96.02,7.0,38.0,53.0,106.0
cmp5cve7902obbg1uyb1lfgrj,cmmx6howt0000bi1zgfsisou2,2026-05-14 10:38:39.465,79.37438905180841,27.0,71.0,93.77,7.0,38.0,53.0,106.0
cmp5cvgvu02odbg1uloiylqql,cmmx6howt0000bi1zgfsisou2,2026-05-14 10:38:42.975,79.37438905180841,27.0,71.0,96.29,7.0,37.0,53.0,106.0
cmp5cvjl702ofbg1uifz108yy,cmmx6howt0000bi1zgfsisou2,2026-05-14 10:38:46.485,78.88563049853371,27.0,71.0,85.81,7.0,38.0,53.0,106.0
cmp5cvmb102ohbg1uygpsnxv3,cmmx6howt0000bi1zgfsisou2,2026-05-14 10:38:49.999,78.78787878787878,27.0,71.0,100.0,7.0,38.0,53.0,106.0
cmp5cvp1102ojbg1up4g0owfp,cmmx6howt0000bi1zgfsisou2,2026-05-14 10:38:53.506,78.78787878787878,27.0,72.0,93.35,7.0,38.0,53.0,106.0
cmp5cvrqo02olbg1uqjsjnb2k,cmmx6howt0000bi1zgfsisou2,2026-05-14 10:38:57.016,77.32160312805473,27.0,72.0,95.18,7.0,38.0,53.0,106.0
cmp5cvufq02onbg1uiryv4eg6,cmmx6howt0000bi1zgfsisou2,2026-05-14 10:39:00.527,78.88563049853371,27.0,72.0,99.41,7.0,38.0,53.0,106.0
cmp5cvx4x02opbg1u87td2uen,cmmx6howt0000bi1zgfsisou2,2026-05-14 10:39:04.037,78.88563049853371,27.0,72.0,94.99,7.0,38.0,53.0,106.0
cmp5cvzuh02orbg1u8airp370,cmmx6howt0000bi1zgfsisou2,2026-05-14 10:39:07.547,78.78787878787878,27.0,72.0,98.65,7.0,38.0,53.0,106.0
cmp5cw2kl02otbg1uvzrjrkhg,cmmx6howt0000bi1zgfsisou2,2026-05-14 10:39:11.057,78.88563049853371,27.0,71.0,95.45,7.0,38.0,53.0,106.0
cmp5cw59w02ovbg1uynjqtl7g,cmmx6howt0000bi1zgfsisou2,2026-05-14 10:39:14.568,78.98338220918866,27.0,71.0,92.9,7.0,38.0,53.0,106.0
cmp5cw7yy02oxbg1uxsy4hxqx,cmmx6howt0000bi1zgfsisou2,2026-05-14 10:39:18.081,78.88563049853371,27.0,71.0,100.0,7.0,38.0,53.0,106.0
cmp5cwaof02ozbg1ud0lh685f,cmmx6howt0000bi1zgfsisou2,2026-05-14 10:39:21.592,78.2991202346041,27.1,71.0,100.0,7.0,38.0,53.0,106.0
cmp5cwde302p1bg1udxr4yevy,cmmx6howt0000bi1zgfsisou2,2026-05-14 10:39:25.100,77.41935483870968,27.0,71.0,97.7,7.0,38.0,53.0,106.0
cmp5cwg3i02p3bg1uo9nk62yd,cmmx6howt0000bi1zgfsisou2,2026-05-14 10:39:28.611,77.71260997067448,27.1,71.0,95.3,7.0,38.0,53.0,106.0
cmp5cwita02p5bg1u75yperqq,cmmx6howt0000bi1zgfsisou2,2026-05-14 10:39:32.125,77.71260997067448,27.1,71.0,94.57,7.0,106.0,106.0,106.0
cmp5cwlja02p7bg1uzjtpctuu,cmmx6howt0000bi1zgfsisou2,2026-05-14 10:39:35.637,78.88563049853371,27.1,71.0,95.3,7.0,106.0,106.0,106.0
cmp5cwo8f02p9bg1utkpzdtv3,cmmx6howt0000bi1zgfsisou2,2026-05-14 10:39:39.150,78.78787878787878,27.0,71.0,97.51,7.0,106.0,106.0,106.0
cmp5cwqxt02pbbg1u8iscvleb,cmmx6howt0000bi1zgfsisou2,2026-05-14 10:39:42.661,71.45650048875855,27.0,71.0,99.61,7.0,106.0,106.0,11.0
cmp5cwtnw02pdbg1u1euiawln,cmmx6howt0000bi1zgfsisou2,2026-05-14 10:39:46.169,65.98240469208211,27.0,71.0,95.26,7.0,31.0,44.0,91.0
cmp5cwwdh02pfbg1usebvylma,cmmx6howt0000bi1zgfsisou2,2026-05-14 10:39:49.677,60.3128054740958,27.0,70.0,100.0,7.0,35.0,49.0,99.0
cmp5cwz2a02phbg1u416shfla,cmmx6howt0000bi1zgfsisou2,2026-05-14 10:39:53.186,60.41055718475074,27.0,70.0,99.8,7.0,37.0,51.0,105.0
cmp5cx1s002pjbg1u8wtt0185,cmmx6howt0000bi1zgfsisou2,2026-05-14 10:39:56.695,60.3128054740958,27.0,70.0,99.87,7.0,38.0,53.0,107.0
cmp5cx4h602plbg1uchjayqex,cmmx6howt0000bi1zgfsisou2,2026-05-14 10:40:00.203,60.3128054740958,27.0,70.0,99.57,7.0,38.0,53.0,107.0
cmp5cx76v02pnbg1ur7kpbn09,cmmx6howt0000bi1zgfsisou2,2026-05-14 10:40:03.713,60.11730205278592,27.0,70.0,100.0,7.0,38.0,53.0,107.0
cmp5cx9wb02ppbg1u74knjr4v,cmmx6howt0000bi1zgfsisou2,2026-05-14 10:40:07.222,60.11730205278592,27.0,71.0,100.0,7.0,38.0,53.0,107.0
cmp5cxclp02prbg1uhyff6xa9,cmmx6howt0000bi1zgfsisou2,2026-05-14 10:40:10.733,59.53079178885631,27.0,71.0,99.57,7.0,38.0,53.0,107.0
cmp5cxfb602ptbg1ua3vaj0r0,cmmx6howt0000bi1zgfsisou2,2026-05-14 10:40:14.242,60.21505376344086,27.0,71.0,99.45,7.0,38.0,53.0,107.0
cmp5cxi0s02pvbg1uo34lyzf1,cmmx6howt0000bi1zgfsisou2,2026-05-14 10:40:17.751,60.11730205278592,27.0,72.0,98.16,7.0,38.0,53.0,107.0
cmp5cxkqr02pxbg1u8rrfll5p,cmmx6howt0000bi1zgfsisou2,2026-05-14 10:40:21.261,60.11730205278592,27.0,72.0,95.53,7.0,38.0,53.0,107.0
cmp5cxnfl02pzbg1uiv27kmeo,cmmx6howt0000bi1zgfsisou2,2026-05-14 10:40:24.770,59.92179863147605,27.0,71.0,93.16,7.0,38.0,53.0,107.0
cmp5cxq5q02q1bg1uedk3j25l,cmmx6howt0000bi1zgfsisou2,2026-05-14 10:40:28.278,60.01955034213099,27.0,71.0,97.47,7.0,38.0,53.0,107.0
cmp5cxsuo02q3bg1upt2py79l,cmmx6howt0000bi1zgfsisou2,2026-05-14 10:40:31.788,60.01955034213099,27.0,71.0,93.09,7.0,38.0,53.0,107.0
cmp5cxvk402q5bg1utnoyg5ek,cmmx6howt0000bi1zgfsisou2,2026-05-14 10:40:35.297,59.92179863147605,27.0,71.0,97.7,7.0,38.0,53.0,107.0
cmp5cxya202q7bg1u78qvrxl4,cmmx6howt0000bi1zgfsisou2,2026-05-14 10:40:38.807,59.92179863147605,27.0,71.0,100.0,7.0,38.0,53.0,107.0
cmp5cy0zl02q9bg1ucgj0hiau,cmmx6howt0000bi1zgfsisou2,2026-05-14 10:40:42.316,59.33528836754643,27.0,71.0,100.0,7.0,38.0,53.0,107.0
cmp5cy3oj02qbbg1uj7sm0x81,cmmx6howt0000bi1zgfsisou2,2026-05-14 10:40:45.827,60.01955034213099,27.0,70.0,100.0,7.0,38.0,53.0,107.0
cmp5cy6e902qdbg1udms9ig55,cmmx6howt0000bi1zgfsisou2,2026-05-14 10:40:49.336,57.86901270772238,27.0,71.0,99.68,7.0,38.0,53.0,107.0
cmp5cy93m02qfbg1uu9xha1ut,cmmx6howt0000bi1zgfsisou2,2026-05-14 10:40:52.846,74.29130009775172,27.0,71.0,95.34,7.0,38.0,53.0,107.0
cmp5cybsp02qhbg1uqb361ylt,cmmx6howt0000bi1zgfsisou2,2026-05-14 10:40:56.356,79.6676441837732,27.0,72.0,97.66,7.0,38.0,53.0,107.0
cmp5cyej102qjbg1u3za73a8d,cmmx6howt0000bi1zgfsisou2,2026-05-14 10:40:59.869,79.6676441837732,27.0,73.0,100.0,7.0,38.0,53.0,106.0
cmp5cyh8702qlbg1ui64n99mg,cmmx6howt0000bi1zgfsisou2,2026-05-14 10:41:03.380,79.6676441837732,27.0,72.0,100.0,7.0,38.0,53.0,106.0
cmp5cyjyg02qnbg1uqohlasms,cmmx6howt0000bi1zgfsisou2,2026-05-14 10:41:06.891,79.76539589442815,27.0,72.0,100.0,7.0,37.0,53.0,106.0
cmp5cymp402qpbg1uht2cjd56,cmmx6howt0000bi1zgfsisou2,2026-05-14 10:41:10.402,79.6676441837732,27.0,72.0,100.0,7.0,37.0,53.0,106.0
cmp5cypdf02qrbg1u4y1erbv6,cmmx6howt0000bi1zgfsisou2,2026-05-14 10:41:13.913,78.39687194525904,27.0,72.0,100.0,7.0,37.0,53.0,106.0
cmp5cys2q02qtbg1uoaub193s,cmmx6howt0000bi1zgfsisou2,2026-05-14 10:41:17.424,79.37438905180841,27.1,72.0,100.0,7.0,37.0,53.0,106.0
cmp5cyus102qvbg1u9hlzynlz,cmmx6howt0000bi1zgfsisou2,2026-05-14 10:41:20.932,79.76539589442815,27.0,72.0,99.53,7.0,37.0,53.0,106.0
cmp5cyxha02qxbg1uo3c9s1ho,cmmx6howt0000bi1zgfsisou2,2026-05-14 10:41:24.446,79.76539589442815,27.0,72.0,100.0,7.0,37.0,53.0,106.0
cmp5cz06l02qzbg1u85wehwha,cmmx6howt0000bi1zgfsisou2,2026-05-14 10:41:27.957,79.76539589442815,27.1,72.0,100.0,7.0,37.0,53.0,106.0
cmp5cz2wl02r1bg1u5bxg9sm1,cmmx6howt0000bi1zgfsisou2,2026-05-14 10:41:31.467,79.76539589442815,27.0,72.0,100.0,7.0,37.0,53.0,106.0
cmp5cz5lw02r3bg1u7lki1lnz,cmmx6howt0000bi1zgfsisou2,2026-05-14 10:41:34.978,79.76539589442815,27.1,72.0,100.0,7.0,37.0,53.0,106.0
cmp5cz8b102r5bg1uo4sqerpm,cmmx6howt0000bi1zgfsisou2,2026-05-14 10:41:38.486,79.76539589442815,27.1,72.0,99.68,7.0,37.0,53.0,106.0
cmp5czb1302r7bg1u86az6mrq,cmmx6howt0000bi1zgfsisou2,2026-05-14 10:41:42.000,79.76539589442815,27.0,72.0,100.0,7.0,37.0,53.0,106.0
cmp5czdqj02r9bg1us69nmvp8,cmmx6howt0000bi1zgfsisou2,2026-05-14 10:41:45.511,79.76539589442815,27.1,71.0,100.0,7.0,37.0,53.0,106.0
cmp5czgfu02rbbg1u9oncm9yr,cmmx6howt0000bi1zgfsisou2,2026-05-14 10:41:49.018,79.56989247311827,27.1,71.0,99.68,7.0,37.0,53.0,106.0
cmp5czj7602rdbg1uybkpk1of,cmmx6howt0000bi1zgfsisou2,2026-05-14 10:41:52.532,79.6676441837732,27.1,71.0,100.0,7.0,37.0,53.0,106.0
cmp5czlvm02rfbg1ugusgkxm8,cmmx6howt0000bi1zgfsisou2,2026-05-14 10:41:56.044,78.10361681329422,27.1,71.0,100.0,7.0,37.0,53.0,106.0
cmp5czokj02rhbg1udlhcp01o,cmmx6howt0000bi1zgfsisou2,2026-05-14 10:41:59.554,79.6676441837732,27.1,71.0,100.0,7.0,37.0,53.0,106.0
cmp5czra202rjbg1uoy08d300,cmmx6howt0000bi1zgfsisou2,2026-05-14 10:42:03.066,79.6676441837732,27.1,71.0,100.0,7.0,38.0,53.0,106.0
cmp5czu0002rlbg1ursakuktu,cmmx6howt0000bi1zgfsisou2,2026-05-14 10:42:06.574,79.6676441837732,27.1,71.0,99.68,7.0,38.0,53.0,106.0
cmp5czwox02rnbg1uw4f63g6k,cmmx6howt0000bi1zgfsisou2,2026-05-14 10:42:10.087,79.6676441837732,27.1,71.0,100.0,7.0,37.0,53.0,106.0
cmp5czzep02rpbg1ub85hxt2p,cmmx6howt0000bi1zgfsisou2,2026-05-14 10:42:13.599,79.56989247311827,27.1,71.0,100.0,7.0,37.0,53.0,106.0
cmp5d024c02rrbg1u11ellygl,cmmx6howt0000bi1zgfsisou2,2026-05-14 10:42:17.109,79.6676441837732,27.1,71.0,100.0,7.0,37.0,53.0,106.0
cmp5d04tk02rtbg1usa7wf6bl,cmmx6howt0000bi1zgfsisou2,2026-05-14 10:42:20.617,70.38123167155426,27.1,71.0,100.0,7.0,38.0,53.0,106.0
